,Customer_ID,prediccion,%_proba
3,17457,1.0,0.8471473712155628
4,17590,1.0,0.77645940451085
18,21551,1.0,0.6506745694879812
19,21719,1.0,0.8539561049349667
20,22212,1.0,0.5107472276414292
21,22491,1.0,0.5989246684281837
28,25054,1.0,0.7612282006656153
34,26163,1.0,0.7694408627952597
38,29008,1.0,0.6933141396066587
41,29947,1.0,0.6705520044673217
42,30078,1.0,0.68270111146163
47,31512,1.0,0.6178033434687903
48,31624,1.0,0.8330103702272158
54,32376,1.0,0.9322380762571644
68,35992,1.0,0.7727835636777289
71,36148,1.0,0.8463840566442229
76,37948,1.0,0.5686539047326535
78,38433,1.0,0.8308883953917333
82,39997,1.0,0.5300854145363582
86,41264,1.0,0.8285945386799468
94,43834,1.0,0.5135100836055347
98,44394,1.0,0.5379213824523533
104,45370,1.0,0.5476313274465344
108,45850,1.0,0.5933014397165801
114,46823,1.0,0.5939652305014336
116,47145,1.0,0.7643627913180393
117,47254,1.0,0.6084639054080815
134,53420,1.0,0.883360024485104
135,53489,1.0,0.5230570740541852
138,54038,1.0,0.8312818343327987
144,55672,1.0,0.7580233128460462
146,56347,1.0,0.9548040590181359
150,58006,1.0,0.7138722990907731
152,58716,1.0,0.550147973919281
156,60647,1.0,0.9307368933320735
157,60679,1.0,0.7485890453691012
160,62064,1.0,0.884020994865208
161,62088,1.0,0.7076059922161753
162,62175,1.0,0.608201264204395
165,62943,1.0,0.8830278465156386
170,64576,1.0,0.6980402154931761
173,64859,1.0,0.8267460468859154
181,66841,1.0,0.5088767153429401
188,69575,1.0,0.7796183766510069
190,69807,1.0,0.5938620381606923
194,70761,1.0,0.5730354790955645
198,71726,1.0,0.5838263600229764
199,72422,1.0,0.8922571613745864
200,72743,1.0,0.5018942547722366
203,73906,1.0,0.5223168573539696
204,74214,1.0,0.7802205787188979
206,74295,1.0,0.5328724685656082
207,74455,1.0,0.764502194208079
212,76726,1.0,0.5332791815627317
213,76895,1.0,0.97297235739501
224,79048,1.0,0.6273569221879327
229,79802,1.0,0.6768599249980426
233,80908,1.0,0.64544300987909
236,82859,1.0,0.7646020933610466
237,83106,1.0,0.5698605643394385
246,85045,1.0,0.9794340471387151
247,85596,1.0,0.8118333212505118
251,86449,1.0,0.5597257137681672
255,87067,1.0,0.6510457462526769
259,88263,1.0,0.7513735583401223
260,88643,1.0,0.9140511091591097
265,89566,1.0,0.6196756589592968
269,91090,1.0,0.8214350479139384
273,91972,1.0,0.5700825902690977
285,95944,1.0,0.6686900670710726
288,96629,1.0,0.6631031309391079
290,97947,1.0,0.7718133875156883
296,100106,1.0,0.601026977681832
297,100167,1.0,0.7487901751721456
303,102451,1.0,0.9706466526706706
304,102614,1.0,0.6067546345109045
307,103330,1.0,0.6099216232962776
309,103659,1.0,0.50848032668894
316,105875,1.0,0.5666503444663278
327,108302,1.0,0.5030906172070728
331,109252,1.0,0.5960725089720996
334,109796,1.0,0.6906197143546898
335,110140,1.0,0.9599214535576666
337,110831,1.0,0.5434562128648844
340,111201,1.0,0.706094449146518
343,112379,1.0,0.6652264773508304
350,114734,1.0,0.5686787709368363
352,114850,1.0,0.5280911529672709
357,115464,1.0,0.6817550192508441
358,115529,1.0,0.6934841066923045
361,115702,1.0,0.5113001192391231
362,115858,1.0,0.7006296347179308
365,116287,1.0,0.5290067668052549
371,117758,1.0,0.5065610152198557
373,118094,1.0,0.9500848044496314
378,119776,1.0,0.8154373517093235
381,120000,1.0,0.609656439355203
385,121248,1.0,0.6692984562348594
386,121363,1.0,0.6343980062874499
393,122614,1.0,0.6273733992720217
400,124379,1.0,0.5265690667381941
404,124852,1.0,0.6025240691307552
406,125189,1.0,0.5145937603255487
407,125217,1.0,0.6638560746688471
408,125770,1.0,0.8231247405627896
411,127431,1.0,0.9816268143395255
414,128298,1.0,0.7188614851197255
419,129077,1.0,0.8814414234446298
421,129742,1.0,0.7001095476348761
422,130522,1.0,0.9382649606777693
423,130625,1.0,0.7938722627575288
425,131601,1.0,0.588190208065726
426,131627,1.0,0.5705921031210757
429,132399,1.0,0.6122622486593453
437,133287,1.0,0.8822763041431129
438,133490,1.0,0.8969839188532406
440,133933,1.0,0.6151308664219505
442,134237,1.0,0.635362114605231
443,134537,1.0,0.9445650150630712
446,135209,1.0,0.5513443838707196
447,135309,1.0,0.7302588389887332
449,135553,1.0,0.5681729277822176
451,136763,1.0,0.5602960784271823
452,137345,1.0,0.9915428731787469
453,137647,1.0,0.9641915933340646
455,137722,1.0,0.5641064018740243
465,140021,1.0,0.81011828039356
471,141495,1.0,0.8016164853559835
472,142092,1.0,0.740400251783361
475,142390,1.0,0.5058413016796142
482,144891,1.0,0.7201550455693134
487,145221,1.0,0.5381277230791018
488,145271,1.0,0.6180226384626959
490,145807,1.0,0.8492157561184999
493,147454,1.0,0.8772836923454094
494,148018,1.0,0.8357955164581268
499,148817,1.0,0.5185702092145197
502,149278,1.0,0.8240451248088015
507,149771,1.0,0.6063629367690823
511,151138,1.0,0.5226195819472367
513,151516,1.0,0.7331823559316701
522,152878,1.0,0.6323328615266515
528,153966,1.0,0.5051032088005101
530,154294,1.0,0.5509039155002212
531,154334,1.0,0.7915880103844188
532,154399,1.0,0.9503582720437839
533,154511,1.0,0.6434270737364209
538,155089,1.0,0.6946157974686825
539,155104,1.0,0.639863461475456
543,156179,1.0,0.9166305943310876
545,156944,1.0,0.7375070332856218
547,157293,1.0,0.7338116149439986
551,158043,1.0,0.8367406407908724
556,158961,1.0,0.6087487102080182
560,160410,1.0,0.5052711673492425
567,161755,1.0,0.5659508479463217
575,163311,1.0,0.6027142335793648
577,165346,1.0,0.7743914229346326
585,167869,1.0,0.8124386854611901
596,169757,1.0,0.7764269872061321
600,170210,1.0,0.517161625904662
601,170303,1.0,0.7603051553948129
602,170919,1.0,0.9060774311397543
604,171524,1.0,0.7064773359956994
610,173293,1.0,0.7759676090138184
613,174051,1.0,0.7535126720521461
617,174724,1.0,0.6025228188151417
620,175130,1.0,0.6962175251346586
623,175429,1.0,0.9612391959471176
626,175949,1.0,0.5594474389731452
631,177092,1.0,0.663829587584336
636,178250,1.0,0.5426808734448592
638,178685,1.0,0.7414492953773921
640,179009,1.0,0.987089691395413
641,179229,1.0,0.622571233877622
645,180141,1.0,0.6831740233978756
646,180438,1.0,0.7675110126742718
648,181043,1.0,0.5966034088018072
653,182868,1.0,0.6085517905218921
655,183536,1.0,0.7812432632968334
666,185485,1.0,0.5987396359273859
667,186143,1.0,0.8244957358156272
677,188215,1.0,0.6370084437535779
678,188366,1.0,0.7538385110327774
679,188462,1.0,0.7171454934882753
683,189240,1.0,0.6979007745712233
685,189381,1.0,0.9387794909559729
692,191516,1.0,0.6285463227993012
696,191922,1.0,0.5674366155655796
699,192830,1.0,0.696012883630991
709,195183,1.0,0.7284056162667164
710,195941,1.0,0.8158367070854803
712,196357,1.0,0.5501350141491543
715,196736,1.0,0.590735746069225
719,197076,1.0,0.5860968926195096
730,199723,1.0,0.7009493636773264
732,200418,1.0,0.528564562305161
735,200782,1.0,0.7551645669746571
740,201633,1.0,0.9553609315980878
743,201782,1.0,0.8796368300231805
747,202017,1.0,0.847537192024156
748,202077,1.0,0.6990259951085189
751,202584,1.0,0.5461010672050071
760,204409,1.0,0.6393745509426879
766,205287,1.0,0.9152188022447305
769,206103,1.0,0.9889223682020037
770,206920,1.0,0.5105497662823889
774,207838,1.0,0.5682510128266436
778,208045,1.0,0.6173626603281728
782,208400,1.0,0.5021773999668274
784,208508,1.0,0.6411080261330344
787,209118,1.0,0.5355879836603191
797,211960,1.0,0.5432707924822952
798,212102,1.0,0.8061121047633305
799,212284,1.0,0.8543116880009985
805,215175,1.0,0.6358901129170703
806,215466,1.0,0.9863130955979154
810,216065,1.0,0.9915914939386521
819,218007,1.0,0.8998314793783009
820,218139,1.0,0.7787032993325216
823,218346,1.0,0.6023232864795661
824,218527,1.0,0.834098653575241
825,218775,1.0,0.7178144591179668
830,219911,1.0,0.6696921777035353
839,221866,1.0,0.5280863962784027
840,222254,1.0,0.6900653992121426
845,223524,1.0,0.9791906226277639
846,223640,1.0,0.8739965485559267
849,224433,1.0,0.8177633355618185
851,224825,1.0,0.8591151704814519
864,229549,1.0,0.8911188309560971
870,230193,1.0,0.7989297032694658
878,232824,1.0,0.5398691387473337
886,233561,1.0,0.5465814831684681
895,235205,1.0,0.7204576437111353
900,237454,1.0,0.6734347290809618
911,240929,1.0,0.9565458913747189
920,244074,1.0,0.6605326564753695
921,244738,1.0,0.6057691928615168
926,245582,1.0,0.5123531427126097
940,251483,1.0,0.7057959405430978
941,252108,1.0,0.8479447530534439
942,252213,1.0,0.5520115811557779
944,252823,1.0,0.5772295692459034
945,253237,1.0,0.5257673136646352
949,254397,1.0,0.7700615949767032
953,256594,1.0,0.8568345565801935
956,257298,1.0,0.9006605547952017
959,258072,1.0,0.5055729624012612
961,258516,1.0,0.9350505227852851
963,258904,1.0,0.9552825073165129
965,259375,1.0,0.5590113935692818
976,261209,1.0,0.6348715217195011
987,263685,1.0,0.7707215285261959
988,263977,1.0,0.9303998840042287
994,265767,1.0,0.924288926856234
996,266577,1.0,0.5453861082077536
997,267091,1.0,0.6777935661039505
1000,267294,1.0,0.7803418899156959
1005,269362,1.0,0.9002685661359798
1006,269711,1.0,0.7166530925727479
1009,270196,1.0,0.9099805718557439
1011,270595,1.0,0.8389990264657777
1019,273750,1.0,0.9487986126136801
1020,273907,1.0,0.9330020886414646
1022,274360,1.0,0.8029297548830989
1025,276033,1.0,0.8292032882045596
1029,276821,1.0,0.8551618406929503
1030,276841,1.0,0.6883857517343849
1032,278879,1.0,0.5175769439454705
1034,279050,1.0,0.9817657223810716
1038,281591,1.0,0.6135790686934083
1039,282046,1.0,0.5830464676601368
1045,282856,1.0,0.6901760380692066
1047,283540,1.0,0.8181542618634445
1048,284252,1.0,0.8785038612970502
1050,284791,1.0,0.5207588480342287
1053,286160,1.0,0.6777612619999435
1054,286348,1.0,0.8148808603887079
1055,286460,1.0,0.6228558661618834
1056,286885,1.0,0.873523993379006
1059,287097,1.0,0.7043596274060636
1064,289212,1.0,0.67770767687905
1071,290541,1.0,0.7633240946604878
1077,292356,1.0,0.7284667682631706
1078,292484,1.0,0.5312924154252509
1080,292537,1.0,0.783402133489436
1093,295586,1.0,0.6658406612753852
1095,297062,1.0,0.5670015281998861
1099,297461,1.0,0.8015227688356285
1109,300924,1.0,0.5826451380953929
1122,304220,1.0,0.9839099659534454
1129,306762,1.0,0.5700972608700972
1130,307190,1.0,0.5354553552918145
1143,310357,1.0,0.5389994357512046
1146,310403,1.0,0.5644912606031505
1147,310436,1.0,0.8130167816754013
1156,313185,1.0,0.5879887317516206
1163,315028,1.0,0.6881120881604353
1180,320576,1.0,0.8282685898424317
1181,320690,1.0,0.8962379405075194
1183,321262,1.0,0.5051191569602327
1186,321814,1.0,0.6713788804384526
1187,321869,1.0,0.5085484251133316
1196,323415,1.0,0.9183110054777637
1200,324934,1.0,0.6866276783133762
1204,326267,1.0,0.9032563665079392
1220,330595,1.0,0.5168002568955591
1226,331197,1.0,0.7839102246288874
1228,331251,1.0,0.9352163025724936
1232,332532,1.0,0.8284921059893586
1234,332622,1.0,0.7558868393940441
1245,335639,1.0,0.7516413133250649
1248,335967,1.0,0.6594031170780731
1249,336162,1.0,0.7974216586151445
1254,337281,1.0,0.6788511449721439
1257,338262,1.0,0.7201541304483625
1262,340803,1.0,0.7361511918900574
1264,341068,1.0,0.7080987139030598
1274,343476,1.0,0.6650501958101095
1277,345342,1.0,0.8235543230523586
1281,346129,1.0,0.6866137450957757
1285,346505,1.0,0.7979165068388613
1289,347172,1.0,0.9302569143870673
1295,349777,1.0,0.7104225650948065
1304,352226,1.0,0.6136407132054897
1312,354693,1.0,0.7929826301186537
1314,355587,1.0,0.7306978406138604
1315,356053,1.0,0.6522192528171343
1318,357098,1.0,0.6876357553587567
1323,357792,1.0,0.8654388616594445
1326,358889,1.0,0.5298358496613617
1330,360490,1.0,0.737137745051087
1333,361262,1.0,0.7541465121432582
1334,361421,1.0,0.9174490799298207
1337,362252,1.0,0.5496714865922827
1338,362277,1.0,0.9228963884607293
1342,363535,1.0,0.8256857750427365
1344,364663,1.0,0.7958920013566044
1346,365044,1.0,0.675451026548229
1348,365553,1.0,0.7963910168151569
1349,365589,1.0,0.579928908738412
1352,366748,1.0,0.7494188259958897
1364,369500,1.0,0.5886313333793856
1372,372532,1.0,0.6704192362479983
1373,372634,1.0,0.8201906430125796
1374,372689,1.0,0.5100088991046443
1385,377835,1.0,0.7020578771246833
1397,379827,1.0,0.6350396661663221
1399,380145,1.0,0.8486381139284731
1412,383324,1.0,0.6017012507687781
1413,383404,1.0,0.9606737460118897
1415,384337,1.0,0.962779703121794
1424,386062,1.0,0.6722144687785623
1430,386971,1.0,0.6654641353202347
1435,387749,1.0,0.7817172289893064
1438,388477,1.0,0.5048500759382524
1439,388548,1.0,0.706712166113167
1449,391417,1.0,0.8064064460771536
1466,394819,1.0,0.6026929117630593
1473,395942,1.0,0.9453978796021768
1474,395983,1.0,0.6576618136113355
1475,396542,1.0,0.6252199555491623
1477,397073,1.0,0.5231733466135171
1483,399043,1.0,0.6550538764582782
1488,400368,1.0,0.9656342251680603
1493,401103,1.0,0.989251587633149
1494,401260,1.0,0.5192830674723762
1500,402892,1.0,0.9397620296766087
1506,404481,1.0,0.9918262902951854
1510,405205,1.0,0.7942427557780405
1513,405567,1.0,0.7697075244939059
1514,405786,1.0,0.7283822291932378
1515,406163,1.0,0.9268673836471362
1519,406583,1.0,0.7108399943888292
1521,406976,1.0,0.6894726915129427
1522,407288,1.0,0.5080703150572692
1526,408412,1.0,0.7867556083238797
1529,408622,1.0,0.5522032475440732
1542,411159,1.0,0.7178091799680936
1546,411946,1.0,0.9848699613840911
1548,411975,1.0,0.8081015189323792
1549,411989,1.0,0.7548269625149905
1551,412274,1.0,0.611526793888832
1556,413582,1.0,0.6576379393807565
1560,414062,1.0,0.8760440747993576
1562,414209,1.0,0.7341680652059502
1565,414536,1.0,0.6964223006505159
1566,414951,1.0,0.6147163889651949
1568,415541,1.0,0.8516841574806444
1570,415649,1.0,0.7825614164044724
1575,416745,1.0,0.5407302030500302
1578,418506,1.0,0.8802477035972602
1586,419840,1.0,0.664242917686152
1587,419846,1.0,0.5423689369813848
1590,420310,1.0,0.9426968126865528
1597,421436,1.0,0.5599403048098489
1598,421517,1.0,0.6276957687176893
1602,422761,1.0,0.9732083736969271
1603,423207,1.0,0.6484990197350319
1606,424077,1.0,0.5033715361930546
1614,426295,1.0,0.7654126411678842
1615,426354,1.0,0.7352172402657183
1617,426726,1.0,0.605308833777998
1619,427891,1.0,0.5486667574408681
1623,428589,1.0,0.9796591856563445
1627,429591,1.0,0.8308262239215451
1639,433076,1.0,0.5199622324101549
1641,433374,1.0,0.5464138415420492
1647,434411,1.0,0.8438278285281005
1653,436099,1.0,0.5260463002746473
1662,439638,1.0,0.7860902867542736
1664,439903,1.0,0.5571247143892574
1668,442240,1.0,0.683456711833748
1670,442537,1.0,0.8075990532086635
1672,442771,1.0,0.974140006775372
1673,443299,1.0,0.688665516858867
1675,443976,1.0,0.8195813648617054
1686,446659,1.0,0.6747747711828394
1688,447648,1.0,0.5909157527778369
1695,449843,1.0,0.9765923093536722
1704,451640,1.0,0.5882092438713155
1706,452450,1.0,0.8050301361318832
1707,452853,1.0,0.7131750848800825
1732,459837,1.0,0.5231192674056628
1736,460465,1.0,0.7968051938996011
1747,464248,1.0,0.7216320519076868
1754,466027,1.0,0.8399210685537644
1756,466859,1.0,0.534842888218742
1764,469051,1.0,0.5831546770521538
1765,469575,1.0,0.8665705323436884
1767,469764,1.0,0.5850549182361755
1769,469809,1.0,0.5614810925941818
1771,470496,1.0,0.6278176739033161
1776,471701,1.0,0.5917661562708098
1789,474851,1.0,0.839288581168952
1791,475608,1.0,0.9885852709611667
1798,477139,1.0,0.8384381707353831
1806,479912,1.0,0.6012300170108351
1808,480952,1.0,0.5440088276452597
1818,483336,1.0,0.8797884611144539
1825,484605,1.0,0.527415153598083
1827,485371,1.0,0.5415512520143886
1831,486509,1.0,0.5917916820013345
1835,486820,1.0,0.5279337977825805
1842,489007,1.0,0.5262088494033468
1843,489062,1.0,0.8503308689326906
1848,490256,1.0,0.6101720258994414
1861,491497,1.0,0.5575312990055884
1863,492028,1.0,0.8753577197699581
1873,494518,1.0,0.926160450161317
1874,494658,1.0,0.5560182082767554
1877,494953,1.0,0.8306457962889168
1880,495654,1.0,0.7982832108414228
1883,496262,1.0,0.7374459592737277
1891,497569,1.0,0.8134954805877034
1897,498374,1.0,0.7515161416565793
1898,498418,1.0,0.7408515652171932
1907,499519,1.0,0.9186372588992447
1908,499521,1.0,0.5206672727883856
1909,499632,1.0,0.8384902297755662
1916,501291,1.0,0.8269490695131578
1919,502038,1.0,0.7154287850003602
1923,503044,1.0,0.8378352556837536
1930,504911,1.0,0.7405105313443953
1935,505585,1.0,0.9283621063759706
1937,505788,1.0,0.9375308007878387
1939,505811,1.0,0.7080318557581461
1957,510199,1.0,0.8370858029337637
1958,510289,1.0,0.8493449555562166
1960,510430,1.0,0.5077697786705847
1964,511848,1.0,0.6703954435666766
1967,512429,1.0,0.9520921793569788
1973,513508,1.0,0.7124964502633419
1982,515161,1.0,0.7233091771170801
1984,515316,1.0,0.5824462911504538
2001,519544,1.0,0.5190649028307321
2007,520677,1.0,0.840304988949275
2013,522689,1.0,0.8778711289582969
2018,523748,1.0,0.7548314159557103
2022,524718,1.0,0.7952669879378699
2024,524842,1.0,0.524789165125445
2040,529412,1.0,0.7112061267030528
2059,533790,1.0,0.5697385150131051
2060,533823,1.0,0.5945550746467761
2062,534259,1.0,0.6215479084277022
2063,534337,1.0,0.7925142230774248
2064,534403,1.0,0.5271244680154699
2066,534666,1.0,0.8560956280188914
2067,534767,1.0,0.7029657282576975
2072,536169,1.0,0.7888658027227439
2073,536333,1.0,0.8359800840498103
2075,536869,1.0,0.5157926265269416
2076,536913,1.0,0.8136579177609268
2090,539235,1.0,0.7213529260684892
2097,540526,1.0,0.5450373107848148
2107,543948,1.0,0.5496914574531132
2109,544296,1.0,0.5907156572542898
2110,544434,1.0,0.5084928673256164
2114,545354,1.0,0.7311650769741362
2122,547100,1.0,0.5899561641311145
2137,550823,1.0,0.6742516994537482
2145,551412,1.0,0.5503326097323039
2154,552625,1.0,0.9246624145312808
2159,553941,1.0,0.8685558350440353
2166,555332,1.0,0.642148032173726
2172,556135,1.0,0.5345588220909472
2173,556218,1.0,0.8379127776803401
2175,556543,1.0,0.9903076146707122
2189,560399,1.0,0.6884783518246602
2191,560443,1.0,0.5999387709869011
2195,561656,1.0,0.8153299264666738
2206,564334,1.0,0.9486145068189368
2208,564948,1.0,0.8044236425207197
2212,565459,1.0,0.9673071530022548
2215,569787,1.0,0.8180541057029723
2219,570209,1.0,0.7175776423212548
2225,572245,1.0,0.585424428025636
2230,574136,1.0,0.5684158385011147
2231,574212,1.0,0.9722438935660854
2240,575755,1.0,0.5069286120673816
2241,576140,1.0,0.9079790512390462
2243,576613,1.0,0.6557161444129329
2245,576697,1.0,0.9058268263757259
2262,578310,1.0,0.6956790850869335
2263,578326,1.0,0.8986470411679873
2266,579514,1.0,0.5715389520551734
2267,579748,1.0,0.5888267137949472
2271,580813,1.0,0.6413884371232553
2274,581332,1.0,0.7527096073221977
2276,582919,1.0,0.7722167081821422
2279,583059,1.0,0.6726459372624084
2286,584346,1.0,0.588085948631657
2295,586915,1.0,0.6732410288217194
2303,587983,1.0,0.9073627121626892
2305,588385,1.0,0.5513996017792885
2306,588487,1.0,0.8201382247224821
2309,589273,1.0,0.5717140593623465
2311,589520,1.0,0.5609830708280219
2318,591246,1.0,0.9338844138942732
2323,592990,1.0,0.953359931517476
2325,593157,1.0,0.5801835105480074
2328,593457,1.0,0.5552216030502377
2333,594352,1.0,0.6229306387590715
2339,595805,1.0,0.726486882802372
2342,597542,1.0,0.518215687674274
2345,597778,1.0,0.9397052885008917
2350,599694,1.0,0.6828184545168556
2352,600040,1.0,0.8906720653879572
2354,600298,1.0,0.9597469877643081
2355,600327,1.0,0.5272612525576945
2357,600525,1.0,0.7861499411330338
2370,602343,1.0,0.6055694939926126
2371,602910,1.0,0.9648937915578419
2381,604640,1.0,0.6449366644967892
2389,606102,1.0,0.8796197641568675
2401,607611,1.0,0.5135322806259964
2414,609865,1.0,0.6463657229285843
2415,610429,1.0,0.7878963084039781
2421,611428,1.0,0.5549026093908868
2425,613413,1.0,0.503705869336615
2426,613582,1.0,0.8909351913622349
2438,615239,1.0,0.8715253026284859
2441,615765,1.0,0.9146284018499427
2443,616300,1.0,0.5513739487085592
2445,616552,1.0,0.6784853580715499
2446,617033,1.0,0.5507543687139178
2448,617681,1.0,0.7081565556395946
2454,619973,1.0,0.5227227684706549
2463,621756,1.0,0.7386690127383011
2467,622130,1.0,0.5347736686786734
2475,623508,1.0,0.6434587598409074
2477,623624,1.0,0.6042346291189109
2479,623894,1.0,0.5243830389265351
2486,625367,1.0,0.6532229239386635
2494,626474,1.0,0.9536058980513463
2496,626574,1.0,0.7035933273862086
2507,630545,1.0,0.8870082781171312
2509,631007,1.0,0.80272091581984
2510,631051,1.0,0.5651240819920427
2516,631857,1.0,0.8761553486468825
2519,632815,1.0,0.6385222450277452
2520,632925,1.0,0.5969560018378542
2527,633838,1.0,0.5031271756125582
2530,634397,1.0,0.7315546330821199
2535,635366,1.0,0.94642563176343
2536,635434,1.0,0.5428508790248932
2540,636931,1.0,0.5967283576705729
2545,638428,1.0,0.9321247059815736
2548,639019,1.0,0.8290255752487561
2550,639354,1.0,0.6734386127522246
2557,641438,1.0,0.5805712576985301
2561,641609,1.0,0.5560514644891964
2564,642038,1.0,0.5252967044971925
2565,642593,1.0,0.9306663029890604
2566,643263,1.0,0.6755647604758727
2581,646178,1.0,0.6707095622020237
2583,647070,1.0,0.8404500540255387
2584,647775,1.0,0.9663619627473479
2593,649919,1.0,0.9448808362712315
2594,650085,1.0,0.5972535768826632
2597,650478,1.0,0.533182106834332
2602,651732,1.0,0.5844848471602886
2606,652704,1.0,0.6152046740083476
2610,654647,1.0,0.8032003010593409
2613,655682,1.0,0.9684594473077797
2615,656163,1.0,0.8560223166271518
2621,657336,1.0,0.5476065394951963
2628,659236,1.0,0.7805572352648187
2631,660317,1.0,0.97089801106801
2633,660848,1.0,0.6839011848356041
2637,661519,1.0,0.6554968163553456
2644,664089,1.0,0.8604108518890061
2651,665381,1.0,0.652272274662778
2655,666249,1.0,0.6254942768412628
2664,668847,1.0,0.5830028915567607
2665,669406,1.0,0.8043984304562417
2667,669958,1.0,0.9175356583317724
2673,671445,1.0,0.9082318804803041
2677,672921,1.0,0.7377177068722474
2678,672927,1.0,0.8800716753736362
2679,672994,1.0,0.5696741936006845
2680,673130,1.0,0.5943239545300658
2684,673382,1.0,0.9400040682654064
2689,674237,1.0,0.7776822927799363
2694,676016,1.0,0.916058255553583
2701,677067,1.0,0.6442488168133598
2708,678711,1.0,0.8161628387958244
2723,680895,1.0,0.753178533483445
2725,681127,1.0,0.9732432425289116
2732,682330,1.0,0.5038688426279011
2735,683003,1.0,0.7032914177379344
2739,683500,1.0,0.5933635024771836
2751,686395,1.0,0.5727492611803139
2758,688129,1.0,0.506824911255142
2759,688656,1.0,0.8246581331422841
2773,691212,1.0,0.6496528468752125
2774,691560,1.0,0.7197209330206981
2781,693082,1.0,0.6670824741168047
2786,694191,1.0,0.9700205226028024
2790,694598,1.0,0.6746664569536909
2800,697571,1.0,0.504346457538732
2809,700221,1.0,0.6101355346271455
2810,700371,1.0,0.8794906145000889
2814,700923,1.0,0.6210408493695155
2815,701058,1.0,0.5939776649266687
2818,702237,1.0,0.6252269205478067
2819,702964,1.0,0.5326194473176933
2825,707054,1.0,0.6981208646037267
2827,707261,1.0,0.9330575469256535
2831,708025,1.0,0.5219062193750361
2836,708666,1.0,0.5013714671781825
2839,709297,1.0,0.6273238003311593
2860,715898,1.0,0.507155888571739
2862,716368,1.0,0.5831607921183001
2864,716646,1.0,0.8577207560906154
2865,716847,1.0,0.9741859705598019
2869,717769,1.0,0.8089680850103917
2870,718059,1.0,0.8339559556599765
2872,720560,1.0,0.9794849172480823
2874,720905,1.0,0.6330675490168243
2880,722137,1.0,0.6489775703775538
2885,722557,1.0,0.927297357009564
2889,723579,1.0,0.6150287192115629
2899,725480,1.0,0.5219685741105823
2902,726394,1.0,0.5287727913812433
2910,728987,1.0,0.947012214250862
2914,730553,1.0,0.6157490009290362
2923,733345,1.0,0.5374491230893541
2925,733695,1.0,0.8488419011309827
2929,734022,1.0,0.7397148556756753
2938,736519,1.0,0.840319121484192
2950,740369,1.0,0.8236670188684933
2951,740402,1.0,0.5127071902466
2961,742217,1.0,0.548215617862494
2972,744920,1.0,0.7639434588314843
2975,745657,1.0,0.5795300402507613
2979,747346,1.0,0.6646930613102803
2983,747669,1.0,0.8832623830345826
2985,749555,1.0,0.7903448055567113
2988,750647,1.0,0.9052118156559885
3007,756120,1.0,0.7165545710965843
3022,760329,1.0,0.5307530965278943
3023,760525,1.0,0.6838885929043429
3025,760843,1.0,0.6391111295272006
3030,761795,1.0,0.5105563866961301
3041,764430,1.0,0.620957587510843
3046,765914,1.0,0.8875427883960589
3052,767712,1.0,0.9801873745365626
3054,768129,1.0,0.8267411854945836
3056,768762,1.0,0.709668476568052
3063,769848,1.0,0.8478152776901552
3065,770021,1.0,0.7381554876481491
3075,772051,1.0,0.8947167704539667
3077,772803,1.0,0.7195369226330057
3081,773699,1.0,0.898732565666967
3083,773939,1.0,0.664593897403904
3086,774556,1.0,0.5131406214750597
3090,774858,1.0,0.5267035873856242
3102,776235,1.0,0.5424326741303015
3106,777094,1.0,0.805965999568859
3111,777948,1.0,0.594681476974777
3114,778639,1.0,0.80132824599716
3122,779917,1.0,0.8908036490404784
3159,787249,1.0,0.6122388792928664
3191,795157,1.0,0.5219032366402344
3204,796849,1.0,0.5652534323481
3221,798891,1.0,0.6174358583482102
3227,800652,1.0,0.5307339128574484
3229,800793,1.0,0.9718414451018091
3236,801414,1.0,0.7220561915841668
3242,802718,1.0,0.7929883549739721
3252,803568,1.0,0.7297944976426529
3256,803999,1.0,0.5217398232977108
3262,804650,1.0,0.8515058965125132
3273,805865,1.0,0.7757988253466331
3276,806245,1.0,0.5196880052591152
3279,806394,1.0,0.7269959377766261
3280,806451,1.0,0.8890504066364223
3287,806854,1.0,0.8401788323206878
3295,807795,1.0,0.6202863230671555
3296,807847,1.0,0.5189299009679125
3297,807898,1.0,0.6750525546982649
3301,808787,1.0,0.8499644338343919
3308,810086,1.0,0.7217634921628376
3311,810334,1.0,0.7915444415684159
3321,811211,1.0,0.7106528452366114
3329,812049,1.0,0.7695587754196815
3331,812361,1.0,0.7338302772048385
3338,813279,1.0,0.7796671866416357
3341,813560,1.0,0.5430145463838332
3342,813790,1.0,0.8932183286705498
3346,814352,1.0,0.6986293737633323
3350,814933,1.0,0.53496357348038
3353,815308,1.0,0.7058820176441133
3369,817516,1.0,0.5986430106375701
3374,818613,1.0,0.7306566235975812
3387,820896,1.0,0.6275797544411789
3392,821463,1.0,0.8109569375874743
3393,821485,1.0,0.5888814092068771
3402,823020,1.0,0.7039310820331487
3405,823172,1.0,0.6690642370415374
3425,825523,1.0,0.7441564729093533
3436,828138,1.0,0.611325914696546
3445,828815,1.0,0.8661083410655834
3457,830613,1.0,0.6782097475280238
3458,830666,1.0,0.5728849884454537
3464,831729,1.0,0.6432287938993866
3472,832680,1.0,0.8262425562205229
3483,834073,1.0,0.5068046530019115
3487,834821,1.0,0.700873475370147
3491,835504,1.0,0.7503247458500851
3492,835507,1.0,0.6263405702472091
3505,837228,1.0,0.6132892559702328
3506,837347,1.0,0.5762103836585999
3507,837413,1.0,0.7802958402687624
3521,838631,1.0,0.6073625457543822
3526,838980,1.0,0.5955425968292021
3527,838985,1.0,0.6008384759851175
3531,839569,1.0,0.595294697041025
3533,839784,1.0,0.9204154401687469
3539,840165,1.0,0.7454781721718807
3549,841483,1.0,0.5296935948421175
3559,842601,1.0,0.8796071245884718
3566,843568,1.0,0.5387574862314911
3571,843747,1.0,0.7852925053322084
3572,843749,1.0,0.5787082586962293
3573,843776,1.0,0.7834419665714791
3576,843938,1.0,0.800279294524928
3581,844299,1.0,0.5703916546151045
3583,844679,1.0,0.7855732320605783
3599,847567,1.0,0.7543668924573106
3608,847930,1.0,0.6290138894007621
3612,848438,1.0,0.9467157944718805
3617,849691,1.0,0.5014947313691521
3618,849776,1.0,0.5312132835945635
3621,850255,1.0,0.7892825564828722
3627,850692,1.0,0.7365830162804884
3628,850816,1.0,0.6407028188075095
3630,851031,1.0,0.8782616863562823
3633,851409,1.0,0.5346148606962247
3637,851532,1.0,0.7230556424411764
3648,852572,1.0,0.5200821036293588
3652,852889,1.0,0.7529559099170041
3662,853616,1.0,0.7685226809699156
3665,853700,1.0,0.8391834499654935
3666,853888,1.0,0.7421508109874567
3669,854100,1.0,0.6022161918033112
3670,854121,1.0,0.7705362685052324
3677,854994,1.0,0.7825337517956962
3686,855512,1.0,0.819935707237631
3689,855583,1.0,0.9176346560213295
3694,855764,1.0,0.5429598344123655
3696,855851,1.0,0.9418281337833044
3699,856105,1.0,0.5097464590110856
3705,856482,1.0,0.8076146605572206
3711,856843,1.0,0.7483868729425318
3717,857543,1.0,0.917085202644741
3729,858665,1.0,0.7394514972558017
3733,858835,1.0,0.9293630355726623
3737,859222,1.0,0.5316637154521239
3746,860493,1.0,0.6707392240974436
3752,860850,1.0,0.7877824272246078
3757,861198,1.0,0.7795014949270515
3759,861317,1.0,0.7769879460638909
3764,861745,1.0,0.5540974249081125
3765,861783,1.0,0.9087239341988627
3766,861841,1.0,0.7243565058534971
3769,862151,1.0,0.6130159514645143
3774,862792,1.0,0.5367366848834781
3779,862963,1.0,0.9261861675580199
3780,862977,1.0,0.7730989379140825
3782,863151,1.0,0.5078704165972681
3790,864100,1.0,0.9167154477000392
3796,864382,1.0,0.5607811174359649
3808,865227,1.0,0.9717328465586152
3809,865312,1.0,0.9662307541504835
3821,866681,1.0,0.7873278219134577
3836,868693,1.0,0.7110828067933795
3839,869364,1.0,0.562312144544885
3843,869494,1.0,0.6060711351686296
3847,870369,1.0,0.8210792168737041
3848,870422,1.0,0.5185559858914822
3856,871900,1.0,0.6553523614094431
3862,872382,1.0,0.7330452990122492
3870,872932,1.0,0.5829263634034355
3879,873806,1.0,0.8448219685674296
3880,873991,1.0,0.7261811862710879
3890,874651,1.0,0.7303293653325345
3891,874824,1.0,0.7549383138899878
3892,874910,1.0,0.8848230018187107
3896,875104,1.0,0.5296135379218726
3898,875189,1.0,0.7698258812619548
3900,875243,1.0,0.6559041410950467
3910,876368,1.0,0.6791371126595284
3913,876774,1.0,0.5041206355035107
3914,876842,1.0,0.8789841067240887
3915,876957,1.0,0.8927312193428893
3916,876962,1.0,0.6002775076817037
3920,877467,1.0,0.7603514690271945
3922,877852,1.0,0.644244782168522
3935,878863,1.0,0.6409222447543917
3940,879319,1.0,0.7341185862197968
3941,879341,1.0,0.7945648949429461
3946,879448,1.0,0.5494613401232652
3955,880118,1.0,0.5926316679818243
3967,881747,1.0,0.5514358324251265
3972,882319,1.0,0.8769582785693888
3977,882865,1.0,0.9758208713775268
3979,883051,1.0,0.8556453265776163
3980,883056,1.0,0.7505679829360886
3982,883277,1.0,0.7162300436895868
3985,883502,1.0,0.6739033648456394
3988,883936,1.0,0.8855447017242106
3992,884477,1.0,0.5676868953798013
3998,884750,1.0,0.5156754420629103
4020,887577,1.0,0.8079104023858955
4028,888803,1.0,0.7923995948309777
4029,889379,1.0,0.551408168266341
4030,889546,1.0,0.6423357851145813
4033,889716,1.0,0.9201140234274122
4037,890129,1.0,0.5160999728049857
4038,890160,1.0,0.7933592891076072
4055,891426,1.0,0.7712997470370885
4059,891729,1.0,0.7886690763580373
4072,893563,1.0,0.7151756007620342
4082,895200,1.0,0.8843264142081435
4083,895495,1.0,0.6880371857912434
4085,895666,1.0,0.7076906442372236
4091,896451,1.0,0.7267141900192833
4101,897495,1.0,0.6533731299637545
4102,897501,1.0,0.9503832958492886
4105,897613,1.0,0.7098264185068663
4106,897675,1.0,0.677242831247396
4109,897826,1.0,0.5208760569086895
4112,898324,1.0,0.6659457743151879
4113,898354,1.0,0.9905583255272911
4117,898591,1.0,0.8622114811484601
4132,900126,1.0,0.8161192792974952
4134,900219,1.0,0.8603007011597967
4140,900394,1.0,0.7948011044877455
4144,901163,1.0,0.9691567819243533
4151,901691,1.0,0.8680100011398011
4153,901792,1.0,0.5550574505057837
4157,902193,1.0,0.6508471503861005
4160,902601,1.0,0.5496997516014148
4163,903068,1.0,0.7626567325720681
4175,904582,1.0,0.9922495258296836
4179,904784,1.0,0.5668395014983567
4182,905190,1.0,0.9185171747422503
4184,905313,1.0,0.9120067026785629
4188,905633,1.0,0.6456466861965496
4190,905660,1.0,0.7795731164946204
4191,906260,1.0,0.7217800628363039
4193,906771,1.0,0.7256234096415035
4204,907971,1.0,0.5325336679741257
4206,908259,1.0,0.7703325976387336
4207,908320,1.0,0.52652163164362
4209,908668,1.0,0.9771957592758912
4211,909120,1.0,0.5024031078315718
4222,911038,1.0,0.8723375659721218
4228,911406,1.0,0.5197253931130327
4229,911654,1.0,0.5893530866880465
4230,911836,1.0,0.7886792908755392
4231,911862,1.0,0.5411247162248931
4234,911985,1.0,0.9745274339810134
4239,912300,1.0,0.6403947020601812
4243,912714,1.0,0.9319488241732766
4248,913222,1.0,0.9321584723146737
4249,913285,1.0,0.9787026074662303
4257,914468,1.0,0.8474606566132897
4258,914517,1.0,0.8158794688886921
4261,914895,1.0,0.6704299366572247
4262,914908,1.0,0.6619932799621409
4263,914947,1.0,0.5322392020801409
4265,914967,1.0,0.7898950567298779
4266,914970,1.0,0.8672092224116388
4271,915340,1.0,0.630926692698955
4277,916184,1.0,0.7734832834330179
4284,916796,1.0,0.5074189092746502
4288,917184,1.0,0.86890722405322
4289,917185,1.0,0.8997823241344796
4295,917451,1.0,0.7842995723011553
4296,917481,1.0,0.5515494073342485
4301,917932,1.0,0.7387827496821673
4307,918661,1.0,0.7954321007301569
4310,919198,1.0,0.8036880532243642
4317,921422,1.0,0.5264039425547827
4328,927155,1.0,0.6829835275250739
4329,927613,1.0,0.6101618558853341
4339,933107,1.0,0.6024300091711451
4340,934790,1.0,0.8474939464408787
4345,935710,1.0,0.839609998622729
4349,935932,1.0,0.7147903283938559
4350,936023,1.0,0.731287570001528
4351,936080,1.0,0.814970394555676
4359,937623,1.0,0.9079175960597952
4361,937681,1.0,0.8403960802862606
4368,939394,1.0,0.5280336663348959
4374,941336,1.0,0.8636579915530913
4375,941343,1.0,0.8462492603317028
4376,941352,1.0,0.9691567819243533
4377,941798,1.0,0.6887380680463328
4382,944670,1.0,0.9909291993987668
4384,945422,1.0,0.5237669942921583
4385,945453,1.0,0.7674859478616491
4389,947334,1.0,0.5477047210847164
4393,949288,1.0,0.6124269067921733
4397,950170,1.0,0.8453471560399614
4410,955222,1.0,0.7848803051062436
4413,958529,1.0,0.672048178593552
4416,959757,1.0,0.6133252287997901
4419,963984,1.0,0.5705105242310917
4422,966080,1.0,0.6680852540992913
4424,966906,1.0,0.9716272677924959
4425,968849,1.0,0.9337828455520001
4439,973689,1.0,0.7072822360801391
4443,975754,1.0,0.5288140342807786
4454,979007,1.0,0.8843320817637866
4455,980052,1.0,0.784782988662676
4457,980736,1.0,0.6038135099310683
4462,981635,1.0,0.5265288359025965
4465,982560,1.0,0.5063053355928009
4475,986296,1.0,0.9698897613459825
4485,987906,1.0,0.502801853385136
4492,991354,1.0,0.8338731530070207
4495,991622,1.0,0.8029734624107497
4502,993400,1.0,0.795990234680736
4509,995279,1.0,0.9654858132079025
4511,997088,1.0,0.8084753834364711
4523,998837,1.0,0.7102558449408239
4527,999892,1.0,0.8989247166838377
4528,1000028,1.0,0.5415892562394626
4531,1000130,1.0,0.7342177631711557
4534,1000217,1.0,0.5032673775791013
4724,1000651,1.0,0.5085593422738411
4779,1000735,1.0,0.6683058330498101
4798,1000777,1.0,0.8341554981166579
4897,1000948,1.0,0.9267156682658165
4952,1001028,1.0,0.5218542965998103
4993,1001087,1.0,0.6400535404835842
5144,1001365,1.0,0.6051255834551251
5203,1001466,1.0,0.8191984822542571
5588,1002146,1.0,0.5541082213611128
5622,1002210,1.0,0.7277423057446593
5681,1002307,1.0,0.5324390990890326
5973,1003149,1.0,0.6264782605524682
6038,1003450,1.0,0.5014584623197371
6111,1003566,1.0,0.5421502536795206
6174,1003665,1.0,0.9371607609360925
6213,1003707,1.0,0.5134851344088384
6419,1004063,1.0,0.5974308668777113
6481,1004183,1.0,0.6992417075822427
6520,1004240,1.0,0.5028631281661091
6676,1004518,1.0,0.5329229057629342
6778,1004746,1.0,0.5677400377114097
7074,1005262,1.0,0.6744218413291333
7077,1005273,1.0,0.7147566045782797
7466,1005891,1.0,0.8100545418364802
7706,1006297,1.0,0.7015166460725946
8908,1008586,1.0,0.8038020555630255
9163,1008973,1.0,0.8966274511691888
9350,1009253,1.0,0.5235565791013428
9674,1009725,1.0,0.623200441124245
9767,1009860,1.0,0.5704375773486025
9778,1009878,1.0,0.5020653234034211
9793,1009903,1.0,0.706887003976456
10223,1010926,1.0,0.7820741809574293
10246,1010966,1.0,0.5915223798191901
10578,1011494,1.0,0.6492946544025531
10587,1011513,1.0,0.5265301515979997
10591,1011517,1.0,0.5952301829192248
10610,1011543,1.0,0.5628498639590969
10613,1011547,1.0,0.5384136236248075
10704,1011697,1.0,0.5121862335404863
10780,1011812,1.0,0.5400512936285853
10799,1011851,1.0,0.706832879588647
10862,1011948,1.0,0.6387229843970519
10914,1012026,1.0,0.6020352853729333
10915,1012028,1.0,0.5942294739080488
10943,1012069,1.0,0.5296766942204459
11005,1012175,1.0,0.8439051476401924
11024,1012213,1.0,0.7746988455461982
11028,1012222,1.0,0.5367440531353384
11194,1012483,1.0,0.505491019936016
11213,1012511,1.0,0.591802369945065
11260,1012590,1.0,0.6297344795576321
11261,1012592,1.0,0.5705659421018842
11262,1012594,1.0,0.549926429282377
11272,1012609,1.0,0.6066437048987252
11304,1012653,1.0,0.6158109781088917
11413,1012835,1.0,0.5251368069726114
11528,1013003,1.0,0.5006570709657626
11529,1013004,1.0,0.5099534197350213
11569,1013062,1.0,0.5130360257339157
11622,1013140,1.0,0.519445351981806
11690,1013236,1.0,0.632017523581844
11716,1013287,1.0,0.570282596310625
11859,1013473,1.0,0.8453132583348697
11915,1013545,1.0,0.5106823783623139
11918,1013549,1.0,0.5402359206258502
12071,1013773,1.0,0.664245857641338
12272,1014027,1.0,0.6566071155990272
12329,1014113,1.0,0.8543011157234898
12416,1014249,1.0,0.8024185728693966
12434,1014271,1.0,0.8971929098826152
12449,1014300,1.0,0.5955378042708677
12488,1014362,1.0,0.8860207864899143
12513,1014407,1.0,0.5928342994161748
12525,1014424,1.0,0.5407723079954447
12652,1014640,1.0,0.5362757230641093
12699,1014710,1.0,0.5879759165635079
12743,1014764,1.0,0.7065871907006261
12750,1014781,1.0,0.5942320545005539
12892,1015016,1.0,0.6878237177631661
12920,1015056,1.0,0.5469942139160898
12936,1015078,1.0,0.5265994796775172
12947,1015122,1.0,0.5475125497865094
12957,1015134,1.0,0.558865438288689
13014,1015222,1.0,0.5649308653231169
13041,1015267,1.0,0.8851355811001346
13079,1015331,1.0,0.5903161382512239
13130,1015419,1.0,0.5669147496580874
13216,1015563,1.0,0.6597099195839689
13269,1015647,1.0,0.6294808335997152
13301,1015701,1.0,0.8446882029330643
13341,1015762,1.0,0.506507777481974
13364,1015793,1.0,0.6431868551300643
13471,1015968,1.0,0.5178165891383607
13491,1016001,1.0,0.6833522191890505
13494,1016008,1.0,0.5077360187125453
13599,1016182,1.0,0.5315445297590601
13627,1016232,1.0,0.625492683794897
13645,1016264,1.0,0.53282923373585
13658,1016296,1.0,0.7188648489668367
13661,1016301,1.0,0.5582319459473283
13669,1016313,1.0,0.5233942344898146
13757,1016463,1.0,0.5033408166205768
13758,1016464,1.0,0.6600826832995911
13763,1016471,1.0,0.8521531853541995
13828,1016593,1.0,0.6318455846845258
13836,1016609,1.0,0.5276153222041664
13862,1016651,1.0,0.5413407575359408
13868,1016665,1.0,0.5921661999962525
13869,1016666,1.0,0.5616293368087316
13927,1016769,1.0,0.6975930867848965
13961,1016817,1.0,0.5699516856394279
13968,1016827,1.0,0.5205388625486304
13989,1016866,1.0,0.5313209703919495
14036,1016946,1.0,0.6035032625542269
14112,1017056,1.0,0.940371530738208
14140,1017113,1.0,0.5331439962084529
14196,1017212,1.0,0.5497244236318338
14251,1017323,1.0,0.5900244930020614
14281,1017379,1.0,0.5762166691650004
14298,1017413,1.0,0.8242220814388803
14300,1017418,1.0,0.6105402802210239
14323,1017454,1.0,0.8073374339872214
14336,1017473,1.0,0.5657273736776397
14363,1017523,1.0,0.6311981667566593
14375,1017536,1.0,0.74099356525529
14376,1017537,1.0,0.5799266923516192
14391,1017559,1.0,0.5447053854540393
14393,1017561,1.0,0.5516003047107568
14406,1017580,1.0,0.7683034699463874
14420,1017601,1.0,0.6055787178084684
14430,1017615,1.0,0.5653614074566127
14447,1017641,1.0,0.8392619345727371
14493,1017725,1.0,0.591807838069664
14520,1017777,1.0,0.7653409717419724
14575,1017859,1.0,0.5473395318048296
14586,1017875,1.0,0.7916414703027309
14588,1017877,1.0,0.5172466562526434
14619,1017924,1.0,0.5487010951502441
14623,1017929,1.0,0.5858849516564171
14624,1017931,1.0,0.6640071655444911
14627,1017937,1.0,0.5867307724491818
14658,1017984,1.0,0.5607647391937955
14737,1018106,1.0,0.807935198768708
14751,1018133,1.0,0.6724039146088626
14757,1018148,1.0,0.6490259994129302
14800,1018234,1.0,0.67197817271278
14847,1018312,1.0,0.76044356586636
14851,1018321,1.0,0.6111193687986682
14863,1018352,1.0,0.6247615744451667
14893,1018409,1.0,0.6424202406549843
14924,1018462,1.0,0.5469341455251796
14939,1018487,1.0,0.5647655730686639
14954,1018517,1.0,0.5401180839335544
14971,1018545,1.0,0.5627344837931781
14987,1018571,1.0,0.6627019374191075
14996,1018588,1.0,0.6257687768046347
15017,1018622,1.0,0.6993579100287843
15018,1018623,1.0,0.5982014889699486
15020,1018626,1.0,0.662683382555544
15038,1018695,1.0,0.6287975492368948
15083,1018767,1.0,0.6076849392769694
15096,1018784,1.0,0.6834256931557725
15102,1018802,1.0,0.5143639578083434
15105,1018810,1.0,0.594040543602921
15151,1018893,1.0,0.522421127076167
15158,1018906,1.0,0.6009583188199235
15188,1018956,1.0,0.6658864541922842
15194,1018972,1.0,0.56234662441958
15196,1018977,1.0,0.7295846925554272
15232,1019038,1.0,0.6271673774171282
15237,1019043,1.0,0.7494199120204627
15254,1019075,1.0,0.6015413707482198
15301,1019147,1.0,0.5053160654518906
15334,1019191,1.0,0.7800215165606473
15335,1019193,1.0,0.6356369132332881
15428,1019358,1.0,0.7627640561287367
15469,1019433,1.0,0.5987803735385194
15483,1019458,1.0,0.6457494920474899
15506,1019503,1.0,0.5503029460218235
15520,1019525,1.0,0.6502633340843407
15576,1019620,1.0,0.6063232168558459
15596,1019662,1.0,0.6339591343297087
15606,1019691,1.0,0.6596190665514383
15611,1019700,1.0,0.6327405337781709
15613,1019702,1.0,0.5679894556820277
15698,1019851,1.0,0.5791807569951708
15737,1019906,1.0,0.6462797355558729
15748,1019932,1.0,0.5434213286428085
15756,1019946,1.0,0.5065882713612333
15778,1019987,1.0,0.5755409777494361
15781,1019991,1.0,0.6391146710484616
15785,1019995,1.0,0.5549424670577582
15787,1019997,1.0,0.6288678047730871
15803,1020021,1.0,0.7149756083839698
15816,1020038,1.0,0.6332641902701764
15833,1020066,1.0,0.5690030652178601
15888,1020165,1.0,0.644776382144524
15928,1020232,1.0,0.565596243578836
15934,1020251,1.0,0.5053680555927431
15949,1020284,1.0,0.5525176655127687
15969,1020320,1.0,0.5959810417522007
16058,1020472,1.0,0.5872292437491056
16065,1020481,1.0,0.5536836846428714
16068,1020485,1.0,0.6327092122893452
16231,1020775,1.0,0.7503044651779628
16236,1020782,1.0,0.5964406476707291
16243,1020792,1.0,0.5079614142862222
16272,1020837,1.0,0.5612691302928199
16322,1020919,1.0,0.8680551976123352
16337,1020945,1.0,0.5560348019753084
16340,1020952,1.0,0.6192623263055501
16357,1020975,1.0,0.603378066761809
16444,1021100,1.0,0.6201615908122299
16474,1021142,1.0,0.6821500753024947
16481,1021154,1.0,0.5035355314991415
16484,1021160,1.0,0.6485639596064318
16536,1021252,1.0,0.5486605809584053
16776,1021654,1.0,0.6075909279388227
16918,1021856,1.0,0.8499184229153139
16925,1021865,1.0,0.7475122149326191
16946,1021899,1.0,0.5045326730282655
16962,1021925,1.0,0.708087311682505
16974,1021942,1.0,0.5655419404592434
16996,1021982,1.0,0.6426609268044999
17011,1022013,1.0,0.5717219250313066
17033,1022055,1.0,0.5285739753802446
17040,1022074,1.0,0.5104617684374702
17129,1022197,1.0,0.6265759860499354
17162,1022239,1.0,0.5484288364603872
17320,1022451,1.0,0.5055687017215776
17326,1022458,1.0,0.5293436293826727
17330,1022463,1.0,0.5942339593411415
17339,1022475,1.0,0.5356294249376726
17352,1022493,1.0,0.5529149429539151
17354,1022496,1.0,0.7043113090531767
17364,1022516,1.0,0.5882598803835034
17377,1022529,1.0,0.5794622734582057
17426,1022607,1.0,0.5009871504790065
17470,1022667,1.0,0.5409858867509258
17519,1022746,1.0,0.9449185629704311
17525,1022757,1.0,0.5259645206695793
17542,1022786,1.0,0.798085457761615
17547,1022795,1.0,0.6553865332408294
17580,1022848,1.0,0.5897189336048382
17611,1022890,1.0,0.5880995386963572
17709,1023052,1.0,0.6211717467045194
17809,1023194,1.0,0.5686384750441086
17940,1023355,1.0,0.6458310104201929
17969,1023397,1.0,0.8068392810462082
17971,1023401,1.0,0.5641053216751207
18068,1023520,1.0,0.5172645632247197
18105,1023561,1.0,0.5000128350650674
18106,1023562,1.0,0.5411946735790284
18139,1023607,1.0,0.528038773584855
18172,1023660,1.0,0.6063721689239407
18181,1023674,1.0,0.6195424493014168
18193,1023697,1.0,0.7152543019141065
18207,1023717,1.0,0.6623327759887406
18334,1023880,1.0,0.6067700014374333
18362,1023910,1.0,0.5728629347558833
18425,1023984,1.0,0.5319567892562932
18447,1024022,1.0,0.5482940220302995
18459,1024040,1.0,0.5367657823625356
18460,1024043,1.0,0.6236074951580537
18892,1024534,1.0,0.7014872576743978
18961,1024607,1.0,0.6005727116138618
19304,1024995,1.0,0.5125429113695862
19307,1025000,1.0,0.620316513212967
19330,1025035,1.0,0.5613741891068469
19358,1025070,1.0,0.6044362444852365
19448,1025178,1.0,0.6238345080937632
20484,1026299,1.0,0.7433714908673476
20538,1026386,1.0,0.56653996926576
22221,1028298,1.0,0.6467517956860355
22334,1028424,1.0,0.7118225385806727
22351,1028449,1.0,0.7492725082820616
22362,1028460,1.0,0.6320441772899612
22380,1028490,1.0,0.539973569132332
22411,1028546,1.0,0.6194415037901586
23708,1029982,1.0,0.5398129779116235
23740,1030038,1.0,0.5979245597419804
25513,1032172,1.0,0.574859583709147
25977,1032720,1.0,0.6259927321028349
25990,1032739,1.0,0.5026754950790425
25996,1032751,1.0,0.5203018601662307
26014,1032776,1.0,0.5475023165748011
26754,1033735,1.0,0.6212791063453069
26759,1033740,1.0,0.6039964300152564
27472,1034753,1.0,0.6241093332316906
28221,1035686,1.0,0.5424548200720909
28384,1035886,1.0,0.5371292198088156
28396,1035908,1.0,0.5017346758386169
28415,1035939,1.0,0.6500768510204703
28445,1035984,1.0,0.5872919985193089
28458,1036006,1.0,0.8510252813232085
29711,1037501,1.0,0.922078711250437
29712,1037504,1.0,0.5387383361708482
29716,1037510,1.0,0.7040009430945042
29728,1037535,1.0,0.6334430780253362
29756,1037587,1.0,0.7133473877141217
31022,1039136,1.0,0.5707375519576257
31042,1039168,1.0,0.5799774266973626
32485,1040900,1.0,0.6008549118360649
33750,1042389,1.0,0.5277582547583161
34129,1042838,1.0,0.5451856848511181
35534,1044456,1.0,0.7454608472076718
35623,1044599,1.0,0.593529266104385
36479,1045605,1.0,0.7241955023146516
36852,1046035,1.0,0.9517193527799026
36853,1046038,1.0,0.5842049077269806
36854,1046039,1.0,0.606613001703911
37241,1046522,1.0,0.6816909500915
38127,1047567,1.0,0.6562116992366491
38283,1047789,1.0,0.6116048218165837
39338,1049012,1.0,0.5585755935849804
40666,1050651,1.0,0.7119570236573153
40667,1050652,1.0,0.6191230472171642
40672,1050660,1.0,0.6091065859718217
40676,1050664,1.0,0.5336833328569345
41099,1051269,1.0,0.6015800187673966
41373,1051758,1.0,0.8600427169977816
41380,1051769,1.0,0.6250013112618069
41391,1051788,1.0,0.5287614187140129
41422,1051839,1.0,0.6995684402885934
41496,1051968,1.0,0.5740533579801663
41578,1052115,1.0,0.9971188365852408
41639,1052212,1.0,0.5993440753724475
41644,1052217,1.0,0.6155715310016775
41649,1052226,1.0,0.6523799987068013
41702,1052297,1.0,0.8473231834358143
41849,1052498,1.0,0.6187031723952017
41907,1052606,1.0,0.5985205272387539
41921,1052627,1.0,0.6730077052478649
41953,1052683,1.0,0.7419109564377647
42072,1052853,1.0,0.7949706628798451
42082,1052872,1.0,0.6788827663125155
42086,1052880,1.0,0.591676233427978
42096,1052893,1.0,0.5756628035379592
42097,1052896,1.0,0.6245742175842164
42124,1052935,1.0,0.6102404967907844
42139,1052959,1.0,0.6609249035580895
42167,1053016,1.0,0.5205626492889274
42241,1053156,1.0,0.7085128299873908
42256,1053185,1.0,0.8718149950771074
42261,1053192,1.0,0.5389215082815336
42278,1053222,1.0,0.5806862748705843
42298,1053265,1.0,0.9485221389248129
42399,1053395,1.0,0.5812456631148223
42401,1053398,1.0,0.5298397305662026
42424,1053441,1.0,0.6209792084462533
42441,1053473,1.0,0.6565092764219052
42443,1053476,1.0,0.8114350307947218
42540,1053661,1.0,0.6396326356057418
42578,1053722,1.0,0.5124765240753357
42624,1053803,1.0,0.6802572450129684
42635,1053826,1.0,0.7088245120251425
42644,1053842,1.0,0.7854508801515968
42646,1053845,1.0,0.5554802799305751
42661,1053868,1.0,0.5321459730779403
42671,1053883,1.0,0.8667847267118307
42674,1053895,1.0,0.6270026402872295
42714,1053969,1.0,0.5380625901844265
42745,1054024,1.0,0.68701775627706
42794,1054121,1.0,0.7166641433777596
42800,1054135,1.0,0.6550594029159449
42806,1054144,1.0,0.7199790530216987
42811,1054154,1.0,0.63558190681051
42815,1054160,1.0,0.6341221130405845
42833,1054193,1.0,0.5298737983682602
42834,1054194,1.0,0.507804244325421
42845,1054212,1.0,0.5518092775055374
42859,1054241,1.0,0.6522001105769714
42885,1054287,1.0,0.5228261444372115
42916,1054343,1.0,0.6176303764258593
42946,1054395,1.0,0.7054845542044997
42953,1054406,1.0,0.7008454647391578
43047,1054574,1.0,0.7432256871290253
43082,1054638,1.0,0.7199891951593678
43096,1054657,1.0,0.6367264498896307
43148,1054746,1.0,0.5714869265262682
43335,1054996,1.0,0.6407380062965166
43338,1054999,1.0,0.6798080798283761
43341,1055002,1.0,0.5039955000927155
43378,1055071,1.0,0.7800757797718925
43425,1055151,1.0,0.6324355235379187
43434,1055170,1.0,0.5318454756743594
43451,1055198,1.0,0.6527506749118733
43507,1055284,1.0,0.5992454933997031
43511,1055292,1.0,0.581617905967885
43513,1055295,1.0,0.5583158809972874
43547,1055349,1.0,0.5747995328576653
43572,1055392,1.0,0.5287357437509649
43577,1055400,1.0,0.655386933959022
43592,1055425,1.0,0.5429762633575295
43619,1055474,1.0,0.5444041046429324
43663,1055535,1.0,0.5431533579218549
43681,1055556,1.0,0.7018706829777462
43719,1055624,1.0,0.9670106426191929
43724,1055632,1.0,0.6013171365422995
43731,1055643,1.0,0.5611512573097119
43738,1055653,1.0,0.821927401222836
43759,1055687,1.0,0.7329663008104317
43760,1055689,1.0,0.6127299529091345
43769,1055708,1.0,0.6019606854098557
43770,1055709,1.0,0.6169129761387485
43783,1055731,1.0,0.7261707977310371
43791,1055741,1.0,0.603412178865152
43792,1055744,1.0,0.7150652038409766
43794,1055748,1.0,0.6948895968758946
43883,1055864,1.0,0.7608208731554994
43909,1055893,1.0,0.6434952004140296
43932,1055916,1.0,0.6881607765516718
44068,1056069,1.0,0.7307149066783547
44079,1056085,1.0,0.737581966350136
44082,1056089,1.0,0.5735960576050768
44089,1056102,1.0,0.684919956199797
44093,1056116,1.0,0.6524332908675412
44095,1056124,1.0,0.5508410265750877
44098,1056127,1.0,0.7467544715755248
44113,1056154,1.0,0.8718223766431114
44164,1056212,1.0,0.5243590350011812
44441,1056546,1.0,0.7858957491321916
44443,1056548,1.0,0.7290042905231704
44456,1056568,1.0,0.6584813856805843
44466,1056586,1.0,0.8335469291987165
44473,1056596,1.0,0.5760490607584804
44677,1056854,1.0,0.76871371344932
44808,1057014,1.0,0.6240468815006736
44838,1057074,1.0,0.7408680570807836
44841,1057080,1.0,0.5714238372773889
44844,1057085,1.0,0.6032042534287484
44847,1057093,1.0,0.7034313156416991
44875,1057135,1.0,0.6700870736466493
45343,1057673,1.0,0.550481112456666
45347,1057677,1.0,0.6851258194162296
45358,1057696,1.0,0.6836912073973577
45363,1057702,1.0,0.6130509860326839
45371,1057712,1.0,0.7554957676368913
45373,1057714,1.0,0.5595283186730153
45380,1057725,1.0,0.5216628219769736
45386,1057742,1.0,0.7910860817235378
45390,1057749,1.0,0.7164077400785245
45400,1057764,1.0,0.7126880165447719
45402,1057768,1.0,0.6803116220771914
45406,1057774,1.0,0.5671922214436699
45722,1058137,1.0,0.666821241305145
45797,1058234,1.0,0.5019436476677014
45810,1058259,1.0,0.6146174915313287
45819,1058272,1.0,0.545427603574783
45826,1058281,1.0,0.5156446469690642
45828,1058284,1.0,0.622588129463718
45843,1058310,1.0,0.5135039346383282
45849,1058319,1.0,0.9537303451267924
45856,1058329,1.0,0.7097937329253087
45857,1058330,1.0,0.6180804848000587
45862,1058344,1.0,0.6054031045042846
45868,1058353,1.0,0.5774967332235919
45872,1058359,1.0,0.5218577893038197
45874,1058363,1.0,0.585153432330483
46051,1058558,1.0,0.5795765396543738
46144,1058658,1.0,0.756694303076337
46569,1059132,1.0,0.5272949226143699
46570,1059134,1.0,0.6424700503770187
46619,1059239,1.0,0.5219590293072367
47023,1059682,1.0,0.7203900029600256
47093,1059762,1.0,0.7425757168452812
47118,1059801,1.0,0.7466868345436352
47132,1059819,1.0,0.7131077256833801
47364,1060083,1.0,0.5861217918061041
47714,1060488,1.0,0.6363586924135057
47721,1060499,1.0,0.5054893620374451
47726,1060509,1.0,0.7796319932839867
47732,1060519,1.0,0.6333337330018277
47735,1060524,1.0,0.5235360495327825
47746,1060543,1.0,0.5534994455981769
47749,1060549,1.0,0.8571093505382668
48272,1061114,1.0,0.7036978477817766
48321,1061168,1.0,0.5288708296716653
48450,1061309,1.0,0.6789308677795501
48578,1061462,1.0,0.5831717000712564
48698,1061599,1.0,0.6653848271116516
48701,1061607,1.0,0.6948700707172925
48702,1061608,1.0,0.6514279746456029
48711,1061622,1.0,0.5118926273726103
48728,1061656,1.0,0.6674504822481648
48753,1061689,1.0,0.5965337956827341
48759,1061697,1.0,0.5956078383966096
48763,1061703,1.0,0.509642674132834
48776,1061720,1.0,0.8386323246596943
48779,1061723,1.0,0.6054208755787522
48780,1061724,1.0,0.6905402756530333
49182,1062169,1.0,0.8913720437748993
49352,1062362,1.0,0.7037104931822449
49353,1062363,1.0,0.7250650842227837
49357,1062368,1.0,0.5244810882358261
49371,1062384,1.0,0.805892895560013
49375,1062389,1.0,0.546079209016369
49383,1062400,1.0,0.5115401878107037
49394,1062419,1.0,0.5923516096353088
49395,1062420,1.0,0.7050242578335477
49404,1062437,1.0,0.6988399771109408
49412,1062448,1.0,0.5445946395146062
49759,1062835,1.0,0.5805420875799845
49760,1062836,1.0,0.8389350478988802
50112,1063236,1.0,0.5101229043809009
50116,1063241,1.0,0.6001315680839773
50123,1063253,1.0,0.7856087839386958
50130,1063262,1.0,0.768695029727868
50137,1063273,1.0,0.7056293350252538
50157,1063298,1.0,0.7996468533707376
50177,1063331,1.0,0.7565443561185731
50181,1063337,1.0,0.703169208552152
50185,1063346,1.0,0.6211053389533213
50186,1063347,1.0,0.7196571797862926
50188,1063349,1.0,0.6007548560668484
50264,1063435,1.0,0.5212558546273602
50858,1064079,1.0,0.7073839465940801
50859,1064080,1.0,0.7010732991845811
50863,1064089,1.0,0.5179681835346857
50868,1064095,1.0,0.5566284299325126
50907,1064146,1.0,0.6805601929127466
50908,1064147,1.0,0.5539055889869845
50909,1064148,1.0,0.8108557481529335
50916,1064157,1.0,0.8061961243665567
50919,1064166,1.0,0.6017744824719986
50920,1064167,1.0,0.7772417759843366
50932,1064183,1.0,0.7077983034161537
51281,1064578,1.0,0.721217159466487
51690,1065013,1.0,0.5128684540056899
51699,1065031,1.0,0.7028508094708192
51738,1065088,1.0,0.8296281076696242
52046,1065440,1.0,0.5279576509234767
52500,1065933,1.0,0.6499689472828892
52788,1066256,1.0,0.7748099670888787
52827,1066310,1.0,0.5583908066489665
52831,1066317,1.0,0.5346461423939124
52839,1066334,1.0,0.7569130069223311
52841,1066339,1.0,0.634614578529254
52853,1066355,1.0,0.7181147825954294
52869,1066381,1.0,0.649422296470875
52876,1066395,1.0,0.5878454960996636
53246,1066811,1.0,0.674758438132661
53540,1067146,1.0,0.7633588955092885
53659,1067274,1.0,0.5545338821761615
53709,1067340,1.0,0.5446732747379142
53714,1067351,1.0,0.6299336129908831
53722,1067360,1.0,0.7372582705148795
53762,1067424,1.0,0.6701873739492299
53819,1067498,1.0,0.6695600162317573
53885,1067586,1.0,0.9791803604154514
54088,1067810,1.0,0.6081453287403503
54581,1068367,1.0,0.5079095486300529
54582,1068368,1.0,0.7174883397090535
54590,1068378,1.0,0.832515895228097
54593,1068382,1.0,0.5434270729402169
54602,1068394,1.0,0.690578841333596
54606,1068401,1.0,0.6235786239620855
54608,1068403,1.0,0.6597962905463691
54621,1068423,1.0,0.5123933759478604
54631,1068436,1.0,0.6824599546731395
54640,1068451,1.0,0.7121651620404396
54901,1068749,1.0,0.6570590987758077
55167,1069047,1.0,0.6110166618735154
55511,1069424,1.0,0.5687393403199026
55513,1069426,1.0,0.5593024953433295
55530,1069455,1.0,0.6889082699079265
55545,1069477,1.0,0.7253359215988525
55553,1069488,1.0,0.5241256833569751
55567,1069505,1.0,0.5339608829278873
55570,1069510,1.0,0.5828514628150694
55578,1069522,1.0,0.562990614210744
55654,1069608,1.0,0.7867240239473656
55721,1069688,1.0,0.5548589907681681
56021,1070012,1.0,0.7761633824228239
56337,1070355,1.0,0.5690546344932195
56417,1070448,1.0,0.626873637844648
56423,1070458,1.0,0.8248167994283548
56439,1070478,1.0,0.5081895372045755
56444,1070486,1.0,0.5468630364373425
56459,1070511,1.0,0.5209736445473612
56469,1070525,1.0,0.880493570331996
56470,1070528,1.0,0.5468344589415016
56980,1071077,1.0,0.5600182956238806
57223,1071347,1.0,0.7276221576303327
57583,1071774,1.0,0.7351863236609798
57614,1071820,1.0,0.7517748673915728
57624,1071832,1.0,0.6553138867557219
57656,1071877,1.0,0.7991749230257496
57677,1071911,1.0,0.7336484713629874
57679,1071915,1.0,0.6935646248583505
57702,1071944,1.0,0.5321893603704426
57787,1072043,1.0,0.7301294734901268
57797,1072053,1.0,0.520080339855742
57826,1072089,1.0,0.7805454122989378
57874,1072144,1.0,0.6157436040641443
58552,1072873,1.0,0.7614889868798708
58611,1072936,1.0,0.5047913303705273
58645,1072973,1.0,0.7830479886824735
58668,1073002,1.0,0.540365281270282
58714,1073080,1.0,0.6256711635689566
58720,1073087,1.0,0.7811602470051242
58725,1073095,1.0,0.5644655382725422
58734,1073111,1.0,0.7480295500860349
58736,1073118,1.0,0.6385626205077084
58739,1073123,1.0,0.7454134423766033
59568,1074022,1.0,0.6941479657417703
59783,1074261,1.0,0.713203945225314
59784,1074262,1.0,0.7184837528132271
59796,1074279,1.0,0.5806462207176588
59799,1074284,1.0,0.5080222839413727
59812,1074303,1.0,0.5458958840746421
59813,1074304,1.0,0.7812218217153336
59849,1074348,1.0,0.5627509285737341
59883,1074384,1.0,0.5520651606402253
60688,1075274,1.0,0.5496062892751533
60755,1075350,1.0,0.5484962510053765
60819,1075427,1.0,0.6091845016145997
60855,1075490,1.0,0.8143919090348604
60856,1075493,1.0,0.6868222814855313
60872,1075525,1.0,0.6808101146587234
60875,1075529,1.0,0.6957242422989913
60879,1075534,1.0,0.7373884087677892
60884,1075540,1.0,0.5455938472820422
60885,1075542,1.0,0.5055002618116311
60890,1075549,1.0,0.8208488567896941
61674,1076409,1.0,0.578468305100641
61686,1076423,1.0,0.7237457131781728
61688,1076425,1.0,0.5580695938262714
61736,1076504,1.0,0.5314418169708859
61744,1076514,1.0,0.6920746554533406
61752,1076526,1.0,0.5244580411493844
62031,1076840,1.0,0.5647110422489858
62226,1077058,1.0,0.5529300283014241
62470,1077316,1.0,0.5231525352751704
62483,1077335,1.0,0.5648488882397689
62485,1077337,1.0,0.6845117455610795
62496,1077352,1.0,0.5145268986243988
62510,1077368,1.0,0.5658849382150681
62511,1077370,1.0,0.6581099017435982
62515,1077376,1.0,0.5230502494668358
62516,1077378,1.0,0.5242221270289218
62528,1077399,1.0,0.6340436954437394
62536,1077413,1.0,0.5111485989549854
62538,1077415,1.0,0.603516580728421
62551,1077434,1.0,0.7831408310966503
62562,1077449,1.0,0.5616587552908745
62590,1077496,1.0,0.5237102531437495
62597,1077508,1.0,0.5268946333788093
62600,1077511,1.0,0.9698706239418134
62620,1077548,1.0,0.6102492189473204
62654,1077589,1.0,0.5381574137803237
62677,1077613,1.0,0.8194240501761669
62696,1077634,1.0,0.7704720815868561
62856,1077807,1.0,0.5185512082010966
63178,1078172,1.0,0.7131905378574095
63190,1078194,1.0,0.7242135328746588
63200,1078214,1.0,0.7564928992522273
63230,1078258,1.0,0.6042422917993664
63259,1078300,1.0,0.5647705898181106
63262,1078303,1.0,0.5424986901907849
63280,1078325,1.0,0.6362823566308019
63285,1078331,1.0,0.7945114729301695
63592,1078660,1.0,0.7233218778890639
63628,1078699,1.0,0.6600812601699005
63651,1078728,1.0,0.5777254093887049
63798,1078896,1.0,0.8304960840397891
63811,1078909,1.0,0.7420442347762554
63837,1078942,1.0,0.5367511646444983
63849,1078957,1.0,0.6330784646886144
63850,1078959,1.0,0.6880974606047479
63867,1078989,1.0,0.5137154823229384
63870,1078993,1.0,0.8002073335102322
63873,1078996,1.0,0.5014457795449153
63916,1079064,1.0,0.5103185267881719
63944,1079096,1.0,0.6372886111979857
63945,1079097,1.0,0.7403865368738518
64385,1079578,1.0,0.7952528194501204
64476,1079679,1.0,0.5366289874162002
64545,1079755,1.0,0.6047517968465805
64547,1079759,1.0,0.5043527037554462
64552,1079765,1.0,0.9711900707208071
64558,1079777,1.0,0.7547271570621178
64580,1079812,1.0,0.7876797564327419
64582,1079816,1.0,0.519117147355273
64589,1079829,1.0,0.8119536486113088
65154,1080468,1.0,0.6321131370081406
65349,1080682,1.0,0.8236897372393588
65387,1080733,1.0,0.5124061585217932
65404,1080755,1.0,0.5346137145974961
65411,1080765,1.0,0.5891686381769803
65412,1080766,1.0,0.8215553926253135
65414,1080770,1.0,0.5929306483381523
65443,1080824,1.0,0.6225707524726463
65444,1080825,1.0,0.7194300343971675
65455,1080842,1.0,0.5534357024786084
65467,1080858,1.0,0.6100997687975466
65472,1080865,1.0,0.7762742554317693
65488,1080887,1.0,0.9258443514332136
65504,1080912,1.0,0.5325132291958319
65505,1080916,1.0,0.6006895777499277
65511,1080924,1.0,0.7696326119462796
65518,1080934,1.0,0.5772094513698264
65532,1080949,1.0,0.5901996454714196
65546,1080969,1.0,0.8275640022358978
65609,1081041,1.0,0.6020401285033826
65610,1081042,1.0,0.6099079897276065
65657,1081099,1.0,0.7666482166672154
65858,1081313,1.0,0.5103995894431885
66163,1081660,1.0,0.5932934799102457
66164,1081661,1.0,0.6094758628889839
66175,1081681,1.0,0.6679920009711634
66176,1081683,1.0,0.6037882545166467
66177,1081685,1.0,0.6694824787482373
66178,1081688,1.0,0.5944079918797492
66181,1081694,1.0,0.5009858014594555
66209,1081743,1.0,0.6353183057318961
66212,1081749,1.0,0.6636231484168372
66220,1081760,1.0,0.5000884358393971
66339,1081892,1.0,0.7906034780081147
66810,1082411,1.0,0.7563467491597153
67050,1082672,1.0,0.597847733450042
67265,1082913,1.0,0.6803413503636385
67289,1082947,1.0,0.5398482259921233
67291,1082949,1.0,0.8725607661377516
67304,1082971,1.0,0.8376003809671743
67316,1082987,1.0,0.5398147476411458
67319,1082992,1.0,0.6392799783109716
67329,1083008,1.0,0.5520034756033849
67347,1083035,1.0,0.6588286445918762
67352,1083043,1.0,0.7451074281422245
67377,1083070,1.0,0.741705155675135
67480,1083190,1.0,0.5624654802893956
67952,1083711,1.0,0.829063001462966
67969,1083737,1.0,0.7316994704484068
67986,1083759,1.0,0.6917261791351091
67987,1083761,1.0,0.6970853393888601
67989,1083764,1.0,0.524477898063008
67994,1083770,1.0,0.560803734011262
68028,1083813,1.0,0.508962661770287
68080,1083877,1.0,0.600883710232618
68511,1084500,1.0,0.5658648094444741
68651,1084651,1.0,0.7405775773993712
68869,1084892,1.0,0.9096905807926926
68873,1084900,1.0,0.5519541935644022
68889,1084926,1.0,0.5197429313121266
68891,1084933,1.0,0.5249502202617032
68896,1084940,1.0,0.664807664973931
68904,1084950,1.0,0.7388328716690952
68910,1084963,1.0,0.9223546170865065
68911,1084964,1.0,0.587203494540671
68913,1084967,1.0,0.6393345201179337
68918,1084976,1.0,0.5961517924083577
68925,1084989,1.0,0.9601944308474244
69055,1085142,1.0,0.539013965895379
69058,1085145,1.0,0.6205010159032143
69388,1085506,1.0,0.5047550361599579
69536,1085673,1.0,0.6212915107469456
69780,1085941,1.0,0.8135618177278076
69801,1085969,1.0,0.5289258573237089
69805,1085977,1.0,0.5647152593636788
69808,1085981,1.0,0.8017647951930404
69821,1085998,1.0,0.6391509946912182
69827,1086008,1.0,0.6097838173914315
69837,1086033,1.0,0.5045057630904888
69839,1086035,1.0,0.5076175848667639
69843,1086043,1.0,0.5005084878711493
69856,1086064,1.0,0.5466652261316086
69876,1086098,1.0,0.7487650993010557
69893,1086121,1.0,0.7600774689909369
69895,1086126,1.0,0.5538032030156865
70116,1086379,1.0,0.588101723379675
70234,1086511,1.0,0.5186351141008141
70396,1086692,1.0,0.6422625745847029
70567,1086876,1.0,0.5740932360980723
70578,1086899,1.0,0.5183858162735916
70581,1086902,1.0,0.7564562228417584
70592,1086919,1.0,0.8002816392130733
70606,1086942,1.0,0.9773657936148731
70610,1086947,1.0,0.7697061416422607
70617,1086955,1.0,0.7797572224772199
70620,1086961,1.0,0.5223299515055225
70633,1086981,1.0,0.6595819698619401
70634,1086982,1.0,0.8294556215986602
70655,1087012,1.0,0.6532397513657893
71468,1087894,1.0,0.5742505385918655
71473,1087899,1.0,0.7100013958905718
71482,1087914,1.0,0.6285399998947325
71500,1087939,1.0,0.664812287392766
71503,1087943,1.0,0.5442525783977353
71507,1087949,1.0,0.5760675111488035
71511,1087956,1.0,0.8734836632373847
71527,1087977,1.0,0.7333778525706444
71537,1087992,1.0,0.5376981759784569
71539,1087997,1.0,0.6483466076731418
71540,1087998,1.0,0.687716090514752
71542,1088001,1.0,0.601522412090588
71649,1088125,1.0,0.5958318960734832
72383,1088927,1.0,0.5528956935739262
72424,1088977,1.0,0.617013587389184
72430,1088986,1.0,0.5547645844375795
72436,1088995,1.0,0.5699600697529414
72457,1089029,1.0,0.7101062762491896
72464,1089040,1.0,0.5535249701014209
72470,1089047,1.0,0.5540854575722536
72478,1089062,1.0,0.7225044134778902
72485,1089072,1.0,0.5540093601866607
72515,1089111,1.0,0.7230125012703369
72529,1089126,1.0,0.5294920998392055
72557,1089158,1.0,0.6290141061241188
72746,1089371,1.0,0.5036999065948506
73131,1089801,1.0,0.557910021757458
73133,1089803,1.0,0.5584037441780385
73134,1089804,1.0,0.6467309708940949
73140,1089817,1.0,0.7362875751175553
73144,1089823,1.0,0.7305892478853871
73165,1089854,1.0,0.5741991167099968
73170,1089859,1.0,0.6773777358351064
73172,1089861,1.0,0.710747851918871
73179,1089871,1.0,0.656171851974773
73263,1089968,1.0,0.6584114206446182
73425,1090145,1.0,0.5942404309175762
73949,1090720,1.0,0.6458251179947198
73974,1090757,1.0,0.960102323579465
73992,1090791,1.0,0.5644922901257442
73997,1090797,1.0,0.5255290827375413
74000,1090800,1.0,0.5097002822520772
74005,1090807,1.0,0.7672776983588369
74009,1090814,1.0,0.831307622289937
74020,1090831,1.0,0.6872848210566029
74022,1090833,1.0,0.5946744294598664
74039,1090861,1.0,0.5866670124925358
74054,1090883,1.0,0.6065963621557013
74070,1090905,1.0,0.5636996005386695
74071,1090907,1.0,0.5052510165571575
74076,1090914,1.0,0.6596523571537013
74222,1091914,1.0,0.5398304794956049
74367,1092067,1.0,0.7231012712453868
74438,1092147,1.0,0.6571217171361932
74441,1092150,1.0,0.5098291634019435
74478,1092189,1.0,0.5673707025962257
74560,1092280,1.0,0.5771948007683355
74653,1092380,1.0,0.6187107873089505
74751,1092498,1.0,0.911155466361269
74757,1092509,1.0,0.7755990625454897
74763,1092516,1.0,0.5230080929710919
74769,1092530,1.0,0.7227286195897693
74774,1092536,1.0,0.5286152321804479
74785,1092553,1.0,0.8162921503700075
74987,1092787,1.0,0.5797895520966063
75354,1093201,1.0,0.7585922939435632
75366,1093218,1.0,0.5066144252203687
75368,1093221,1.0,0.5595621218821836
75379,1093238,1.0,0.6155065859907948
75389,1093250,1.0,0.6235472537579
75391,1093253,1.0,0.5292050625725093
75539,1093421,1.0,0.5495957332865964
75596,1093482,1.0,0.5989436459557637
75668,1093563,1.0,0.5792864707566359
76242,1094190,1.0,0.813058368965116
76249,1094204,1.0,0.6549192537564034
76255,1094213,1.0,0.7879950161088644
76256,1094215,1.0,0.5433432840368874
76281,1094255,1.0,0.6385502727534558
76288,1094264,1.0,0.5886659212612264
76292,1094269,1.0,0.5451921575438285
76299,1094280,1.0,0.574825127700079
76303,1094287,1.0,0.6467336412833012
76333,1094330,1.0,0.582770820843174
76344,1094347,1.0,0.5752878255861097
76346,1094349,1.0,0.5090747481919394
76350,1094357,1.0,0.5171414622700798
76442,1094457,1.0,0.5020520180992146
76479,1094496,1.0,0.6864223359967764
76691,1094740,1.0,0.6230059350199494
76757,1094811,1.0,0.7004225724810118
76896,1094957,1.0,0.5848620592628562
77379,1095484,1.0,0.6578689855067774
77392,1095509,1.0,0.5218860535488363
77404,1095534,1.0,0.7542784073207219
77413,1095546,1.0,0.6953944141094202
77418,1095554,1.0,0.7966794086627782
77438,1095580,1.0,0.5181754920460431
77447,1095593,1.0,0.5895557431535248
77453,1095599,1.0,0.7496211904678801
77456,1095602,1.0,0.5467674425838427
77471,1095623,1.0,0.5463351378044575
77477,1095632,1.0,0.8189038018607948
77482,1095643,1.0,0.5061911057637382
77491,1095661,1.0,0.5585223106951169
77495,1095671,1.0,0.9415499408281409
77588,1095778,1.0,0.5351040118952379
77799,1096017,1.0,0.5300735728215188
77886,1096108,1.0,0.5361429152877515
77960,1096194,1.0,0.5626809176767142
78074,1096321,1.0,0.622085885414854
78079,1096328,1.0,0.7732619483276945
78104,1096362,1.0,0.5547715090801931
78120,1096383,1.0,0.7322412987185803
78124,1096388,1.0,0.7138222301548798
78139,1096408,1.0,0.6339919628829938
78141,1096411,1.0,0.6911323840603455
78143,1096414,1.0,0.9251507057833774
78145,1096418,1.0,0.7612179544216044
78147,1096420,1.0,0.7957626924189872
78196,1096475,1.0,0.5608302987807466
78201,1096480,1.0,0.5528482252484902
78212,1096492,1.0,0.5477143879871127
78496,1096799,1.0,0.6102436794570304
78898,1097240,1.0,0.7520782184829972
78899,1097242,1.0,0.6901146681239846
78913,1097266,1.0,0.7034228037439104
78917,1097271,1.0,0.8172731393589671
78920,1097274,1.0,0.688516246470064
78932,1097293,1.0,0.533226235046271
78941,1097308,1.0,0.6600380061514234
78944,1097312,1.0,0.7074402000672401
78991,1097362,1.0,0.5079028861865243
79171,1097564,1.0,0.7676403780677814
79330,1097736,1.0,0.6024598966982088
79405,1097829,1.0,0.7647347085889407
79424,1097857,1.0,0.6144085192330107
79426,1097862,1.0,0.8328840583452523
79451,1097898,1.0,0.9806957987018041
79464,1097914,1.0,0.7291979697065138
79465,1097915,1.0,0.5400072349582745
79476,1097934,1.0,0.5753644088947786
79498,1097961,1.0,0.7199102396864708
79513,1097981,1.0,0.5661787470789685
79515,1097986,1.0,0.6722137092207922
79516,1097987,1.0,0.7099226931486787
79517,1097990,1.0,0.5049907073321389
79523,1098007,1.0,0.7350229293655522
79547,1098035,1.0,0.6124153884372954
79554,1098045,1.0,0.6865363399859826
79560,1098053,1.0,0.846747996205122
79561,1098054,1.0,0.544365177449329
79563,1098057,1.0,0.5205401553414041
79568,1098063,1.0,0.5689252143821141
79569,1098065,1.0,0.7871063438046755
79570,1098068,1.0,0.7230091654469238
79586,1098089,1.0,0.5636226162052227
80312,1098895,1.0,0.778828287702868
80336,1098921,1.0,0.7599375890239695
80347,1098935,1.0,0.8777911796420702
80352,1098941,1.0,0.5305345444782474
80358,1098950,1.0,0.7798606788128938
80381,1098986,1.0,0.7336840561438657
80390,1098997,1.0,0.5766959561447255
80391,1098998,1.0,0.6177701325291038
80407,1099025,1.0,0.701275508475093
80411,1099032,1.0,0.5027401453068329
80415,1099037,1.0,0.7254379985124139
80423,1099052,1.0,0.5014562325071059
80424,1099054,1.0,0.5954547577465529
80430,1099064,1.0,0.5193658771035081
80432,1099067,1.0,0.5312691809129375
80444,1099086,1.0,0.5422211586872339
80445,1099087,1.0,0.5598400555481158
80460,1099110,1.0,0.5365041186585618
80463,1099115,1.0,0.7199360739081898
80466,1099118,1.0,0.5657975375636254
80468,1099120,1.0,0.7296878150687188
80471,1099124,1.0,0.502238206069377
80615,1099283,1.0,0.6417595957904255
81069,1099769,1.0,0.5975706153143747
81102,1099805,1.0,0.6254960207353523
81331,1100053,1.0,0.8004400592245765
81332,1100054,1.0,0.5023796839786029
81337,1100060,1.0,0.664573471518878
81355,1100088,1.0,0.6756888007184375
81357,1100093,1.0,0.6402827931067999
81364,1100104,1.0,0.5089173944983639
81369,1100113,1.0,0.5158012417401956
81370,1100114,1.0,0.5417491532142096
81386,1100140,1.0,0.512552721575786
81388,1100142,1.0,0.5103389930918453
81392,1100146,1.0,0.5014216853798398
81397,1100155,1.0,0.5775318347434698
81398,1100156,1.0,0.7411547284181346
81509,1100282,1.0,0.5183430701752025
81966,1100782,1.0,0.5197311433796351
82015,1100834,1.0,0.5063722870227874
82092,1100914,1.0,0.5446053918141432
82107,1100938,1.0,0.7323129792812269
82108,1100939,1.0,0.5882329154135112
82121,1100954,1.0,0.879390875893498
82124,1100958,1.0,0.7582856774780505
82130,1100969,1.0,0.6340191017284119
82144,1100989,1.0,0.5422725722651573
82153,1101003,1.0,0.7045218648625753
82155,1101007,1.0,0.7188845430242554
82157,1101010,1.0,0.6751494001905144
82161,1101023,1.0,0.7253212534164823
82167,1101032,1.0,0.7392039227327422
82183,1101051,1.0,0.5225201500664499
82185,1101054,1.0,0.716181264653727
82234,1101111,1.0,0.5739604385426267
82275,1101169,1.0,0.5517336568834578
82276,1101170,1.0,0.886274026351875
82277,1101174,1.0,0.5199167438367652
82280,1101178,1.0,0.5078489143904842
82285,1101187,1.0,0.8406005011866612
82291,1101198,1.0,0.5634132882154418
82300,1101213,1.0,0.8123505609529938
82311,1101228,1.0,0.6528089191096068
82312,1101229,1.0,0.6793131532572774
82321,1101239,1.0,0.5673341483118735
82331,1101253,1.0,0.7302792812732977
82334,1101258,1.0,0.6287096516233421
82341,1101266,1.0,0.751617629472058
82343,1101272,1.0,0.8453081805434016
83042,1102062,1.0,0.5928233274479411
83043,1102063,1.0,0.7314880940025507
83054,1102078,1.0,0.6089937470043221
83057,1102082,1.0,0.5488567227080577
83068,1102101,1.0,0.8459559212038429
83071,1102109,1.0,0.6451311515574958
83074,1102113,1.0,0.5150635518078122
83094,1102148,1.0,0.717812662440127
83097,1102152,1.0,0.7299446694870322
83102,1102164,1.0,0.5896358631076678
83290,1102367,1.0,0.793647001423482
83389,1102475,1.0,0.5655610253293122
83424,1102513,1.0,0.6090280097264827
83579,1102683,1.0,0.8032732992323361
83581,1102685,1.0,0.6648949676885547
83583,1102687,1.0,0.7432759902134106
83584,1102688,1.0,0.7782271793294693
83596,1102706,1.0,0.6149557444281725
83605,1102724,1.0,0.7638920862094831
83628,1102754,1.0,0.5324574873982035
83630,1102758,1.0,0.5297541892165966
83631,1102759,1.0,0.6159342847868232
83632,1102760,1.0,0.5512185739117466
83640,1102768,1.0,0.8337178314481422
83642,1102771,1.0,0.5449434185594304
83643,1102773,1.0,0.5041144978783664
83644,1102776,1.0,0.7026913287518304
83645,1102777,1.0,0.5988229558614723
83666,1102808,1.0,0.6980590533774907
83667,1102811,1.0,0.5356650731556334
83677,1102827,1.0,0.5007991098716938
83678,1102828,1.0,0.8928832835359356
83680,1102831,1.0,0.728698505310839
83689,1102847,1.0,0.7391427641566009
83715,1102891,1.0,0.7563155613050123
83733,1102916,1.0,0.5631654136077068
83969,1103181,1.0,0.5522191291748011
84016,1103235,1.0,0.6150532842123314
84177,1103404,1.0,0.7232670598212727
84316,1103553,1.0,0.6666277018367348
84330,1103571,1.0,0.5381844865279969
84331,1103572,1.0,0.712902381869185
84743,1104052,1.0,0.7745434661243874
84747,1104058,1.0,0.9594312724381491
84760,1104078,1.0,0.8176347983491881
84761,1104079,1.0,0.778318255079621
84765,1104083,1.0,0.7338591267231396
84778,1104099,1.0,0.7604993829399559
84782,1104105,1.0,0.6641860159167512
84818,1104159,1.0,0.5703773793531727
85301,1104687,1.0,0.6447417533873463
85312,1104700,1.0,0.5314273265181608
85323,1104716,1.0,0.5821731149913207
85329,1104722,1.0,0.6001916201904627
85332,1104725,1.0,0.6887760180172646
85337,1104736,1.0,0.5385898002253859
85349,1104754,1.0,0.8338157607317387
85351,1104756,1.0,0.6273692339734351
85383,1104802,1.0,0.8907248291428832
85757,1105209,1.0,0.5178651594668573
85766,1105221,1.0,0.8112332100733178
85769,1105226,1.0,0.5509054166563104
85773,1105231,1.0,0.660388761009883
85778,1105241,1.0,0.6116831891627599
85784,1105255,1.0,0.7390901269903374
85787,1105260,1.0,0.7805424994956797
85792,1105267,1.0,0.7838663318639539
85801,1105279,1.0,0.7522263226214511
85817,1105307,1.0,0.6447693296679141
85819,1105314,1.0,0.5569970626786912
85821,1105317,1.0,0.6159897345817906
85822,1105318,1.0,0.7129217882532085
85836,1105339,1.0,0.8300372014400624
86179,1105721,1.0,0.5382875376649606
86205,1105756,1.0,0.6061669756468344
86206,1105757,1.0,0.7449607891795408
86209,1105762,1.0,0.5713316457059285
86227,1105783,1.0,0.7020856462346108
86230,1105787,1.0,0.5136535197204831
86232,1105791,1.0,0.5040591518618224
86237,1105797,1.0,0.7062279181437197
86258,1105826,1.0,0.5541703576675756
86278,1105856,1.0,0.6942491882359426
86283,1105865,1.0,0.6432685825080241
86296,1105883,1.0,0.7137373444779352
86299,1105888,1.0,0.5837337944603125
86301,1105890,1.0,0.5808244914578323
86303,1105893,1.0,0.662107932738138
86312,1105912,1.0,0.6205145327616832
86329,1105940,1.0,0.7394824483246775
86331,1105943,1.0,0.5899409835462804
86338,1105954,1.0,0.6035730931525453
86362,1105985,1.0,0.5011967301894643
86371,1105997,1.0,0.7764912942836776
86399,1106034,1.0,0.6928803399305604
86400,1106035,1.0,0.588527775355597
86404,1106042,1.0,0.7079441640393285
86604,1106274,1.0,0.5083168567348253
86799,1106481,1.0,0.694343409654481
86852,1106544,1.0,0.5120978476578987
86885,1106586,1.0,0.7191183591447354
86895,1106597,1.0,0.5561285162491036
86896,1106598,1.0,0.7941781622022319
86905,1106614,1.0,0.5197000589933188
86916,1106631,1.0,0.7733558050526591
86927,1106646,1.0,0.5300125465169063
87148,1106901,1.0,0.6991086182809129
87379,1107154,1.0,0.6635567645180273
87411,1107194,1.0,0.6422222135284867
87427,1107219,1.0,0.5806601428402807
87435,1107234,1.0,0.5072330245206089
87436,1107236,1.0,0.5201945216298193
87447,1107253,1.0,0.5511794755646723
87465,1107281,1.0,0.7763935653741948
87470,1107290,1.0,0.8627552950610055
87471,1107293,1.0,0.5215943832272733
87483,1107313,1.0,0.5256395145866184
87490,1107324,1.0,0.5228698422275432
87491,1107326,1.0,0.6662009161488862
87493,1107334,1.0,0.7926629892167093
87494,1107337,1.0,0.6682104827967961
87509,1107360,1.0,0.5117754162697872
87585,1107440,1.0,0.5259710011001639
87788,1107663,1.0,0.5121202028623691
87890,1107779,1.0,0.5735345161175942
87891,1107780,1.0,0.5369397475276879
87893,1107784,1.0,0.6551977340945778
87914,1107813,1.0,0.7362250247710665
87933,1107840,1.0,0.8021630782453624
87945,1107859,1.0,0.6073686808336326
87954,1107874,1.0,0.6132067366176511
87967,1107888,1.0,0.5411300739648207
87971,1107892,1.0,0.6129808396918577
87974,1107897,1.0,0.8046503356397808
87978,1107901,1.0,0.5440588534268446
87979,1107902,1.0,0.6348387972386483
88268,1108227,1.0,0.5206850393627837
88439,1108414,1.0,0.5815348354163046
88466,1108458,1.0,0.7158931645484975
88467,1108460,1.0,0.707132518324423
88484,1108481,1.0,0.5293178681685534
88497,1108499,1.0,0.531086560690294
88554,1108575,1.0,0.5584486170632821
88820,1108865,1.0,0.8215800983180898
88977,1109033,1.0,0.5369589930607835
88978,1109035,1.0,0.7315621725064874
88979,1109036,1.0,0.5943694567925045
88983,1109042,1.0,0.7308984502848618
88985,1109044,1.0,0.6277017785350391
88998,1109061,1.0,0.6811342027924078
88999,1109062,1.0,0.679884284167853
89001,1109065,1.0,0.5735678883736781
89004,1109070,1.0,0.8670414044669029
89011,1109083,1.0,0.5472920263415035
89023,1109103,1.0,0.5980916300496796
89024,1109105,1.0,0.7297751634333038
89025,1109106,1.0,0.5776842866884928
89031,1109118,1.0,0.6692278628376702
89041,1109135,1.0,0.8512863883149989
89049,1109150,1.0,0.7617877479510026
89057,1109167,1.0,0.6768834034893615
89065,1109178,1.0,0.6273624244676349
89072,1109189,1.0,0.7748596592182778
89085,1109214,1.0,0.8025138618689788
89092,1109225,1.0,0.6341971694066545
89127,1109269,1.0,0.8336790395892872
89264,1109415,1.0,0.7429907395920968
89390,1109557,1.0,0.7746094713352578
89398,1109568,1.0,0.7359230031871395
89406,1109582,1.0,0.7816770265038478
89407,1109584,1.0,0.5726245724707396
89417,1109597,1.0,0.6788929468024484
89421,1109602,1.0,0.6720762549466814
89425,1109609,1.0,0.5248742438673142
89428,1109614,1.0,0.5577662863159171
89433,1109621,1.0,0.8233961656261746
89434,1109622,1.0,0.5613489792522202
89450,1109648,1.0,0.7016234135753033
89451,1109649,1.0,0.5817961079887424
89456,1109659,1.0,0.6474703513785584
89523,1109732,1.0,0.7202486097193015
89713,1109933,1.0,0.5255502392259713
89858,1110103,1.0,0.7562197202547211
89864,1110111,1.0,0.9087236927408664
89868,1110115,1.0,0.6226645643727662
89889,1110143,1.0,0.6292548932944099
89891,1110148,1.0,0.511014002740032
89896,1110156,1.0,0.7230911022223235
89903,1110165,1.0,0.5544011443284461
89924,1110203,1.0,0.5401872525764384
89936,1110223,1.0,0.5797263794583889
90162,1110462,1.0,0.5026595447653458
90205,1110510,1.0,0.5233152433186207
90327,1110654,1.0,0.5633939617731787
90334,1110663,1.0,0.5688712385199509
90363,1110711,1.0,0.9482939049742173
90369,1110719,1.0,0.6007945307999047
90384,1110743,1.0,0.7669411322965359
90385,1110744,1.0,0.8042076133866846
90406,1110777,1.0,0.5706301192217509
90411,1110787,1.0,0.5037540466291163
90416,1110792,1.0,0.6085122652614993
90422,1110802,1.0,0.7061972255786136
90425,1110807,1.0,0.8618845743051239
90429,1110813,1.0,0.515004923324753
90430,1110814,1.0,0.5725900385792216
90447,1110839,1.0,0.6943765067510105
90937,1111403,1.0,0.7048623369421664
90950,1111423,1.0,0.5139953422811379
90961,1111437,1.0,0.5624423442372836
90963,1111441,1.0,0.6896629321413739
90965,1111443,1.0,0.7641450232575456
90971,1111452,1.0,0.5223299596642133
90972,1111453,1.0,0.6090470330112469
90975,1111456,1.0,0.8377713332372103
90981,1111468,1.0,0.6422211586213643
90986,1111477,1.0,0.6721157775225353
90993,1111486,1.0,0.7850132934214477
91009,1111509,1.0,0.6280418434718948
91016,1111521,1.0,0.5242854909851283
91018,1111523,1.0,0.9597857725254603
91021,1111527,1.0,0.6685663849640908
91024,1111531,1.0,0.8532332345289584
91025,1111532,1.0,0.6633236453067979
91037,1111551,1.0,0.6341108101620145
91063,1111605,1.0,0.7105567458151915
91087,1111641,1.0,0.6153894951400747
91088,1111642,1.0,0.7138687259947559
91090,1111646,1.0,0.5378004757935942
91144,1111709,1.0,0.8511009310915656
91153,1111719,1.0,0.5590910202292291
91170,1111748,1.0,0.6557113729821339
91174,1111756,1.0,0.5466056138058146
91180,1111764,1.0,0.6049010875675025
91187,1111783,1.0,0.8644168491718082
91189,1111786,1.0,0.5264630973150887
91191,1111789,1.0,0.6115051129984604
91192,1111791,1.0,0.5802623639983661
91193,1111792,1.0,0.8076404260032254
91208,1111817,1.0,0.6610682394947699
91212,1111824,1.0,0.8512860544875168
91427,1112082,1.0,0.723712573630742
91459,1112116,1.0,0.8096895245701305
91469,1112133,1.0,0.6332173372504378
91470,1112134,1.0,0.6863862841087586
91480,1112152,1.0,0.5619243352789886
91481,1112153,1.0,0.814826111900266
91488,1112167,1.0,0.847540370807456
91489,1112168,1.0,0.5509601333753805
91506,1112196,1.0,0.7045816623937771
91511,1112206,1.0,0.5809557117049559
91535,1112239,1.0,0.6230509955297575
91540,1112249,1.0,0.5188222577072042
91541,1112251,1.0,0.5113726497592379
91542,1112252,1.0,0.6731600679884945
91543,1112255,1.0,0.5619741525332982
91549,1112262,1.0,0.6930977603719172
91858,1112624,1.0,0.6563622827911536
91860,1112630,1.0,0.6364048722022386
91861,1112631,1.0,0.7715060073545331
91865,1112639,1.0,0.5681843719675818
91868,1112644,1.0,0.8860070176244057
91876,1112658,1.0,0.6952088962940333
91877,1112659,1.0,0.8316382098651034
91878,1112661,1.0,0.5694860910135275
91881,1112664,1.0,0.5434320836787347
91882,1112665,1.0,0.6465112868908274
91889,1112676,1.0,0.6491585271802645
91890,1112677,1.0,0.9014125416467227
91895,1112684,1.0,0.6933781468768657
91899,1112689,1.0,0.6303668816993951
91902,1112694,1.0,0.5753624631529475
91904,1112696,1.0,0.6727608732381434
91905,1112698,1.0,0.7995646230591862
91906,1112701,1.0,0.5517812801086025
91913,1112713,1.0,0.7126074338092153
92086,1112911,1.0,0.5746919720334446
92133,1112965,1.0,0.7138444634971842
92136,1112968,1.0,0.7253633625243628
92137,1112969,1.0,0.5378566062118246
92140,1112974,1.0,0.5050698285884423
92144,1112981,1.0,0.8173218680714246
92149,1112988,1.0,0.5247500473331435
92151,1112992,1.0,0.5194309071832544
92156,1113003,1.0,0.6961697622242728
92161,1113008,1.0,0.7071711734829422
92165,1113014,1.0,0.6762247319282002
92168,1113025,1.0,0.5874740572740716
92174,1113034,1.0,0.621148121049234
92182,1113046,1.0,0.5315012825343541
92185,1113050,1.0,0.7883916666417312
92498,1113395,1.0,0.5201999875716118
92518,1113418,1.0,0.7472879393623492
92530,1113435,1.0,0.5637341142572142
92561,1113490,1.0,0.6044453641595914
92573,1113507,1.0,0.7454468106521461
92577,1113515,1.0,0.5101379361170948
92581,1113525,1.0,0.5757394723781166
92584,1113529,1.0,0.6080017330747691
92586,1113531,1.0,0.7123043605694023
92601,1113559,1.0,0.8210169988568948
92605,1113563,1.0,0.6345684713346589
92607,1113566,1.0,0.8494992897321921
92618,1113589,1.0,0.5826869789330547
92626,1113604,1.0,0.7442098222149616
92627,1113605,1.0,0.6509632388920857
92628,1113606,1.0,0.5079456434210449
92632,1113610,1.0,0.867323612429392
92633,1113611,1.0,0.6277845236101259
92634,1113612,1.0,0.5003217117466991
92646,1113627,1.0,0.519872759075447
92653,1113637,1.0,0.6640449675186256
92665,1113660,1.0,0.593074115399403
92668,1113663,1.0,0.6477870453055244
92788,1113800,1.0,0.675427005338599
92800,1113820,1.0,0.5205963403137013
92809,1113831,1.0,0.578481952860618
92810,1113833,1.0,0.5227205439606631
92824,1113862,1.0,0.8534858263642533
92830,1113872,1.0,0.6720102908466051
92842,1113899,1.0,0.5810000241209715
92845,1113902,1.0,0.5327804102100743
92847,1113904,1.0,0.7426720053903707
92856,1113920,1.0,0.5981038287338128
92858,1113922,1.0,0.5046195846396289
92874,1113954,1.0,0.742513312816548
92908,1113997,1.0,0.5609420091978662
92938,1114029,1.0,0.5758698823249662
92953,1114045,1.0,0.7655008369270783
92967,1114062,1.0,0.666979220552325
92968,1114068,1.0,0.6607495743521291
92976,1114076,1.0,0.5606854798734763
92978,1114080,1.0,0.5407034253546638
92982,1114089,1.0,0.7595997441197899
92988,1114097,1.0,0.6213543859794575
92994,1114104,1.0,0.6625809618467609
93002,1114114,1.0,0.5091786924316576
93003,1114115,1.0,0.9540857412875893
93006,1114118,1.0,0.573203852929486
93009,1114126,1.0,0.5405622298458174
93013,1114132,1.0,0.7132681901354014
93017,1114138,1.0,0.5117346280186035
93025,1114152,1.0,0.6791146882632977
93026,1114154,1.0,0.5952300462755599
93033,1114168,1.0,0.504383131486573
93060,1114216,1.0,0.7556667963535344
93068,1114229,1.0,0.7143652848110161
93071,1114232,1.0,0.7472966833613264
93075,1114241,1.0,0.602983939541933
93085,1114258,1.0,0.6532088651093023
93092,1114268,1.0,0.8344694964184102
93105,1114298,1.0,0.5494552004230716
93107,1114300,1.0,0.6467285725346164
93109,1114303,1.0,0.5994441643818177
93134,1114346,1.0,0.9562227410031059
93144,1114363,1.0,0.5865169239423521
93146,1114367,1.0,0.8079230372859635
93151,1114375,1.0,0.5974914725720564
93166,1114402,1.0,0.5525019022654212
93184,1114440,1.0,0.9711167168963726
93193,1114453,1.0,0.6038787388013359
93195,1114458,1.0,0.511720763446972
93201,1114468,1.0,0.5731527037889946
93220,1114494,1.0,0.6730052028140809
93222,1114496,1.0,0.7962480843136779
93227,1114502,1.0,0.6031990243293707
93233,1114519,1.0,0.730593346734784
93236,1114522,1.0,0.5596954349803803
93243,1114532,1.0,0.6939507402265069
93244,1114533,1.0,0.6433429117759283
93245,1114536,1.0,0.7840963200696704
93247,1114539,1.0,0.8488010772978222
93252,1114547,1.0,0.5249118774765403
93254,1114549,1.0,0.8402426317767107
93261,1114557,1.0,0.6710256453082505
93265,1114567,1.0,0.569200216314433
93266,1114569,1.0,0.5964271621510299
93267,1114570,1.0,0.5097582685280666
93271,1114575,1.0,0.8526957367037115
93272,1114576,1.0,0.5621426237375137
93276,1114582,1.0,0.5452503645218946
93280,1114590,1.0,0.557580678624324
93281,1114594,1.0,0.5428373041815954
93292,1114616,1.0,0.5675329120111644
93297,1114625,1.0,0.720193784819917
93301,1114634,1.0,0.6499725607291239
93306,1114639,1.0,0.6057513326792129
93308,1114643,1.0,0.6514010694612979
93310,1114645,1.0,0.6509129825536825
93312,1114648,1.0,0.5125588411162948
93314,1114652,1.0,0.6584066878433847
93319,1114665,1.0,0.5379698529823407
93332,1114684,1.0,0.5405400870928667
93335,1114689,1.0,0.8056288886824733
93338,1114695,1.0,0.5252279079409392
93346,1114708,1.0,0.5565497714854326
93355,1114725,1.0,0.7760981484896179
93356,1114726,1.0,0.6463331769447843
93361,1114733,1.0,0.7370332305237421
93363,1114738,1.0,0.6589946382626102
93376,1114755,1.0,0.6055887654344868
93386,1114771,1.0,0.5996219081867415
93389,1114776,1.0,0.7554386577925211
93400,1114789,1.0,0.8032864391494249
93406,1114801,1.0,0.6034117700019773
93408,1114803,1.0,0.61157836792117
93415,1114813,1.0,0.587935534016928
93420,1114820,1.0,0.5520473059858768
93421,1114821,1.0,0.8040198311861311
93422,1114823,1.0,0.7934434214894271
93429,1114835,1.0,0.8193900651240843
93439,1114854,1.0,0.7463266330316383
93444,1114863,1.0,0.5244738713285848
93445,1114864,1.0,0.5620821859804862
93451,1114872,1.0,0.7687283274103153
93452,1114873,1.0,0.5466518812562834
93462,1114892,1.0,0.6907929850810663
93468,1114902,1.0,0.6223720480689332
93471,1114906,1.0,0.693580414996564
93475,1114910,1.0,0.9308186720462491
93479,1114915,1.0,0.6035220471819362
93485,1114925,1.0,0.7166884222709913
93490,1114932,1.0,0.5161297751940273
93491,1114934,1.0,0.6366865761512065
93498,1114943,1.0,0.7855677550039033
93510,1114957,1.0,0.7304230180966128
93511,1114959,1.0,0.5231952970350273
93512,1114961,1.0,0.6123446421560368
93516,1114968,1.0,0.6774029136368359
93519,1114972,1.0,0.6659430704541508
93523,1114978,1.0,0.6106314485176015
93524,1114979,1.0,0.6622594118353518
93527,1114984,1.0,0.5561980868762719
93530,1114990,1.0,0.5616719027467014
93535,1114998,1.0,0.6035238061054795
93536,1115000,1.0,0.5302635841438508
93538,1115002,1.0,0.8787654463379484
93540,1115007,1.0,0.7501198377050892
93542,1115012,1.0,0.5841927924020432
93543,1115013,1.0,0.5931028386048717
93551,1115037,1.0,0.5574310828032744
93554,1115040,1.0,0.6158355343198496
93570,1115074,1.0,0.7636688710580618
93571,1115075,1.0,0.6154880793490565
93573,1115079,1.0,0.5337243255622295
93575,1115082,1.0,0.5160201096572553
93585,1115098,1.0,0.527437786610975
93586,1115103,1.0,0.5432268454729402
93588,1115106,1.0,0.5914311837044333
93593,1115114,1.0,0.66335991626911
93595,1115118,1.0,0.7114876209230688
93598,1115122,1.0,0.8236979521283181
93604,1115129,1.0,0.5095939490181963
93607,1115135,1.0,0.7445096068545042
93620,1115158,1.0,0.8256673667118543
93633,1115180,1.0,0.8003761853305525
93635,1115183,1.0,0.6735292911961661
93638,1115187,1.0,0.5649329029237655
93640,1115190,1.0,0.6172912928118323
93641,1115191,1.0,0.6044157166309015
93650,1115208,1.0,0.8219666348839332
93655,1115214,1.0,0.8848160243346237
93667,1115234,1.0,0.8887578781182475
93673,1115246,1.0,0.6062769502420168
93674,1115248,1.0,0.6450406040986822
93675,1115250,1.0,0.7481477056104315
93683,1115266,1.0,0.7358656128933284
93684,1115269,1.0,0.5557275741867139
93688,1115274,1.0,0.6101335105857989
93698,1115289,1.0,0.6764872754786363
93731,1115343,1.0,0.6825439179229181
93734,1115348,1.0,0.6659066023503194
93742,1115361,1.0,0.6772288949491786
93748,1115374,1.0,0.5269596722674439
93750,1115377,1.0,0.8304984444990091
93754,1115383,1.0,0.6275635119192143
93762,1115394,1.0,0.715793281800808
93767,1115399,1.0,0.7189991841352139
93772,1115411,1.0,0.6933295529008963
93774,1115415,1.0,0.7003030276871183
93785,1115435,1.0,0.8843577434373964
93788,1115438,1.0,0.5204134017405756
93803,1115460,1.0,0.6372302198115866
93804,1115461,1.0,0.6714038070558769
93866,1115539,1.0,0.6779816525709604
93908,1115584,1.0,0.5554977334224591
93909,1115585,1.0,0.6264966324112625
93912,1115600,1.0,0.6723743683277646
93914,1115602,1.0,0.7789552216699902
93928,1115618,1.0,0.8918092353486338
93931,1115621,1.0,0.6238668852756832
93934,1115626,1.0,0.8370664017699531
93944,1115642,1.0,0.6307578955464862
93948,1115649,1.0,0.7777142888621772
93964,1115676,1.0,0.7125841548731259
93982,1115699,1.0,0.8400996438586206
94007,1115728,1.0,0.5671557835233512
94027,1115751,1.0,0.7172956813924203
94028,1115753,1.0,0.6082824227031767
94030,1115755,1.0,0.5028166291681356
94073,1115804,1.0,0.70037056807355
94075,1115807,1.0,0.9249921130165876
94112,1115848,1.0,0.6353407442314679
94122,1115867,1.0,0.5829787533415416
94140,1115897,1.0,0.7005278242570673
94143,1115902,1.0,0.8842483144215126
94153,1115914,1.0,0.8130940563387036
94154,1115915,1.0,0.6263587406702601
94156,1115917,1.0,0.6786524254501941
94158,1115921,1.0,0.6800239804642275
94163,1115928,1.0,0.5880218319266635
94173,1115940,1.0,0.5631583139505216
94243,1116019,1.0,0.5403293144161274
94259,1116036,1.0,0.6546422524247284
94274,1116055,1.0,0.6861473120303049
94275,1116058,1.0,0.7736057206341843
94279,1116066,1.0,0.6178554548509473
94284,1116074,1.0,0.6798461413059506
94288,1116080,1.0,0.7540044434025116
94292,1116084,1.0,0.5957889263307087
94298,1116098,1.0,0.5766683765805849
94309,1116120,1.0,0.8682365524639012
94317,1116134,1.0,0.8614899942655073
94322,1116141,1.0,0.9224608700581175
94323,1116142,1.0,0.8896668184588247
94335,1116164,1.0,0.604111869903016
94340,1116172,1.0,0.7311491064135991
94343,1116176,1.0,0.5587751068922356
94345,1116178,1.0,0.5487420990959926
94349,1116183,1.0,0.5351495371730695
94361,1116198,1.0,0.8499005598434062
94551,1116400,1.0,0.6382938057270301
94566,1116415,1.0,0.8445409417181488
94681,1116541,1.0,0.6721945966523759
94722,1116584,1.0,0.6018574083809516
94757,1116629,1.0,0.9540692990996738
94764,1116639,1.0,0.6488430509073834
94766,1116643,1.0,0.7025605228169494
94767,1116645,1.0,0.8682388137993873
94773,1116652,1.0,0.5639786804055928
94774,1116654,1.0,0.8317204852551582
94777,1116658,1.0,0.8493042430573846
94783,1116665,1.0,0.7469958779376162
94785,1116668,1.0,0.7314822760444601
94786,1116669,1.0,0.5783786214611796
94790,1116679,1.0,0.666745417181238
94794,1116685,1.0,0.7793039086570611
94796,1116687,1.0,0.6228263045172994
94802,1116697,1.0,0.6441562465825749
94809,1116707,1.0,0.586248496524256
94810,1116708,1.0,0.8793756296531217
94813,1116714,1.0,0.887583289179923
94824,1116735,1.0,0.7216151573218647
94979,1116899,1.0,0.6707741718240484
95010,1116931,1.0,0.6695820918924199
95019,1116943,1.0,0.6537114142681617
95040,1116968,1.0,0.7580422699663609
95148,1117094,1.0,0.7411417342283686
95158,1117111,1.0,0.719584953219221
95165,1117123,1.0,0.9149509638937297
95171,1117136,1.0,0.5257247781715045
95172,1117137,1.0,0.5532372149895294
95175,1117144,1.0,0.937848297372539
95178,1117147,1.0,0.8404652540431232
95188,1117159,1.0,0.8091880983796924
95192,1117164,1.0,0.7456366268021517
95198,1117172,1.0,0.6943457095337889
95199,1117174,1.0,0.6947653959396699
95203,1117180,1.0,0.5909216705967661
95205,1117185,1.0,0.7047477661276662
95213,1117201,1.0,0.5546708190838534
95214,1117203,1.0,0.8212637531396383
95227,1117223,1.0,0.680382716541478
95229,1117229,1.0,0.5438429375436568
95232,1117235,1.0,0.6668646188846848
95285,1117302,1.0,0.5264795639665333
95385,1117414,1.0,0.8547450991341787
95420,1117450,1.0,0.5239781811523988
95422,1117452,1.0,0.5155839872291101
95479,1117517,1.0,0.5033640217738632
95480,1117518,1.0,0.5803474151584143
95484,1117524,1.0,0.7521789523026029
95502,1117548,1.0,0.7570084083085479
95504,1117550,1.0,0.7437347218970756
95522,1117581,1.0,0.6889276528396194
95528,1117591,1.0,0.7375650624387253
95532,1117596,1.0,0.5021328577445743
95537,1117605,1.0,0.5676683050717043
95538,1117606,1.0,0.7572717722804594
95542,1117613,1.0,0.5283213333638547
95545,1117619,1.0,0.7737312469160457
95548,1117624,1.0,0.7983462816259697
95549,1117626,1.0,0.5449083882189838
95551,1117630,1.0,0.8953248016863717
95561,1117644,1.0,0.6132900668514564
95563,1117647,1.0,0.8347903219507393
95566,1117651,1.0,0.6146833917344958
95583,1117673,1.0,0.6430756887088219
95587,1117677,1.0,0.5921068531849937
95605,1117715,1.0,0.6158728959729876
95611,1117723,1.0,0.8697041129390076
95613,1117727,1.0,0.5488836955226618
95617,1117733,1.0,0.7819384605724674
95635,1117762,1.0,0.9517451098043345
95639,1117767,1.0,0.6769672999335047
95643,1117777,1.0,0.6878048489465061
95645,1117780,1.0,0.8332039304590212
95646,1117781,1.0,0.9807132439683053
95651,1117789,1.0,0.845377659319589
95664,1117812,1.0,0.5379016568448253
95675,1117832,1.0,0.5127111771996066
95680,1117839,1.0,0.812487644407268
95690,1117858,1.0,0.6540945092395537
95694,1117867,1.0,0.8845934444756264
95699,1117873,1.0,0.5895650872317437
95701,1117876,1.0,0.537036960027174
95702,1117878,1.0,0.5005499807993624
95704,1117881,1.0,0.5487008442982639
95707,1117884,1.0,0.6567228898279556
95712,1117893,1.0,0.729490832691815
95713,1117894,1.0,0.6628081736607917
95716,1117898,1.0,0.8713917316116755
95723,1117908,1.0,0.7028380461224439
95725,1117910,1.0,0.9106739060225725
95733,1117922,1.0,0.8757063503088918
95734,1117924,1.0,0.9105509012890723
95743,1117940,1.0,0.7077027584425718
95744,1117942,1.0,0.6493172286387777
95745,1117944,1.0,0.6819499149185091
95753,1117955,1.0,0.7869735724986848
95754,1117956,1.0,0.6500773590647465
95758,1117965,1.0,0.8411864867139003
95761,1117970,1.0,0.796163262873139
95764,1117974,1.0,0.6049414462314954
95765,1117975,1.0,0.5336714117773341
95769,1117982,1.0,0.879193221198674
95772,1117987,1.0,0.8708076406947818
95775,1117992,1.0,0.9072945704474562
95781,1117998,1.0,0.7958313608131702
95784,1118002,1.0,0.6155984595087984
95785,1118003,1.0,0.8184594049948598
95790,1118010,1.0,0.8920592226018442
95794,1118016,1.0,0.7375533159998117
95846,1118102,1.0,0.846324237604744
95848,1118107,1.0,0.5742127714844008
95850,1118110,1.0,0.8703610146602977
95860,1118124,1.0,0.6863966847685596
95863,1118132,1.0,0.6950085265653653
95871,1118143,1.0,0.6597406585766585
95881,1118160,1.0,0.6256880764379046
95894,1118185,1.0,0.714529771763506
95899,1118197,1.0,0.5065167020420277
95904,1118213,1.0,0.547631453249882
95905,1118216,1.0,0.6305926266358258
95907,1118219,1.0,0.6291917748557003
95909,1118226,1.0,0.5104231527677893
95911,1118228,1.0,0.6600120969293297
95916,1118236,1.0,0.5871039313432047
95921,1118242,1.0,0.8654800577996183
95922,1118243,1.0,0.6578572303690162
95924,1118245,1.0,0.8580201372748972
95933,1118258,1.0,0.9589582795066527
95935,1118260,1.0,0.7827844799937852
95936,1118261,1.0,0.7988839163169098
95940,1118268,1.0,0.6206383618232296
95959,1118296,1.0,0.574161902221143
95962,1118300,1.0,0.5321218742716805
95965,1118307,1.0,0.8020933435181525
95971,1118315,1.0,0.7458568897811932
95978,1118329,1.0,0.7804942539722363
95982,1118340,1.0,0.6148900551747168
95986,1118350,1.0,0.5552381490588422
95987,1118352,1.0,0.5004449498090745
95996,1118367,1.0,0.6290712604611748
95998,1118371,1.0,0.7697059960704804
96018,1118399,1.0,0.6996816742860696
96021,1118402,1.0,0.7328600279603212
96025,1118410,1.0,0.8862177854693163
96027,1118412,1.0,0.6979788945677837
96031,1118417,1.0,0.8426834819929797
96032,1118418,1.0,0.5871481208023489
96033,1118419,1.0,0.5582216712704376
96044,1118439,1.0,0.5337389970526886
96045,1118440,1.0,0.6417293425249805
96062,1118465,1.0,0.883198750649399
96063,1118466,1.0,0.6888344910775803
96070,1118478,1.0,0.7418724508070593
96075,1118486,1.0,0.7116960576377401
96079,1118492,1.0,0.5852116694801156
96082,1118496,1.0,0.6606070769895435
96085,1118501,1.0,0.7252628807017957
96087,1118503,1.0,0.6451188942003012
96089,1118507,1.0,0.5743424968023292
96091,1118512,1.0,0.7336945329200255
96092,1118513,1.0,0.6158109013359855
96093,1118514,1.0,0.6126859868577482
96098,1118523,1.0,0.6392775587330279
96101,1118528,1.0,0.6706108916319966
96103,1118532,1.0,0.8109054045528434
96105,1118534,1.0,0.512668782733555
96117,1118556,1.0,0.8787261776676236
96132,1118585,1.0,0.7899593631645683
96144,1118604,1.0,0.7723867327543458
96155,1118622,1.0,0.6767035180041291
96157,1118626,1.0,0.666942906262995
96167,1118643,1.0,0.778205216206696
96176,1118659,1.0,0.6982655575081667
96184,1118669,1.0,0.7495256866798379
96195,1118684,1.0,0.7903196850044264
96197,1118686,1.0,0.6859072760933467
96203,1118700,1.0,0.8044841124408293
96211,1118717,1.0,0.6441571005485709
96212,1118720,1.0,0.5029094940243967
96219,1118729,1.0,0.8096674144031074
96220,1118730,1.0,0.7127090360097916
96221,1118731,1.0,0.5777202510185481
96222,1118732,1.0,0.6599122878722329
96225,1118739,1.0,0.7779844918468273
96230,1118745,1.0,0.6203279199840143
96235,1118752,1.0,0.8306842650179409
96248,1118784,1.0,0.7671075908685234
96251,1118791,1.0,0.5245086977462219
96254,1118794,1.0,0.8427490169681654
96255,1118795,1.0,0.6642775755887597
96256,1118796,1.0,0.5370602996344751
96261,1118803,1.0,0.5836506966763709
96263,1118805,1.0,0.7479751041114534
96264,1118806,1.0,0.6208623363645287
96269,1118819,1.0,0.7977155199323326
96270,1118820,1.0,0.6688567696526913
96271,1118821,1.0,0.5703650762739486
96280,1118834,1.0,0.6016736696531256
96293,1118860,1.0,0.8649670179387903
96305,1118886,1.0,0.5543906730980649
96307,1118889,1.0,0.7908160941607568
96311,1118896,1.0,0.8364865875872808
96316,1118906,1.0,0.6446992358178248
96318,1118909,1.0,0.7308835408719266
96326,1118922,1.0,0.7542908267730156
96327,1118923,1.0,0.782280779173615
96332,1118929,1.0,0.7657284424570149
96334,1118935,1.0,0.5171135525765715
96336,1118939,1.0,0.6409081820936644
96340,1118946,1.0,0.8835347869818277
96348,1118959,1.0,0.7093865150798426
96353,1118966,1.0,0.8281875601285633
96371,1118995,1.0,0.9721887890298182
96372,1118996,1.0,0.8626522775727702
96377,1119009,1.0,0.5894969640633496
96378,1119011,1.0,0.8092984240844534
96379,1119013,1.0,0.5629143694030659
96381,1119016,1.0,0.5123119474210764
96387,1119035,1.0,0.8283906027028319
96391,1119044,1.0,0.6572400367629229
96400,1119055,1.0,0.5355887023274767
96405,1119062,1.0,0.9214700492470074
96413,1119076,1.0,0.7398335650855097
96414,1119078,1.0,0.6386563245618359
96425,1119097,1.0,0.842618119260406
96426,1119099,1.0,0.6601274677322743
96428,1119101,1.0,0.6088153157873782
96431,1119106,1.0,0.726053330985084
96433,1119109,1.0,0.7584092042799251
96436,1119115,1.0,0.5683804741375245
96441,1119122,1.0,0.6550733297787091
96444,1119126,1.0,0.5751366782341322
96446,1119130,1.0,0.7097834542622612
96470,1119175,1.0,0.8977570373550445
96475,1119184,1.0,0.8168540378672532
96480,1119202,1.0,0.6553624840703586
96482,1119204,1.0,0.8838001569572215
96483,1119205,1.0,0.7572086848082856
96484,1119206,1.0,0.6572361436943879
96491,1119222,1.0,0.6283068987300178
96495,1119233,1.0,0.9533058499683649
96498,1119238,1.0,0.6477814009464755
96499,1119239,1.0,0.8906133494148911
96502,1119243,1.0,0.6312692953621926
96508,1119251,1.0,0.7591899000616406
96519,1119278,1.0,0.5367216379754791
96520,1119280,1.0,0.6556659888730525
96536,1119315,1.0,0.7805234584293689
96537,1119316,1.0,0.5599549556806235
96555,1119343,1.0,0.6756849251185173
96556,1119345,1.0,0.7283164226566926
96557,1119347,1.0,0.6990501105577277
96563,1119357,1.0,0.5325406196448553
96568,1119366,1.0,0.6564642238810267
96570,1119368,1.0,0.8197619012612006
96577,1119378,1.0,0.6277425915146276
96582,1119385,1.0,0.5526339561433473
96583,1119386,1.0,0.6790772754872405
96587,1119397,1.0,0.5349921054899639
96589,1119558,1.0,0.6924109932949873
96590,1119559,1.0,0.6561435437937607
96593,1119567,1.0,0.7317563841069086
96603,1119592,1.0,0.7493556889115304
96608,1119599,1.0,0.5872573130846676
96612,1119608,1.0,0.6673741935302059
96616,1119619,1.0,0.8743028439842905
96621,1119625,1.0,0.5991381963916774
96625,1119631,1.0,0.7224493896248034
96629,1119636,1.0,0.6665875282084828
96630,1119637,1.0,0.9582636834075169
96652,1119669,1.0,0.8045432359963914
96658,1119683,1.0,0.5170841209771324
96659,1119684,1.0,0.9144829004107792
96660,1119685,1.0,0.8259105176672544
96663,1119694,1.0,0.5517343673204076
96666,1119698,1.0,0.8411307731220528
96668,1119700,1.0,0.6914952760302656
96670,1119703,1.0,0.7212668505153539
96671,1119704,1.0,0.8700034546675556
96676,1119715,1.0,0.5158561417514341
96677,1119716,1.0,0.764542260634597
96679,1119719,1.0,0.7626264676854304
96680,1119720,1.0,0.7128814922617513
96683,1119724,1.0,0.7322305532327121
96689,1119734,1.0,0.5460262959157547
96698,1119746,1.0,0.8106495916773727
96702,1119753,1.0,0.5556013251998542
96703,1119754,1.0,0.7108298173701623
96706,1119762,1.0,0.7500473212431658
96707,1119763,1.0,0.5794403837335226
96709,1119768,1.0,0.8379391707105791
96712,1119774,1.0,0.61402070329937
96713,1119776,1.0,0.7019888343599879
96714,1119777,1.0,0.6243156716719865
96716,1119781,1.0,0.6719336376140831
96720,1119786,1.0,0.8080158166179849
96721,1119787,1.0,0.6164608708816921
96724,1119794,1.0,0.5097903760291426
96730,1119801,1.0,0.6734684112218509
96731,1119803,1.0,0.8481917142093902
96734,1119813,1.0,0.7341518057755364
96742,1119826,1.0,0.8548151432856554
96748,1119834,1.0,0.8408485439511261
96752,1119843,1.0,0.68253073603807
96769,1119876,1.0,0.7993644550583124
96791,1119919,1.0,0.8412839444031182
96795,1119926,1.0,0.792407492333439
96805,1119944,1.0,0.5597580824908664
96821,1119965,1.0,0.7583999265712131
96828,1119977,1.0,0.6312958343668977
96830,1119980,1.0,0.8464180643344476
96831,1119986,1.0,0.7991152014523231
96832,1119987,1.0,0.9083186893704672
96835,1119991,1.0,0.8697042623995592
96837,1119994,1.0,0.9700807573301095
96840,1120003,1.0,0.7028863789350493
96848,1120016,1.0,0.7033806246676629
96852,1120020,1.0,0.5675673298333672
96854,1120027,1.0,0.82074311777591
96855,1120030,1.0,0.8430624823388309
96858,1120037,1.0,0.7226572056630907
96863,1120051,1.0,0.7017935230802959
96864,1120055,1.0,0.6960055044113033
96865,1120057,1.0,0.8629494411250538
96871,1120068,1.0,0.5152531226078171
96875,1120079,1.0,0.6741670394466546
96879,1120088,1.0,0.7465086727736553
96885,1120101,1.0,0.7274491746866648
96888,1120105,1.0,0.6891686726306651
96889,1120106,1.0,0.6915732663589731
96890,1120107,1.0,0.718250701487716
96897,1120120,1.0,0.8595678298196147
96904,1120129,1.0,0.5377397607376737
96905,1120131,1.0,0.6454257130175064
96909,1120136,1.0,0.6852775922229749
96918,1120155,1.0,0.7143726316839994
96924,1120164,1.0,0.735020981551427
96929,1120177,1.0,0.6953751654273774
96942,1120202,1.0,0.679910430798272
96944,1120206,1.0,0.7128770513048275
96945,1120208,1.0,0.8086034019418261
96947,1120210,1.0,0.6575089825147571
96949,1120215,1.0,0.6944550523098209
96957,1120225,1.0,0.5033770372472101
96962,1120243,1.0,0.6402683873581261
96972,1120255,1.0,0.5038106243128014
96982,1120272,1.0,0.7965669939170495
96983,1120274,1.0,0.9333896477725158
96996,1120295,1.0,0.6505356446273022
97007,1120313,1.0,0.6817861750588783
97017,1120340,1.0,0.5911036141705339
97020,1120347,1.0,0.834890274749269
97022,1120353,1.0,0.7935292817720159
97024,1120356,1.0,0.9242969424602148
97030,1120364,1.0,0.7412325117237635
97036,1120375,1.0,0.8146674690213609
97041,1120382,1.0,0.5765790072339214
97048,1120392,1.0,0.6885596520054195
97051,1120397,1.0,0.6434053997096366
97052,1120398,1.0,0.7790754659170697
97053,1120399,1.0,0.7672683934136868
97056,1120402,1.0,0.8441446837997514
97058,1120406,1.0,0.8586893070309013
97059,1120408,1.0,0.6196277517887553
97062,1120412,1.0,0.7850536714946762
97067,1120417,1.0,0.6611269164279352
97070,1120423,1.0,0.6609596600669985
97075,1120430,1.0,0.8440387863738025
97076,1120431,1.0,0.9069428984938843
97080,1120435,1.0,0.6985880863419147
97084,1120441,1.0,0.6756710516208944
97085,1120442,1.0,0.6513769561012808
97088,1120446,1.0,0.5938293178829431
97100,1120467,1.0,0.78686213797187
97104,1120472,1.0,0.8666711591198148
97106,1120474,1.0,0.6579393152436903
97116,1120488,1.0,0.7926823245219904
97119,1120492,1.0,0.8926528269413077
97127,1120511,1.0,0.7027895741577288
97136,1120524,1.0,0.7848541261016388
97143,1120539,1.0,0.8457757832734155
97144,1120540,1.0,0.7407512713290005
97145,1120542,1.0,0.6831583664676072
97150,1120549,1.0,0.8700666402566906
97151,1120550,1.0,0.6688119574430172
97155,1120555,1.0,0.7514280731765489
97156,1120557,1.0,0.6883589364782997
97157,1120560,1.0,0.7557919105636803
97161,1120567,1.0,0.7702026607125497
97162,1120569,1.0,0.717238353253194
97169,1120586,1.0,0.8410984907275662
97174,1120596,1.0,0.530981283622456
97175,1120598,1.0,0.7874387314424486
97177,1120600,1.0,0.5918139593655359
97180,1120607,1.0,0.6177899414461777
97182,1120610,1.0,0.6801762474941256
97185,1120615,1.0,0.676287688239974
97194,1120631,1.0,0.6145250673721194
97199,1120644,1.0,0.8369806259095725
97200,1120645,1.0,0.5807753838780215
97203,1120648,1.0,0.7410960934071644
97205,1120650,1.0,0.601356841849527
97210,1120656,1.0,0.9260059656261095
97218,1120667,1.0,0.7265698492942417
97222,1120675,1.0,0.6270966331267929
97225,1120681,1.0,0.7208691780084696
97231,1120688,1.0,0.7113281343893664
97236,1120698,1.0,0.6476898699914585
97237,1120699,1.0,0.7096399745748232
97240,1120702,1.0,0.7785532761954618
97242,1120704,1.0,0.5229394152701834
97245,1120709,1.0,0.8152601548744404
97252,1120724,1.0,0.5424738552915978
97259,1120740,1.0,0.6404385019477398
97264,1120759,1.0,0.6501706287972077
97269,1120767,1.0,0.8811254789246441
97282,1120787,1.0,0.6731990803904051
97285,1120793,1.0,0.606317517815186
97286,1120794,1.0,0.827279004092957
97289,1120801,1.0,0.6747488649368233
97294,1120811,1.0,0.6185960185212983
97295,1120812,1.0,0.8158326049471377
97297,1120817,1.0,0.5709396431012002
97301,1120825,1.0,0.7229352306284663
97302,1120827,1.0,0.5097439557647145
97304,1120829,1.0,0.8227864224093817
97311,1120838,1.0,0.7307407516564595
97327,1120862,1.0,0.5450922402113786
97330,1120865,1.0,0.6860558361221523
97334,1120872,1.0,0.5411777546258236
97348,1120908,1.0,0.8763767376601048
97353,1120917,1.0,0.7537518460792614
97355,1120919,1.0,0.636948949392182
97360,1120924,1.0,0.5743588578774549
97363,1120928,1.0,0.8597614300910971
97374,1120950,1.0,0.6383749184364348
97378,1120959,1.0,0.5007415402260882
97381,1120962,1.0,0.6883983529395675
97392,1120983,1.0,0.7367638576431853
97393,1120985,1.0,0.6042828056195123
97399,1120997,1.0,0.8249344533580171
97402,1121001,1.0,0.7581220944742038
97405,1121009,1.0,0.8443852746210513
97408,1121013,1.0,0.795577034783011
97409,1121015,1.0,0.8800755919277786
97414,1121029,1.0,0.9248658992427657
97415,1121039,1.0,0.6232158814482588
97420,1121051,1.0,0.8968703161647849
97421,1121052,1.0,0.7098456262684476
97423,1121057,1.0,0.5498851298300591
97425,1121061,1.0,0.5409650370076555
97427,1121063,1.0,0.5517672756541354
97433,1121071,1.0,0.716275440285549
97438,1121084,1.0,0.7408893801719882
97439,1121086,1.0,0.7127738614881642
97446,1121100,1.0,0.8347518299994826
97451,1121106,1.0,0.8500027253247994
97454,1121111,1.0,0.7203178177517596
97456,1121114,1.0,0.8212949051382319
97459,1121124,1.0,0.8498760335114888
97465,1121131,1.0,0.7200464116580675
97480,1121158,1.0,0.5986972206303249
97482,1121163,1.0,0.5969947682882577
97485,1121166,1.0,0.8809416369006319
97487,1121169,1.0,0.724696814560083
97488,1121170,1.0,0.742932321445999
97489,1121172,1.0,0.8266004561083587
97505,1121197,1.0,0.8818868030213273
97509,1121202,1.0,0.6858809416359269
97511,1121206,1.0,0.7561167148179622
97518,1121213,1.0,0.6542159736975127
97532,1121234,1.0,0.8770027607705839
97560,1121280,1.0,0.5910200054350022
97569,1121300,1.0,0.7288132077460402
97570,1121301,1.0,0.8713761559074056
97575,1121308,1.0,0.6944935932334484
97578,1121314,1.0,0.6219003008672682
97581,1121318,1.0,0.7259906225362399
97585,1121327,1.0,0.6275061575500475
97594,1121347,1.0,0.8607264992716939
97596,1121352,1.0,0.6343561958828129
97603,1121367,1.0,0.5529444491079335
97604,1121368,1.0,0.8588500650306014
97608,1121374,1.0,0.9726358182305233
97616,1121392,1.0,0.5447278542245264
97618,1121394,1.0,0.6552767263273337
97619,1121395,1.0,0.5603340887144813
97625,1121408,1.0,0.6366480465522039
97644,1121436,1.0,0.7569716887800195
97649,1121444,1.0,0.6924296328940809
97658,1121460,1.0,0.9483584421792757
97662,1121469,1.0,0.7360386419418212
97666,1121475,1.0,0.9059870144954482
97671,1121481,1.0,0.6459427367292727
97687,1121508,1.0,0.5867016754890905
97692,1121514,1.0,0.7092546512274692
97694,1121516,1.0,0.5177479858765166
97697,1121525,1.0,0.5245495242895265
97700,1121539,1.0,0.5331818446955527
97702,1121549,1.0,0.6483220773848825
97706,1121556,1.0,0.5556164127352232
97707,1121558,1.0,0.8554388745151329
97711,1121567,1.0,0.7905517344038315
97712,1121568,1.0,0.7896277694740069
97713,1121569,1.0,0.6057371904160518
97714,1121570,1.0,0.6233436352930317
97717,1121574,1.0,0.7299371359459098
97725,1121584,1.0,0.8233559611910352
97728,1121589,1.0,0.6583368098123991
97737,1121599,1.0,0.6844813384946922
97753,1121627,1.0,0.7092634233188906
97760,1121639,1.0,0.5769789001528977
97761,1121641,1.0,0.9119238452364868
97775,1121669,1.0,0.5414498565993181
97776,1121671,1.0,0.7093847103237014
97784,1121684,1.0,0.708963745199434
97793,1121696,1.0,0.6615769019511417
97803,1121712,1.0,0.5183435144514895
97804,1121713,1.0,0.7715945194729775
97807,1121716,1.0,0.6137793571895803
97809,1121719,1.0,0.6068986217661815
97814,1121727,1.0,0.8441186788352485
97816,1121730,1.0,0.6348127279482095
97818,1121733,1.0,0.5935857822617167
97828,1121747,1.0,0.5633660818251071
97830,1121750,1.0,0.8675174110538981
97839,1121761,1.0,0.8844254092796427
97840,1121767,1.0,0.6842361583463012
97841,1121769,1.0,0.6858002098698097
97845,1121777,1.0,0.5008728402163616
97850,1121787,1.0,0.763177492240007
97857,1121805,1.0,0.6445237613147451
97858,1121806,1.0,0.9306046806247745
97868,1121817,1.0,0.8741595465126132
97870,1121820,1.0,0.677759942093767
97876,1121831,1.0,0.7528527013670919
97877,1121832,1.0,0.8658898828333641
97878,1121834,1.0,0.7227924899499347
97884,1121846,1.0,0.8871661967224478
97892,1121855,1.0,0.5051213476126463
97895,1121859,1.0,0.5816356855936967
97903,1121871,1.0,0.8118907226532426
97905,1121874,1.0,0.8726503702868534
97916,1121894,1.0,0.5088781121653806
97917,1121896,1.0,0.5787294622400653
97918,1121897,1.0,0.5195892789080243
97922,1121916,1.0,0.901939487232233
97923,1121922,1.0,0.6277272042259402
97925,1121930,1.0,0.6394231576233125
97937,1121945,1.0,0.8833155912944319
97943,1121952,1.0,0.7312941919697479
97944,1121954,1.0,0.8676841544437545
97950,1121961,1.0,0.5881744744513977
97953,1121968,1.0,0.6206856835744261
97955,1121971,1.0,0.6739786625053021
97958,1121978,1.0,0.6288293881332268
97960,1121980,1.0,0.9188028727436334
97969,1121994,1.0,0.7641382383565656
97973,1122002,1.0,0.8624550035556009
97974,1122003,1.0,0.8896019390430314
97977,1122008,1.0,0.8211817251193863
97978,1122010,1.0,0.6337008365060792
97981,1122021,1.0,0.8302010499115217
97983,1122023,1.0,0.8710110820511596
97988,1122029,1.0,0.6556707944320519
97989,1122031,1.0,0.8380676776188862
97990,1122033,1.0,0.8052151790859683
98002,1122053,1.0,0.6431513592894377
98010,1122064,1.0,0.7304855415406866
98020,1122076,1.0,0.5463385580701752
98026,1122086,1.0,0.6210037552322972
98029,1122091,1.0,0.8836066560782155
98031,1122094,1.0,0.5145480746384433
98033,1122100,1.0,0.5468293750652978
98035,1122106,1.0,0.7347830019230789
98036,1122107,1.0,0.5112353331412498
98038,1122109,1.0,0.634874184504644
98039,1122111,1.0,0.9766450475991377
98044,1122118,1.0,0.7876718027594417
98047,1122121,1.0,0.6087385377928023
98048,1122122,1.0,0.6181544646171624
98049,1122124,1.0,0.652119072091312
98051,1122127,1.0,0.7328141322439219
98056,1122132,1.0,0.601180777338385
98057,1122134,1.0,0.7950980219756452
98059,1122137,1.0,0.5594712395271427
98067,1122149,1.0,0.511293948649968
98081,1122169,1.0,0.643109400688684
98082,1122171,1.0,0.7128401313727714
98083,1122172,1.0,0.5602976486106666
98087,1122179,1.0,0.6261976155576319
98099,1122202,1.0,0.8697849711273289
98104,1122223,1.0,0.7958689375564658
98106,1122228,1.0,0.8193538113906411
98107,1122230,1.0,0.5518466774106648
98110,1122233,1.0,0.5337497917710023
98111,1122234,1.0,0.8233152506779838
98112,1122236,1.0,0.8774733157235816
98133,1122276,1.0,0.6908375915302866
98135,1122281,1.0,0.707879500670519
98136,1122282,1.0,0.5145199319879438
98139,1122290,1.0,0.8903769588094714
98154,1122324,1.0,0.5185391784974086
98156,1122330,1.0,0.6433629453952626
98158,1122334,1.0,0.8352421855932683
98165,1122347,1.0,0.8352495805683801
98166,1122348,1.0,0.733487591392761
98168,1122352,1.0,0.544942540730489
98170,1122362,1.0,0.6092560521001185
98179,1122379,1.0,0.5096032906240288
98184,1122388,1.0,0.7570631540841223
98189,1122399,1.0,0.6783771888203485
98191,1122403,1.0,0.6222142533394873
98193,1122406,1.0,0.9069616569930152
98195,1122409,1.0,0.5519161534159954
98197,1122411,1.0,0.563435641982844
98208,1122425,1.0,0.6332566187329269
98209,1122426,1.0,0.7152899186803829
98211,1122429,1.0,0.926612043577766
98215,1122440,1.0,0.8095648814524752
98216,1122441,1.0,0.7323283218335851
98218,1122443,1.0,0.6797881704362665
98225,1122454,1.0,0.74649199828812
98228,1122464,1.0,0.8090055734544823
98230,1122471,1.0,0.956091190653872
98233,1122478,1.0,0.6474639756663226
98239,1122492,1.0,0.8483807447688015
98240,1122495,1.0,0.8530500334586762
98241,1122503,1.0,0.8909231142469171
98243,1122507,1.0,0.5973940051683789
98244,1122508,1.0,0.7055272151063605
98249,1122516,1.0,0.604721816464231
98250,1122517,1.0,0.680619359461893
98252,1122519,1.0,0.7196165070578204
98261,1122533,1.0,0.6429807630365236
98267,1122541,1.0,0.6656323548667794
98277,1122557,1.0,0.7318182875699708
98281,1122563,1.0,0.6361561554378354
98282,1122564,1.0,0.7573403425224644
98289,1122573,1.0,0.8582457511926712
98293,1122578,1.0,0.7132186597344736
98298,1122586,1.0,0.6056232406307934
98299,1122588,1.0,0.6810545881155279
98308,1122602,1.0,0.7226603167315995
98315,1122628,1.0,0.8681510739716782
98316,1122629,1.0,0.9393796147353581
98321,1122636,1.0,0.8129388464917381
98322,1122637,1.0,0.8419842698263219
98330,1122654,1.0,0.6208919880602076
98338,1122671,1.0,0.5591063786410752
98345,1122684,1.0,0.7259794479775462
98355,1122696,1.0,0.83486199333576
98358,1122701,1.0,0.5429367919989206
98367,1122715,1.0,0.5294251686732724
98372,1122722,1.0,0.6514161433017145
98374,1122724,1.0,0.644191805281312
98378,1122734,1.0,0.782606206495584
98388,1122745,1.0,0.91616439195765
98393,1122753,1.0,0.5521208181052368
98402,1122765,1.0,0.6932141794697678
98404,1122768,1.0,0.5456663715016734
98415,1122781,1.0,0.6836750995301681
98419,1122785,1.0,0.6967222634094336
98420,1122789,1.0,0.664028802989733
98432,1122807,1.0,0.5594581954805654
98439,1122817,1.0,0.6261225906303147
98440,1122819,1.0,0.9120737101549812
98442,1122827,1.0,0.6652759939641452
98445,1122830,1.0,0.6634942502697059
98446,1122832,1.0,0.8121008675274815
98451,1122840,1.0,0.78698212768157
98457,1122849,1.0,0.8756148124820421
98463,1122863,1.0,0.5731510560086871
98466,1122866,1.0,0.6358237061399389
98472,1122873,1.0,0.6098661944053562
98484,1122892,1.0,0.9448292735271617
98490,1122903,1.0,0.6853944430376531
98495,1122909,1.0,0.7818631959903803
98522,1122949,1.0,0.7737069847076741
98523,1122956,1.0,0.7311786229071521
98525,1122960,1.0,0.7370607619456674
98528,1122965,1.0,0.609599685693656
98529,1122969,1.0,0.7685204181923706
98534,1122998,1.0,0.6837060531616407
98536,1123005,1.0,0.8890120741933537
98537,1123006,1.0,0.7863725032614088
98544,1123015,1.0,0.8582258698010152
98547,1123020,1.0,0.7635125886318052
98548,1123022,1.0,0.6819231644060061
98554,1123029,1.0,0.7502798263480295
98556,1123035,1.0,0.6182666958133363
98558,1123037,1.0,0.7357133621801536
98559,1123038,1.0,0.7398626040251619
98560,1123039,1.0,0.857253324749426
98563,1123042,1.0,0.7505195423792658
98564,1123043,1.0,0.7190485805157293
98566,1123045,1.0,0.9739552530970677
98569,1123052,1.0,0.6815549100124926
98574,1123059,1.0,0.7041231227453445
98578,1123064,1.0,0.7433722146388011
98586,1123083,1.0,0.7921173120803926
98589,1123089,1.0,0.6422780162062792
98592,1123092,1.0,0.5205042931332599
98596,1123097,1.0,0.6728650249961898
98598,1123100,1.0,0.7679020487785607
98600,1123102,1.0,0.7366895855114688
98601,1123106,1.0,0.6419213695057943
98608,1123122,1.0,0.835870450052977
98611,1123126,1.0,0.7672213811628567
98615,1123130,1.0,0.7398357896434614
98617,1123132,1.0,0.9545975038525727
98623,1123141,1.0,0.5516107662396513
98629,1123151,1.0,0.7223130839966839
98652,1123186,1.0,0.6970207278660557
98654,1123191,1.0,0.7644354627655295
98659,1123199,1.0,0.8895416929360357
98661,1123204,1.0,0.5210115011696338
98671,1123218,1.0,0.6350020646649308
98672,1123219,1.0,0.5013027323421985
98682,1123247,1.0,0.6050960102710629
98686,1123253,1.0,0.6495614465215115
98693,1123265,1.0,0.6338239138637857
98695,1123270,1.0,0.7737738326969156
98701,1123281,1.0,0.7556131891391441
98703,1123286,1.0,0.6107381486358829
98723,1123319,1.0,0.7139404264782946
98728,1123331,1.0,0.715559737566364
98730,1123336,1.0,0.5728648737921016
98740,1123353,1.0,0.8460167843151066
98742,1123356,1.0,0.5312785574254423
98748,1123368,1.0,0.7664397670959536
98749,1123369,1.0,0.7373270348474666
98751,1123375,1.0,0.6823574478276799
98754,1123382,1.0,0.5258564682024633
98755,1123385,1.0,0.651727310670256
98777,1123417,1.0,0.7560923395247848
98780,1123422,1.0,0.774003923719128
98787,1123432,1.0,0.6943774899002699
98789,1123434,1.0,0.7189157790563423
98796,1123447,1.0,0.6475444204620266
98812,1123469,1.0,0.9051975993199781
98814,1123473,1.0,0.7762771096629109
98815,1123474,1.0,0.8903081955149119
98816,1123475,1.0,0.7123726180112047
98821,1123485,1.0,0.6263510358914068
98822,1123487,1.0,0.6686586867954147
98831,1123501,1.0,0.5463736516082507
98836,1123509,1.0,0.7633990460221016
98838,1123511,1.0,0.6194479454208698
98842,1123516,1.0,0.7055218185569407
98845,1123520,1.0,0.506979545927529
98851,1123530,1.0,0.8264985593268682
98854,1123535,1.0,0.673854308415106
98856,1123539,1.0,0.7479444829199686
98860,1123545,1.0,0.9076595723500682
98867,1123568,1.0,0.5771169405704348
98872,1123576,1.0,0.655751009353843
98877,1123583,1.0,0.6496301804404678
98884,1123592,1.0,0.7442435408653181
98888,1123597,1.0,0.8980668911604232
98900,1123616,1.0,0.866798663193129
98901,1123617,1.0,0.5567474456900903
98908,1123624,1.0,0.7155233564142458
98910,1123626,1.0,0.7049354370539446
98911,1123629,1.0,0.5442977450923543
98920,1123653,1.0,0.6420877334447576
98935,1123673,1.0,0.8238418962786201
98936,1123674,1.0,0.8242850869389902
98940,1123691,1.0,0.6416071095067792
98950,1123741,1.0,0.6115031748118023
98956,1123750,1.0,0.6929054113034749
98959,1123756,1.0,0.7045243248117762
98962,1123759,1.0,0.5277587773969257
98964,1123765,1.0,0.660203490952527
98966,1123769,1.0,0.8055718921060483
98967,1123770,1.0,0.9195442971196378
98976,1123781,1.0,0.7420833310907703
98979,1123785,1.0,0.8635674881300317
98980,1123786,1.0,0.5954681197478585
98988,1123797,1.0,0.520756696246857
98992,1123803,1.0,0.7754539760554833
98997,1123809,1.0,0.5893738124012415
98999,1123812,1.0,0.5635148290239558
99000,1123816,1.0,0.6857343440632294
99001,1123818,1.0,0.5114131389711829
99014,1123848,1.0,0.6256075053066522
99017,1123857,1.0,0.8891239459172142
99019,1123859,1.0,0.6005454473125977
99026,1123869,1.0,0.8433117578269691
99030,1123875,1.0,0.7698890802905661
99032,1123877,1.0,0.7711191317688749
99040,1123897,1.0,0.8455823413082137
99057,1123926,1.0,0.6957302056549604
99064,1123943,1.0,0.8302645308772202
99086,1123980,1.0,0.612946490780229
99092,1123997,1.0,0.7052299043303989
99108,1124028,1.0,0.8561048038941451
99114,1124035,1.0,0.8949650883951705
99115,1124036,1.0,0.7147571845541257
99120,1124042,1.0,0.6653075924898203
99124,1124049,1.0,0.6202328564408088
99126,1124052,1.0,0.88688019026225
99130,1124058,1.0,0.6102915622582624
99132,1124061,1.0,0.8107855721952977
99135,1124066,1.0,0.5500786121486348
99138,1124072,1.0,0.7291950012002772
99141,1124080,1.0,0.8778893937770076
99143,1124083,1.0,0.757907911409823
99144,1124086,1.0,0.706901477977464
99150,1124099,1.0,0.519864328455652
99151,1124100,1.0,0.7186907633477776
99154,1124110,1.0,0.7051419369104229
99157,1124113,1.0,0.750059187601657
99160,1124121,1.0,0.5795717241586521
99161,1124122,1.0,0.5007926307685112
99162,1124125,1.0,0.9117522422127594
99165,1124136,1.0,0.5913772216281606
99168,1124140,1.0,0.5717166957620582
99173,1124147,1.0,0.5728610610549887
99175,1124150,1.0,0.7898193405734452
99182,1124158,1.0,0.7234060903519057
99187,1124164,1.0,0.6265162196622244
99196,1124175,1.0,0.5699655586903534
99204,1124186,1.0,0.501930836770569
99209,1124195,1.0,0.5133675797698253
99214,1124201,1.0,0.7249183001323198
99218,1124211,1.0,0.504026529487817
99221,1124217,1.0,0.7999904934376758
99223,1124220,1.0,0.6744795952962458
99237,1124238,1.0,0.829641753395101
99242,1124247,1.0,0.6445026183381108
99248,1124257,1.0,0.782501961373772
99251,1124260,1.0,0.782501961373772
99252,1124261,1.0,0.8752800904680847
99274,1124298,1.0,0.6040576868558162
99283,1124314,1.0,0.6934531080776486
99289,1124331,1.0,0.7495991308607084
99290,1124333,1.0,0.9076721669795961
99303,1124348,1.0,0.9037456632529531
99310,1124359,1.0,0.8781273759310193
99316,1124369,1.0,0.7085188020108754
99317,1124370,1.0,0.8859914830557748
99318,1124371,1.0,0.7484299631442788
99324,1124379,1.0,0.548253126988754
99327,1124382,1.0,0.5413171185386705
99355,1124429,1.0,0.7506615136033489
99358,1124433,1.0,0.6369408532391035
99364,1124440,1.0,0.6963705331549853
99365,1124442,1.0,0.6245335997981101
99368,1124457,1.0,0.9167959969068615
99378,1124473,1.0,0.6262196707299896
99381,1124480,1.0,0.7389467497825363
99393,1124493,1.0,0.5106284177771053
99396,1124496,1.0,0.8676689491626435
99399,1124499,1.0,0.5010585863215231
99423,1124541,1.0,0.5531187785922071
99432,1124556,1.0,0.8493015348776084
99434,1124558,1.0,0.6067053169255724
99438,1124564,1.0,0.6330893872379532
99440,1124569,1.0,0.654625274044827
99444,1124577,1.0,0.6420750628518768
99451,1124597,1.0,0.737056247172415
99462,1124618,1.0,0.5109513860206291
99467,1124626,1.0,0.625042877277482
99468,1124627,1.0,0.7288503331700016
99472,1124633,1.0,0.5386392757847678
99473,1124634,1.0,0.5567251940936835
99475,1124637,1.0,0.9741134413532231
99481,1124644,1.0,0.5586098770934889
99486,1124651,1.0,0.908837140665854
99495,1124666,1.0,0.6843361433395752
99499,1124674,1.0,0.5500205848121114
99503,1124678,1.0,0.7379925747915875
99508,1124691,1.0,0.8420080814794416
99513,1124702,1.0,0.5162705598694505
99515,1124705,1.0,0.6785792920072498
99521,1124720,1.0,0.6950132985461612
99523,1124724,1.0,0.6016535558130764
99525,1124728,1.0,0.5218254435072363
99529,1124735,1.0,0.5287073562381319
99533,1124739,1.0,0.7042761011054458
99544,1124761,1.0,0.9514232423260961
99557,1124783,1.0,0.5166647277172325
99560,1124788,1.0,0.6593955478317103
99562,1124791,1.0,0.7957892347280703
99569,1124801,1.0,0.7070039169166985
99571,1124804,1.0,0.8124776143115815
99579,1124815,1.0,0.605057922691367
99585,1124822,1.0,0.6666332214923355
99590,1124831,1.0,0.588385562727392
99605,1124851,1.0,0.8699880962099201
99629,1124886,1.0,0.9094039853051343
99637,1124896,1.0,0.5736706991231341
99645,1124907,1.0,0.8131096865019332
99649,1124913,1.0,0.7264906469394814
99657,1124929,1.0,0.8437864301465987
99658,1124931,1.0,0.6835197651415942
99661,1124935,1.0,0.6117813700118884
99662,1124936,1.0,0.5387167761012169
99667,1124943,1.0,0.6800415947495402
99673,1124956,1.0,0.6641451751461886
99676,1124963,1.0,0.6982585050501843
99691,1124993,1.0,0.5444891891900825
99693,1124996,1.0,0.7171303449139582
99696,1125000,1.0,0.6141214655465107
99708,1125022,1.0,0.6295944713701399
99710,1125025,1.0,0.646779278991467
99711,1125026,1.0,0.6926801132483805
99713,1125028,1.0,0.7235438887128556
99719,1125037,1.0,0.6155768928847156
99720,1125040,1.0,0.7758695256244869
99729,1125059,1.0,0.8507539784002218
99730,1125061,1.0,0.8954998672727836
99731,1125064,1.0,0.8315928509935131
99735,1125070,1.0,0.7408115799838593
99736,1125075,1.0,0.5689248718297089
99746,1125088,1.0,0.7883948694568764
99747,1125089,1.0,0.8473907312505006
99751,1125115,1.0,0.8122339687043458
99756,1125124,1.0,0.9275569790084224
99771,1125148,1.0,0.8976936695361598
99773,1125152,1.0,0.7096391780396506
99774,1125153,1.0,0.7386714174810268
99778,1125158,1.0,0.7041192198993155
99779,1125160,1.0,0.9404793465030152
99798,1125186,1.0,0.5986929555083386
99803,1125194,1.0,0.5798008421688775
99809,1125201,1.0,0.583178335470788
99816,1125213,1.0,0.6846348710182563
99818,1125215,1.0,0.5164546129988141
99822,1125228,1.0,0.5324837463436535
99826,1125239,1.0,0.7256212817050588
99837,1125259,1.0,0.6089494644145318
99851,1125278,1.0,0.8806793175656746
99857,1125290,1.0,0.5569502383297211
99859,1125293,1.0,0.5101869304496245
99865,1125303,1.0,0.5760546448410586
99866,1125304,1.0,0.5611050893262298
99880,1125321,1.0,0.7986516546402577
99887,1125331,1.0,0.725524926188209
99889,1125335,1.0,0.6433778302703087
99898,1125351,1.0,0.5552165312040293
99903,1125363,1.0,0.8131200162956244
99904,1125365,1.0,0.6429801779336161
99905,1125366,1.0,0.7350021649900366
99906,1125369,1.0,0.7838715626714112
99907,1125370,1.0,0.9245039118728826
99908,1125375,1.0,0.5246690209486831
99910,1125379,1.0,0.6690344748314602
99913,1125383,1.0,0.7185763363052857
99915,1125389,1.0,0.5012500382480916
99918,1125393,1.0,0.6166584043441545
99919,1125395,1.0,0.9294147044171943
99920,1125396,1.0,0.7074926035050301
99929,1125412,1.0,0.7087267051247369
99935,1125422,1.0,0.5127128968011998
99936,1125423,1.0,0.7981154203276788
99937,1125424,1.0,0.6113141001781486
99945,1125437,1.0,0.8365025098485287
99946,1125438,1.0,0.7867435304288428
99949,1125442,1.0,0.7471516925451993
99951,1125445,1.0,0.5220400944030053
99952,1125446,1.0,0.7179987298750258
99963,1125470,1.0,0.7720142734337676
99986,1125505,1.0,0.6005435996516039
100013,1125541,1.0,0.6341304629227623
100014,1125542,1.0,0.7892340985329483
100016,1125545,1.0,0.7616213547774371
100018,1125548,1.0,0.9574897708681154
100021,1125553,1.0,0.7048368764946962
100022,1125554,1.0,0.6890384061735695
100040,1125583,1.0,0.573226527524231
100042,1125585,1.0,0.6213170661676405
100057,1125610,1.0,0.5785585172806137
100062,1125621,1.0,0.8145083711211776
100065,1125624,1.0,0.6977629278319788
100075,1125639,1.0,0.5891408108810168
100077,1125648,1.0,0.7132357596315538
100079,1125651,1.0,0.5772705050269459
100083,1125663,1.0,0.8826835291183356
100093,1125702,1.0,0.7169589757219567
100095,1125707,1.0,0.7127922784718003
100097,1125710,1.0,0.8236178652748818
100107,1125729,1.0,0.9115698355349975
100121,1125752,1.0,0.8574899876308147
100125,1125759,1.0,0.9445129219229894
100132,1125767,1.0,0.748267083277446
100140,1125781,1.0,0.6203334960153636
100141,1125782,1.0,0.5945533096431264
100142,1125783,1.0,0.6106874283344065
100145,1125787,1.0,0.778898803877422
100146,1125788,1.0,0.6480386794011999
100152,1125797,1.0,0.8207496341922126
100157,1125803,1.0,0.8351967845796139
100159,1125805,1.0,0.5526917321738218
100165,1125816,1.0,0.8558923520560785
100170,1125827,1.0,0.8256921598183754
100171,1125831,1.0,0.519561948158457
100176,1125838,1.0,0.9529112335655305
100181,1125846,1.0,0.7984377016903439
100185,1125854,1.0,0.5736590856517229
100186,1125855,1.0,0.8726655792838297
100190,1125863,1.0,0.8721011879368419
100192,1125867,1.0,0.7847967293138352
100195,1125872,1.0,0.9199951373437081
100199,1125877,1.0,0.9778029439175298
100200,1125878,1.0,0.8743919368936341
100208,1125889,1.0,0.6916504131425185
100209,1125890,1.0,0.8833582621980396
100210,1125891,1.0,0.9120098436552765
100212,1125894,1.0,0.7052151870697418
100213,1125896,1.0,0.840610258595808
100225,1125913,1.0,0.5688096007385894
100228,1125919,1.0,0.782097654213471
100234,1125928,1.0,0.8615138631762854
100235,1125931,1.0,0.7871685313075152
100236,1125933,1.0,0.527124919467182
100237,1125934,1.0,0.6909911692926428
100241,1125944,1.0,0.8605088357428244
100250,1125961,1.0,0.9423603516110014
100251,1125962,1.0,0.9207940512044802
100269,1125994,1.0,0.5897029949483491
100274,1126002,1.0,0.904183747665345
100284,1126026,1.0,0.816569433118797
100286,1126028,1.0,0.7325168283491197
100288,1126032,1.0,0.9029521760243213
100302,1126053,1.0,0.9456157378431029
100311,1126067,1.0,0.6809518715673011
100318,1126077,1.0,0.5087580672759431
100329,1126096,1.0,0.5462230572408502
100331,1126099,1.0,0.9220310003049268
100348,1126129,1.0,0.5146406471070476
100356,1126140,1.0,0.5937070385022333
100365,1126151,1.0,0.5007981373852453
100366,1126154,1.0,0.9067447855689448
100373,1126167,1.0,0.7841686975323574
100382,1126181,1.0,0.6132832025699476
100384,1126184,1.0,0.7519379417599431
100386,1126188,1.0,0.5329126065017368
100387,1126190,1.0,0.8088356297365173
100388,1126191,1.0,0.6146905289766608
100391,1126195,1.0,0.6761058468863779
100393,1126197,1.0,0.5680909574312254
100402,1126210,1.0,0.8652833287931833
100422,1126245,1.0,0.6578734327418962
100431,1126262,1.0,0.9167990970483282
100433,1126269,1.0,0.8262880194323994
100438,1126278,1.0,0.7721889870783573
100451,1126294,1.0,0.7494190282481953
100452,1126295,1.0,0.7158882045233271
100455,1126299,1.0,0.8300458801492364
100462,1126310,1.0,0.782617894052209
100465,1126321,1.0,0.974435943179154
100468,1126326,1.0,0.787535768424115
100469,1126329,1.0,0.7255883369722141
100472,1126333,1.0,0.6672544581524905
100473,1126335,1.0,0.549498774916786
100474,1126343,1.0,0.7468488681311596
100475,1126344,1.0,0.5872254532029416
100476,1126345,1.0,0.6872590878051865
100488,1126366,1.0,0.5108967168284203
100496,1126384,1.0,0.8775968668306569
100505,1126400,1.0,0.6225419585001732
100511,1126406,1.0,0.5283325812347514
100514,1126409,1.0,0.9366397421212243
100515,1126410,1.0,0.8413077314765087
100519,1126417,1.0,0.794368831325099
100530,1126434,1.0,0.6288049434289752
100533,1126441,1.0,0.5861146210744874
100549,1126465,1.0,0.9000667687044013
100554,1126473,1.0,0.5001547734376935
100556,1126475,1.0,0.5924473705425676
100558,1126478,1.0,0.6743871203740607
100561,1126482,1.0,0.9189309846224175
100562,1126483,1.0,0.806430337384484
100563,1126484,1.0,0.7952482775336346
100567,1126492,1.0,0.5086596251296766
100571,1126499,1.0,0.5659333754649494
100584,1126533,1.0,0.7327469699514862
100587,1126536,1.0,0.7034803811525207
100590,1126542,1.0,0.8682971925798734
100600,1126553,1.0,0.7353287624662745
100604,1126563,1.0,0.9360863563144383
100609,1126570,1.0,0.800800532844341
100610,1126571,1.0,0.7772420444663551
100611,1126573,1.0,0.8935655279581811
100614,1126576,1.0,0.9010013222600456
100642,1126619,1.0,0.8849213621260066
100643,1126620,1.0,0.8658341442760731
100646,1126625,1.0,0.5358259917494174
100650,1126637,1.0,0.5001656718699317
100654,1126644,1.0,0.611461763961265
100656,1126646,1.0,0.9241295100411788
100661,1126652,1.0,0.5734319112564661
100666,1126660,1.0,0.5308294948503618
100668,1126664,1.0,0.855876444224563
100672,1126670,1.0,0.7719259609454104
100676,1126674,1.0,0.9102434290569891
100678,1126679,1.0,0.7074206581097064
100697,1126712,1.0,0.6540076990440107
100698,1126714,1.0,0.5247495172840881
100705,1126723,1.0,0.7518565129277308
100706,1126724,1.0,0.6924353404890059
100712,1126733,1.0,0.5602568315008216
100740,1126781,1.0,0.7215763211610493
100746,1126790,1.0,0.9387101899132967
100758,1126811,1.0,0.5896714703134744
100759,1126812,1.0,0.914735622497803
100761,1126814,1.0,0.71384024128372
100764,1126820,1.0,0.5091000327938078
100770,1126833,1.0,0.5462777956719144
100771,1126835,1.0,0.6402067755057477
100772,1126838,1.0,0.6253855354611895
100777,1126852,1.0,0.8107571190816433
100783,1126865,1.0,0.9838583434257365
100786,1126871,1.0,0.7422021230148121
100788,1126873,1.0,0.7986490279682117
100791,1126876,1.0,0.7248260429983453
100794,1126880,1.0,0.9440958521240397
100802,1126897,1.0,0.5659329928622099
100827,1126935,1.0,0.583005966461616
100835,1126946,1.0,0.6906726570335954
100850,1126964,1.0,0.778228341008564
100852,1126968,1.0,0.5362566423813202
100857,1126977,1.0,0.8098826013870077
100863,1126992,1.0,0.7482180402689554
100864,1126994,1.0,0.7353044759112765
100867,1126997,1.0,0.819398455551297
100870,1127003,1.0,0.563404410334089
100875,1127009,1.0,0.5715075474891769
100876,1127011,1.0,0.7384121312445784
100883,1127025,1.0,0.7512460325947313
100885,1127029,1.0,0.5622954849602173
100887,1127032,1.0,0.9020930130420755
100889,1127039,1.0,0.8424882002425167
100901,1127058,1.0,0.6544913241638395
100912,1127071,1.0,0.6037790286286188
100917,1127084,1.0,0.6635600249534955
100919,1127086,1.0,0.6154415960754951
100920,1127087,1.0,0.73284163048161
100929,1127106,1.0,0.6306312087138918
100936,1127117,1.0,0.5915765399643835
100940,1127124,1.0,0.966049158934473
100943,1127128,1.0,0.772983135022864
100948,1127136,1.0,0.9520451024270756
100953,1127151,1.0,0.9374342382213424
100960,1127162,1.0,0.5476112021831252
100963,1127165,1.0,0.6871069276362608
100964,1127166,1.0,0.839965998621016
100965,1127167,1.0,0.6060449089791617
100966,1127168,1.0,0.5603405836947337
100969,1127173,1.0,0.8867976675336519
100972,1127177,1.0,0.7955379022006523
100973,1127178,1.0,0.8882532616015504
100978,1127185,1.0,0.642822777176378
100979,1127186,1.0,0.8070291710902195
100980,1127187,1.0,0.8446584977215105
100984,1127192,1.0,0.7453727460148077
100986,1127195,1.0,0.5125065693413434
100988,1127197,1.0,0.6329293609633232
100991,1127202,1.0,0.5161121791080258
100998,1127214,1.0,0.5311878854580814
101001,1127219,1.0,0.7119615049294289
101004,1127227,1.0,0.6708576067469272
101009,1127236,1.0,0.7672182473296855
101011,1127240,1.0,0.782598614593504
101013,1127242,1.0,0.6375280911706992
101014,1127243,1.0,0.5285131176974838
101021,1127254,1.0,0.9372166173826864
101027,1127263,1.0,0.7847525583147986
101029,1127265,1.0,0.7378707769665988
101035,1127274,1.0,0.5206297282959003
101037,1127278,1.0,0.8000367522767002
101038,1127279,1.0,0.7083714199082038
101049,1127294,1.0,0.6571780453192695
101057,1127303,1.0,0.7440410534797527
101062,1127314,1.0,0.5537964691379721
101065,1127318,1.0,0.6880436245855606
101073,1127332,1.0,0.8614254730471411
101084,1127352,1.0,0.6485624928466748
101086,1127354,1.0,0.5568299422414053
101087,1127357,1.0,0.9393101878403973
101088,1127359,1.0,0.8416112639938431
101090,1127362,1.0,0.8021429623883101
101099,1127378,1.0,0.838222662490303
101100,1127380,1.0,0.8080404705073857
101104,1127387,1.0,0.5559126447514608
101107,1127399,1.0,0.5385847898923285
101108,1127402,1.0,0.6626243173644533
101112,1127411,1.0,0.5130208403125659
101117,1127417,1.0,0.5139718299385141
101120,1127420,1.0,0.6704263294284069
101129,1127432,1.0,0.8883851553072273
101131,1127434,1.0,0.8786498609146721
101136,1127440,1.0,0.8959127115775863
101138,1127443,1.0,0.9478210470865285
101152,1127463,1.0,0.7468833145456754
101158,1127474,1.0,0.8345941147725361
101161,1127480,1.0,0.6718872749578406
101164,1127484,1.0,0.7767977237899961
101172,1127503,1.0,0.5263687749251182
101173,1127505,1.0,0.5167405969710562
101177,1127511,1.0,0.7972607898753225
101178,1127512,1.0,0.7927491560337836
101185,1127527,1.0,0.9123561457941383
101188,1127534,1.0,0.798950940472004
101193,1127546,1.0,0.6065719643205543
101198,1127551,1.0,0.869270427534735
101200,1127554,1.0,0.868485810508746
101208,1127566,1.0,0.5468410936134851
101211,1127570,1.0,0.831278088825479
101229,1127598,1.0,0.618087247129008
101232,1127602,1.0,0.5101634238068959
101235,1127607,1.0,0.6342061986373797
101243,1127619,1.0,0.9173489557060078
101248,1127625,1.0,0.8402159067408494
101252,1127629,1.0,0.8950240133590215
101253,1127630,1.0,0.6744285610558576
101270,1127657,1.0,0.8885866500209392
101276,1127665,1.0,0.7835805596707732
101277,1127666,1.0,0.5852596969936598
101280,1127672,1.0,0.5915622964911917
101281,1127673,1.0,0.6716087827083876
101284,1127680,1.0,0.6729438728390361
101286,1127691,1.0,0.8803547804292045
101288,1127695,1.0,0.5143533965957365
101293,1127708,1.0,0.5214516688362713
101295,1127711,1.0,0.6477179676371501
101297,1127713,1.0,0.6939634578476095
101298,1127714,1.0,0.8781806011596527
101308,1127729,1.0,0.8023013857986215
101313,1127740,1.0,0.6510069585694226
101315,1127745,1.0,0.7836552823925429
101323,1127757,1.0,0.7402593015530522
101326,1127766,1.0,0.5632507677167921
101327,1127767,1.0,0.7645505241837118
101334,1127781,1.0,0.7986473421146045
101336,1127786,1.0,0.5579468399784813
101342,1127796,1.0,0.7502595756201259
101343,1127797,1.0,0.8199777576816584
101345,1127799,1.0,0.7665115034950927
101351,1127814,1.0,0.7084376371865164
101352,1127815,1.0,0.6559181517086001
101353,1127819,1.0,0.9134149697809354
101366,1127842,1.0,0.8229496903773722
101368,1127844,1.0,0.9134499859207075
101375,1127857,1.0,0.5914110962294126
101382,1127870,1.0,0.9080155099952661
101397,1127888,1.0,0.8971753652579237
101401,1127895,1.0,0.7285596191925298
101408,1127904,1.0,0.8077508919668557
101414,1127920,1.0,0.5494848417377364
101416,1127922,1.0,0.8104956104518469
101426,1127939,1.0,0.8336224538491587
101433,1127948,1.0,0.5180854786148976
101440,1127959,1.0,0.8586771889354139
101446,1127967,1.0,0.5487257641217882
101452,1127977,1.0,0.7780024943689297
101454,1127982,1.0,0.7302773746713201
101456,1127986,1.0,0.9073900027325803
101458,1127989,1.0,0.8800119601480821
101466,1128005,1.0,0.5016160683259598
101472,1128016,1.0,0.5655334774957729
101479,1128039,1.0,0.5006095357168346
101481,1128043,1.0,0.9029076889026496
101482,1128044,1.0,0.9549947198567142
101483,1128045,1.0,0.8044975389535558
101484,1128046,1.0,0.5405925419121705
101491,1128056,1.0,0.8931590997153541
101494,1128062,1.0,0.8056444669159712
101500,1128075,1.0,0.9384304533879588
101504,1128082,1.0,0.8097775863442299
101510,1128094,1.0,0.8487657942440873
101513,1128099,1.0,0.7939215210726568
101514,1128100,1.0,0.9508921263782856
101521,1128112,1.0,0.9162235051517886
101533,1128128,1.0,0.6223641713748874
101535,1128131,1.0,0.6727179900401519
101540,1128140,1.0,0.5059117636001788
101542,1128146,1.0,0.9198067763943625
101543,1128149,1.0,0.7753059598832309
101544,1128150,1.0,0.8693571162363437
101545,1128152,1.0,0.5392054906740635
101552,1128160,1.0,0.5402325341058963
101556,1128166,1.0,0.5626263702305521
101558,1128169,1.0,0.6826797161569487
101561,1128178,1.0,0.546375677997145
101564,1128185,1.0,0.7272860280276277
101566,1128189,1.0,0.9241408629228921
101592,1128232,1.0,0.8823560466765422
101609,1128259,1.0,0.6430511958414601
101622,1128280,1.0,0.7981568691765076
101627,1128287,1.0,0.5466910276457285
101628,1128288,1.0,0.7635196725565399
101629,1128289,1.0,0.646251227842489
101632,1128292,1.0,0.7796669465310812
101633,1128295,1.0,0.9257753338856262
101637,1128307,1.0,0.7423555126287215
101638,1128310,1.0,0.8690069189320502
101650,1128330,1.0,0.5456955520805188
101654,1128337,1.0,0.6769450039788775
101661,1128346,1.0,0.9139875429451363
101672,1128366,1.0,0.6546457537307819
101674,1128369,1.0,0.6193860947211002
101676,1128371,1.0,0.5880189972167732
101680,1128377,1.0,0.6843034079856676
101692,1128399,1.0,0.9238384336583765
101699,1128407,1.0,0.605703819822427
101707,1128425,1.0,0.7876006903955258
101708,1128426,1.0,0.9445066730914635
101710,1128430,1.0,0.7857876306123708
101718,1128453,1.0,0.5348773092316521
101723,1128459,1.0,0.5662532894266304
101737,1128478,1.0,0.5818038851405857
101738,1128479,1.0,0.7585116730773211
101746,1128491,1.0,0.872166024455869
101750,1128496,1.0,0.7712729029840074
101755,1128508,1.0,0.7229532136748532
101758,1128511,1.0,0.7449594125944637
101768,1128529,1.0,0.9193571370258271
101773,1128537,1.0,0.6129251710627274
101776,1128546,1.0,0.8298437011545999
101779,1128552,1.0,0.7828442004182045
101781,1128557,1.0,0.6068914103306086
101787,1128570,1.0,0.6808109261573005
101789,1128576,1.0,0.7413963286520119
101793,1128581,1.0,0.5335510984473276
101803,1128599,1.0,0.6834061776746779
101808,1128606,1.0,0.5856184619621343
101816,1128619,1.0,0.604017167145623
101822,1128629,1.0,0.5905435294260156
101825,1128633,1.0,0.687116552339571
101827,1128636,1.0,0.7967666820943292
101832,1128642,1.0,0.8602882361229599
101868,1128703,1.0,0.7188827193135966
101874,1128712,1.0,0.854467450081017
101878,1128718,1.0,0.515053461398081
101883,1128724,1.0,0.8187342182259388
101887,1128733,1.0,0.7067745810326926
101888,1128734,1.0,0.6342832907011625
101890,1128738,1.0,0.779305875665954
101892,1128740,1.0,0.7645711715413855
101897,1128746,1.0,0.5303755589703144
101903,1128755,1.0,0.9382387006872775
101909,1131348,1.0,0.8513284448501457
101912,1131354,1.0,0.6254078494196187
101924,1131372,1.0,0.7992448716377187
101931,1131383,1.0,0.6154676784485179
101940,1131397,1.0,0.7458240223073145
101942,1131401,1.0,0.7913555076106776
101962,1131430,1.0,0.7570671758167137
101963,1131431,1.0,0.7242383444835525
101965,1131433,1.0,0.7588310268550872
101966,1131434,1.0,0.731236335519745
101972,1131445,1.0,0.8841218945008119
101973,1131447,1.0,0.7009598210550224
101974,1131448,1.0,0.7096848581048683
101975,1131450,1.0,0.5131469737743778
101980,1131457,1.0,0.8925883991119778
101982,1131460,1.0,0.9198451805559471
101983,1131464,1.0,0.8742032116915092
101984,1131466,1.0,0.6084957653223575
101986,1131468,1.0,0.5481112373777244
101988,1131474,1.0,0.8518528316905113
101990,1131482,1.0,0.6911524307010304
101994,1131495,1.0,0.634512230025547
101995,1131498,1.0,0.5203530559825621
101998,1131507,1.0,0.8931940634755166
102000,1131510,1.0,0.7536734729140657
102006,1131520,1.0,0.6548954387756692
102015,1131531,1.0,0.9586861032213881
102016,1131533,1.0,0.8829792457150328
102018,1131537,1.0,0.5491021301572099
102019,1131539,1.0,0.7942809995595722
102020,1131540,1.0,0.6920265492882881
102022,1131545,1.0,0.6074803343270853
102031,1131560,1.0,0.5193680146729988
102032,1131562,1.0,0.505421563598526
102043,1131577,1.0,0.702599122591571
102051,1131592,1.0,0.606559992311196
102055,1131603,1.0,0.7060135369548175
102065,1131621,1.0,0.6355911339338539
102066,1131622,1.0,0.5746799995931956
102067,1131624,1.0,0.6444355916822081
102072,1131632,1.0,0.5764069045493088
102074,1131640,1.0,0.7602797805469433
102083,1131651,1.0,0.7000604553397308
102084,1131652,1.0,0.9480113780025297
102086,1131655,1.0,0.627119284247642
102088,1131657,1.0,0.899148270146695
102093,1131666,1.0,0.5353718519818076
102096,1131669,1.0,0.5617413155542089
102103,1131679,1.0,0.8261083330666655
102112,1131694,1.0,0.9288624639445652
102114,1131696,1.0,0.7044505929758665
102128,1131717,1.0,0.7315206447034256
102134,1131732,1.0,0.6513477362220577
102135,1131734,1.0,0.5633282341806349
102137,1131741,1.0,0.5495283533120532
102140,1131750,1.0,0.844728999124324
102142,1131757,1.0,0.5798550659463613
102144,1131760,1.0,0.8454291944277971
102145,1131762,1.0,0.7759281780419998
102146,1131763,1.0,0.5900204338246079
102154,1131776,1.0,0.7692622449325791
102164,1131788,1.0,0.8748859468427267
102165,1131789,1.0,0.7963061272257363
102168,1131793,1.0,0.8146820541968853
102180,1131819,1.0,0.7779896011605978
102183,1131824,1.0,0.8766137903206767
102187,1131830,1.0,0.8729361697825205
102198,1131849,1.0,0.8019428170241624
102202,1131855,1.0,0.5069285666191579
102204,1131872,1.0,0.5602749608887118
102205,1131873,1.0,0.798748852680338
102206,1131874,1.0,0.6453047231096705
102210,1131883,1.0,0.8988944117331418
102224,1131902,1.0,0.8961036687085261
102230,1131911,1.0,0.8776075594977432
102234,1131915,1.0,0.8165075410939867
102237,1131918,1.0,0.9071508003380512
102239,1131920,1.0,0.8126795343985658
102241,1131923,1.0,0.8126910716684457
102244,1131929,1.0,0.8500945317528769
102246,1131931,1.0,0.6637701947676605
102249,1131935,1.0,0.819055237094169
102251,1131939,1.0,0.6402926273691408
102266,1131961,1.0,0.9305984942271907
102268,1131966,1.0,0.5443612095365736
102279,1131983,1.0,0.7957724847398356
102301,1132019,1.0,0.8141169124577677
102303,1132022,1.0,0.8014421295391051
102304,1132026,1.0,0.9676794293294977
102305,1132028,1.0,0.7193087959089582
102310,1132035,1.0,0.7204459769749516
102311,1132038,1.0,0.6606495235001267
102317,1132048,1.0,0.8443122416139593
102318,1132050,1.0,0.7609855230108548
102324,1132057,1.0,0.7201474159096687
102326,1132059,1.0,0.593649873448981
102327,1132062,1.0,0.6442477803866365
102330,1132067,1.0,0.6951787279034406
102337,1132535,1.0,0.5256820769767337
102343,1132546,1.0,0.5444394682214371
102347,1132553,1.0,0.6148114170597068
102352,1132561,1.0,0.6052290136941669
102356,1132568,1.0,0.5694560496970751
102357,1132569,1.0,0.7380361595916871
102359,1132573,1.0,0.5476823200557391
102361,1132577,1.0,0.5053834622046214
102362,1132580,1.0,0.7545130760586409
102365,1132583,1.0,0.8284803566640888
102367,1132585,1.0,0.9767084617407757
102370,1132589,1.0,0.8258923029723099
102373,1132593,1.0,0.7588263972258131
102378,1132599,1.0,0.7342774325620397
102392,1132616,1.0,0.6577413866634737
102402,1132630,1.0,0.6408945543476829
102404,1132632,1.0,0.6927514651978356
102409,1132640,1.0,0.9546275864609097
102416,1132660,1.0,0.6890992498092212
102421,1132672,1.0,0.767617396242345
102423,1132674,1.0,0.9029790791409964
102425,1132676,1.0,0.8548403401050761
102426,1132678,1.0,0.7900168477739894
102434,1132695,1.0,0.6144752215445328
102435,1132696,1.0,0.7216334200830393
102441,1132705,1.0,0.7693423872685868
102443,1132708,1.0,0.5805188108889044
102446,1132712,1.0,0.7840444278893776
102448,1132716,1.0,0.7083138643673692
102466,1132741,1.0,0.6138228226802724
102467,1132744,1.0,0.6963970098440879
102476,1132764,1.0,0.6556578326512605
102477,1132765,1.0,0.6123248070206971
102478,1132766,1.0,0.9397781077922526
102490,1132782,1.0,0.6206876076050599
102494,1132788,1.0,0.8119775398760825
102497,1132792,1.0,0.8057616944165817
102504,1132803,1.0,0.8925728294260007
102507,1132811,1.0,0.8733021955492669
102509,1132816,1.0,0.6371031731023147
102514,1132823,1.0,0.5646010798382658
102523,1132839,1.0,0.6293819280182585
102525,1132841,1.0,0.6079061909041861
102526,1132842,1.0,0.8490612116005457
102527,1132845,1.0,0.6587133285556787
102532,1132851,1.0,0.5022146528077223
102533,1132853,1.0,0.5076206607797003
102539,1132868,1.0,0.8891788578534184
102540,1132869,1.0,0.5817427150955883
102543,1132873,1.0,0.7678636514103625
102552,1132885,1.0,0.8106829007301077
102556,1132890,1.0,0.8670544819602405
102557,1132893,1.0,0.6980177448422532
102563,1132901,1.0,0.8751971239876405
102572,1132913,1.0,0.6641671731796523
102575,1132919,1.0,0.9173829768469618
102577,1132922,1.0,0.715307136537578
102578,1132923,1.0,0.7495963483352347
102582,1132930,1.0,0.5295556299183838
102584,1132935,1.0,0.5772534797185036
102587,1132939,1.0,0.7005509193728233
102588,1132940,1.0,0.7405507597601712
102590,1132985,1.0,0.8099553407485787
102593,1132993,1.0,0.5820878970551618
102597,1132998,1.0,0.8389802693699228
102598,1133001,1.0,0.8608460293617672
102599,1133002,1.0,0.8822738318659619
102603,1133010,1.0,0.5194391856475031
102607,1133018,1.0,0.5945611574245017
102608,1133019,1.0,0.5181854048832192
102623,1133039,1.0,0.8855152162054423
102629,1133048,1.0,0.5069424562326743
102631,1133050,1.0,0.9002339087084873
102633,1133052,1.0,0.6676264582562157
102635,1133054,1.0,0.7838190588613805
102649,1133077,1.0,0.9069860981660622
102650,1133079,1.0,0.7837832535726486
102654,1133088,1.0,0.5545024211948585
102663,1133108,1.0,0.9013855096558975
102672,1133119,1.0,0.5059658705433364
102688,1133144,1.0,0.5346135493067637
102697,1133156,1.0,0.5662297777225835
102698,1133159,1.0,0.8019870848168412
102700,1133161,1.0,0.7439154836161557
102702,1133164,1.0,0.6989921978228335
102703,1133166,1.0,0.5117911964581585
102708,1133174,1.0,0.6824713043666077
102711,1133179,1.0,0.7256070492656066
102720,1133196,1.0,0.7576659688581338
102721,1133198,1.0,0.5978868761310133
102731,1133213,1.0,0.8184546912134334
102738,1133225,1.0,0.5225221092225455
102739,1133226,1.0,0.5308972652033941
102745,1133244,1.0,0.7996483371664102
102746,1133246,1.0,0.5872112040998076
102749,1133252,1.0,0.899387555057136
102751,1133254,1.0,0.6848443359406214
102756,1133260,1.0,0.7496490637933839
102762,1133273,1.0,0.5674268992448311
102766,1133278,1.0,0.763114607434608
102769,1133282,1.0,0.8889745712941173
102774,1133295,1.0,0.7458632301468231
102776,1133297,1.0,0.6840065909888514
102781,1133304,1.0,0.8788071216185087
102782,1133305,1.0,0.812101908431417
102786,1133311,1.0,0.6290261198587273
102792,1133319,1.0,0.7933203892658246
102798,1133332,1.0,0.736354903877105
102799,1133334,1.0,0.7102114413896492
102811,1133357,1.0,0.5097508360506086
102812,1133363,1.0,0.9343887439163606
102813,1133367,1.0,0.7358820863665139
102815,1133371,1.0,0.7244469655240166
102816,1133374,1.0,0.8279810791688283
102818,1133379,1.0,0.8771105984922211
102819,1133382,1.0,0.7302571570636573
102820,1133383,1.0,0.6564600833069417
102822,1133385,1.0,0.8250634076654069
102826,1133391,1.0,0.7769880989256432
102827,1133393,1.0,0.5684129265983118
102832,1133399,1.0,0.5376233205841093
102835,1133403,1.0,0.8175883376715969
102838,1133409,1.0,0.8058613703890417
102840,1133411,1.0,0.5200731028692273
102842,1133415,1.0,0.91474320982335
102849,1133427,1.0,0.5271604618056567
102857,1133439,1.0,0.819339312061785
102865,1133451,1.0,0.530946546024932
102877,1133468,1.0,0.8936375564370295
102896,1133511,1.0,0.7984448438754425
102899,1133517,1.0,0.6651540034935919
102900,1133525,1.0,0.602069338180997
102901,1133526,1.0,0.6296220257701093
102905,1133533,1.0,0.7688184673541365
102914,1133547,1.0,0.7204256570236414
102915,1133549,1.0,0.8834818571424189
102918,1133554,1.0,0.7958115353136972
102921,1133558,1.0,0.6938259329302224
102922,1133559,1.0,0.5634453147207116
102926,1133567,1.0,0.8711898793148191
102931,1133573,1.0,0.7005902001836827
102932,1133574,1.0,0.5009217236143917
102939,1133584,1.0,0.7280675153041277
102944,1133592,1.0,0.5726331838673591
102952,1133604,1.0,0.8403381478825946
102953,1133606,1.0,0.772635588187513
102957,1133613,1.0,0.6079981874619198
102961,1133617,1.0,0.9131368013276994
102964,1133622,1.0,0.6155258235599886
102970,1133633,1.0,0.8368059912063754
102976,1133640,1.0,0.8241973309534967
102980,1133645,1.0,0.6351992771050725
102981,1133648,1.0,0.7247681252781795
102985,1133655,1.0,0.8505236326337794
102986,1133657,1.0,0.5682615364529869
103002,1133682,1.0,0.6203815170519781
103003,1133684,1.0,0.9009719079852326
103004,1133686,1.0,0.8475759287733503
103008,1133692,1.0,0.6047890706663778
103009,1133694,1.0,0.743631492495542
103010,1133695,1.0,0.9240491404234255
103012,1133697,1.0,0.8499110855532841
103018,1133707,1.0,0.6633909299360268
103023,1133717,1.0,0.823544665011823
103024,1133718,1.0,0.6006908657895964
103029,1133723,1.0,0.7334409032402883
103030,1133726,1.0,0.7907712234589137
103031,1133727,1.0,0.9170526074150682
103037,1133736,1.0,0.9170564376033777
103039,1133744,1.0,0.7201625932516881
103041,1133747,1.0,0.5795828747705568
103045,1133754,1.0,0.6791545090503455
103047,1133760,1.0,0.7255261024710673
103048,1133761,1.0,0.8222425533048251
103050,1133763,1.0,0.5353661180920689
103051,1133769,1.0,0.5606282548721077
103053,1133772,1.0,0.7061445294526667
103054,1133773,1.0,0.584240707824861
103057,1133776,1.0,0.9439761516325386
103063,1133789,1.0,0.8410995870600609
103065,1133792,1.0,0.5191723423626683
103070,1133800,1.0,0.5042314972473005
103075,1133808,1.0,0.9219655803969752
103079,1133813,1.0,0.7471337475738573
103102,1133853,1.0,0.5122910797518481
103108,1133864,1.0,0.7662962981325148
103109,1133866,1.0,0.6465774764546223
103110,1133868,1.0,0.6928617563010133
103111,1133869,1.0,0.5772331242736629
103118,1133878,1.0,0.7711150687568036
103122,1133887,1.0,0.9364485350055967
103123,1133888,1.0,0.8898432149981129
103127,1133892,1.0,0.8080658437455208
103130,1133896,1.0,0.9334491033261321
103140,1133913,1.0,0.6369071022092299
103143,1133919,1.0,0.9104699990474421
103147,1133924,1.0,0.6039424533843452
103151,1133929,1.0,0.6580279088884949
103152,1133931,1.0,0.7284700191937209
103155,1133935,1.0,0.6900530021198086
103157,1133937,1.0,0.5737011683904458
103159,1133940,1.0,0.7243294881343215
103162,1133943,1.0,0.506233631577322
103163,1133944,1.0,0.708256070932607
103164,1133945,1.0,0.5727184213243978
103170,1133963,1.0,0.616516239667132
103178,1133972,1.0,0.8083599874064368
103179,1133973,1.0,0.6663883341872708
103184,1133983,1.0,0.9119861616838792
103196,1134002,1.0,0.6510558024655647
103198,1134005,1.0,0.8158529467275433
103199,1134007,1.0,0.7518269534468952
103203,1134013,1.0,0.5187958830554956
103205,1134016,1.0,0.8842695056119069
103215,1134038,1.0,0.6569994553107378
103217,1134042,1.0,0.9278364801476815
103218,1134043,1.0,0.6767311915074228
103219,1134044,1.0,0.5761541955851717
103220,1134046,1.0,0.5670719028534905
103222,1134054,1.0,0.6029663446333481
103226,1134070,1.0,0.919466443929247
103228,1134072,1.0,0.5450745216695807
103230,1134075,1.0,0.6848531206817496
103233,1134080,1.0,0.7571556215465247
103234,1134083,1.0,0.7270942878138063
103238,1134088,1.0,0.753829880373897
103243,1134093,1.0,0.9834817580582311
103256,1134115,1.0,0.5011825201455798
103269,1134137,1.0,0.8149509667012337
103274,1134147,1.0,0.7386623728775905
103275,1134148,1.0,0.8055720955398148
103278,1134151,1.0,0.6759594650473303
103286,1134164,1.0,0.7634675536009836
103290,1134169,1.0,0.7074108336288345
103293,1134174,1.0,0.5216788374688024
103297,1134179,1.0,0.6131089070983066
103298,1134180,1.0,0.8611043672654722
103305,1134189,1.0,0.6704000038644089
103312,1134202,1.0,0.529137622342707
103316,1134210,1.0,0.7873280197213595
103321,1134217,1.0,0.7102990019750901
103324,1134220,1.0,0.7916298951913635
103325,1134223,1.0,0.6352180422671547
103330,1134230,1.0,0.8157784700337166
103331,1134232,1.0,0.6929804034452611
103333,1134235,1.0,0.7718677879068365
103336,1134241,1.0,0.6252015538300217
103344,1134252,1.0,0.6624803206938749
103357,1134274,1.0,0.7225053069528252
103368,1134292,1.0,0.8431888274283598
103370,1134294,1.0,0.7072432567756828
103383,1134323,1.0,0.818893847651442
103387,1134341,1.0,0.789639645013799
103390,1134345,1.0,0.7901028191242134
103392,1134349,1.0,0.5101302842332048
103394,1134352,1.0,0.535185848803691
103397,1134356,1.0,0.511822202790222
103405,1134368,1.0,0.9768165493525419
103408,1134372,1.0,0.6029550687353049
103425,1134394,1.0,0.7098323655764675
103437,1134421,1.0,0.7824381655892134
103438,1134422,1.0,0.8413541724057195
103439,1134424,1.0,0.8856250668579042
103441,1134426,1.0,0.6322235070683206
103442,1134428,1.0,0.7273238500992988
103443,1134430,1.0,0.940549154513175
103445,1134432,1.0,0.6272535167914296
103447,1134434,1.0,0.5596570615923459
103449,1134436,1.0,0.9226875122052987
103451,1134441,1.0,0.8375881120652281
103460,1134456,1.0,0.9362568298151074
103471,1134473,1.0,0.9270698612203115
103480,1134485,1.0,0.7535166700848194
103481,1134486,1.0,0.8650726847322794
103482,1134488,1.0,0.6105311766394983
103486,1134492,1.0,0.7121253304907067
103493,1134502,1.0,0.5321585363740837
103497,1134507,1.0,0.8918687295046722
103502,1134518,1.0,0.5927856596483426
103506,1134523,1.0,0.6357569781837757
103507,1134524,1.0,0.634628151016059
103511,1134530,1.0,0.7733257509427589
103520,1134541,1.0,0.5907487055827635
103526,1134551,1.0,0.7284778010055105
103533,1134568,1.0,0.532511651353741
103537,1134574,1.0,0.6617542399773765
103543,1134582,1.0,0.7731728206722123
103545,1134585,1.0,0.6685434163142753
103547,1134592,1.0,0.7385930359806041
103548,1134595,1.0,0.5261871956290163
103563,1134619,1.0,0.7888602203956895
103572,1134641,1.0,0.6545266050766224
103574,1134644,1.0,0.7277230878327082
103579,1134654,1.0,0.9556198817382004
103580,1134655,1.0,0.5970961468908129
103582,1134657,1.0,0.6082528992090691
103587,1134663,1.0,0.6765019265134731
103596,1134680,1.0,0.5940225307538268
103602,1134694,1.0,0.5389766636686353
103610,1134704,1.0,0.5734346390766161
103614,1134712,1.0,0.8355541069789391
103621,1134724,1.0,0.9793867662267879
103629,1134734,1.0,0.6647901720100586
103630,1134735,1.0,0.6212707006491331
103633,1134742,1.0,0.8747012452850315
103635,1134744,1.0,0.5172749578966794
103642,1134753,1.0,0.8022484265609181
103644,1134768,1.0,0.7160039308858467
103646,1134774,1.0,0.7645239829430986
103650,1134785,1.0,0.8347741836906319
103657,1134797,1.0,0.6853397383254702
103661,1134802,1.0,0.7505886219638707
103665,1134809,1.0,0.5055561105853054
103666,1134810,1.0,0.8341099607019401
103676,1134826,1.0,0.5264156580313986
103686,1134849,1.0,0.6122956944067988
103689,1134854,1.0,0.7182705911476208
103699,1134867,1.0,0.5213804501023256
103700,1134868,1.0,0.6394495891307795
103703,1134873,1.0,0.8238520542003664
103707,1134877,1.0,0.5384419214690332
103710,1134882,1.0,0.7124347573539213
103711,1134885,1.0,0.8769427499575093
103713,1134902,1.0,0.6089435407371946
103728,1134925,1.0,0.9600238525576542
103729,1134927,1.0,0.8691552746781117
103732,1134930,1.0,0.8320461915619036
103735,1134933,1.0,0.766893806765108
103736,1134934,1.0,0.7870752782625543
103741,1134939,1.0,0.664843000631691
103743,1134943,1.0,0.8104052403896252
103746,1134946,1.0,0.9120668504345765
103750,1134952,1.0,0.6324811305630259
103751,1134953,1.0,0.6291757246019968
103758,1134963,1.0,0.6345701849247913
103759,1134964,1.0,0.6938257809108819
103760,1134965,1.0,0.9398741899517676
103776,1134991,1.0,0.7742584620945786
103779,1134996,1.0,0.6708942572669176
103781,1134998,1.0,0.8302792547543748
103783,1135001,1.0,0.5371932408980166
103784,1135002,1.0,0.667680355751272
103791,1135016,1.0,0.9172938633034814
103792,1135018,1.0,0.5602331924898297
103795,1135023,1.0,0.6454509761026955
103796,1135024,1.0,0.5404671843094174
103800,1135030,1.0,0.6263290968893845
103802,1135036,1.0,0.7465091377038912
103803,1135037,1.0,0.7616008379491318
103807,1135042,1.0,0.589529618100078
103808,1135046,1.0,0.87787208866223
103809,1135047,1.0,0.8917620751388167
103812,1135053,1.0,0.5893067255034868
103816,1135058,1.0,0.9436722151897055
103820,1135067,1.0,0.8137521283097974
103841,1135095,1.0,0.7317630718864098
103843,1135097,1.0,0.7726146101070186
103856,1135115,1.0,0.5764076456019825
103857,1135116,1.0,0.6370900014602991
103858,1135117,1.0,0.7209220855594788
103861,1135120,1.0,0.6977591314845091
103869,1135137,1.0,0.7997830066674901
103881,1135157,1.0,0.6628494025552508
103888,1135167,1.0,0.5264988182345401
103889,1135169,1.0,0.5994713685959072
103893,1135178,1.0,0.9395914317984905
103896,1135184,1.0,0.5199885699146961
103897,1135185,1.0,0.7900683290884638
103899,1135188,1.0,0.6081017249917015
103900,1135189,1.0,0.7565783819013859
103902,1135191,1.0,0.7820213410446061
103903,1135193,1.0,0.7879590676684414
103904,1135195,1.0,0.5442398149676159
103909,1135204,1.0,0.5817372364195631
103910,1135207,1.0,0.6968954814120623
103912,1135213,1.0,0.8327613816058143
103913,1135214,1.0,0.760197485325432
103915,1135217,1.0,0.8865207762779249
103916,1135218,1.0,0.7632310151609226
103930,1135233,1.0,0.8241532379553064
103931,1135234,1.0,0.7875149208800104
103942,1135249,1.0,0.7147551255215199
103944,1135251,1.0,0.8868646944351312
103949,1135261,1.0,0.8069201820446322
103951,1135265,1.0,0.6716618300089147
103954,1135271,1.0,0.8734153015720576
103955,1135275,1.0,0.6478817720468837
103960,1135282,1.0,0.5185532273975739
103961,1135283,1.0,0.5376874482986741
103971,1135303,1.0,0.8174118875796699
103973,1135307,1.0,0.602955999860879
103974,1135308,1.0,0.9253639528679974
103975,1135310,1.0,0.5886117064310331
103988,1135325,1.0,0.9263556742025026
103994,1135337,1.0,0.8234294110549907
104005,1135354,1.0,0.8173880170764161
104016,1135370,1.0,0.9364174316086424
104018,1135373,1.0,0.7256805705144773
104019,1135375,1.0,0.7624164355340902
104022,1135379,1.0,0.8037001374058182
104028,1135393,1.0,0.5476079403718307
104034,1135405,1.0,0.8941354390777573
104036,1135411,1.0,0.931667382007512
104042,1135422,1.0,0.8018201483185551
104046,1135438,1.0,0.8511915837882601
104049,1135443,1.0,0.5782771081050451
104050,1135445,1.0,0.5486742081820926
104059,1135461,1.0,0.7304057113557775
104060,1135462,1.0,0.5576229397636037
104064,1135470,1.0,0.6010176328449107
104065,1135471,1.0,0.8270746684456419
104074,1135487,1.0,0.8551214448635491
104077,1135493,1.0,0.7944568234652405
104079,1135497,1.0,0.6924389370984946
104083,1135504,1.0,0.6463601035628433
104089,1135520,1.0,0.8188983846438609
104091,1135524,1.0,0.8170874105025553
104092,1135526,1.0,0.9372339395395802
104099,1135537,1.0,0.5035127089459231
104101,1135540,1.0,0.5938522369000103
104104,1135546,1.0,0.8916732950963351
104105,1135547,1.0,0.729666468578209
104108,1135551,1.0,0.8237621233626369
104114,1135557,1.0,0.8384147574581831
104120,1135566,1.0,0.6445386567804637
104121,1135571,1.0,0.5432920696682149
104122,1135578,1.0,0.7781460137766152
104127,1135589,1.0,0.7910255088702819
104131,1135595,1.0,0.5165069682340099
104133,1135606,1.0,0.6623077551045315
104137,1135621,1.0,0.6967315756601062
104139,1135624,1.0,0.5074314000822883
104152,1135647,1.0,0.9008491637446522
104153,1135648,1.0,0.5500349391303277
104154,1135650,1.0,0.7301825949929157
104157,1135654,1.0,0.5767789849368457
104158,1135655,1.0,0.9106341668197946
104163,1135661,1.0,0.6191516186175746
104170,1135673,1.0,0.9304474330710395
104175,1135679,1.0,0.8060234078526755
104179,1135684,1.0,0.7448105221210782
104182,1135688,1.0,0.799138017883575
104188,1135696,1.0,0.5147696996563037
104190,1135701,1.0,0.7307774848402757
104193,1135704,1.0,0.5198720309278713
104195,1135706,1.0,0.6522600370044002
104201,1135714,1.0,0.7576710184696376
104210,1135724,1.0,0.815546591347111
104211,1135726,1.0,0.8605820262734315
104213,1135732,1.0,0.803378103781678
104215,1135737,1.0,0.71724240054787
104216,1135742,1.0,0.8673375947142965
104217,1135743,1.0,0.894570957581762
104220,1135749,1.0,0.8048422128437672
104226,1135757,1.0,0.8369953459674658
104229,1135764,1.0,0.5482407292471221
104230,1135765,1.0,0.7931012666228181
104235,1135774,1.0,0.7256424228656341
104236,1135775,1.0,0.8988495897467683
104245,1135794,1.0,0.5779187956970578
104250,1135801,1.0,0.7936849988283797
104251,1135802,1.0,0.6488759875183396
104255,1135806,1.0,0.5475090665248571
104256,1135807,1.0,0.6411669099504291
104259,1135810,1.0,0.8182002299978675
104267,1135820,1.0,0.6052707829997745
104269,1135822,1.0,0.7196475173856178
104276,1135834,1.0,0.5061293251912722
104281,1135840,1.0,0.9157847639971407
104283,1135842,1.0,0.7197992685356807
104284,1135844,1.0,0.630222806582772
104285,1135845,1.0,0.6630360833283861
104295,1135881,1.0,0.7162882277141925
104306,1135900,1.0,0.6265717369150444
104308,1135905,1.0,0.5536571987751692
104309,1135908,1.0,0.7709216649053625
104312,1135914,1.0,0.756425209169319
104320,1135929,1.0,0.72341534272823
104324,1135935,1.0,0.9303238964445392
104329,1135944,1.0,0.7937366838772938
104335,1135952,1.0,0.8245475695933988
104336,1135953,1.0,0.9690735587155949
104344,1135968,1.0,0.5565305593643126
104348,1135975,1.0,0.6427590414979486
104351,1135980,1.0,0.8880804719913253
104352,1135982,1.0,0.5225969405988014
104353,1135983,1.0,0.8397141082453399
104354,1135984,1.0,0.6601351370733901
104355,1135985,1.0,0.8672699259279427
104356,1135986,1.0,0.7904996822413874
104357,1135987,1.0,0.6504989792412149
104376,1136023,1.0,0.867487350901881
104383,1136033,1.0,0.8194342996232548
104392,1136049,1.0,0.6498467535674467
104393,1136050,1.0,0.8163279362830638
104401,1136060,1.0,0.7051076811329643
104402,1136062,1.0,0.8199575967730551
104403,1136063,1.0,0.5892064858061918
104407,1136070,1.0,0.6276572846714299
104418,1136085,1.0,0.698559437377024
104436,1136112,1.0,0.7701536045610708
104444,1136124,1.0,0.8217549445909593
104447,1136127,1.0,0.5396925209916343
104448,1136128,1.0,0.7951246552952451
104450,1136131,1.0,0.6002593811258726
104463,1136165,1.0,0.7255368448877695
104469,1136172,1.0,0.9105645993449153
104471,1136174,1.0,0.7424633624672579
104473,1136176,1.0,0.6664409729733106
104478,1136186,1.0,0.792198465895904
104493,1136218,1.0,0.6947516741798194
104502,1136233,1.0,0.6415705183587934
104515,1136253,1.0,0.6912427190754645
104523,1136261,1.0,0.6169146809109368
104528,1136272,1.0,0.6766555033002437
104531,1136278,1.0,0.6900001435420281
104554,1136314,1.0,0.927331312764054
104559,1136326,1.0,0.7799972251660795
104560,1136327,1.0,0.7756611880222556
104568,1136348,1.0,0.6354837825100522
104571,1136351,1.0,0.8158942505608889
104575,1136360,1.0,0.8754753908787557
104585,1136383,1.0,0.6718153224250727
104586,1136384,1.0,0.7529586817636339
104589,1136389,1.0,0.8021188227232651
104591,1136392,1.0,0.7834855937974161
104592,1136393,1.0,0.540587204389607
104599,1136402,1.0,0.5621880323154684
104600,1136404,1.0,0.6875023448192017
104607,1136416,1.0,0.5395330407166136
104612,1136422,1.0,0.5575145518771928
104615,1136427,1.0,0.8401279142535336
104616,1136430,1.0,0.8232527723085286
104619,1136433,1.0,0.557925343712799
104620,1136435,1.0,0.8053056480599624
104632,1136454,1.0,0.8014406541735913
104634,1136456,1.0,0.6646105381419974
104643,1136469,1.0,0.5914927799341012
104646,1136477,1.0,0.5720021625363104
104647,1136479,1.0,0.8678777768251233
104649,1136483,1.0,0.580885162933345
104652,1136493,1.0,0.9397661335339162
104653,1136496,1.0,0.8881146991033504
104656,1136499,1.0,0.7334147400485981
104661,1136505,1.0,0.7637649556200158
104664,1136508,1.0,0.7831989464447356
104675,1136523,1.0,0.6358352533558441
104686,1136538,1.0,0.5757724286988049
104687,1136540,1.0,0.8065960167927
104689,1136542,1.0,0.7785784320380527
104690,1136543,1.0,0.8642111130669357
104691,1136544,1.0,0.8458376823804639
104697,1136552,1.0,0.5739611870715758
104700,1136557,1.0,0.9155527474721334
104704,1136562,1.0,0.5812334985519204
104709,1136571,1.0,0.8927912787613422
104710,1136572,1.0,0.874094174275365
104714,1136578,1.0,0.6808844917021232
104722,1136590,1.0,0.5528298438306938
104725,1136595,1.0,0.6180237664207022
104728,1136598,1.0,0.7382754458266465
104737,1136612,1.0,0.8089847030188776
104738,1136613,1.0,0.712275852359338
104740,1136616,1.0,0.7560980056660861
104742,1136620,1.0,0.9073365996823021
104744,1136649,1.0,0.6335427981612527
104745,1136650,1.0,0.5421037097111248
104747,1136654,1.0,0.5773655749527999
104748,1136655,1.0,0.5606792288062958
104752,1136664,1.0,0.5728419943644595
104758,1136678,1.0,0.7867448688174141
104766,1136688,1.0,0.9198316967834492
104769,1136693,1.0,0.6462838891911797
104776,1136703,1.0,0.7413020183243128
104789,1136726,1.0,0.611373513814055
104791,1136730,1.0,0.524539203322971
104793,1136733,1.0,0.5694517892763122
104797,1136739,1.0,0.5545219237761376
104804,1136749,1.0,0.8288313584514284
104807,1136762,1.0,0.7561838478398277
104812,1136769,1.0,0.6982793762698558
104817,1136775,1.0,0.8298119616609004
104820,1136781,1.0,0.7779816190518248
104832,1136799,1.0,0.6134606608613861
104839,1136809,1.0,0.82809242719116
104859,1136841,1.0,0.5430226340334363
104860,1136842,1.0,0.899795396655706
104874,1136865,1.0,0.5897042840481823
104875,1136868,1.0,0.5030700203124533
104876,1136869,1.0,0.9524558797758268
104883,1136881,1.0,0.734735216074564
104893,1136894,1.0,0.5740661455802075
104903,1136913,1.0,0.8110874504010145
104916,1136931,1.0,0.8770611538360159
104918,1136935,1.0,0.7365694615578003
104920,1136937,1.0,0.5109143342876966
104921,1136939,1.0,0.7587694329107971
104927,1136947,1.0,0.7877106658593441
104934,1136958,1.0,0.9321651267810909
104937,1136964,1.0,0.6710476732919892
104941,1136976,1.0,0.620080142860714
104948,1136988,1.0,0.7620432223427734
104950,1136992,1.0,0.894075215214065
104956,1137001,1.0,0.606677106589432
104962,1137012,1.0,0.680337430773984
104969,1137020,1.0,0.6390030886316275
104975,1137029,1.0,0.6010569954856584
104978,1137034,1.0,0.6017535661256278
104987,1137046,1.0,0.7906281770095934
104991,1137052,1.0,0.6630113842004678
104997,1137062,1.0,0.898841150719098
105000,1137067,1.0,0.5365116869961785
105010,1137092,1.0,0.9176931889899486
105012,1137098,1.0,0.83928872023499
105015,1137103,1.0,0.8550196966110336
105017,1137105,1.0,0.5179035597704469
105019,1137107,1.0,0.7843511188531714
105020,1137108,1.0,0.7692926172140561
105021,1137111,1.0,0.8673595662356868
105022,1137112,1.0,0.7885061927940384
105023,1137113,1.0,0.8839470550108723
105029,1137120,1.0,0.6749519330625773
105030,1137123,1.0,0.7107533219810768
105031,1137124,1.0,0.652811837900136
105032,1137126,1.0,0.6414884065947408
105034,1137128,1.0,0.631546401449572
105035,1137129,1.0,0.8136780634042351
105043,1137143,1.0,0.6766519395786418
105044,1137144,1.0,0.9554197561181725
105046,1137147,1.0,0.7451470721713451
105048,1137151,1.0,0.5837196155505053
105049,1137152,1.0,0.8577263004236481
105053,1137159,1.0,0.7099879954605486
105060,1137169,1.0,0.6762341787672531
105061,1137171,1.0,0.5129938670118378
105070,1137183,1.0,0.7850226096954129
105073,1137192,1.0,0.8139573688792575
105074,1137194,1.0,0.7074043054429769
105077,1137202,1.0,0.5292548044947526
105080,1137208,1.0,0.9590132149787846
105084,1137215,1.0,0.9409630833277269
105085,1137217,1.0,0.8144228393025581
105089,1137223,1.0,0.5305514556982432
105090,1137225,1.0,0.5752704803735913
105093,1137240,1.0,0.8138805546527
105094,1137242,1.0,0.8214871865450858
105103,1137259,1.0,0.909170214799244
105111,1137273,1.0,0.5773005838600854
105116,1137278,1.0,0.7600776915747703
105117,1137279,1.0,0.6859414671838374
105118,1137280,1.0,0.6715010203971349
105126,1137298,1.0,0.6290797267056621
105130,1137303,1.0,0.8046857792523255
105136,1137313,1.0,0.6624265272122827
105138,1137316,1.0,0.5143009845545835
105143,1137324,1.0,0.7808183746009576
105157,1137347,1.0,0.7835089467786255
105159,1137350,1.0,0.6947760935728895
105160,1137352,1.0,0.7270795179701378
105163,1137363,1.0,0.9264912574574028
105175,1137387,1.0,0.9179457557400159
105182,1137395,1.0,0.8712408139104851
105185,1137399,1.0,0.7621860339287632
105189,1137405,1.0,0.6529933316897424
105193,1137412,1.0,0.8243400189822674
105194,1137413,1.0,0.8540245330319738
105204,1137425,1.0,0.7503834447474201
105205,1137426,1.0,0.8552716087924306
105206,1137428,1.0,0.7989138140318401
105209,1137432,1.0,0.7708443888453272
105222,1137453,1.0,0.7296711523762536
105224,1137456,1.0,0.7193414478484234
105229,1137469,1.0,0.8040192904209826
105232,1137476,1.0,0.932598218053288
105235,1137481,1.0,0.741520597952015
105237,1137483,1.0,0.5680075232451696
105239,1137489,1.0,0.7823544323291971
105240,1137491,1.0,0.9125150376008437
105242,1137498,1.0,0.663217110616709
105247,1137506,1.0,0.7015887051340584
105250,1137510,1.0,0.604039189591132
105251,1137511,1.0,0.5349170866153988
105258,1137520,1.0,0.8593816291127774
105262,1137528,1.0,0.7602940530151662
105271,1137541,1.0,0.7483912006536535
105278,1137555,1.0,0.5770194564768472
105280,1137558,1.0,0.90788959272326
105282,1137560,1.0,0.6755876801893232
105283,1137561,1.0,0.6863387066073411
105287,1137569,1.0,0.5043993073362631
105289,1137574,1.0,0.7036963720914016
105293,1137581,1.0,0.7670076331668626
105295,1137584,1.0,0.6525086267069077
105297,1137586,1.0,0.7260302770946181
105298,1137587,1.0,0.8549325844272458
105306,1137600,1.0,0.6003979129571266
105307,1137601,1.0,0.6378470221961903
105308,1137602,1.0,0.667860834210628
105310,1137604,1.0,0.5760434393938799
105319,1137621,1.0,0.8703899457958562
105321,1137623,1.0,0.6509750987467547
105322,1137624,1.0,0.6116772131521047
105325,1137632,1.0,0.8800474824649241
105326,1137633,1.0,0.936726634778268
105328,1137635,1.0,0.8885816202292981
105329,1137636,1.0,0.762103913013429
105330,1137637,1.0,0.7734083341162595
105331,1137640,1.0,0.7428932712341322
105332,1137641,1.0,0.5190713414037599
105336,1137664,1.0,0.5374705724441078
105339,1137667,1.0,0.9282316786498235
105345,1137684,1.0,0.5255555490078884
105347,1137686,1.0,0.5765532928200622
105350,1137690,1.0,0.7821521812023464
105372,1137723,1.0,0.6935966028845956
105385,1137743,1.0,0.6795895586763167
105390,1137751,1.0,0.5515898124315666
105396,1137775,1.0,0.6301291072492969
105399,1137780,1.0,0.9246966122235365
105403,1137785,1.0,0.7831522110585231
105405,1137788,1.0,0.8579632838714193
105406,1137790,1.0,0.6270660575052198
105407,1137792,1.0,0.8387174481110141
105412,1137799,1.0,0.8864942137391238
105421,1137812,1.0,0.6481624721903027
105422,1137813,1.0,0.8415784825474085
105423,1137814,1.0,0.7916233775609003
105432,1137833,1.0,0.6838425252109247
105439,1137842,1.0,0.8123515953242062
105445,1137849,1.0,0.6681193863499485
105451,1137857,1.0,0.8974308867344032
105458,1137866,1.0,0.770370521526653
105461,1137869,1.0,0.7634005254547458
105464,1137874,1.0,0.5451491758552396
105470,1137885,1.0,0.632945523648545
105476,1137894,1.0,0.7826159188401013
105480,1137904,1.0,0.6522824227761552
105485,1137920,1.0,0.5313713201953457
105488,1137925,1.0,0.6876550649092095
105493,1137934,1.0,0.6688570049899745
105495,1137936,1.0,0.5096235086848551
105505,1137956,1.0,0.609690859326356
105509,1137960,1.0,0.5738336548049818
105516,1137968,1.0,0.6777868097028756
105530,1137993,1.0,0.8642496017390058
105542,1138011,1.0,0.6068231241136094
105545,1138015,1.0,0.8763335508832795
105547,1138017,1.0,0.6437497731504426
105550,1138021,1.0,0.5887440591389427
105554,1138027,1.0,0.5794816487374531
105557,1138031,1.0,0.7028869325022671
105558,1138032,1.0,0.9140613474855024
105560,1138034,1.0,0.5058574976185739
105561,1138035,1.0,0.6278890587382675
105566,1138042,1.0,0.7937046821303769
105567,1138046,1.0,0.8375098045301461
105568,1138050,1.0,0.9088986397820855
105569,1138052,1.0,0.7660802683734631
105570,1138055,1.0,0.6458850362751299
105572,1138057,1.0,0.5762944494952111
105574,1138059,1.0,0.7490140847581146
105576,1138061,1.0,0.7424765235258274
105587,1138079,1.0,0.8102040460859476
105604,1138102,1.0,0.6213706319782132
105610,1138109,1.0,0.5710096257144087
105611,1138110,1.0,0.6593275816123448
105623,1138125,1.0,0.7869572371398476
105624,1138126,1.0,0.9846777002578848
105626,1138129,1.0,0.5014165247198648
105632,1138139,1.0,0.5867357891944371
105633,1138143,1.0,0.7539515633086615
105636,1138156,1.0,0.6404286319652783
105639,1138159,1.0,0.6555905270939227
105641,1138161,1.0,0.6690839290925894
105648,1138173,1.0,0.5110827716058702
105651,1138179,1.0,0.7693102709497728
105653,1138182,1.0,0.8958095580793083
105655,1138187,1.0,0.5408272893824441
105658,1138191,1.0,0.631287480106676
105660,1138193,1.0,0.6986630300489184
105671,1138209,1.0,0.6777617208749424
105672,1138210,1.0,0.8515625895575103
105677,1138217,1.0,0.7081076411337353
105679,1138222,1.0,0.8832457553477482
105691,1138239,1.0,0.8004008107889322
105692,1138240,1.0,0.6134859849352826
105699,1138249,1.0,0.8429176152473282
105703,1138255,1.0,0.6970426553873136
105707,1138262,1.0,0.7972812697637505
105710,1138265,1.0,0.6780991661365523
105713,1138268,1.0,0.7649331434234048
105715,1138271,1.0,0.576226667111409
105716,1138274,1.0,0.7368457332191389
105718,1138277,1.0,0.7259402750280202
105719,1138278,1.0,0.633429373345209
105720,1138281,1.0,0.7847255041250505
105723,1138287,1.0,0.6343582194580881
105725,1138290,1.0,0.5196058625912795
105728,1138296,1.0,0.7999795202364003
105729,1138297,1.0,0.8343683123191609
105730,1138299,1.0,0.6769046025477278
105732,1138303,1.0,0.5657384198654689
105733,1138304,1.0,0.785014075505668
105738,1138319,1.0,0.7286530653143553
105742,1138324,1.0,0.6002724828382089
105744,1138328,1.0,0.6091000026311628
105755,1138346,1.0,0.9610459668655561
105756,1138347,1.0,0.8429558669867445
105758,1138349,1.0,0.7913240358511846
105765,1138363,1.0,0.5555572069164332
105771,1138373,1.0,0.7491110619012483
105773,1138376,1.0,0.5191843832903835
105775,1138378,1.0,0.9141396016742586
105778,1138382,1.0,0.8777732733245341
105785,1138390,1.0,0.7776681308182872
105787,1138392,1.0,0.6398358919284413
105791,1138398,1.0,0.5826746729069758
105793,1138402,1.0,0.9409268689440978
105795,1138406,1.0,0.5235231467155
105798,1138412,1.0,0.5529124496055627
105803,1138420,1.0,0.8133276073161555
105805,1138422,1.0,0.559713475123616
105809,1138428,1.0,0.8102991610996978
105821,1138453,1.0,0.6786725008808481
105827,1138465,1.0,0.6766888626645551
105834,1138474,1.0,0.6328026209081414
105836,1138478,1.0,0.7305119653628862
105837,1138479,1.0,0.7652613264078202
105839,1138482,1.0,0.8138581895180853
105851,1138504,1.0,0.799913687836287
105854,1138511,1.0,0.5673658381084041
105855,1138512,1.0,0.5099233842293629
105856,1138514,1.0,0.7345513449177093
105860,1138519,1.0,0.6721476583685714
105861,1138521,1.0,0.885976584390303
105865,1138528,1.0,0.8890695421235528
105867,1138532,1.0,0.6007045488783892
105872,1138542,1.0,0.8607238752820702
105881,1138558,1.0,0.8783942825945651
105882,1138560,1.0,0.5120673972975824
105883,1138563,1.0,0.8089190512227022
105885,1138566,1.0,0.8257747422253034
105886,1138570,1.0,0.5565189842266856
105888,1138572,1.0,0.7818674087781436
105893,1138583,1.0,0.861021905971713
105914,1138606,1.0,0.5369270128514494
105922,1138616,1.0,0.5051809002117884
105923,1138617,1.0,0.5276465831742646
105927,1138624,1.0,0.5510644613905012
105931,1138630,1.0,0.6572872488372087
105939,1138641,1.0,0.7623554839736494
105940,1138642,1.0,0.570481654005493
105954,1138665,1.0,0.912419314963506
105955,1138666,1.0,0.6437537178840051
105956,1138668,1.0,0.7999522952134184
105962,1138678,1.0,0.5568379016319103
105966,1138683,1.0,0.5752352703040807
105970,1138690,1.0,0.6076267057162815
105983,1138710,1.0,0.6207100277873654
105984,1138712,1.0,0.9323294681430139
105986,1138714,1.0,0.8800033806815957
105988,1138717,1.0,0.5205576572982864
106001,1138740,1.0,0.5450302501362315
106005,1138744,1.0,0.5199182869036357
106006,1138745,1.0,0.8570609217432061
106028,1138771,1.0,0.7952026426020027
106032,1138781,1.0,0.7775075037892859
106035,1138784,1.0,0.7052215804669479
106036,1138787,1.0,0.5728580494607148
106039,1138790,1.0,0.6217887999357391
106045,1138800,1.0,0.806988388998419
106046,1138801,1.0,0.6914600169768333
106056,1138819,1.0,0.5617131343486815
106058,1138821,1.0,0.590578897785259
106068,1138842,1.0,0.7763590785809311
106074,1138853,1.0,0.9092940700749609
106077,1138856,1.0,0.7621343781367154
106088,1138878,1.0,0.6103320805800735
106089,1138879,1.0,0.7454178790720394
106092,1138885,1.0,0.6279432073181672
106093,1138886,1.0,0.558282340337748
106095,1138889,1.0,0.780926279423013
106098,1138893,1.0,0.8545713960507
106103,1138902,1.0,0.6382639371997094
106109,1138911,1.0,0.6212073691832358
106122,1138933,1.0,0.6238794347181509
106124,1138935,1.0,0.5791790197711142
106131,1138945,1.0,0.7939158166781751
106133,1138948,1.0,0.798109339675023
106138,1138957,1.0,0.949216259599051
106139,1138961,1.0,0.6612329856918943
106148,1138976,1.0,0.7802175979873174
106151,1138982,1.0,0.7389551662233729
106153,1138990,1.0,0.6326808190217375
106161,1139002,1.0,0.7264771227746848
106166,1139009,1.0,0.9599661152261264
106167,1139010,1.0,0.6800849597745844
106175,1139021,1.0,0.9643895553177345
106176,1139025,1.0,0.5071151685494693
106179,1139033,1.0,0.5543955047843399
106180,1139034,1.0,0.9119527459762021
106181,1139035,1.0,0.9323908241859266
106182,1139036,1.0,0.5380552027739677
106203,1139068,1.0,0.6239560316131195
106208,1139078,1.0,0.6566495808128501
106212,1139084,1.0,0.6948667950065637
106213,1139085,1.0,0.6976666778546106
106231,1139113,1.0,0.9106354924233068
106245,1139134,1.0,0.5818097710455834
106249,1139145,1.0,0.6715578231227498
106250,1139148,1.0,0.7096860691694526
106254,1139156,1.0,0.7597774275136392
106260,1139164,1.0,0.5294091905601265
106262,1139166,1.0,0.7962801907971222
106268,1139175,1.0,0.6672611104728058
106270,1139178,1.0,0.8871745492028553
106280,1139194,1.0,0.7410720284906077
106285,1139203,1.0,0.5519529069847432
106286,1139204,1.0,0.9076857841841235
106290,1139209,1.0,0.5153705087894569
106294,1139214,1.0,0.837495150791539
106295,1139215,1.0,0.5035932233723557
106299,1139225,1.0,0.9294534635971539
106300,1139226,1.0,0.9810259371860333
106301,1139227,1.0,0.8721071411527661
106302,1139228,1.0,0.7792279204335972
106307,1139237,1.0,0.9307696675728355
106319,1139257,1.0,0.6822511390025946
106321,1139259,1.0,0.5431489082854334
106322,1139260,1.0,0.5546755140417731
106325,1139263,1.0,0.7857526960656936
106329,1139269,1.0,0.7415963011769133
106338,1139282,1.0,0.5745612395496792
106340,1139286,1.0,0.6021112532704795
106341,1139288,1.0,0.6228419822010866
106342,1139291,1.0,0.5981666081778033
106344,1139304,1.0,0.651247410563533
106345,1139305,1.0,0.5236838353821963
106348,1139310,1.0,0.7419998263441527
106350,1139312,1.0,0.8311110554929564
106351,1139314,1.0,0.8979563725540892
106355,1139319,1.0,0.9309498269704173
106357,1139321,1.0,0.74895982329669
106359,1139325,1.0,0.946025196548325
106360,1139329,1.0,0.7416391806953023
106361,1139330,1.0,0.6436166518196026
106369,1139340,1.0,0.7559707841244886
106372,1139345,1.0,0.6140242743192854
106383,1139360,1.0,0.9060040845076383
106385,1139364,1.0,0.779562159520827
106388,1139368,1.0,0.820137703943171
106389,1139369,1.0,0.7199859322808495
106391,1139372,1.0,0.6024019648985987
106393,1139375,1.0,0.6614157549579327
106404,1139388,1.0,0.6909987811384374
106412,1139401,1.0,0.8568232399998036
106427,1139418,1.0,0.5211951563205901
106430,1139421,1.0,0.9186089846055048
106453,1139445,1.0,0.7030736114929257
106458,1139452,1.0,0.9160748304794057
106462,1139456,1.0,0.5709425561917437
106480,1139479,1.0,0.8721869647268388
106497,1139505,1.0,0.6941585985796017
106501,1139511,1.0,0.8097402627477946
106503,1139513,1.0,0.6637875625391683
106508,1139521,1.0,0.6959928360333566
106523,1139541,1.0,0.6097973757448459
106526,1139546,1.0,0.7446931110211394
106529,1139553,1.0,0.745584885207586
106531,1139555,1.0,0.666979736093183
106537,1139563,1.0,0.5740283003687439
106557,1139591,1.0,0.5573203359683614
106568,1139605,1.0,0.6157938405477561
106570,1139607,1.0,0.8452855325821277
106590,1139629,1.0,0.5007738686851217
106614,1139655,1.0,0.801389078279914
106628,1139671,1.0,0.8299184420775277
106636,1139679,1.0,0.7715986583647776
106641,1139685,1.0,0.8074001385841718
106643,1139690,1.0,0.8430577808056007
106667,1139717,1.0,0.9120036394521357
106671,1139721,1.0,0.7514780522041277
106678,1139729,1.0,0.9101196245305778
106679,1139730,1.0,0.5144297133411715
106768,1139834,1.0,0.5272839326073477
106769,1139836,1.0,0.6382670029646857
106770,1139837,1.0,0.6351584617428757
106771,1139838,1.0,0.6283037826544619
106774,1139842,1.0,0.6095626047456754
106777,1139848,1.0,0.5268744383630537
106778,1139850,1.0,0.5593448045042877
106780,1139854,1.0,0.636629627012007
106781,1139855,1.0,0.5986652056714028
106782,1139856,1.0,0.5093946361695447
106786,1139862,1.0,0.5935746204316656
106787,1139863,1.0,0.9307338971626916
106811,1139893,1.0,0.5376038999152755
106933,1140025,1.0,0.7266065910484408
106957,1140055,1.0,0.5958018587432109
106958,1140056,1.0,0.5073325271480512
106961,1140063,1.0,0.7367396312915481
106969,1140075,1.0,0.6015069990478156
106977,1140091,1.0,0.684345625335296
106978,1140093,1.0,0.7996994275131437
106980,1140097,1.0,0.599986121017078
106984,1140107,1.0,0.7103811448855293
106988,1140113,1.0,0.7954951286558479
106991,1140117,1.0,0.5442207146772634
106995,1140121,1.0,0.7701548884531049
106997,1140127,1.0,0.6783470439871496
107002,1140134,1.0,0.6146218386898425
107008,1140143,1.0,0.6605999248198179
107019,1140160,1.0,0.7418888670825722
107020,1140164,1.0,0.5078079078059335
107025,1140170,1.0,0.5620191984208969
107031,1140179,1.0,0.6460569652222566
107034,1140183,1.0,0.7106564672529944
107040,1140195,1.0,0.6731511457886824
107043,1140198,1.0,0.8760316981372113
107054,1140218,1.0,0.6518610814468356
107058,1140223,1.0,0.6140260344132776
107060,1140227,1.0,0.7917943434795005
107077,1140249,1.0,0.7301163885134664
107083,1140257,1.0,0.5072977047337149
107148,1140355,1.0,0.9181810989653819
107157,1140371,1.0,0.8778396377949701
107158,1140372,1.0,0.6297769915776955
107165,1140389,1.0,0.9303311295192154
107177,1140406,1.0,0.9097467456449052
107179,1140408,1.0,0.6257815411257864
107184,1140414,1.0,0.8022191375202988
107201,1140448,1.0,0.5913141372557226
107204,1140451,1.0,0.5627446338162668
107211,1140459,1.0,0.8594305578183784
107226,1140489,1.0,0.9553583038302443
107228,1140497,1.0,0.8689165457323298
107230,1140499,1.0,0.6964467452597852
107234,1140503,1.0,0.9379902166947696
107235,1140506,1.0,0.6931005415502235
107236,1140507,1.0,0.9325183225331863
107237,1140509,1.0,0.6347235872630418
107244,1140524,1.0,0.7287808360615958
107257,1140540,1.0,0.7106567458494892
107267,1140554,1.0,0.869780368765108
107268,1140555,1.0,0.8833917640474647
107269,1140556,1.0,0.7207841246267296
107274,1140564,1.0,0.6803180551304745
107275,1140565,1.0,0.6438134712013591
107279,1140570,1.0,0.7514327647159779
107280,1140571,1.0,0.7979777396356993
107282,1140573,1.0,0.8218668757509178
107284,1140576,1.0,0.8142408812211828
107287,1140580,1.0,0.581908935386689
107291,1140585,1.0,0.8833013791996374
107325,1140624,1.0,0.8174781169142286
107330,1140629,1.0,0.5336243575740264
107336,1140637,1.0,0.7315258008131558
107346,1140648,1.0,0.5863953427992704
107352,1140654,1.0,0.7829265100987405
107353,1140655,1.0,0.9407311247517142
107356,1140658,1.0,0.5003457037787533
107358,1140660,1.0,0.5015374829322641
107367,1140671,1.0,0.889769611928146
107375,1140680,1.0,0.5120118412856409
107387,1140693,1.0,0.6439722353891566
107389,1140697,1.0,0.8746463128329827
107408,1140720,1.0,0.533985860099577
107414,1140728,1.0,0.929102267639617
107423,1140746,1.0,0.6654548552738235
107426,1140751,1.0,0.7879804188464715
107432,1140759,1.0,0.9342973036038675
107433,1140760,1.0,0.5566407653003351
107434,1140765,1.0,0.5317504774558255
107436,1140768,1.0,0.547407725478645
107441,1140773,1.0,0.7515120499022631
107453,1140788,1.0,0.6471656600863568
107457,1140794,1.0,0.9292613156818917
107460,1140800,1.0,0.5419807713405895
107462,1140804,1.0,0.8644249047653972
107479,1140833,1.0,0.8433703074648895
107500,1140868,1.0,0.7151547831533427
107505,1140873,1.0,0.8047911408507717
107507,1140876,1.0,0.7682732137331364
107514,1140889,1.0,0.6106729950137011
107515,1140890,1.0,0.5104685108882612
107520,1140899,1.0,0.6335526703122936
107523,1140903,1.0,0.7862891214218077
107526,1140910,1.0,0.6621174203229533
107528,1140912,1.0,0.8906017648538799
107530,1140916,1.0,0.7159912410143231
107533,1140921,1.0,0.5616623796687285
107543,1140936,1.0,0.8666572545640097
107551,1140949,1.0,0.7232677988038632
107552,1140950,1.0,0.8846872350261006
107556,1140957,1.0,0.649373743051982
107557,1140959,1.0,0.809229532499584
107558,1140960,1.0,0.8028457798463076
107560,1140963,1.0,0.690519204220502
107561,1140965,1.0,0.7086105534666648
107606,1141017,1.0,0.6543231656344082
107609,1141020,1.0,0.7559664725308
107634,1141045,1.0,0.9203191010847817
107673,1141088,1.0,0.862582560945524
107682,1141097,1.0,0.8280751375168292
107693,1141110,1.0,0.6228371013857902
107713,1141145,1.0,0.5852997942066723
107714,1141146,1.0,0.7983339368607628
107719,1141156,1.0,0.7297567680159112
107722,1141161,1.0,0.9209275348255838
107725,1141164,1.0,0.9095570750352653
107731,1141173,1.0,0.5319327928566476
107734,1141178,1.0,0.5652459023074691
107743,1141192,1.0,0.6478323467601208
107745,1141196,1.0,0.8493004448304623
107751,1141204,1.0,0.7179243126854987
107770,1141239,1.0,0.5589041102174716
107771,1141241,1.0,0.7366002881812758
107781,1141260,1.0,0.7847831241068223
107782,1141261,1.0,0.6342261632411943
107783,1141263,1.0,0.7284324252827192
107785,1141265,1.0,0.6146086032608965
107786,1141266,1.0,0.7709085110407142
107788,1141270,1.0,0.7253147375889696
107809,1141302,1.0,0.748277334016947
107830,1141327,1.0,0.7972899796931704
107845,1141345,1.0,0.5457240551463128
107868,1141376,1.0,0.6526361773154697
107871,1141383,1.0,0.6791553677885133
107873,1141385,1.0,0.7593622647044163
107874,1141386,1.0,0.5612490831159015
107882,1141396,1.0,0.5017443545685799
107884,1141398,1.0,0.764140902428345
107885,1141400,1.0,0.7656068394836705
107887,1141402,1.0,0.6695411705160308
107889,1141404,1.0,0.6792010326076059
107890,1141405,1.0,0.5608053640418302
107905,1141427,1.0,0.6405849603560689
107910,1141433,1.0,0.6929155815984097
107914,1141440,1.0,0.5482170339119966
107924,1141454,1.0,0.7368644663313045
107926,1141458,1.0,0.7398751989235418
107927,1141459,1.0,0.660828787435716
107928,1141462,1.0,0.8463048902742712
107933,1141470,1.0,0.5466413423670421
108009,1141549,1.0,0.9463408733963676
108051,1141595,1.0,0.8300336833933282
108076,1141622,1.0,0.8835927385444053
108093,1141641,1.0,0.7355836679545852
108095,1141643,1.0,0.5355416350888623
108096,1141645,1.0,0.5038638268956982
108117,1141668,1.0,0.7700756473231101
108146,1141698,1.0,0.5023280011806239
108162,1141719,1.0,0.5713374696028086
108184,1141743,1.0,0.832242285412239
108194,1141754,1.0,0.6859499758692367
108213,1141775,1.0,0.6358135319787198
108216,1141778,1.0,0.6229177758828282
108219,1141782,1.0,0.5320572760114631
108272,1141847,1.0,0.8010415200160479
108275,1141852,1.0,0.5770409307287627
108284,1141862,1.0,0.9161841524566237
108288,1141872,1.0,0.9137148248730321
108299,1141887,1.0,0.5401117289216291
108303,1141894,1.0,0.8620128864381008
108306,1141897,1.0,0.7281459467702877
108307,1141898,1.0,0.8493019908133348
108310,1141904,1.0,0.8239923235831667
108312,1141907,1.0,0.6004383577240328
108315,1141911,1.0,0.5482305466006799
108320,1141921,1.0,0.5561243756569711
108327,1141929,1.0,0.7750743616137286
108340,1141948,1.0,0.9076785008578011
108349,1141957,1.0,0.6334257204869816
108360,1141969,1.0,0.9282162362885785
108364,1141975,1.0,0.7607761920628242
108445,1142060,1.0,0.532081205350202
108498,1142121,1.0,0.855960372282254
108529,1142157,1.0,0.584174009763471
108614,1142252,1.0,0.5588656725695319
108618,1142257,1.0,0.5356245231463851
108631,1142274,1.0,0.9146762184134234
108663,1142314,1.0,0.5690084519910413
108704,1142360,1.0,0.6542694037560265
108791,1142455,1.0,0.8238035109679115
108807,1142472,1.0,0.732609068823496
108837,1142505,1.0,0.5162797131697796
108894,1142568,1.0,0.5004683379082598
108932,1142609,1.0,0.6042912415224456
108956,1142633,1.0,0.5337687931638471
108962,1142639,1.0,0.7365427176166247
108977,1142661,1.0,0.5608610746711359
108978,1142662,1.0,0.5775709087913325
108983,1142669,1.0,0.7567515990198127
108985,1142672,1.0,0.7895707855927436
108988,1142679,1.0,0.7333171309627063
108989,1142680,1.0,0.8034064506690438
108991,1142684,1.0,0.5052487121329289
108993,1142687,1.0,0.9440979704250652
109001,1142702,1.0,0.6476770451688317
109002,1142704,1.0,0.6005459310034266
109003,1142706,1.0,0.9343129379606534
109004,1142707,1.0,0.7629298551215845
109009,1142714,1.0,0.8546453169319665
109011,1142716,1.0,0.5782685156697985
109012,1142717,1.0,0.7757103235375613
109015,1142720,1.0,0.7860698683333724
109018,1142724,1.0,0.5505187080625105
109021,1142728,1.0,0.6789777148049106
109030,1142739,1.0,0.8074979342719489
109042,1142756,1.0,0.7429887130388485
109069,1142792,1.0,0.9037692444263706
109132,1142862,1.0,0.9229587981590296
109158,1142888,1.0,0.7743280372871086
109191,1142922,1.0,0.836857169255334
109212,1142944,1.0,0.6739275991892582
109216,1142948,1.0,0.7530501180371748
109258,1142994,1.0,0.738119315529547
109261,1142997,1.0,0.5461983210229464
109348,1143097,1.0,0.6425836952361128
109362,1143113,1.0,0.5156396950042501
109377,1143128,1.0,0.5017121647968713
109383,1143135,1.0,0.8371722493937086
109393,1143147,1.0,0.7298528384402365
109394,1143148,1.0,0.9651905104220083
109403,1143162,1.0,0.7364793206883434
109425,1143188,1.0,0.505342332575443
109436,1143200,1.0,0.5308456116686546
109438,1143202,1.0,0.7206014059987501
109455,1143225,1.0,0.7259804076355433
109515,1143294,1.0,0.7079406896599627
109534,1143317,1.0,0.6353144562279633
109549,1143334,1.0,0.5320521384676555
109615,1143410,1.0,0.6207378786100879
109662,1143463,1.0,0.9064331265152837
109692,1143505,1.0,0.6123976274279735
109694,1143507,1.0,0.7158271156634957
109709,1143522,1.0,0.5854976897727079
109741,1143560,1.0,0.8184902354861194
109743,1143562,1.0,0.6086181908255249
109748,1143568,1.0,0.5293991247965103
109750,1143571,1.0,0.8917164522497791
109751,1143573,1.0,0.7008515540193451
109759,1143587,1.0,0.895150245649646
109767,1143598,1.0,0.7526532758281101
109778,1143615,1.0,0.6851856827736815
109780,1143618,1.0,0.6364677765400861
109781,1143619,1.0,0.6411949576200131
109783,1143623,1.0,0.670341973087283
109784,1143624,1.0,0.6390009449092006
109785,1143625,1.0,0.8162112264637585
109786,1143626,1.0,0.5522683113362712
109790,1143633,1.0,0.7925028128809813
109800,1143652,1.0,0.5431619052432772
109900,1143777,1.0,0.7239483134097079
109990,1143898,1.0,0.7118685789617324
110015,1143924,1.0,0.8421917959908704
110029,1143938,1.0,0.7941284007002543
110030,1143939,1.0,0.9133925784542009
110067,1143978,1.0,0.5564460301704509
110087,1143999,1.0,0.5403087520085298
110149,1144066,1.0,0.5581289913383675
110168,1144088,1.0,0.8012346821217392
110211,1144136,1.0,0.5822559476230317
110227,1144153,1.0,0.7486705795490345
110304,1144237,1.0,0.6166928916532801
110316,1144250,1.0,0.5099582176858118
110319,1144253,1.0,0.8509238812819915
110391,1144334,1.0,0.5916251636263369
110473,1144419,1.0,0.635621688263688
110536,1144488,1.0,0.7098355801284688
110538,1144490,1.0,0.813999829682855
110540,1144494,1.0,0.5039874908914563
110559,1144514,1.0,0.5775083349709261
110606,1144563,1.0,0.9100568278357377
110627,1144587,1.0,0.5434411874248718
110635,1144595,1.0,0.5368105742438687
110647,1144612,1.0,0.8029851213841714
110660,1144627,1.0,0.8485259366877677
110667,1144636,1.0,0.5497313804171522
110706,1144678,1.0,0.914609473839264
110743,1144720,1.0,0.6246078896208151
110763,1144743,1.0,0.9242684870053067
110774,1144758,1.0,0.7572258655967434
110824,1144820,1.0,0.762251771837199
110877,1144884,1.0,0.6430333033710713
110923,1144936,1.0,0.6020067375061833
110930,1144944,1.0,0.5572981369833029
110931,1144945,1.0,0.9224808772630251
110941,1144961,1.0,0.5832800460478901
110957,1144983,1.0,0.9065180400491862
110958,1144984,1.0,0.8786829503962179
110970,1145006,1.0,0.7226067326638838
110973,1145010,1.0,0.8448939084041819
110976,1145017,1.0,0.637950264744558
110983,1145028,1.0,0.8262351634235772
110990,1145035,1.0,0.5396045415890118
110997,1145048,1.0,0.679678973648978
110999,1145050,1.0,0.6964645674300094
111005,1145061,1.0,0.6081162783452171
111009,1145067,1.0,0.6693165130843386
111010,1145069,1.0,0.5693888610936403
111016,1145076,1.0,0.5931616017936058
111018,1145080,1.0,0.9118898653485631
111023,1145088,1.0,0.9182293519238323
111052,1145121,1.0,0.5221600081047301
111096,1145172,1.0,0.5366891634993958
111173,1145257,1.0,0.9017718020603287
111214,1145311,1.0,0.6704299366572247
111244,1145342,1.0,0.6327474356989908
111325,1145432,1.0,0.8775433158846239
111356,1145465,1.0,0.5373747606273762
111387,1145498,1.0,0.7212872059436075
111408,1145519,1.0,0.6928862809382621
111409,1145520,1.0,0.6570561632294372
111439,1145551,1.0,0.5521019977669074
111444,1145557,1.0,0.5301311603170716
111495,1145615,1.0,0.8189748261350437
111521,1145647,1.0,0.783755023657673
111525,1145652,1.0,0.5085149187562273
111547,1145677,1.0,0.7370390557876179
111581,1145712,1.0,0.5694576109008622
111586,1145719,1.0,0.6932194813750201
111685,1145835,1.0,0.6950352542006667
111724,1145880,1.0,0.730312777584492
111791,1145966,1.0,0.6510514026736547
111819,1145997,1.0,0.8536065592971335
111928,1146140,1.0,0.7551015453325013
111962,1146182,1.0,0.5116051921473185
111964,1146184,1.0,0.851736694628477
111981,1146213,1.0,0.901770073956119
111985,1146218,1.0,0.501873245867857
111993,1146228,1.0,0.7959885956311038
111994,1146231,1.0,0.7146744872647331
111996,1146234,1.0,0.6446772336794102
112005,1146250,1.0,0.8192420923726871
112007,1146253,1.0,0.5789421438448205
112012,1146261,1.0,0.5972002909409958
112014,1146264,1.0,0.6268758583513404
112017,1146269,1.0,0.515226613499554
112022,1146275,1.0,0.6257726896593055
112033,1146290,1.0,0.6867186824030423
112081,1146352,1.0,0.7587285202302612
112114,1146390,1.0,0.9551240485333602
112143,1146429,1.0,0.948595649295916
112160,1146446,1.0,0.5236324110386172
112166,1146452,1.0,0.7131865993822952
112201,1146487,1.0,0.6513443504952581
112228,1146515,1.0,0.6980384753227281
112271,1146559,1.0,0.6716996398582354
112272,1146560,1.0,0.6810153353473113
112327,1146619,1.0,0.6060758806650662
112336,1146628,1.0,0.5726488931664605
112393,1146695,1.0,0.905162528109098
112435,1146741,1.0,0.6534617728500437
112444,1146751,1.0,0.8737672563587012
112447,1146754,1.0,0.7328876787826842
112450,1146757,1.0,0.756462530899344
112451,1146758,1.0,0.8604944661451331
112470,1146782,1.0,0.8703944131646603
112505,1146823,1.0,0.7450149219513649
112523,1146846,1.0,0.8833411907280107
112614,1146953,1.0,0.7456902706627752
112637,1146977,1.0,0.5861661098167128
112664,1147005,1.0,0.7101520087523634
112695,1147038,1.0,0.7765264545691294
112713,1147060,1.0,0.7253434720686326
112743,1147093,1.0,0.7101730574671644
112782,1147133,1.0,0.8738928588419217
112801,1147153,1.0,0.9354731035612919
112813,1147166,1.0,0.691694475967224
112841,1147206,1.0,0.6000822552531887
112849,1147215,1.0,0.6738603925300083
112855,1147222,1.0,0.7290501257023144
112859,1147226,1.0,0.9131872080255389
112879,1147252,1.0,0.6409752608535646
112887,1147265,1.0,0.8984175978232304
112890,1147268,1.0,0.5594402151645991
112895,1147274,1.0,0.5190066502333228
112899,1147280,1.0,0.6304180934503577
112987,1147391,1.0,0.5675774565712518
113088,1147512,1.0,0.6504164883299297
113124,1147550,1.0,0.8477131987721134
113152,1147580,1.0,0.855283768177597
113166,1147598,1.0,0.7863302194128938
113210,1147651,1.0,0.7259711781401029
113217,1147659,1.0,0.5508397094138568
113233,1147680,1.0,0.5943030803510002
113238,1147686,1.0,0.5871445339714614
113247,1147698,1.0,0.6223203499066524
113304,1147761,1.0,0.8694039066083802
113325,1147787,1.0,0.7899158599274619
113381,1147852,1.0,0.8928913144176325
113412,1147891,1.0,0.5420143737413428
113422,1147901,1.0,0.7365929274234523
113436,1147918,1.0,0.5245940957602097
113446,1147928,1.0,0.8267207952308664
113496,1147983,1.0,0.924812812607812
113501,1147988,1.0,0.7830084721603763
113534,1148025,1.0,0.519093159057523
113535,1148026,1.0,0.8899189771419322
113538,1148029,1.0,0.9095906748667868
113566,1148062,1.0,0.6347489800187174
113569,1148067,1.0,0.7086816607622327
113584,1148087,1.0,0.8157877200168039
113586,1148093,1.0,0.7184899255532345
113605,1148122,1.0,0.796612964192241
113610,1148134,1.0,0.9169191270122837
113612,1148140,1.0,0.5468976489723955
113613,1148141,1.0,0.7854452994670603
113619,1148152,1.0,0.5082978195811564
113626,1148160,1.0,0.7292970159941466
113636,1148172,1.0,0.6777295821513664
113680,1148230,1.0,0.6753400759517357
113719,1148284,1.0,0.6454282183288991
113818,1148400,1.0,0.6211469788836236
113895,1148480,1.0,0.772936752989864
113909,1148496,1.0,0.5472560512442014
113944,1148535,1.0,0.509145927795461
113966,1148558,1.0,0.5067405765453505
114000,1148599,1.0,0.5185887003481776
114051,1148658,1.0,0.5007890271816089
114108,1148732,1.0,0.6074054189594015
114179,1148825,1.0,0.9229953757689466
114204,1148854,1.0,0.5062384971519759
114205,1148855,1.0,0.569190783659094
114208,1148860,1.0,0.936831333142216
114209,1148861,1.0,0.704133029486334
114213,1148865,1.0,0.6125291654851568
114222,1148878,1.0,0.715902040532071
114223,1148879,1.0,0.5193098143313996
114224,1148880,1.0,0.763211322987876
114228,1148886,1.0,0.5089078063465962
114235,1148896,1.0,0.8823822329198568
114244,1148907,1.0,0.6636418586470274
114248,1148912,1.0,0.5362474828731704
114255,1148921,1.0,0.8261584347084046
114275,1148949,1.0,0.927938226584546
114321,1149016,1.0,0.5631825205695168
114406,1149105,1.0,0.5068065973929512
114526,1149229,1.0,0.5011893926887849
114557,1149261,1.0,0.9008429182711872
114561,1149265,1.0,0.6664141523575601
114636,1149342,1.0,0.5358113385757229
114821,1149536,1.0,0.6573439550504773
114893,1149611,1.0,0.7283430383496317
115129,1149867,1.0,0.5532043427957538
115132,1149871,1.0,0.5382745416804118
115214,1149957,1.0,0.6048995893339356
115234,1149979,1.0,0.8803473685824065
115286,1150034,1.0,0.5277001433611791
115310,1150059,1.0,0.7854284454665649
115321,1150070,1.0,0.7641581682651694
115387,1150142,1.0,0.8687551967010204
115400,1150157,1.0,0.8025436956100624
115450,1150209,1.0,0.5685470234450798
115452,1150211,1.0,0.5920284262968821
115540,1150303,1.0,0.8391646550636886
115561,1150326,1.0,0.6757885833040307
115562,1150327,1.0,0.6609896891306736
115575,1150342,1.0,0.7500482496238217
115636,1150418,1.0,0.8152707101030744
115646,1150429,1.0,0.8392263516859718
115703,1150493,1.0,0.6502949215146088
115708,1150500,1.0,0.9528260778933315
115715,1150507,1.0,0.8802688629672035
115716,1150508,1.0,0.5044419500277882
115718,1150510,1.0,0.684272689399458
115719,1150512,1.0,0.6648155926794943
115721,1150514,1.0,0.8322752364362256
115727,1150523,1.0,0.6418838273241453
115729,1150527,1.0,0.8376705102511691
115746,1150550,1.0,0.6398453512927056
115747,1150551,1.0,0.8049881591447235
115749,1150553,1.0,0.7658600904066902
115750,1150554,1.0,0.8271991061944812
115753,1150558,1.0,0.5690822700116233
115764,1150576,1.0,0.6753540164413573
115771,1150590,1.0,0.7573753158977894
115774,1150594,1.0,0.7233634875358871
115777,1150598,1.0,0.6924347196381117
115782,1150606,1.0,0.7597593793390995
115783,1150609,1.0,0.931422386636212
115789,1150622,1.0,0.5241757509452197
115791,1150624,1.0,0.6306462972343493
115798,1150637,1.0,0.6329633311129911
115809,1150658,1.0,0.8040530606672488
115810,1150659,1.0,0.7520078058217448
115846,1150708,1.0,0.8519783189381827
115856,1150722,1.0,0.6506970721715054
115858,1150724,1.0,0.5070528633549211
115885,1150761,1.0,0.588309699307215
115890,1150768,1.0,0.8703724378876168
115954,1150839,1.0,0.6065471447669204
116007,1150898,1.0,0.5112323228050307
116064,1150959,1.0,0.7403105575728941
116080,1150979,1.0,0.5437148827291592
116095,1150998,1.0,0.5384599944829564
116102,1151006,1.0,0.6728025115454533
116104,1151008,1.0,0.5526204359975663
116162,1151075,1.0,0.7832330746682521
116175,1151090,1.0,0.5445311910295049
116196,1151115,1.0,0.6291544919934148
116238,1151163,1.0,0.8010823418849887
116239,1151164,1.0,0.8319552438346101
116309,1151246,1.0,0.8236064146224186
116431,1151400,1.0,0.669058981319279
116433,1151402,1.0,0.9266747450501958
116447,1151419,1.0,0.5464165117186833
116460,1151435,1.0,0.5374698962992038
116470,1151447,1.0,0.7307326802875509
116476,1151453,1.0,0.8685384816246677
116487,1151464,1.0,0.8118075038472421
116488,1151466,1.0,0.7510138051218654
116492,1151470,1.0,0.8373419763411819
116503,1151489,1.0,0.7768308572182329
116506,1151492,1.0,0.7664644567799135
116521,1151518,1.0,0.617074432373835
116526,1151524,1.0,0.8414869232669232
116531,1151531,1.0,0.7113083285566526
116533,1151537,1.0,0.8925829129192662
116536,1151540,1.0,0.6964250590510106
116541,1151546,1.0,0.599432316063633
116543,1151549,1.0,0.6030465486590869
116562,1151572,1.0,0.5438958081997498
116577,1151590,1.0,0.8286109974682682
116584,1151599,1.0,0.5608389044874631
116612,1151631,1.0,0.8911347600398418
116615,1151635,1.0,0.8109174622697569
116619,1151642,1.0,0.8364147419491833
116631,1151659,1.0,0.6116855060721043
116659,1151693,1.0,0.638338785054527
116682,1151719,1.0,0.6617785849232392
116688,1151726,1.0,0.8049311040644274
116749,1151789,1.0,0.8403212615236831
116754,1151795,1.0,0.7175535696219845
116822,1151876,1.0,0.505935737768917
116828,1151883,1.0,0.520742657606214
116831,1151886,1.0,0.6590398594570726
116878,1151943,1.0,0.6981227779433367
116988,1152089,1.0,0.824578999117428
116994,1152098,1.0,0.6283889954688404
117024,1152137,1.0,0.6473010630249633
117026,1152139,1.0,0.921715324131199
117041,1152156,1.0,0.5869458002612978
117065,1152185,1.0,0.8036854603092249
117067,1152187,1.0,0.5111906625620468
117069,1152189,1.0,0.8242872135486374
117075,1152197,1.0,0.5981340343848138
117091,1152216,1.0,0.5398272243817654
117093,1152218,1.0,0.7170732894575296
117095,1152222,1.0,0.6415962769817525
117103,1152234,1.0,0.7818453643629982
117106,1152237,1.0,0.7669383431821112
117107,1152238,1.0,0.6554121728563429
117110,1152241,1.0,0.7619283394652215
117111,1152242,1.0,0.6682005282065435
117116,1152251,1.0,0.7972571075405593
117123,1152260,1.0,0.6214213916474195
117126,1152266,1.0,0.8747233897587944
117132,1152274,1.0,0.6486504892044646
117136,1152278,1.0,0.6883415379994163
117137,1152279,1.0,0.5658829931995878
117157,1152305,1.0,0.7258305359389927
117169,1152320,1.0,0.8354461173724532
117338,1152527,1.0,0.5091465784080074
117372,1152562,1.0,0.7142175087892684
117390,1152585,1.0,0.5461085508818263
117478,1152679,1.0,0.6761445453817742
117590,1152808,1.0,0.6123335659603684
117658,1152889,1.0,0.7476797579573043
117698,1152934,1.0,0.5668556609193632
117742,1152987,1.0,0.7156837575545282
117775,1153028,1.0,0.6441540680237949
117779,1153032,1.0,0.6046733467640487
117892,1153163,1.0,0.8943419484227343
117893,1153164,1.0,0.5979143953113858
117964,1153247,1.0,0.5898411198032619
117967,1153253,1.0,0.5319673550828967
117972,1153260,1.0,0.6693841732530855
117988,1153292,1.0,0.8271543355605822
117990,1153294,1.0,0.7285616366760336
117991,1153296,1.0,0.8392053025379612
117992,1153297,1.0,0.8460275826720742
117994,1153299,1.0,0.6136688201985683
118000,1153312,1.0,0.5125710866116184
118011,1153326,1.0,0.5511909536521747
118017,1153335,1.0,0.7727468283766341
118109,1153457,1.0,0.7568220221870914
118125,1153474,1.0,0.6427893450169326
118181,1153532,1.0,0.5666018619203013
118194,1153547,1.0,0.5237601998310258
118237,1153591,1.0,0.5563929483376192
118290,1153648,1.0,0.5298374310928433
118330,1153688,1.0,0.5746682426448493
118353,1153713,1.0,0.6569961730868845
118354,1153714,1.0,0.6147438733486014
118416,1153787,1.0,0.5521267223815822
118420,1153793,1.0,0.9012192996244339
118439,1153818,1.0,0.7756065705157276
118508,1153910,1.0,0.9179693070792273
118638,1154075,1.0,0.6072306156274684
118742,1154189,1.0,0.6142632394089573
118743,1154191,1.0,0.7591330811139654
118746,1154194,1.0,0.6118022354745545
118751,1154201,1.0,0.8173220285795472
118754,1154205,1.0,0.8680108175791208
118757,1154211,1.0,0.81736997320146
118763,1154219,1.0,0.6650912190536918
118765,1154221,1.0,0.6601932728500821
118766,1154223,1.0,0.7578720418800219
118770,1154230,1.0,0.6186786009785195
118776,1154243,1.0,0.507777802423841
118785,1154255,1.0,0.6942806206511242
118789,1154262,1.0,0.7754304304457711
118795,1154269,1.0,0.5442423790688957
118809,1154286,1.0,0.8480605121925328
118816,1154294,1.0,0.8501096291558449
118827,1154305,1.0,0.6788124405487692
118840,1154319,1.0,0.5964004298745239
118956,1154437,1.0,0.5279151958319968
118966,1154447,1.0,0.5232676413468704
118970,1154451,1.0,0.6705362210761262
119034,1154518,1.0,0.7725334903530566
119037,1154521,1.0,0.5301714921103543
119040,1154525,1.0,0.8832234234640517
119127,1154616,1.0,0.544875181965291
119141,1154630,1.0,0.8178976790188114
119453,1154963,1.0,0.7350365435926925
119645,1155163,1.0,0.5821981938488685
119682,1155206,1.0,0.6267456882901614
119742,1155268,1.0,0.5744218090729871
120059,1155598,1.0,0.6649397291254691
120298,1155844,1.0,0.9227899558889654
120410,1155959,1.0,0.7008771002376548
120441,1155990,1.0,0.5272902226959876
120473,1156023,1.0,0.6769048620493536
120822,1156390,1.0,0.5579055265032599
121093,1156672,1.0,0.5956122617292897
121139,1156720,1.0,0.9033235631924494
121154,1156737,1.0,0.6546346565913822
121208,1156797,1.0,0.7040495446101483
121229,1156821,1.0,0.8401272077381396
121305,1156910,1.0,0.6877867890284382
121307,1156912,1.0,0.5796456360329458
121322,1156929,1.0,0.6750935357838944
121339,1156948,1.0,0.8831976603521947
121381,1157001,1.0,0.5653154544529738
121383,1157004,1.0,0.7345320925718537
121399,1157028,1.0,0.7668626183688416
121441,1157086,1.0,0.8327739936019052
121443,1157088,1.0,0.8109459596889846
121444,1157089,1.0,0.8240595104107324
121475,1157138,1.0,0.5273400057798877
121490,1157159,1.0,0.744123942846576
121491,1157161,1.0,0.8090586666317898
121494,1157167,1.0,0.9190649929818012
121498,1157173,1.0,0.519252747024783
121500,1157179,1.0,0.507405956693984
121507,1157188,1.0,0.5398731858275154
121515,1157197,1.0,0.6894964920154265
121518,1157201,1.0,0.8142164080036284
121524,1157212,1.0,0.716883722814825
121593,1157325,1.0,0.52376326572381
121616,1157354,1.0,0.5575330384705858
121633,1157381,1.0,0.5440889385028514
121674,1157430,1.0,0.5368976176082815
121734,1157493,1.0,0.8564772431453114
121735,1157494,1.0,0.5659279943342608
121764,1157530,1.0,0.6017532421748362
121794,1157573,1.0,0.8104940804730386
121811,1157595,1.0,0.9287785929307746
121857,1157648,1.0,0.7394378607985898
121897,1157696,1.0,0.5874023195160161
121916,1157717,1.0,0.6030535462718655
121998,1157814,1.0,0.5819450380649221
122056,1157882,1.0,0.9369118230623059
122082,1157909,1.0,0.8046559999851477
122084,1157912,1.0,0.5223127802297592
122135,1157971,1.0,0.6459646499354437
122143,1157981,1.0,0.8434414901371716
122153,1157995,1.0,0.5416799405839868
122230,1158091,1.0,0.9129173615998306
122240,1158104,1.0,0.8960028590335509
122246,1158112,1.0,0.5588836781027449
122247,1158113,1.0,0.8945337991538872
122249,1158115,1.0,0.6300391954495151
122254,1158124,1.0,0.6339191704609004
122257,1158127,1.0,0.6009390759596039
122260,1158134,1.0,0.8635699231223875
122266,1158142,1.0,0.6838401459134922
122270,1158150,1.0,0.6345223246780272
122273,1158156,1.0,0.8086801082582541
122274,1158157,1.0,0.5017412219419014
122279,1158162,1.0,0.752196837821954
122280,1158163,1.0,0.615682784544117
122282,1158166,1.0,0.699763105727121
122289,1158176,1.0,0.6052869510291531
122295,1158183,1.0,0.92366945814873
122297,1158187,1.0,0.5042466309367291
122298,1158188,1.0,0.5549480380334944
122309,1158200,1.0,0.8349391923872256
122311,1158202,1.0,0.7447844179028469
122393,1158290,1.0,0.5272046137678807
122516,1158417,1.0,0.6063037369844589
122524,1158425,1.0,0.7220183702800123
122596,1158503,1.0,0.5416799405839868
122626,1158542,1.0,0.5073295672454052
122711,1158646,1.0,0.5125062216484935
122723,1158659,1.0,0.9396020624359191
122736,1158675,1.0,0.6004142324987518
122858,1158817,1.0,0.863142177475714
122924,1158902,1.0,0.6663744385036144
122968,1158960,1.0,0.5653862406399257
122979,1158974,1.0,0.8724327720020234
122997,1158994,1.0,0.8550183114715567
123000,1158997,1.0,0.8408717188956006
123002,1158999,1.0,0.5192802165331166
123009,1159006,1.0,0.515158474262857
123014,1159014,1.0,0.5267609868628491
123030,1159031,1.0,0.6822406334526978
123055,1159062,1.0,0.7336477690170053
123116,1159140,1.0,0.7605032735097198
123134,1159167,1.0,0.8490198201148538
123140,1159176,1.0,0.8781113499331444
123142,1159178,1.0,0.5089635432444953
123151,1159193,1.0,0.6218881162439623
123162,1159206,1.0,0.7860501029514854
123168,1159214,1.0,0.7500911562591954
123169,1159215,1.0,0.8543891647009294
123180,1159226,1.0,0.5478851088720905
123236,1159283,1.0,0.8795352007977163
123242,1159289,1.0,0.7169708356710156
123315,1159369,1.0,0.8021215302921546
123322,1159376,1.0,0.7526698379274893
123336,1159392,1.0,0.7555950084127346
123346,1159402,1.0,0.6173840371737339
123347,1159403,1.0,0.6726058364432761
123370,1159428,1.0,0.5478482329441403
123495,1159580,1.0,0.8151566724355157
123552,1159643,1.0,0.5735672976006877
123560,1159651,1.0,0.8568355079077079
123583,1159678,1.0,0.8590035343548303
123600,1159699,1.0,0.9104638717222914
123673,1159798,1.0,0.7095905156560665
123695,1159821,1.0,0.8753076011697299
123723,1159859,1.0,0.575312324322065
123735,1159874,1.0,0.7278396645922813
123845,1159996,1.0,0.5305006402877026
123972,1160140,1.0,0.8190256685106724
123993,1160164,1.0,0.9025187207509715
124012,1160194,1.0,0.7276622803190855
124019,1160205,1.0,0.8304002148283006
124020,1160207,1.0,0.5376351448463745
124033,1160234,1.0,0.5214524061835236
124037,1160244,1.0,0.5827727303062933
124041,1160248,1.0,0.8568712492582476
124084,1160303,1.0,0.6313039109519439
124096,1160316,1.0,0.9210616743274588
124146,1160366,1.0,0.8777039948838357
124166,1160386,1.0,0.7158090803518089
124251,1160483,1.0,0.6014840510452351
124294,1160537,1.0,0.5889305986835436
124302,1160549,1.0,0.8224590955843035
124426,1160703,1.0,0.8648099862297345
124451,1160732,1.0,0.5861319043235498
124498,1160791,1.0,0.7786039760462385
124572,1160876,1.0,0.7717322536183191
124584,1160896,1.0,0.5238983559449492
124621,1160945,1.0,0.5403348765289796
124638,1160965,1.0,0.7898402070220839
124666,1160997,1.0,0.7644990994753842
124678,1161009,1.0,0.590018525988932
124683,1161014,1.0,0.6276517385691327
124693,1161024,1.0,0.5269993755191321
124728,1161061,1.0,0.5330758008897865
124767,1161107,1.0,0.6867258701742458
124768,1161108,1.0,0.8547475534773717
124808,1161152,1.0,0.5838725663683229
124835,1161180,1.0,0.5279869614316526
124860,1161207,1.0,0.7272588375550738
124899,1161249,1.0,0.5273083998605751
124900,1161250,1.0,0.6638764469298785
124904,1161256,1.0,0.5375099589684167
124924,1161282,1.0,0.7379075967319227
124926,1161287,1.0,0.5912808104130893
124935,1161301,1.0,0.8782908504516173
124937,1161303,1.0,0.7439451015270993
124939,1161306,1.0,0.7158256656792916
124994,1161364,1.0,0.7857230945405789
124998,1161368,1.0,0.5950718366862853
125004,1161374,1.0,0.9041919199064564
125009,1161379,1.0,0.5536430796434676
125045,1161415,1.0,0.70561569360885
125063,1161435,1.0,0.8870270328857229
125077,1161451,1.0,0.6286699079547499
125090,1161464,1.0,0.6932840600221726
125193,1161595,1.0,0.5879545598683915
125506,1161918,1.0,0.517875934695032
125528,1161940,1.0,0.6123917911948142
125943,1162368,1.0,0.5762691452862219
125990,1162419,1.0,0.5471713014895017
126004,1162435,1.0,0.9010216264082586
126017,1162448,1.0,0.5525995394739657
126214,1162655,1.0,0.6418939375962336
126225,1162667,1.0,0.5528826034093067
126231,1162673,1.0,0.5098250964540072
126278,1162725,1.0,0.5495506401830363
126295,1162743,1.0,0.8456301759519886
126354,1162810,1.0,0.5134376175426747
126385,1162844,1.0,0.670790870072921
126415,1162878,1.0,0.5865555818820163
126705,1163180,1.0,0.7776054103554674
126785,1163267,1.0,0.8262896631774739
126794,1163277,1.0,0.5994450081364271
126811,1163297,1.0,0.6738137551653884
126857,1163353,1.0,0.5496109341941113
126870,1163371,1.0,0.6637522897051733
126871,1163372,1.0,0.8708639899539441
126901,1163413,1.0,0.8569677712111944
126902,1163414,1.0,0.8043190787205152
126953,1163473,1.0,0.8573819826291996
126965,1163485,1.0,0.8889379142687127
127002,1163526,1.0,0.6946483453373873
127020,1163546,1.0,0.5031841076640132
127080,1163611,1.0,0.8394265025378775
127088,1163619,1.0,0.738005666556929
127102,1163636,1.0,0.6450861008770398
127136,1163675,1.0,0.609903803983662
127150,1163690,1.0,0.5061427767248333
127171,1163721,1.0,0.5341458897078291
127250,1163810,1.0,0.9222293410445677
127308,1163883,1.0,0.6008144560968413
127323,1163902,1.0,0.5359255820244495
127422,1164014,1.0,0.831618613590619
127429,1164021,1.0,0.8856508856766342
127436,1164032,1.0,0.5006165141515247
127438,1164036,1.0,0.6003650414192734
127441,1164040,1.0,0.6051852396429103
127446,1164048,1.0,0.5281319685959335
127450,1164052,1.0,0.8885259971653657
127455,1164059,1.0,0.5344394967997875
127459,1164064,1.0,0.5438333976924092
127470,1164079,1.0,0.538137951775239
127475,1164084,1.0,0.64677466488736
127482,1164094,1.0,0.9938835924721283
127489,1164106,1.0,0.6547890612538855
127499,1164120,1.0,0.6517611959122439
127508,1164135,1.0,0.842820951912899
127511,1164141,1.0,0.5986588183635729
127526,1164164,1.0,0.9444611669756823
127543,1164185,1.0,0.6487462557562095
127550,1164195,1.0,0.6217347165154894
127597,1164250,1.0,0.7517981744022886
127620,1164278,1.0,0.9408749129229053
127660,1164324,1.0,0.5354117742788705
127778,1164455,1.0,0.5019945588666376
128064,1164792,1.0,0.9015380508406994
128066,1164794,1.0,0.932455659872539
128255,1164997,1.0,0.7221599497584235
128385,1165142,1.0,0.9565796701309615
128399,1165157,1.0,0.5225087962376803
128411,1165171,1.0,0.8873888417121091
128430,1165195,1.0,0.7089521410828697
128432,1165197,1.0,0.7153435738344375
128452,1165223,1.0,0.8844848468849964
128454,1165226,1.0,0.5932793721989016
128459,1165237,1.0,0.5870801220725378
128501,1165292,1.0,0.6646219385389116
128534,1165334,1.0,0.5103509204403593
128539,1165339,1.0,0.5227131785030197
128647,1165453,1.0,0.6152971331490595
128871,1165723,1.0,0.6545517371200644
128889,1165750,1.0,0.6735336218339478
128900,1165765,1.0,0.6320784557747536
128904,1165770,1.0,0.861715823443469
128933,1165806,1.0,0.6138112829439475
128939,1165814,1.0,0.5498951678390089
129037,1165938,1.0,0.7460266163625239
129048,1165950,1.0,0.5240886491867036
129076,1165988,1.0,0.7792750315678892
129146,1166077,1.0,0.6126725920980544
129269,1166221,1.0,0.9277315612021747
129276,1166232,1.0,0.569442263463123
129351,1166317,1.0,0.6370724581670965
129354,1166320,1.0,0.7429429331688533
129358,1166327,1.0,0.9194178685245356
129361,1166330,1.0,0.9221012672616088
129366,1166338,1.0,0.7366695597384673
129388,1166376,1.0,0.5350482093566153
129397,1166386,1.0,0.5654384035885808
129400,1166393,1.0,0.6785499921691087
129473,1166474,1.0,0.5299084783352412
129655,1166668,1.0,0.6209772342711207
129657,1166671,1.0,0.6993428682507408
129691,1166712,1.0,0.6537400949435898
129899,1166964,1.0,0.5596403172355022
129915,1166993,1.0,0.824246280057474
129920,1167002,1.0,0.7876875340614712
129925,1167010,1.0,0.8751263246893943
129929,1167020,1.0,0.8241862046934432
129930,1167022,1.0,0.7803827069505771
129934,1167029,1.0,0.825955447236529
129940,1167037,1.0,0.9022193445243921
129941,1167038,1.0,0.6256574379015702
129946,1167043,1.0,0.8040782036532019
129967,1167084,1.0,0.7102602775329451
129969,1167089,1.0,0.6679517788026589
129972,1167093,1.0,0.8059616004941369
129976,1167099,1.0,0.515856855453213
129978,1167102,1.0,0.8061105818830772
129982,1167109,1.0,0.5142854330387148
129985,1167112,1.0,0.6320814506950782
130048,1167209,1.0,0.7681387262284876
130130,1167348,1.0,0.8536737991079979
130133,1167353,1.0,0.7837814274402423
130139,1167362,1.0,0.8957081829034411
130142,1167366,1.0,0.8531830255818
130143,1167370,1.0,0.9216865728169633
130152,1167383,1.0,0.6381708705208748
130160,1167394,1.0,0.7553029710653488
130167,1167403,1.0,0.8028959772862472
130175,1167413,1.0,0.5962266834011185
130183,1167428,1.0,0.5123064511139331
130184,1167429,1.0,0.6394016659798601
130185,1167430,1.0,0.7765154270283963
130199,1167453,1.0,0.7257720991529892
130200,1167455,1.0,0.6560403525697435
130208,1167467,1.0,0.7590612406639481
130210,1167469,1.0,0.8731039333763306
130249,1167528,1.0,0.5253119422415392
130255,1167539,1.0,0.9435468071768179
130323,1167673,1.0,0.72891342965897
130328,1167679,1.0,0.8595068029370342
130329,1167680,1.0,0.9215252732122652
130352,1167718,1.0,0.8611934694767096
130429,1167826,1.0,0.6407495858901849
130432,1167831,1.0,0.6710506808014569
130434,1167834,1.0,0.6618897155763094
130443,1167844,1.0,0.6311331656257948
130446,1167848,1.0,0.6595850268917933
130450,1167853,1.0,0.8365466624162058
130455,1167859,1.0,0.7598547425766201
130463,1167870,1.0,0.6967416803121361
130464,1167871,1.0,0.6577396943196903
130466,1167875,1.0,0.8399633857220975
130483,1167898,1.0,0.6265459437324457
130484,1167900,1.0,0.718580277155852
130487,1167905,1.0,0.7545722201969836
130489,1167908,1.0,0.6695426620995759
130490,1167910,1.0,0.8239138339735768
130497,1167921,1.0,0.5266123924022924
130498,1167923,1.0,0.7048821788581674
130502,1167927,1.0,0.5452907111944175
130567,1167993,1.0,0.5565565913456052
130647,1168117,1.0,0.7645802102687004
130735,1168259,1.0,0.5554209834193056
130740,1168268,1.0,0.8490849661624442
130743,1168273,1.0,0.8400913615487277
130751,1168285,1.0,0.5312172054487259
130755,1168289,1.0,0.5835338665012997
130757,1168295,1.0,0.5962393434580999
130759,1168297,1.0,0.7138463048528187
130761,1168300,1.0,0.6005063821209439
130770,1168316,1.0,0.659753794339031
130771,1168317,1.0,0.5769112220868121
130794,1168358,1.0,0.6928484113307939
130873,1168502,1.0,0.6808313609656064
130880,1168509,1.0,0.5204633443996614
130882,1168512,1.0,0.6242952011095342
130883,1168513,1.0,0.6340723839280965
130885,1168517,1.0,0.9549995868693555
130894,1168533,1.0,0.6565391709262944
130904,1168548,1.0,0.8482650982207214
130909,1168557,1.0,0.6347004078942005
130914,1168563,1.0,0.6983391294887689
130916,1168566,1.0,0.9055691432188978
130919,1168571,1.0,0.5120349197223353
130921,1168575,1.0,0.6619518877093143
130928,1168586,1.0,0.8656706031758532
130955,1168621,1.0,0.9397195957017563
131000,1168706,1.0,0.8330870979765482
131050,1168809,1.0,0.7774162605884636
131056,1168821,1.0,0.6321034126774716
131060,1168827,1.0,0.895344980032509
131063,1168832,1.0,0.6092962836639422
131064,1168833,1.0,0.5251521251918267
131078,1168855,1.0,0.8105304406746482
131088,1168871,1.0,0.8871321165315473
131089,1168873,1.0,0.606591797967692
131092,1168876,1.0,0.5682016909580191
131093,1168877,1.0,0.7353507134750475
131096,1168883,1.0,0.8253241825245091
131100,1168891,1.0,0.8149933394354826
131101,1168893,1.0,0.5774664208703053
131102,1168894,1.0,0.6069618828755939
131112,1168912,1.0,0.8136787462048104
131113,1168914,1.0,0.6366612950713453
131125,1168937,1.0,0.6956495454508976
131178,1169022,1.0,0.7831285890566102
131191,1169042,1.0,0.7205121459647588
131245,1169135,1.0,0.5285795085329729
131302,1169227,1.0,0.543344858201313
131311,1169238,1.0,0.8105212441585885
131312,1169239,1.0,0.539346390329969
131321,1169258,1.0,0.9164009523780892
131334,1169275,1.0,0.5972366262627824
131339,1169283,1.0,0.6031589937091957
131351,1169304,1.0,0.5136659063911058
131352,1169305,1.0,0.5143874779631119
131361,1169321,1.0,0.9037340455372682
131364,1169325,1.0,0.6571597725374188
131402,1169400,1.0,0.9175148047419084
131483,1169548,1.0,0.6072691266005766
131492,1169566,1.0,0.9268423413289375
131508,1169598,1.0,0.8497231286869558
131521,1169625,1.0,0.6200351518542152
131522,1169627,1.0,0.5116171559655157
131535,1169650,1.0,0.6534017228769127
131538,1169655,1.0,0.9321992891980745
131580,1169728,1.0,0.5328856537966173
131688,1169891,1.0,0.8636044983567969
131763,1170003,1.0,0.7804276316829339
131778,1170029,1.0,0.6446414457307317
131781,1170034,1.0,0.6205684327159414
131783,1170038,1.0,0.5699813060667426
131791,1170052,1.0,0.7487955077674872
131793,1170054,1.0,0.9379256732202951
131829,1170117,1.0,0.5800433322608064
131864,1170178,1.0,0.9658777312775813
131872,1170192,1.0,0.6737867979072407
131875,1170198,1.0,0.8616088664449884
131878,1170202,1.0,0.7038118465155333
131882,1170213,1.0,0.826093963813911
131884,1170216,1.0,0.6198259213084222
131890,1170226,1.0,0.9067007948887474
131905,1170250,1.0,0.7445176902225343
132058,1170541,1.0,0.657504857074901
132084,1170591,1.0,0.501855765343208
132088,1170597,1.0,0.6154378662026654
132089,1170598,1.0,0.8814951048954063
132091,1170601,1.0,0.7036108000745428
132094,1170604,1.0,0.6009553796547056
132101,1170611,1.0,0.9354865157958226
132107,1170620,1.0,0.7838185721098552
132112,1170626,1.0,0.6913497805505776
132117,1170632,1.0,0.6402567276286065
132137,1170671,1.0,0.725039621464845
132185,1170763,1.0,0.6420238060558972
132196,1170785,1.0,0.5515378207937964
132211,1170817,1.0,0.5598180660301757
132222,1170833,1.0,0.8485157074121435
132225,1170836,1.0,0.5837754269145005
132228,1170841,1.0,0.8612126966065627
132345,1171044,1.0,0.6870437338663756
132422,1171136,1.0,0.8632137764560724
132429,1171145,1.0,0.8095756940647356
132433,1171152,1.0,0.9219499148430134
132437,1171158,1.0,0.8217359570873605
132438,1171159,1.0,0.8692516650508401
132442,1171165,1.0,0.8280589472056163
132445,1171168,1.0,0.8373771129237151
132452,1171179,1.0,0.6583924309588347
132457,1171186,1.0,0.6264652831564699
132460,1171190,1.0,0.8637397706195254
132472,1171208,1.0,0.5790382375032412
132479,1171219,1.0,0.6451231070831892
132620,1171373,1.0,0.7912185200112267
132627,1171382,1.0,0.9007444326155966
132640,1171396,1.0,0.6667739998805382
132645,1171403,1.0,0.7313081409506823
132663,1171421,1.0,0.5464940219095097
132710,1171479,1.0,0.6523708059913513
132717,1171486,1.0,0.5419225503395988
132720,1171490,1.0,0.939057660384007
132721,1171492,1.0,0.5092881822805848
132728,1171504,1.0,0.7891749316028951
132729,1171505,1.0,0.6205559349815343
132731,1171508,1.0,0.5668249548500454
132738,1171521,1.0,0.7932974216289843
132740,1171523,1.0,0.8123824368849004
132744,1171527,1.0,0.5049913417526314
132749,1171539,1.0,0.5070566829094434
132753,1171545,1.0,0.7426067233405871
132810,1171608,1.0,0.7305967962297957
132832,1171632,1.0,0.7252422997862762
132846,1171652,1.0,0.567284677829535
132848,1171658,1.0,0.8519592368140315
132852,1171664,1.0,0.7344806891234023
132876,1171704,1.0,0.792821055201057
132877,1171705,1.0,0.558932029155205
132889,1171727,1.0,0.6111901801548212
132908,1171757,1.0,0.8238546726305578
132919,1171776,1.0,0.618889879889335
132921,1171778,1.0,0.6563663019131065
132929,1171794,1.0,0.728683336706472
132936,1171808,1.0,0.6285220903030102
132946,1171821,1.0,0.7204217689820276
133025,1171918,1.0,0.5683294314146075
133073,1171973,1.0,0.6594843452404723
133090,1171992,1.0,0.5061345953708696
133093,1171995,1.0,0.5890313491065774
133105,1172016,1.0,0.6814674010686214
133106,1172018,1.0,0.6057159588367947
133111,1172026,1.0,0.9267900834428645
133114,1172032,1.0,0.931071176078419
133120,1172041,1.0,0.6538447058411806
133128,1172051,1.0,0.5831054473429509
133129,1172052,1.0,0.6043988853305632
133134,1172061,1.0,0.7197997966435634
133135,1172062,1.0,0.7719496105652268
133136,1172063,1.0,0.8280380592801859
133144,1172076,1.0,0.6156072438115732
133145,1172077,1.0,0.9131962803606805
133146,1172078,1.0,0.8302137544984801
133147,1172079,1.0,0.5051149625763207
133149,1172083,1.0,0.7138020089159434
133150,1172085,1.0,0.692972293662678
133152,1172087,1.0,0.7198640083085044
133157,1172094,1.0,0.6042005910542458
133159,1172096,1.0,0.7618842380299666
133181,1172137,1.0,0.5755815816313891
133448,1172415,1.0,0.817877854431755
133640,1172618,1.0,0.6319184648267109
133659,1172638,1.0,0.6894504491999277
133703,1172684,1.0,0.7353464095401765
133710,1172696,1.0,0.5271698314303859
133711,1172697,1.0,0.8425434855215526
133717,1172706,1.0,0.7865841467138524
133722,1172720,1.0,0.8462284808750508
133727,1172731,1.0,0.8227315086115251
133732,1172738,1.0,0.6536702746106291
133743,1172753,1.0,0.6026237177705264
133747,1172757,1.0,0.7051986530295852
133748,1172758,1.0,0.7466026328067858
133758,1172770,1.0,0.7430212456852305
133763,1172775,1.0,0.5757558306540101
133764,1172776,1.0,0.6758881959832302
133767,1172780,1.0,0.8363520291159473
133768,1172781,1.0,0.7497340488949623
133774,1172788,1.0,0.7833965404401244
133776,1172790,1.0,0.7186284146753579
133779,1172799,1.0,0.5466134870747723
133780,1172800,1.0,0.5140177323605647
133783,1172803,1.0,0.6864385413593144
133792,1172812,1.0,0.5075655680940782
133868,1172892,1.0,0.6067226332343824
133899,1172934,1.0,0.7627503526739992
133900,1172935,1.0,0.8186722467932929
133902,1172938,1.0,0.6426312850564867
133903,1172939,1.0,0.5532164510085777
133915,1172962,1.0,0.641570206990857
133917,1172964,1.0,0.7104844912951498
133920,1172967,1.0,0.6876014279211373
133923,1172972,1.0,0.7699558999623978
133936,1172995,1.0,0.5766548096178502
133940,1173000,1.0,0.9104305648643559
133944,1173005,1.0,0.6335991783515645
133946,1173010,1.0,0.5925683717407182
133947,1173012,1.0,0.9006586273693489
133951,1173018,1.0,0.6703102026200373
133952,1173019,1.0,0.5604482747399001
133960,1173031,1.0,0.7442988395270249
133980,1173071,1.0,0.5338064420742469
133981,1173072,1.0,0.7438757769909098
133982,1173074,1.0,0.6823496179912738
133983,1173075,1.0,0.9402302459782855
133984,1173077,1.0,0.8316788737790674
134016,1173112,1.0,0.8553232488310711
134124,1173237,1.0,0.8567867076403485
134135,1173263,1.0,0.6511603585556349
134143,1173275,1.0,0.5889615471626661
134146,1173279,1.0,0.7147258455089753
134152,1173288,1.0,0.5182995962096757
134163,1173315,1.0,0.6972086811846465
134165,1173320,1.0,0.8022678229621667
134168,1173324,1.0,0.7073816345763153
134169,1173325,1.0,0.5155994863434924
134172,1173328,1.0,0.6026149330079082
134175,1173334,1.0,0.764840927377062
134179,1173341,1.0,0.5149785366437477
134182,1173344,1.0,0.8892003065352986
134189,1173356,1.0,0.6193064166050758
134190,1173357,1.0,0.6084282743008489
134204,1173378,1.0,0.5272030096787832
134214,1173389,1.0,0.6590755215971633
134231,1173407,1.0,0.7821390745223404
134242,1173419,1.0,0.6597897376047547
134261,1173439,1.0,0.6765268346527386
134308,1173492,1.0,0.5114623391022208
134406,1173595,1.0,0.9400836553137536
134437,1173630,1.0,0.92750370726932
134444,1173639,1.0,0.5124066627558608
134449,1173648,1.0,0.9318542112319188
134450,1173649,1.0,0.7992163975365424
134454,1173653,1.0,0.7099710402138764
134455,1173654,1.0,0.7602203919581263
134460,1173661,1.0,0.7988182377615881
134464,1173665,1.0,0.7658084588291647
134471,1173673,1.0,0.6839753256540861
134472,1173675,1.0,0.7480874371839062
134478,1173683,1.0,0.6469617288045666
134480,1173685,1.0,0.6614662080428501
134481,1173687,1.0,0.8303451036558253
134483,1173691,1.0,0.7579823502400731
134490,1173701,1.0,0.7631745504799372
134492,1173704,1.0,0.6435604047354158
134494,1173707,1.0,0.5870355113793717
134512,1173732,1.0,0.5788400613091883
134517,1173739,1.0,0.7799306016719528
134518,1173740,1.0,0.5127538873726621
134519,1173741,1.0,0.6047337327747246
134532,1173758,1.0,0.6507044980711677
134533,1173760,1.0,0.618659745128118
134542,1173776,1.0,0.70384070078961
134549,1173792,1.0,0.8300591949837881
134554,1173800,1.0,0.595682190021141
134560,1173807,1.0,0.6376619555052758
134567,1173818,1.0,0.788872461228406
134570,1173825,1.0,0.5807365096500066
134572,1173829,1.0,0.6959122126096201
134581,1173839,1.0,0.8595174614493086
134626,1173892,1.0,0.9044066916665993
134682,1173950,1.0,0.5577326023948268
134710,1173986,1.0,0.6021567733400125
134713,1173989,1.0,0.7568769872410166
134798,1174084,1.0,0.5236819688996308
134799,1174086,1.0,0.5818844662746014
134803,1174090,1.0,0.6778272372157759
134814,1174109,1.0,0.9652290090244044
134823,1174124,1.0,0.5244589348836347
134856,1174173,1.0,0.7591975237855638
134858,1174175,1.0,0.5749214509349695
135217,1174582,1.0,0.6033311864466095
135219,1174584,1.0,0.6160069364064157
135267,1174645,1.0,0.8135241388291501
135272,1174655,1.0,0.8746919600159959
135275,1174660,1.0,0.7984384889181889
135280,1174669,1.0,0.7201209588415135
135281,1174670,1.0,0.6892946800809374
135283,1174675,1.0,0.7257191532676961
135287,1174681,1.0,0.5962256383420103
135289,1174685,1.0,0.7495078110686422
135301,1174699,1.0,0.5686631134476303
135313,1174717,1.0,0.7523953997676048
135317,1174722,1.0,0.5826325540442429
135319,1174726,1.0,0.5600204407308105
135322,1174731,1.0,0.823627308379341
135323,1174732,1.0,0.9001985963153718
135326,1174736,1.0,0.675315487137488
135331,1174741,1.0,0.6743338632791565
135332,1174742,1.0,0.8637429776088824
135333,1174744,1.0,0.9621026857206942
135336,1174748,1.0,0.7080780349485876
135337,1174750,1.0,0.6754032411824133
135338,1174752,1.0,0.6945391627093753
135346,1174767,1.0,0.7129239149230062
135348,1174771,1.0,0.7904836991471477
135639,1175093,1.0,0.5229048344501817
135669,1175125,1.0,0.544253464439961
135672,1175128,1.0,0.5890351218182515
135683,1175139,1.0,0.7234718521326566
135761,1175228,1.0,0.5073323015837776
135781,1175254,1.0,0.792990494463421
135789,1175272,1.0,0.5115086796081523
135790,1175273,1.0,0.6964913728976762
135801,1175286,1.0,0.8528999488694348
135808,1175296,1.0,0.7957539905758964
135811,1175299,1.0,0.8145769019637741
135821,1175318,1.0,0.6266671814148534
135824,1175323,1.0,0.7503595205636641
135828,1175328,1.0,0.6127553371385291
135830,1175331,1.0,0.68694781389111
135836,1175340,1.0,0.8018938881506693
135845,1175356,1.0,0.7525354497376684
135932,1175475,1.0,0.6211578012902861
135959,1175506,1.0,0.5858456135094209
135991,1175538,1.0,0.6202604426549584
136037,1175589,1.0,0.7661841288822067
136074,1175630,1.0,0.7731610349733324
136097,1175654,1.0,0.7470853658946008
136098,1175656,1.0,0.5843193314053076
136208,1175778,1.0,0.6081787641030675
136256,1175833,1.0,0.6198833818569406
136257,1175835,1.0,0.6566657334894407
136333,1175916,1.0,0.9223400165898812
136340,1175927,1.0,0.7987960399175784
136343,1175931,1.0,0.6043448354470943
136350,1175940,1.0,0.5712323667772403
136351,1175941,1.0,0.8836811649441731
136353,1175943,1.0,0.7939081873015285
136367,1175962,1.0,0.8679649309879666
136369,1175965,1.0,0.8286246809906795
136375,1175982,1.0,0.6052011300673529
136378,1175986,1.0,0.8703801659746826
136379,1175987,1.0,0.5571218072274003
136385,1175994,1.0,0.7436386122437565
136395,1176010,1.0,0.8378254934174356
136410,1176033,1.0,0.7889602510153038
136440,1176071,1.0,0.5020214469311018
136546,1176185,1.0,0.5522725930752929
136688,1176344,1.0,0.5696979119172783
136852,1176527,1.0,0.6898314506985547
136866,1176544,1.0,0.7214016560926003
136875,1176554,1.0,0.6441603707466909
136890,1176571,1.0,0.5739570704363898
136929,1176617,1.0,0.5062608038620795
137066,1176775,1.0,0.5554424765706013
137067,1176776,1.0,0.6865987241272589
137069,1176779,1.0,0.775738513439004
137071,1176781,1.0,0.5686286997208256
137078,1176796,1.0,0.5553761790594564
137079,1176797,1.0,0.5338684353900572
137089,1176813,1.0,0.8033772915684785
137090,1176815,1.0,0.7960492982940502
137091,1176817,1.0,0.8170488038294293
137099,1176825,1.0,0.5805123560838228
137110,1176844,1.0,0.5004098125337049
137111,1176847,1.0,0.7831263852393922
137112,1176849,1.0,0.8285643092832324
137113,1176850,1.0,0.5141409847407299
137122,1176862,1.0,0.6673928189553702
137125,1176868,1.0,0.5009982582166586
137128,1176871,1.0,0.7378283237634086
137129,1176872,1.0,0.8747617732311479
137130,1176873,1.0,0.8310848685268896
137132,1176876,1.0,0.523713051663308
137144,1176900,1.0,0.7753144138508183
137158,1176916,1.0,0.9221658503821045
137161,1176919,1.0,0.6863496570479476
137162,1176920,1.0,0.8347007880648031
137163,1176921,1.0,0.6976836052068393
137165,1176925,1.0,0.7389774395728198
137181,1176949,1.0,0.8400916954519043
137183,1176953,1.0,0.7799566853770563
137184,1176954,1.0,0.8367124025125252
137190,1176965,1.0,0.6033824883414598
137268,1177054,1.0,0.6841866983088707
137319,1177117,1.0,0.6527124024828209
137325,1177123,1.0,0.6097475033038738
137370,1177173,1.0,0.5794214615838232
137385,1177190,1.0,0.5718825238200315
137390,1177195,1.0,0.575475809405229
137486,1177295,1.0,0.8218039159985381
137503,1177314,1.0,0.6459998340266091
137587,1177410,1.0,0.8617852288573815
137594,1177417,1.0,0.7780620883013678
137627,1177455,1.0,0.8233269717393302
137663,1177497,1.0,0.5026054223644217
137703,1177540,1.0,0.8047107722519783
137717,1177554,1.0,0.5518045141194188
137756,1177595,1.0,0.554202577331836
137807,1177651,1.0,0.7126396378722333
137814,1177660,1.0,0.6410195080679228
137825,1177677,1.0,0.7672304197743051
137828,1177684,1.0,0.5990278285032543
137845,1177716,1.0,0.6494187124210697
137848,1177721,1.0,0.8417898200289827
137850,1177724,1.0,0.7659915350854096
137854,1177730,1.0,0.7333937414457633
137866,1177747,1.0,0.7477091435964132
137868,1177749,1.0,0.6204749279644756
137871,1177759,1.0,0.906421397730299
137872,1177761,1.0,0.5494617423926004
137958,1177855,1.0,0.5972018370042187
137998,1177900,1.0,0.7778943733996952
138106,1178012,1.0,0.5182170408999041
138164,1178073,1.0,0.757493231850085
138185,1178096,1.0,0.5449044527900121
138218,1178131,1.0,0.6682290811958903
138292,1178210,1.0,0.9254468923540058
138305,1178225,1.0,0.6151297523746533
138317,1178238,1.0,0.5366465137313257
138390,1178318,1.0,0.5879038359433459
138446,1178376,1.0,0.5974314903772888
138453,1178383,1.0,0.5529028710073629
138596,1178549,1.0,0.5306751530569336
138599,1178553,1.0,0.7350102559366862
138603,1178560,1.0,0.7574113852900239
138605,1178563,1.0,0.5176781664139304
138608,1178567,1.0,0.6998945051388339
138611,1178570,1.0,0.918005344357509
138612,1178571,1.0,0.77326476911101
138617,1178578,1.0,0.6364447420991064
138629,1178593,1.0,0.7148011150201727
138631,1178595,1.0,0.6255285888728103
138645,1178614,1.0,0.5970607223102026
138646,1178615,1.0,0.5600473352417168
138648,1178619,1.0,0.8795804584254757
138649,1178622,1.0,0.6776050004323498
138659,1178643,1.0,0.516344605211819
138666,1178656,1.0,0.6369816216876127
138752,1178752,1.0,0.5073793553645626
138793,1178800,1.0,0.7406535382362468
138917,1178933,1.0,0.5081712388721918
138960,1178981,1.0,0.5938010594143405
139087,1179121,1.0,0.856036812458704
139307,1179350,1.0,0.635035624642087
139337,1179382,1.0,0.6741932004491887
139437,1179504,1.0,0.6744190854082279
139439,1179507,1.0,0.8465603086537644
139443,1179511,1.0,0.7094514811442457
139444,1179513,1.0,0.7069300396033195
139454,1179529,1.0,0.5246292683959275
139462,1179543,1.0,0.8853741873554958
139475,1179571,1.0,0.6632881836509815
139477,1179574,1.0,0.7596375985410138
139484,1179584,1.0,0.6104967907492421
139491,1179594,1.0,0.6292799849799816
139501,1179611,1.0,0.6829060866329495
139511,1179623,1.0,0.6364923665154761
139514,1179627,1.0,0.5429975050787474
139518,1179632,1.0,0.654493391930268
139526,1179647,1.0,0.5420866893929392
139596,1179730,1.0,0.6062681256878811
139641,1179779,1.0,0.7461854508149229
139700,1179845,1.0,0.6546564087593651
139778,1179940,1.0,0.8015264422877184
139865,1180037,1.0,0.5006732666832527
139868,1180041,1.0,0.6779296750588649
139900,1180078,1.0,0.6289352519392338
139929,1180108,1.0,0.599438436374021
140092,1180292,1.0,0.6364308884558589
140093,1180294,1.0,0.5483735326879977
140097,1180303,1.0,0.7807707412459982
140098,1180304,1.0,0.7097327966170106
140104,1180312,1.0,0.5470216085017152
140105,1180313,1.0,0.56889672940846
140106,1180314,1.0,0.5081489634998488
140109,1180317,1.0,0.9080145308831159
140112,1180324,1.0,0.5450463310900998
140121,1180333,1.0,0.7652524110651774
140122,1180334,1.0,0.6177006497088566
140125,1180339,1.0,0.7565262381597664
140129,1180344,1.0,0.7445898324733331
140130,1180345,1.0,0.7393210059609415
140133,1180348,1.0,0.8079584248900632
140137,1180355,1.0,0.746171981559784
140142,1180363,1.0,0.6203816638119823
140145,1180368,1.0,0.5931436398757737
140153,1180382,1.0,0.6489408148918832
140161,1180392,1.0,0.7610104732522718
140166,1180399,1.0,0.7928461052718078
140181,1180419,1.0,0.5122484579710217
140193,1180434,1.0,0.5551981364527042
140255,1180502,1.0,0.636999773486645
140439,1180702,1.0,0.6566032705100936
140644,1180923,1.0,0.9522912861200694
140689,1180969,1.0,0.596468542794581
140775,1181062,1.0,0.69012756389212
140861,1181152,1.0,0.7969689670211152
140973,1181271,1.0,0.6245042299425627
141054,1181357,1.0,0.5534076848835122
141056,1181361,1.0,0.6910513355403363
141063,1181371,1.0,0.5246019540859966
141064,1181372,1.0,0.5512016394108845
141066,1181375,1.0,0.691793536709832
141075,1181387,1.0,0.7049385116268443
141092,1181412,1.0,0.6382300835433269
141097,1181418,1.0,0.681589619815782
141098,1181422,1.0,0.8389100821909672
141104,1181432,1.0,0.6064094787190221
141108,1181437,1.0,0.5194348776158016
141115,1181448,1.0,0.8007597691797451
141116,1181450,1.0,0.8027793031329629
141118,1181454,1.0,0.6824983458904589
141123,1181459,1.0,0.6174363899365906
141130,1181470,1.0,0.5654293631737478
141131,1181472,1.0,0.8961626753969374
141135,1181476,1.0,0.7082727923586702
141140,1181484,1.0,0.5566155158533963
141144,1181489,1.0,0.5742508750140254
141153,1181506,1.0,0.5141034351049376
141178,1181543,1.0,0.7614798165513292
141228,1181612,1.0,0.6149012701730393
141298,1181691,1.0,0.8301271042872638
141491,1181893,1.0,0.5308198247994048
141565,1181972,1.0,0.5187700524185933
141723,1182141,1.0,0.8470642179539416
141724,1182142,1.0,0.750608172409407
141732,1182152,1.0,0.7499773483448342
141793,1182217,1.0,0.5846028260749464
141885,1182318,1.0,0.7946622206591539
141886,1182321,1.0,0.5452869166491435
141891,1182329,1.0,0.7309048604443797
141917,1182367,1.0,0.6353167474719966
141919,1182369,1.0,0.6283571331234072
141932,1182388,1.0,0.8953828848499161
141935,1182393,1.0,0.8304760809125444
141938,1182396,1.0,0.9369529418462077
141939,1182397,1.0,0.6820904308813859
141945,1182405,1.0,0.7404170278873634
141950,1182417,1.0,0.5801220361932936
141956,1182428,1.0,0.8708027435700239
141967,1182444,1.0,0.6391022901023663
141970,1182450,1.0,0.7799903021482842
142021,1182509,1.0,0.7958227222805461
142066,1182558,1.0,0.7617197386163888
142091,1182585,1.0,0.9430631021254213
142098,1182593,1.0,0.5545241000798554
142155,1182658,1.0,0.7572234028740509
142398,1182923,1.0,0.8546952640186654
142433,1182960,1.0,0.6840353387859743
142448,1182979,1.0,0.5358651975754664
142725,1183267,1.0,0.7608476792529112
142745,1183298,1.0,0.6640404895623742
142750,1183307,1.0,0.614351417257444
142751,1183308,1.0,0.6403198309965714
142755,1183313,1.0,0.6824548302099316
142757,1183315,1.0,0.739888130467372
142758,1183316,1.0,0.621994023684182
142761,1183320,1.0,0.5635977068202622
142763,1183323,1.0,0.5400692456164018
142765,1183325,1.0,0.7545577811770088
142766,1183326,1.0,0.576213678695806
142776,1183343,1.0,0.6483571611112127
142777,1183344,1.0,0.6384309763394285
142784,1183351,1.0,0.5917511250160159
142785,1183353,1.0,0.5061147475173615
142797,1183367,1.0,0.6732168012452572
143002,1183591,1.0,0.5583883837979794
143051,1183649,1.0,0.5553152913227141
143057,1183656,1.0,0.6161116930886632
143211,1183824,1.0,0.5728775602564296
143239,1183853,1.0,0.5556820282839173
143294,1183915,1.0,0.6525179797103315
143302,1183923,1.0,0.5722262288767802
143314,1183936,1.0,0.528928929337425
143337,1183960,1.0,0.7079174088832306
143339,1183962,1.0,0.5287969257032115
143419,1184049,1.0,0.8203654847497543
143468,1184105,1.0,0.5093198003323473
143551,1184198,1.0,0.626936320489391
143584,1184239,1.0,0.8724276637548282
143598,1184260,1.0,0.500158827765371
143600,1184262,1.0,0.8370131480914442
143603,1184266,1.0,0.7687398552201297
143605,1184269,1.0,0.7448591287692272
143613,1184284,1.0,0.7881305101368123
143614,1184285,1.0,0.6202089810181468
143615,1184287,1.0,0.8414140002957978
143623,1184303,1.0,0.8833447000476428
143632,1184322,1.0,0.5745644280441906
143635,1184327,1.0,0.8376619820489307
143636,1184328,1.0,0.5026139235869449
143643,1184342,1.0,0.6495144213037308
143652,1184356,1.0,0.6470199852786057
143655,1184360,1.0,0.592152224379388
143722,1184434,1.0,0.8520847923231998
143761,1184476,1.0,0.5422528868824833
143762,1184477,1.0,0.5708956462130428
143808,1184532,1.0,0.6565617367787431
143955,1184696,1.0,0.9439217028988738
144058,1184814,1.0,0.9255443416548448
144085,1184845,1.0,0.6284999245241393
144097,1184857,1.0,0.6454241648425834
144115,1184878,1.0,0.7425552900547074
144131,1184895,1.0,0.7526266041743465
144230,1185007,1.0,0.8736725456727807
144234,1185012,1.0,0.5826937791431754
144235,1185013,1.0,0.8340608131460676
144237,1185021,1.0,0.8452982966026221
144238,1185022,1.0,0.9171497037719825
144242,1185027,1.0,0.6867704064282264
144248,1185037,1.0,0.6832619759399119
144249,1185038,1.0,0.577694650794998
144251,1185041,1.0,0.6473172454918164
144253,1185044,1.0,0.6296145324113318
144276,1185079,1.0,0.8041064305136455
144288,1185097,1.0,0.799129443652102
144294,1185108,1.0,0.8560338758859274
144297,1185111,1.0,0.6778113921122223
144400,1185220,1.0,0.760280465215707
144566,1185404,1.0,0.6373983037626084
144762,1185610,1.0,0.7302883455339004
144818,1185673,1.0,0.5899590613862418
144844,1185705,1.0,0.5116259388118624
144885,1185753,1.0,0.6473331208696513
144911,1185796,1.0,0.6942240729867744
144914,1185801,1.0,0.7946922213468011
144915,1185802,1.0,0.9505542005628228
144917,1185807,1.0,0.9285329931235451
144919,1185809,1.0,0.8191747615081945
144926,1185817,1.0,0.5367872772688952
144927,1185819,1.0,0.8873865782115885
144929,1185822,1.0,0.9155852161597801
144939,1185835,1.0,0.6637134483275541
144951,1185851,1.0,0.8154434760016763
144952,1185852,1.0,0.5395749275144213
144959,1185863,1.0,0.9229587690468182
144964,1185870,1.0,0.6189488116620341
144965,1185871,1.0,0.604822002881418
144972,1185886,1.0,0.7590607394756465
144976,1185893,1.0,0.6455509191479795
144977,1185895,1.0,0.8273059214522498
144981,1185902,1.0,0.5801457243969697
144983,1185904,1.0,0.8607196545471973
144984,1185905,1.0,0.6899661672448798
144987,1185910,1.0,0.670001305640673
144993,1185917,1.0,0.7745189269124801
144999,1185927,1.0,0.5001189137452757
145006,1185938,1.0,0.7360944600227889
145014,1185953,1.0,0.7567064273128685
145020,1185965,1.0,0.5383664264592943
145023,1185969,1.0,0.7477047219042483
145026,1185973,1.0,0.6583493031082092
145031,1185980,1.0,0.8152121979191437
145036,1185991,1.0,0.7904771472355395
145045,1186002,1.0,0.6443637463636612
145046,1186003,1.0,0.8854268469007569
145047,1186004,1.0,0.6955784559336006
145048,1186005,1.0,0.6037203506931329
145058,1186020,1.0,0.5164834216009927
145060,1186024,1.0,0.8145476115319201
145061,1186027,1.0,0.7132522566648911
145283,1186281,1.0,0.5787291941439067
145286,1186285,1.0,0.7472671762019387
145293,1186292,1.0,0.5634878531700275
145316,1186316,1.0,0.7138606285345066
145416,1186421,1.0,0.5325523273112812
145431,1186438,1.0,0.8501806541115199
145439,1186446,1.0,0.5654750516079383
145472,1186482,1.0,0.910692347997452
145558,1186572,1.0,0.8704048029989446
145615,1186637,1.0,0.5292018545579131
145663,1186689,1.0,0.5624757421730519
145716,1186748,1.0,0.6360888152262373
145896,1186950,1.0,0.5068421897766123
145913,1186971,1.0,0.5907925827856735
145942,1187006,1.0,0.6406100113994289
145947,1187011,1.0,0.7032145460648751
145949,1187014,1.0,0.5618890621223599
145953,1187023,1.0,0.687290297610025
145957,1187028,1.0,0.7791787324316629
145963,1187036,1.0,0.7429302198488605
145964,1187037,1.0,0.6589878038338636
145970,1187045,1.0,0.6134807657539398
145976,1187053,1.0,0.9221381684942445
145981,1187059,1.0,0.5010696526923322
145984,1187062,1.0,0.5766792867645234
145989,1187070,1.0,0.7688449773318754
145995,1187078,1.0,0.5269907424422766
146005,1187098,1.0,0.55781168125041
146009,1187104,1.0,0.8021030886604811
146013,1187111,1.0,0.8565843037497829
146016,1187116,1.0,0.8492781460640972
146021,1187124,1.0,0.5091628046551383
146023,1187127,1.0,0.521093839931927
146039,1187158,1.0,0.7130647438002998
146042,1187162,1.0,0.6956317720829732
146049,1187172,1.0,0.8360590893775424
146056,1187181,1.0,0.6352384561925405
146106,1187243,1.0,0.5448787844044605
146127,1187265,1.0,0.6668108524018035
146144,1187283,1.0,0.6898474970643609
146159,1187300,1.0,0.6160498667360366
146266,1187416,1.0,0.5063728067569508
146683,1187863,1.0,0.7921330137662598
146699,1187880,1.0,0.5204962590651967
146836,1188034,1.0,0.6360034492775917
146961,1188176,1.0,0.6689183548681032
146966,1188182,1.0,0.7485357752464362
146967,1188183,1.0,0.746182623867229
146970,1188187,1.0,0.5534294252454286
146971,1188188,1.0,0.6214796330756412
146973,1188191,1.0,0.5514219414906012
146981,1188201,1.0,0.533001942423149
146990,1188213,1.0,0.6444972700975415
147003,1188228,1.0,0.5728210210983188
147011,1188240,1.0,0.7797902703443671
147013,1188243,1.0,0.7043130781725447
147017,1188249,1.0,0.5163737633775689
147021,1188253,1.0,0.8952994797229632
147025,1188259,1.0,0.6678361079668659
147031,1188269,1.0,0.8110836883273871
147032,1188270,1.0,0.7228963658319407
147035,1188274,1.0,0.808425864940098
147040,1188281,1.0,0.8685723324337155
147042,1188283,1.0,0.71533354203117
147044,1188287,1.0,0.672815755359468
147062,1188310,1.0,0.616083904284419
147092,1188347,1.0,0.5512295423766596
147163,1188428,1.0,0.674549183640245
147301,1188588,1.0,0.5408135815530049
147373,1188665,1.0,0.5263936647049002
147423,1188719,1.0,0.7392377920557126
147433,1188729,1.0,0.5725801639687278
147553,1188853,1.0,0.9509051602571564
147660,1188969,1.0,0.6022310794198931
147749,1189061,1.0,0.6389055117104049
147780,1189093,1.0,0.8724594376158256
147788,1189101,1.0,0.543084245865556
147940,1189261,1.0,0.5239454658273611
147965,1189296,1.0,0.8421052134593289
147968,1189300,1.0,0.6444810889139498
147969,1189301,1.0,0.7202480452739333
147973,1189307,1.0,0.7311827872619531
147984,1189323,1.0,0.7522666056849597
147987,1189327,1.0,0.6157858753987364
147995,1189340,1.0,0.8782054720150558
147999,1189349,1.0,0.5662350952964764
148002,1189358,1.0,0.7233149482638057
148005,1189361,1.0,0.6840108287970739
148010,1189366,1.0,0.6191747953445728
148015,1189375,1.0,0.5163838610423799
148016,1189376,1.0,0.8795820120076985
148018,1189379,1.0,0.5941891350817015
148019,1189380,1.0,0.6639229729165905
148052,1189417,1.0,0.6278594620141351
148361,1189746,1.0,0.56434100720635
148498,1189894,1.0,0.8581055254956809
148504,1189900,1.0,0.5080946049341021
148715,1190132,1.0,0.676362621991204
148773,1190199,1.0,0.9482810247771225
148778,1190206,1.0,0.646776280378493
148781,1190209,1.0,0.7297748661872681
148783,1190211,1.0,0.5000275905778206
148799,1190234,1.0,0.7181466013974002
148812,1190253,1.0,0.7874437800654268
148827,1190278,1.0,0.5747731635246017
148829,1190280,1.0,0.9210829572773926
148830,1190281,1.0,0.5776193725178722
148837,1190292,1.0,0.6855698631651348
148840,1190296,1.0,0.7003622140069211
148855,1190318,1.0,0.7509373896868078
148865,1190336,1.0,0.8286587494198709
148869,1190343,1.0,0.8095070205679898
148870,1190344,1.0,0.8661113465618117
149044,1190531,1.0,0.6409642265796585
149069,1190557,1.0,0.6546575273368478
149145,1190639,1.0,0.6736906070436627
149203,1190704,1.0,0.7018133077284135
149240,1190742,1.0,0.6191790161071294
149283,1190789,1.0,0.5032963353979865
149317,1190825,1.0,0.6761957066411781
149334,1190843,1.0,0.7670502200951221
149408,1190925,1.0,0.6336684829278163
149421,1190938,1.0,0.6165876618997231
149441,1190959,1.0,0.5611667227796996
149819,1191364,1.0,0.5974255276866081
149841,1191389,1.0,0.787429732522052
149847,1191401,1.0,0.7570600140138495
149866,1191431,1.0,0.6441783289130808
149867,1191432,1.0,0.7418331966032413
149870,1191436,1.0,0.6188713884798289
149874,1191440,1.0,0.854616367805449
149875,1191443,1.0,0.6574857872608184
149879,1191449,1.0,0.5467117802358893
149881,1191452,1.0,0.803722362327569
149883,1191454,1.0,0.9177961269049945
149895,1191469,1.0,0.6092654034645228
149896,1191470,1.0,0.7643718470343455
149903,1191481,1.0,0.7423809998882569
149907,1191487,1.0,0.5718600441307339
149912,1191497,1.0,0.5862326579098003
149913,1191498,1.0,0.6014753651990696
149914,1191500,1.0,0.8758572981279048
149920,1191511,1.0,0.7715526773158464
149921,1191513,1.0,0.6247050175487848
149922,1191514,1.0,0.7831499417446628
149926,1191521,1.0,0.5782588388779357
149937,1191533,1.0,0.5417533420168612
149940,1191538,1.0,0.6723462513412989
149948,1191547,1.0,0.5107513995975259
149949,1191548,1.0,0.9069413856797014
149960,1191563,1.0,0.537073790042991
149964,1191567,1.0,0.7550198679651388
149965,1191568,1.0,0.6846002463573074
149967,1191570,1.0,0.5211606419611036
149975,1191582,1.0,0.7743308370016475
149976,1191583,1.0,0.6319694815551012
149985,1191595,1.0,0.677813248938932
149994,1191610,1.0,0.6050882365958091
150007,1191630,1.0,0.6726701234112191
150044,1191670,1.0,0.5190786650034006
150090,1191724,1.0,0.6688540644858607
150176,1191820,1.0,0.5785830703286682
150293,1191946,1.0,0.5038733134806662
150295,1191948,1.0,0.6506975526232495
150325,1191992,1.0,0.5076458322349613
150326,1191994,1.0,0.53149711880932
150333,1192003,1.0,0.7698043784101507
150336,1192009,1.0,0.9299572895200547
150339,1192016,1.0,0.6787773271884256
150344,1192028,1.0,0.8211330516046244
150346,1192031,1.0,0.8928938321397016
150347,1192033,1.0,0.7585674889761291
150350,1192036,1.0,0.5240682706148436
150359,1192049,1.0,0.8239945088724809
150451,1192149,1.0,0.7663333485757262
150471,1192174,1.0,0.700064457244337
150485,1192189,1.0,0.7853460178985213
150487,1192193,1.0,0.6230216288428196
150526,1192236,1.0,0.6247553672455943
150585,1192311,1.0,0.6214149124057918
150624,1192351,1.0,0.5856009276969092
150641,1192369,1.0,0.6406809212253183
150647,1192375,1.0,0.5218166955728708
150708,1192442,1.0,0.6810232157914557
150711,1192446,1.0,0.5154979639311263
150724,1192460,1.0,0.7544508172141372
150739,1192477,1.0,0.7626924143642401
150768,1192508,1.0,0.503761122967333
150867,1192620,1.0,0.6319507577980877
150885,1192638,1.0,0.6727773760578111
150895,1192653,1.0,0.6479636946610337
150922,1192688,1.0,0.8274332954924122
150926,1192700,1.0,0.5072399843137343
150927,1192701,1.0,0.8962532119826048
150930,1192707,1.0,0.733194244955066
150934,1192714,1.0,0.7589353641056692
150937,1192722,1.0,0.5884914752806629
150942,1192733,1.0,0.7065542345248753
150964,1192759,1.0,0.5477101969147373
150981,1192779,1.0,0.858724000149131
150992,1192791,1.0,0.5262258511866101
150995,1192794,1.0,0.5828975097472873
151024,1192827,1.0,0.7625631993351422
151033,1192839,1.0,0.6977619073753455
151090,1192901,1.0,0.8547388320328537
151103,1192914,1.0,0.6950633303035826
151117,1192931,1.0,0.8799211256954196
151130,1192946,1.0,0.7860283788447904
151144,1192962,1.0,0.9334547725760605
151212,1193038,1.0,0.6180586239811025
151222,1193049,1.0,0.7811685855496606
151223,1193051,1.0,0.5097066548390791
151231,1193061,1.0,0.8537148671003604
151274,1193117,1.0,0.5706712324325266
151281,1193124,1.0,0.8152358855711356
151290,1193133,1.0,0.5932332389857922
151358,1193205,1.0,0.7980509289410117
151364,1193211,1.0,0.5285666708084485
151365,1193212,1.0,0.6895478212368458
151373,1193220,1.0,0.826700827672207
151413,1193263,1.0,0.5621203163905572
151464,1193316,1.0,0.6137309678884858
151483,1193335,1.0,0.6608910089791558
151511,1193366,1.0,0.8552365020775714
151568,1193426,1.0,0.6858290296570754
151627,1193489,1.0,0.880052415611448
151676,1193542,1.0,0.5804443245634521
151739,1193614,1.0,0.7884783976732103
151788,1193666,1.0,0.7987817110182581
151933,1193822,1.0,0.5197572768324495
151993,1193886,1.0,0.6154480140519455
152075,1193975,1.0,0.5072516635844851
152119,1194030,1.0,0.5697290398057285
152124,1194044,1.0,0.7048335337711885
152125,1194045,1.0,0.659369290771137
152128,1194054,1.0,0.7412673412716108
152129,1194062,1.0,0.5186276871256543
152133,1194068,1.0,0.8441931455117442
152145,1194086,1.0,0.9187732207710733
152151,1194094,1.0,0.9388047325320021
152204,1194152,1.0,0.8051327758277748
152207,1194156,1.0,0.5048475257341518
152220,1194171,1.0,0.5548234577376779
152242,1194196,1.0,0.8074663354293131
152250,1194204,1.0,0.875110901054598
152300,1194257,1.0,0.7539409706436183
152337,1194304,1.0,0.8966811670595447
152405,1194376,1.0,0.7199973688924907
152459,1194435,1.0,0.5605152593833809
152634,1194625,1.0,0.9413690083625141
152646,1194638,1.0,0.839742299699071
152647,1194639,1.0,0.8434355783569101
152669,1194662,1.0,0.5923878958685183
152933,1194946,1.0,0.7584722840994209
153001,1195017,1.0,0.8695196312534424
153021,1195040,1.0,0.6398029873802865
153230,1195263,1.0,0.6983650244881998
153265,1195298,1.0,0.7279864062801489
153304,1195338,1.0,0.917225304164207
153315,1195351,1.0,0.5165788174945743
153444,1195505,1.0,0.6655778824092203
153463,1195526,1.0,0.7334712695467901
153526,1195592,1.0,0.6047681151369934
153540,1195609,1.0,0.5332336487947943
153611,1195685,1.0,0.6326577571471385
153616,1195691,1.0,0.7823463040012589
153682,1195761,1.0,0.5990441122867263
153742,1195829,1.0,0.6998458175621596
153749,1195836,1.0,0.6858312900730996
153760,1195851,1.0,0.8428524242219063
153766,1195859,1.0,0.5468707634554327
153788,1195885,1.0,0.7397188139712311
153821,1195920,1.0,0.5714924152385394
153926,1196031,1.0,0.5815102375906941
153927,1196032,1.0,0.5598151011944351
154225,1196363,1.0,0.7939973276868231
154231,1196369,1.0,0.5673280547446121
154241,1196379,1.0,0.6335237778926864
154345,1196493,1.0,0.6034563167100394
154381,1196532,1.0,0.7210659732486949
154388,1196539,1.0,0.5850332944995024
154403,1196554,1.0,0.7969313053921518
154442,1196594,1.0,0.6659969250945155
154443,1196595,1.0,0.6926608671537818
154484,1196638,1.0,0.6866861486165087
154507,1196664,1.0,0.5500100551384288
154697,1196863,1.0,0.6467785059440894
154779,1196949,1.0,0.7956831234646675
154782,1196952,1.0,0.5365753101475842
154872,1197064,1.0,0.7328248094088515
154874,1197069,1.0,0.5075686591528823
154900,1197097,1.0,0.5484484211502731
154933,1197132,1.0,0.8335139578775058
154953,1197155,1.0,0.6878878346903633
155032,1197249,1.0,0.5787228465275118
155098,1197318,1.0,0.5337554669025639
155124,1197347,1.0,0.5146917327084978
155165,1197390,1.0,0.5867318824006772
155210,1197437,1.0,0.630743501850106
155263,1197493,1.0,0.618883388583508
155474,1197711,1.0,0.5008564810763902
155479,1197717,1.0,0.5479692242594788
155524,1197764,1.0,0.6364257196605462
155552,1197792,1.0,0.5139584921975413
155591,1197834,1.0,0.8401785482460654
155622,1197866,1.0,0.6592039425778197
155646,1197891,1.0,0.5374686604075928
155821,1198072,1.0,0.6909904654334363
155978,1198237,1.0,0.7581954957972394
156193,1198463,1.0,0.7334667539147848
156208,1198485,1.0,0.8718941351185148
156222,1198501,1.0,0.5319187593183495
156225,1198505,1.0,0.5269303855579566
156228,1198510,1.0,0.9298352125886766
156237,1198522,1.0,0.787710227241566
156245,1198535,1.0,0.5985409559091774
156420,1198715,1.0,0.6889577256412192
156453,1198749,1.0,0.5872587407886674
156596,1198906,1.0,0.5357179703430528
156650,1198964,1.0,0.6631438441960305
156694,1199010,1.0,0.5368882538401987
156711,1199027,1.0,0.9238017968340937
156719,1199035,1.0,0.7985891635724763
156783,1199104,1.0,0.7844918194720206
156784,1199105,1.0,0.687382628020389
156816,1199143,1.0,0.7998619976004613
156822,1199149,1.0,0.6618815700317494
156903,1199247,1.0,0.6036112919956145
157094,1199448,1.0,0.7526536119183461
157132,1199486,1.0,0.7063591486096844
157187,1199546,1.0,0.6074275724409035
157234,1199601,1.0,0.7148047613332962
157375,1199755,1.0,0.6396822753876065
157410,1199795,1.0,0.7258846514430645
157414,1199800,1.0,0.5614976697230335
157490,1199896,1.0,0.7916850896709678
157504,1199925,1.0,0.8990327764507678
157505,1199926,1.0,0.8810765149389078
157510,1199931,1.0,0.5713000088398011
157523,1199946,1.0,0.6495959283562491
157588,1200024,1.0,0.5279457797653423
157590,1200026,1.0,0.618860936863094
157593,1200033,1.0,0.891953288406004
157597,1200039,1.0,0.5761423124826609
157601,1200044,1.0,0.9297743829487359
157605,1200050,1.0,0.7875537046178835
157611,1200058,1.0,0.6829236129877455
157624,1200078,1.0,0.7930667575567893
157626,1200082,1.0,0.5189609574126117
157627,1200083,1.0,0.8831279448421006
157638,1200098,1.0,0.5080748220189224
157643,1200103,1.0,0.6245115364808045
157677,1200139,1.0,0.5709083019774076
157678,1200140,1.0,0.8668610325383518
157693,1200155,1.0,0.8946339591676096
157754,1200221,1.0,0.5813299982529491
157959,1200452,1.0,0.6018192614136934
157976,1200469,1.0,0.7088531359265682
158003,1200499,1.0,0.7653470897521882
158012,1200508,1.0,0.7334419667620304
158041,1200539,1.0,0.9016630475443587
158045,1200543,1.0,0.7918220944619223
158056,1200554,1.0,0.5999424085996081
158085,1200586,1.0,0.7761028081079103
158144,1200648,1.0,0.8933773621306053
158206,1200714,1.0,0.5660900924539358
158276,1200787,1.0,0.6859038189791274
158281,1200792,1.0,0.5064074932385065
158304,1200817,1.0,0.6288502069189079
158326,1200842,1.0,0.8872567564193439
158369,1200891,1.0,0.9216481241015612
158370,1200894,1.0,0.5819693609539154
158371,1200895,1.0,0.7445738080575731
158372,1200896,1.0,0.643583072954077
158374,1200898,1.0,0.9378150982837586
158375,1200902,1.0,0.6097419795704855
158377,1200906,1.0,0.7357431047488988
158379,1200908,1.0,0.7894946592370284
158380,1200909,1.0,0.5898764052414531
158423,1200954,1.0,0.5654918643970377
158445,1200977,1.0,0.9167037066245142
158453,1200985,1.0,0.7056047124443178
158462,1200995,1.0,0.5583148880095106
158470,1201004,1.0,0.5935493611839724
158472,1201006,1.0,0.6679524854564118
158492,1201031,1.0,0.855416415327155
158500,1201040,1.0,0.6100449236268891
158501,1201041,1.0,0.5934723393240776
158504,1201047,1.0,0.6604407203713545
158507,1201052,1.0,0.7432937114828798
158513,1201061,1.0,0.6961738246144169
158522,1201077,1.0,0.7881887975830036
158523,1201079,1.0,0.6368312061508123
158529,1201085,1.0,0.5516266643505291
158535,1201093,1.0,0.5068868048428641
158541,1201102,1.0,0.8284941538512552
158553,1201137,1.0,0.8543949045518535
158558,1201144,1.0,0.6452919395290879
158562,1201148,1.0,0.744708153465988
158563,1201150,1.0,0.605313453381171
158569,1201157,1.0,0.8209028125156222
158571,1201159,1.0,0.5875240252956776
158573,1201163,1.0,0.5467651096039277
158576,1201170,1.0,0.836134532081988
158694,1201299,1.0,0.7841708258491721
158706,1201312,1.0,0.5441685408253399
158709,1201315,1.0,0.5362214918802628
158885,1201498,1.0,0.6006345962740293
159169,1201802,1.0,0.5747396767803495
159252,1201888,1.0,0.5814614426331917
159303,1201940,1.0,0.8945720677597314
159339,1201979,1.0,0.7002548730682118
159381,1202023,1.0,0.8375917225175763
159425,1202072,1.0,0.8194915191738622
159454,1202103,1.0,0.5896852769927043
159468,1202117,1.0,0.9308938997388142
159494,1202145,1.0,0.8222806902895166
159527,1202180,1.0,0.6724726056975109
159533,1202186,1.0,0.9040996256322218
159542,1202207,1.0,0.5986275187623119
159546,1202217,1.0,0.6016068554006802
159548,1202221,1.0,0.8492355343188613
159550,1202226,1.0,0.50699653790589
159557,1202238,1.0,0.7987132878133224
159567,1202255,1.0,0.5378844074519517
159571,1202263,1.0,0.8786745473068527
159575,1202268,1.0,0.7717075290022827
159576,1202270,1.0,0.6792092903924432
159581,1202279,1.0,0.5702800061328429
159582,1202280,1.0,0.7284730201488414
159604,1202303,1.0,0.8783271890788162
159606,1202305,1.0,0.5661122578151165
159608,1202308,1.0,0.7990714064566181
159620,1202326,1.0,0.700079068250153
159679,1202395,1.0,0.6206658395306863
159920,1202649,1.0,0.5181032239792809
160000,1202738,1.0,0.7555900238405054
160014,1202752,1.0,0.6566469507935387
160075,1202818,1.0,0.6235219099550993
160097,1202842,1.0,0.7249538913539179
160113,1202859,1.0,0.6491563368969057
160114,1202860,1.0,0.6716101993825684
160140,1202890,1.0,0.6772481189511478
160141,1202891,1.0,0.7654055174193882
160228,1202989,1.0,0.77176589371587
160266,1203029,1.0,0.7395842699464367
160304,1203071,1.0,0.5947068553122812
160332,1203101,1.0,0.7473592995776093
160336,1203105,1.0,0.5503228819129925
160340,1203111,1.0,0.8257059247288367
160349,1203128,1.0,0.604064427894391
160351,1203130,1.0,0.7640010790892914
160353,1203133,1.0,0.6084487786509793
160356,1203144,1.0,0.5203832959280298
160361,1203154,1.0,0.6301106407467073
160369,1203162,1.0,0.5152134215821451
160372,1203165,1.0,0.6118270103400656
160378,1203172,1.0,0.8437666450005066
160397,1203197,1.0,0.712710579409165
160399,1203199,1.0,0.6611401543064027
160410,1203216,1.0,0.8342367079351002
160422,1203230,1.0,0.8893668361910405
160423,1203233,1.0,0.6575072511515042
160440,1203255,1.0,0.7003087097463683
160444,1203262,1.0,0.5323725694245167
160445,1203265,1.0,0.9091113948281914
160449,1203269,1.0,0.8261068201546602
160456,1203281,1.0,0.7801178561599066
160459,1203284,1.0,0.6979827663846897
160549,1203389,1.0,0.5321005827269693
160578,1203420,1.0,0.5171292827774049
160646,1203493,1.0,0.7968702590334277
160843,1203695,1.0,0.8178927620818772
161002,1203869,1.0,0.7967122803019363
161230,1204127,1.0,0.7126136171164618
161231,1204128,1.0,0.9347196029137043
161232,1204130,1.0,0.6749067827750417
161257,1204164,1.0,0.6842677465825558
161267,1204175,1.0,0.9392888726833241
161284,1204197,1.0,0.7419823163291901
161293,1204210,1.0,0.6159947820683779
161491,1204424,1.0,0.6753932401530947
161729,1204685,1.0,0.6815142850909167
161735,1204691,1.0,0.6564392936305358
161906,1204875,1.0,0.614700752109591
161961,1204936,1.0,0.7975847597495351
162001,1204981,1.0,0.9336279420435172
162056,1205042,1.0,0.683112858275801
162102,1205091,1.0,0.6223894255829907
162143,1205134,1.0,0.642242279206394
162306,1205310,1.0,0.6436027911713128
162311,1205315,1.0,0.5791876088009755
162316,1205327,1.0,0.7833299992864478
162317,1205333,1.0,0.8428165055269413
162323,1205350,1.0,0.858119475899075
162324,1205352,1.0,0.7336812840621801
162334,1205372,1.0,0.7967184630956887
162343,1205385,1.0,0.7643071224136073
162346,1205388,1.0,0.505416312224889
162357,1205407,1.0,0.5325282019368273
162738,1205813,1.0,0.5368875500505481
162768,1205846,1.0,0.7286811164722494
162835,1205915,1.0,0.6422578310666461
162846,1205929,1.0,0.8995976950897342
163090,1206192,1.0,0.604606103119133
163115,1206222,1.0,0.725349981573081
163298,1206432,1.0,0.8647898150234222
163300,1206436,1.0,0.717961586015226
163334,1206481,1.0,0.6712505405628043
163341,1206492,1.0,0.5654933789139699
163349,1206507,1.0,0.7837423640430784
163350,1206508,1.0,0.7446841871633022
163352,1206517,1.0,0.6350709245873284
163354,1206520,1.0,0.6349921762506564
163360,1206530,1.0,0.5581422360746011
163361,1206531,1.0,0.8516820206547588
163378,1206551,1.0,0.6817734451623324
163385,1206561,1.0,0.5741000483419536
163388,1206567,1.0,0.5718540450859206
163399,1206584,1.0,0.6088332653081289
163412,1206601,1.0,0.6896523671825373
163421,1206621,1.0,0.6129759082164816
163532,1206741,1.0,0.5385475619536013
163683,1206901,1.0,0.5075690314302692
163844,1207071,1.0,0.5438391483089938
163853,1207081,1.0,0.8281102064623074
163886,1207118,1.0,0.5970828526843817
163935,1207168,1.0,0.7242390487490268
163983,1207219,1.0,0.6700757017591195
164120,1207366,1.0,0.8329213964016012
164131,1207379,1.0,0.503041234353595
164139,1207388,1.0,0.5209713265657163
164248,1207504,1.0,0.9587313980688722
164327,1207587,1.0,0.5195772404765674
164377,1207640,1.0,0.5594247427816607
164422,1207687,1.0,0.5175343623471022
164423,1207689,1.0,0.8159522117359043
164426,1207692,1.0,0.7190569848227532
164428,1207698,1.0,0.8179983182214987
164455,1207743,1.0,0.523728780710435
164480,1207773,1.0,0.7732475422723329
164482,1207775,1.0,0.782027511414144
164486,1207783,1.0,0.5322263304007826
164489,1207789,1.0,0.6747400177180408
164493,1207797,1.0,0.7485543217625577
164624,1207935,1.0,0.5588661062009076
164678,1207992,1.0,0.6934230508928015
164718,1208034,1.0,0.6116965001635998
164828,1208147,1.0,0.8104462724523258
164832,1208151,1.0,0.8050396535070047
164966,1208296,1.0,0.8184577252165041
165001,1208334,1.0,0.7391617766348798
165089,1208429,1.0,0.5199295954623822
165090,1208430,1.0,0.6441860510828157
165091,1208431,1.0,0.886045738915855
165134,1208480,1.0,0.5045379393915225
165164,1208511,1.0,0.6308345085658109
165307,1208666,1.0,0.5992185472838385
165353,1208724,1.0,0.5794948210052924
165354,1208725,1.0,0.826678836744913
165358,1208738,1.0,0.5299815355798873
165362,1208748,1.0,0.8551630000188871
165363,1208750,1.0,0.6266947881179645
165458,1208850,1.0,0.9243377542425859
165468,1208860,1.0,0.5181512179543147
165478,1208872,1.0,0.5973527760766018
165514,1208915,1.0,0.8123681752522235
165540,1208948,1.0,0.6899541229702251
165548,1208961,1.0,0.5014432990878341
165557,1208972,1.0,0.5344390252548871
165560,1208975,1.0,0.7860001291500097
165583,1209014,1.0,0.5464529255486261
165584,1209016,1.0,0.6669877880524024
165585,1209017,1.0,0.6684603962232719
165596,1209032,1.0,0.5171153671200408
165685,1209128,1.0,0.8252321817098844
165742,1209190,1.0,0.5579422377665456
165755,1209203,1.0,0.7217737353102752
165889,1209347,1.0,0.6240801269124073
166029,1209495,1.0,0.5799262819880502
166060,1209529,1.0,0.6249068406850218
166070,1209539,1.0,0.5590830500941916
166137,1209612,1.0,0.5028672819572311
166179,1209659,1.0,0.875465514322848
166211,1209693,1.0,0.5821401179602794
166269,1209753,1.0,0.6703983606500034
166355,1209848,1.0,0.6343751635219138
166524,1210028,1.0,0.5338356574842058
166586,1210095,1.0,0.9592297962059781
166628,1210142,1.0,0.5453363195841885
166637,1210154,1.0,0.6162018645365821
166640,1210162,1.0,0.8490340323080474
166643,1210173,1.0,0.7632089450889824
166645,1210178,1.0,0.5587074566155334
166651,1210187,1.0,0.7456068431525877
166653,1210192,1.0,0.5466571374185462
166654,1210193,1.0,0.8357830800845463
166659,1210200,1.0,0.8458553875002607
166665,1210211,1.0,0.6660614983620022
166669,1210215,1.0,0.9016612721207651
166675,1210226,1.0,0.8871609924923072
166679,1210233,1.0,0.732016895163818
166697,1210262,1.0,0.6899001268328506
166704,1210275,1.0,0.7397134716768656
166705,1210276,1.0,0.8119883499025753
166727,1210302,1.0,0.5029735769427409
166779,1210357,1.0,0.5156182106245536
166864,1210451,1.0,0.5651301550836594
166869,1210458,1.0,0.5407874843357433
166886,1210476,1.0,0.6954773528927474
166950,1210545,1.0,0.7897902193674174
166967,1210562,1.0,0.7101079125841844
166982,1210580,1.0,0.8036243683920817
167087,1210697,1.0,0.5145207064963302
167135,1210748,1.0,0.7223404846536515
167175,1210794,1.0,0.721099923045656
167230,1210857,1.0,0.5866619311327272
167280,1210911,1.0,0.892894035354278
167345,1210977,1.0,0.7373387303337815
167380,1211013,1.0,0.8619738392355315
167456,1211102,1.0,0.5940723177283928
167546,1211201,1.0,0.8209749797196272
167581,1211246,1.0,0.7154805376605603
167585,1211257,1.0,0.5649138219535529
167587,1211264,1.0,0.5526536950718302
167588,1211265,1.0,0.9066280266209509
167589,1211267,1.0,0.589594577573587
167596,1211275,1.0,0.5866713095929417
167602,1211285,1.0,0.5986872815547273
167607,1211294,1.0,0.7417024945922381
167612,1211300,1.0,0.9428554646254554
167614,1211302,1.0,0.8969985816325842
167648,1211345,1.0,0.711410897250321
167662,1211362,1.0,0.6414268067214984
167663,1211363,1.0,0.662406166724299
167720,1211431,1.0,0.6443973275838994
167755,1211469,1.0,0.7363764840543998
167756,1211470,1.0,0.7272321306255417
167767,1211481,1.0,0.5059099053900731
167871,1211590,1.0,0.5420618561783331
167876,1211597,1.0,0.5592558414587487
167890,1211613,1.0,0.5438155425191602
167912,1211635,1.0,0.6080941757234459
167979,1211708,1.0,0.5603878944889624
168033,1211767,1.0,0.8680829921556804
168046,1211781,1.0,0.5155211271661417
168100,1211842,1.0,0.5462303355698803
168196,1211945,1.0,0.8317930608163343
168214,1211965,1.0,0.6826583169976684
168346,1212110,1.0,0.7331841087230987
168407,1212174,1.0,0.6352748568947952
168441,1212212,1.0,0.6497570984289323
168457,1212229,1.0,0.7010486618817684
168463,1212236,1.0,0.5138729329045496
168467,1212240,1.0,0.5913514522388325
168469,1212243,1.0,0.8064445051908793
168476,1212260,1.0,0.7357970515625321
168477,1212261,1.0,0.89172663056105
168490,1212281,1.0,0.5344537190670321
168491,1212282,1.0,0.7791139063574314
168492,1212283,1.0,0.926586952001608
168498,1212293,1.0,0.7784840452771141
168517,1212317,1.0,0.6489778142994937
168522,1212325,1.0,0.779361286013179
168527,1212330,1.0,0.5236664669883191
168539,1212348,1.0,0.5443293366052662
168541,1212352,1.0,0.8520400650231208
168570,1212384,1.0,0.5121437316691978
168703,1212526,1.0,0.5804985109578316
168723,1212549,1.0,0.5257579809273528
168824,1212655,1.0,0.5734342702581567
168859,1212696,1.0,0.5799480170142319
168872,1212710,1.0,0.5063919253066956
168986,1212835,1.0,0.8731880532301209
169109,1212968,1.0,0.5065801732517324
169141,1213003,1.0,0.5913767167974022
169162,1213029,1.0,0.5885635781824401
169177,1213045,1.0,0.6372096246803861
169179,1213047,1.0,0.625147487155213
169182,1213050,1.0,0.7328130857158429
169188,1213059,1.0,0.7013804498371567
169189,1213061,1.0,0.6593280740944318
169194,1213069,1.0,0.8383644145001974
169198,1213077,1.0,0.795529837217979
169201,1213085,1.0,0.6157202745853911
169210,1213095,1.0,0.8537691441851744
169214,1213101,1.0,0.653664512579288
169215,1213102,1.0,0.5976196210703577
169238,1213128,1.0,0.7052765231373047
169244,1213140,1.0,0.7288261344808262
169246,1213143,1.0,0.7541012022384695
169258,1213160,1.0,0.5022427244780933
169259,1213161,1.0,0.7250047812855607
169260,1213162,1.0,0.654430316548582
169263,1213165,1.0,0.8224322752027491
169278,1213194,1.0,0.6101543465159044
169282,1213201,1.0,0.6277194679582266
169297,1213225,1.0,0.5319552795884818
169298,1213226,1.0,0.905599518399747
169300,1213229,1.0,0.9272281254467539
169304,1213238,1.0,0.6154751864392679
169320,1213263,1.0,0.9064787126142052
169323,1213267,1.0,0.736530018225451
169329,1213277,1.0,0.757173389910302
169330,1213279,1.0,0.6186532806961148
169334,1213284,1.0,0.7514763053260088
169344,1213297,1.0,0.5001460992926815
169393,1213353,1.0,0.5369321147760958
169565,1213538,1.0,0.5267294877087866
169580,1213553,1.0,0.8558097168244182
169581,1213554,1.0,0.8269815138938921
169635,1213611,1.0,0.6235840066393252
169683,1213665,1.0,0.8808858001193919
169687,1213669,1.0,0.5758574591452085
169793,1213783,1.0,0.5402877876679493
169819,1213815,1.0,0.8937397744212368
169822,1213818,1.0,0.678812636105787
169827,1213823,1.0,0.6757953453331936
169848,1213847,1.0,0.5772944991519772
169863,1213864,1.0,0.5426723850181268
169912,1213917,1.0,0.713595162960882
169914,1213920,1.0,0.6219631137770603
169944,1213960,1.0,0.6028251985926434
169955,1213972,1.0,0.548424423700519
169958,1213975,1.0,0.9445513064247906
169961,1214096,1.0,0.6908220562799804
169962,1214098,1.0,0.9139826459719467
169965,1214101,1.0,0.6788937626272515
169977,1214121,1.0,0.5166464280730122
169980,1214126,1.0,0.7362588760988449
169981,1214128,1.0,0.587025453702611
169987,1214139,1.0,0.7510652171412308
169988,1214141,1.0,0.519861406939959
169989,1214142,1.0,0.6524568230680464
169993,1214148,1.0,0.6531089141935019
170000,1214162,1.0,0.7065690596326409
170002,1214165,1.0,0.5448067506633522
170010,1214176,1.0,0.7341731386386479
170016,1214183,1.0,0.6386117153581308
170114,1214292,1.0,0.583976646409859
170142,1214322,1.0,0.7034695806740363
170169,1214354,1.0,0.7102316074652427
170175,1214361,1.0,0.7297380384929893
170217,1214407,1.0,0.7145408433086956
170237,1214428,1.0,0.8521997176420318
170281,1214475,1.0,0.8470237363940827
170338,1214540,1.0,0.5309108950127879
170353,1214557,1.0,0.7547548322051274
170369,1214573,1.0,0.6663925118400315
170383,1214587,1.0,0.6535947679806492
170390,1214595,1.0,0.8222851617685754
170413,1214619,1.0,0.6815065437352571
170421,1214631,1.0,0.6036681417651792
170459,1214676,1.0,0.7406444668197302
170460,1214677,1.0,0.7147844027843874
170488,1214705,1.0,0.5984925106774774
170566,1214785,1.0,0.535138947940074
170593,1214814,1.0,0.5802001838848235
170701,1214938,1.0,0.9049629093995016
170713,1214951,1.0,0.9078145743436897
170718,1214958,1.0,0.7117086156077179
170753,1214996,1.0,0.5705665449203999
170759,1215003,1.0,0.6713391148733083
170766,1215014,1.0,0.6189572575185726
170771,1215022,1.0,0.8198072706572331
170773,1215024,1.0,0.6013541305109302
170776,1215028,1.0,0.53889946999377
170778,1215031,1.0,0.7824313737919639
170819,1215077,1.0,0.7931408246975528
170906,1215177,1.0,0.6113636839960072
170962,1215238,1.0,0.5051469905871225
171102,1215387,1.0,0.5554876964473495
171162,1215451,1.0,0.523966518383395
171250,1215546,1.0,0.9004129987309663
171257,1215553,1.0,0.6637334154544183
171261,1215558,1.0,0.786344863331796
171265,1215563,1.0,0.7385155746840801
171272,1215570,1.0,0.5420137481149386
171326,1215631,1.0,0.559343786830393
171362,1215668,1.0,0.5635807302673538
171424,1215733,1.0,0.672321587909592
171440,1215749,1.0,0.6819653985919683
171457,1215768,1.0,0.6323645221513575
171501,1215814,1.0,0.7861824730660701
171548,1215869,1.0,0.5838115379895854
171553,1215874,1.0,0.5867840477136421
171571,1215892,1.0,0.6823673767754534
171637,1215964,1.0,0.542421337611057
171672,1216011,1.0,0.6774121855882507
171675,1216015,1.0,0.7508477865836186
171676,1216017,1.0,0.5363741026794745
171677,1216018,1.0,0.6759486172660805
171680,1216033,1.0,0.7556110793165968
171688,1216049,1.0,0.5299881104804507
171694,1216057,1.0,0.6116910747724209
171707,1216072,1.0,0.7098619420559023
171716,1216082,1.0,0.9139654787639384
171725,1216098,1.0,0.619075216613786
171734,1216112,1.0,0.5825360573266656
171751,1216135,1.0,0.5440176708562574
171755,1216145,1.0,0.770092962101386
171809,1216204,1.0,0.5700075248204611
171820,1216216,1.0,0.9465626926077462
171929,1216337,1.0,0.5996659827908324
171940,1216348,1.0,0.6411893126718677
172003,1216416,1.0,0.7403893507964437
172017,1216431,1.0,0.6627895678072285
172083,1216498,1.0,0.6548119103973009
172129,1216545,1.0,0.7539249444884948
172165,1216585,1.0,0.5593363803948869
172179,1216600,1.0,0.5027525331610075
172213,1216639,1.0,0.7091134111624887
172233,1216660,1.0,0.8255777751436826
172310,1216746,1.0,0.690466150535587
172329,1216765,1.0,0.7578193136250941
172412,1216868,1.0,0.8052801677013399
172413,1216874,1.0,0.8787854225801469
172414,1216876,1.0,0.842862039966573
172419,1216886,1.0,0.8324791191885702
172428,1216898,1.0,0.7149640486174899
172431,1216903,1.0,0.5987899304421558
172432,1216904,1.0,0.7580954259461116
172445,1216927,1.0,0.7523394915616317
172450,1216933,1.0,0.6270747627251158
172451,1216934,1.0,0.8344739770125401
172454,1216938,1.0,0.5220980542492377
172462,1216947,1.0,0.5855494293586991
172470,1216961,1.0,0.6956987005780982
172478,1216972,1.0,0.5213667330860682
172520,1217022,1.0,0.6987749484652613
172562,1217068,1.0,0.6588202765964397
172586,1217092,1.0,0.5554876964473495
172624,1217134,1.0,0.6566389841237126
172636,1217149,1.0,0.5071827676323651
172637,1217150,1.0,0.5388619557335709
172646,1217159,1.0,0.744333696074217
172658,1217172,1.0,0.577599034062296
172662,1217176,1.0,0.5044482845129439
172671,1217185,1.0,0.65222388500016
172693,1217211,1.0,0.8320358868201102
172704,1217222,1.0,0.8246611799959267
172731,1217251,1.0,0.8659646278162385
172734,1217254,1.0,0.6214428914471702
172753,1217276,1.0,0.6035105483334102
172777,1217307,1.0,0.9392533999598754
172782,1217315,1.0,0.794060332150141
172784,1217320,1.0,0.7296990908114239
172786,1217354,1.0,0.6249894676925414
172787,1217356,1.0,0.5050265752811713
172789,1217359,1.0,0.5819420541443335
172798,1217373,1.0,0.7435166033260033
172801,1217381,1.0,0.9106517360788745
172805,1217387,1.0,0.5507494937021488
172810,1217394,1.0,0.8367059117578172
172819,1217406,1.0,0.5237337660159066
172825,1217412,1.0,0.7845327655465664
172835,1217423,1.0,0.8653191402664584
172836,1217424,1.0,0.7135803382721633
172837,1217427,1.0,0.733964699062441
172842,1217432,1.0,0.8764045775327256
172844,1217436,1.0,0.697821791717106
172861,1217467,1.0,0.6968093823765784
172867,1217475,1.0,0.62502081385056
172870,1217478,1.0,0.6391579060233537
172872,1217480,1.0,0.6705558122197925
172875,1217483,1.0,0.8416663446797236
172884,1217496,1.0,0.7227679938924849
172888,1217500,1.0,0.5573432460503465
172893,1217506,1.0,0.8716796226075885
172916,1217541,1.0,0.6778634045479985
172932,1217561,1.0,0.6675498206631973
172947,1217576,1.0,0.6870844161487529
173066,1217698,1.0,0.7296665003059312
173072,1217704,1.0,0.5434858276691779
173089,1217722,1.0,0.5040070417418242
173153,1217789,1.0,0.6929597241137387
173160,1217796,1.0,0.6436620429112373
173199,1217838,1.0,0.5585643457118554
173233,1217878,1.0,0.6835772163060285
173284,1217933,1.0,0.5264358017466582
173301,1217950,1.0,0.7980602505479462
173362,1218023,1.0,0.6753400933101685
173367,1218028,1.0,0.6629856139002135
173381,1218046,1.0,0.7495568090027807
173395,1218063,1.0,0.5511415564435929
173409,1218083,1.0,0.5585634291181502
173414,1218090,1.0,0.8008332348062557
173415,1218094,1.0,0.7139805354339933
173416,1218098,1.0,0.5407884108626364
173418,1218101,1.0,0.6402894514319081
173419,1218102,1.0,0.9361508675459658
173420,1218104,1.0,0.5234549486228297
173422,1218106,1.0,0.7707746825890119
173423,1218108,1.0,0.7834921267564334
173440,1218131,1.0,0.6630429207343311
173442,1218133,1.0,0.8868491688027389
173444,1218135,1.0,0.5127152832815717
173448,1218146,1.0,0.8181713434666336
173455,1218153,1.0,0.780015327987966
173465,1218172,1.0,0.548295038226366
173490,1218201,1.0,0.9384657043480352
173591,1218311,1.0,0.6078389675401137
173596,1218316,1.0,0.6579897395747013
173648,1218378,1.0,0.6648283879410308
173677,1218408,1.0,0.5078435765922519
173687,1218420,1.0,0.9120329774346174
173688,1218421,1.0,0.6746561757600522
173708,1218443,1.0,0.552281086901191
173724,1218462,1.0,0.712901694108874
173732,1218471,1.0,0.6894430427340537
173752,1218492,1.0,0.7291059920877565
173790,1218534,1.0,0.5341757787195917
173799,1218545,1.0,0.6827961782147862
173869,1218623,1.0,0.756219202812068
173923,1218685,1.0,0.6567484141325228
173970,1218732,1.0,0.5726285503355655
174046,1218813,1.0,0.7526507379024506
174075,1218847,1.0,0.7621786038163659
174079,1218851,1.0,0.8176627965102556
174098,1218873,1.0,0.7763435142045033
174131,1218918,1.0,0.5822124677369984
174150,1218944,1.0,0.8737768263772666
174153,1218947,1.0,0.7304905310765627
174156,1218951,1.0,0.9281737613564351
174159,1218955,1.0,0.5560803746176713
174167,1218971,1.0,0.5786515540374579
174238,1219048,1.0,0.6068478249219965
174252,1219067,1.0,0.5230707944624199
174257,1219072,1.0,0.7248083963050156
174259,1219075,1.0,0.7201005921792714
174262,1219079,1.0,0.786454599382394
174265,1219087,1.0,0.9072190863004485
174459,1219300,1.0,0.515851682262172
174465,1219306,1.0,0.6372364497608048
174487,1219328,1.0,0.6506556111383499
174526,1219370,1.0,0.6707926759533108
174620,1219471,1.0,0.8057211706475879
174655,1219514,1.0,0.6317577032504602
174672,1219539,1.0,0.8644837399097917
174674,1219541,1.0,0.6044959206751459
174681,1219550,1.0,0.7172543360540437
174684,1219556,1.0,0.5401088370121498
174685,1219559,1.0,0.625425911807419
174689,1219564,1.0,0.832164285678691
174690,1219565,1.0,0.7290258103640569
174692,1219572,1.0,0.8520497810993602
174699,1219587,1.0,0.5956961471833186
174725,1219620,1.0,0.8033503828126507
174738,1219638,1.0,0.821868748640721
174785,1219692,1.0,0.8845766662568579
174815,1219726,1.0,0.6997570114068622
175043,1219972,1.0,0.6849147852655336
175139,1220079,1.0,0.8073434869043107
175200,1220144,1.0,0.6471904688757757
175227,1220175,1.0,0.6311816407276356
175235,1220183,1.0,0.6447629709460877
175236,1220184,1.0,0.9712191833139828
175349,1220304,1.0,0.6929931192282854
175355,1220310,1.0,0.6822585330281724
175360,1220315,1.0,0.5317536866890122
175377,1220335,1.0,0.5465560329864855
175380,1220341,1.0,0.8968626188682874
175382,1220344,1.0,0.71983773985903
175385,1220349,1.0,0.5971162340292493
175399,1220372,1.0,0.9352881332212004
175403,1220377,1.0,0.843828000264855
175405,1220379,1.0,0.7465624714766483
175410,1220388,1.0,0.6980575152160766
175413,1220392,1.0,0.6011852632930228
175414,1220394,1.0,0.5958415480364977
175420,1220400,1.0,0.8391457239935053
175422,1220403,1.0,0.500701339074941
175432,1220416,1.0,0.7608317008945266
175440,1220427,1.0,0.6229658563013225
175444,1220433,1.0,0.8228626325505529
175445,1220435,1.0,0.7236620948778514
175446,1220437,1.0,0.5631201176370725
175464,1220457,1.0,0.7898695635863408
175478,1220472,1.0,0.644748356989864
175526,1220525,1.0,0.7702513508791344
175569,1220571,1.0,0.5466209237377654
175642,1220657,1.0,0.7169199928895731
175810,1220847,1.0,0.5313018123438811
175897,1220943,1.0,0.804948563415559
175904,1220951,1.0,0.7401885556323555
175908,1220955,1.0,0.5791708569632036
175914,1220964,1.0,0.9461344974905569
175937,1220990,1.0,0.8657348187073212
175940,1221000,1.0,0.5365629659927353
175941,1221007,1.0,0.6846448045876151
175942,1221009,1.0,0.6600092557398678
175943,1221015,1.0,0.5280836021195725
175948,1221026,1.0,0.5354123263159645
175952,1221030,1.0,0.7765940151031413
175955,1221035,1.0,0.7593387166116494
175965,1221048,1.0,0.7390216801071005
175967,1221050,1.0,0.5171339633594749
175970,1221060,1.0,0.7196032300591038
175978,1221072,1.0,0.904501251372226
175979,1221073,1.0,0.9043786049636392
175980,1221078,1.0,0.6439582280574178
175981,1221079,1.0,0.8110663849685961
175982,1221080,1.0,0.5407760899407213
175996,1221103,1.0,0.5773393332497738
176011,1221126,1.0,0.6275735889605516
176015,1221130,1.0,0.7349323142140779
176018,1221134,1.0,0.5892667238784829
176023,1221141,1.0,0.682519125028319
176024,1221142,1.0,0.7680956430590253
176034,1221155,1.0,0.9200023816435204
176035,1221156,1.0,0.7289967758034697
176039,1221165,1.0,0.6553342356414282
176047,1221176,1.0,0.7037242588123003
176048,1221179,1.0,0.752279158328051
176062,1221194,1.0,0.5546134942772442
176076,1221209,1.0,0.5641431578031529
176146,1221285,1.0,0.7844622113052334
176239,1221385,1.0,0.6180490015434333
176295,1221446,1.0,0.6447683295669573
176303,1221460,1.0,0.5000428808872087
176311,1221481,1.0,0.7466312327457357
176314,1221490,1.0,0.8910023379346588
176315,1221493,1.0,0.5004827608187732
176318,1221497,1.0,0.7331914263297694
176319,1221498,1.0,0.5524287282214149
176320,1221502,1.0,0.759650135736805
176322,1221505,1.0,0.6264290484273579
176327,1221510,1.0,0.6460685154381722
176329,1221515,1.0,0.5364679830499977
176331,1221517,1.0,0.6072576835023136
176342,1221534,1.0,0.5738678791539444
176348,1221543,1.0,0.6554342000396706
176349,1221545,1.0,0.6805166760849104
176355,1221552,1.0,0.7632045813526884
176359,1221558,1.0,0.5734438623426471
176370,1221574,1.0,0.6988043580993972
176372,1221577,1.0,0.7453580320319771
176375,1221584,1.0,0.6821236991418569
176376,1221585,1.0,0.5705064412575211
176380,1221590,1.0,0.5244245702139331
176447,1221662,1.0,0.5317919500736246
176473,1221690,1.0,0.6571304872856023
176673,1221901,1.0,0.558748265357248
176714,1221946,1.0,0.6540111121678781
176822,1222059,1.0,0.6054827496977297
176907,1222157,1.0,0.703665986270488
176979,1222244,1.0,0.6726400694385039
177003,1222269,1.0,0.5595752874073016
177240,1222515,1.0,0.7032527397103189
177246,1222526,1.0,0.7817657690276872
177247,1222528,1.0,0.7554276440368463
177252,1222544,1.0,0.8599872816779228
177266,1222562,1.0,0.5894457291241717
177272,1222569,1.0,0.6493719800395733
177280,1222582,1.0,0.5132301900936777
177283,1222587,1.0,0.5187957416373118
177294,1222609,1.0,0.7670594411699615
177297,1222614,1.0,0.9553793599386322
177303,1222622,1.0,0.5370720579646928
177385,1222712,1.0,0.5950493410249587
177441,1222770,1.0,0.6930053759393887
177565,1222903,1.0,0.5244738229174818
177652,1222994,1.0,0.5997451215150947
177689,1223033,1.0,0.7611185792685162
177693,1223037,1.0,0.8675312560884191
177746,1223095,1.0,0.7924097251833486
177751,1223100,1.0,0.5658973403139639
177775,1223131,1.0,0.7656256915486764
177789,1223148,1.0,0.7931978815968821
177797,1223156,1.0,0.6281965167247202
177827,1223193,1.0,0.641967437770496
177834,1223201,1.0,0.6181727094828066
177849,1223219,1.0,0.6094960508975482
177850,1223228,1.0,0.7834771352132504
177852,1223230,1.0,0.7090299479337252
177862,1223247,1.0,0.5958674677809093
177874,1223260,1.0,0.5082798427965014
177876,1223262,1.0,0.6305260461528022
177879,1223270,1.0,0.797312898531911
177881,1223274,1.0,0.7642165714939324
177884,1223278,1.0,0.8694731990488115
177886,1223281,1.0,0.7446812865338628
177887,1223282,1.0,0.7393719600801435
177891,1223288,1.0,0.716786724420581
177901,1223307,1.0,0.5802338326348023
177904,1223310,1.0,0.6860413814754356
177906,1223313,1.0,0.5505304863271825
177909,1223317,1.0,0.651977438680593
177917,1223326,1.0,0.8245494306176671
177928,1223338,1.0,0.7215870227402184
177929,1223339,1.0,0.6945415434467455
177999,1223417,1.0,0.7112082942727104
178001,1223420,1.0,0.5980328845128288
178051,1223473,1.0,0.6548760018207456
178115,1223539,1.0,0.7005638760012811
178163,1223588,1.0,0.6401578542894582
178172,1223598,1.0,0.9269624792939585
178266,1223702,1.0,0.8714054677976271
178313,1223754,1.0,0.8266947256365764
178319,1223760,1.0,0.7521007064513523
178330,1223773,1.0,0.9013029504911275
178353,1223799,1.0,0.6790111227168363
178355,1223803,1.0,0.5352866450920359
178364,1223822,1.0,0.5507010090590921
178371,1223845,1.0,0.5055413051240937
178374,1223848,1.0,0.5089329171070464
178377,1223851,1.0,0.8035561682726573
178378,1223852,1.0,0.5629702365142435
178387,1223863,1.0,0.8971918737001642
178408,1223897,1.0,0.8999387559219817
178409,1223899,1.0,0.5684313881336334
178502,1223998,1.0,0.5235986679847993
178506,1224002,1.0,0.6244438638818329
178527,1224025,1.0,0.5053643390436233
178591,1224091,1.0,0.8567207549177592
178680,1224190,1.0,0.6602694293057608
178692,1224202,1.0,0.5174778036990049
178968,1224492,1.0,0.7607482731709838
178992,1224517,1.0,0.5032174136533485
178998,1224526,1.0,0.8327248553141284
179008,1224540,1.0,0.584439559921501
179016,1224562,1.0,0.8874698778987866
179017,1224563,1.0,0.7357609599159265
179018,1224566,1.0,0.7494020858236848
179020,1224568,1.0,0.9621042569831773
179023,1224582,1.0,0.7476018015794316
179027,1224590,1.0,0.5496814891300755
179032,1224597,1.0,0.6283567988690568
179054,1224627,1.0,0.6272978479812944
179055,1224628,1.0,0.8072063995618504
179066,1224642,1.0,0.6905602296579829
179075,1224655,1.0,0.7026881492827279
179076,1224656,1.0,0.7226133410648745
179082,1224664,1.0,0.7989320555738539
179083,1224667,1.0,0.6303723326991082
179090,1224676,1.0,0.6625113408816463
179093,1224680,1.0,0.6351037418698181
179094,1224681,1.0,0.6887796931228307
179095,1224682,1.0,0.5696323182470822
179096,1224684,1.0,0.8320653467009266
179101,1224690,1.0,0.8725495171131428
179109,1224702,1.0,0.8659821825456697
179110,1224703,1.0,0.7215376675019218
179120,1224719,1.0,0.5915980674084752
179121,1224721,1.0,0.7982733959568742
179124,1224727,1.0,0.6506193124634374
179131,1224739,1.0,0.6631164055050077
179184,1224800,1.0,0.683231494676267
179199,1224815,1.0,0.6494211657564666
179201,1224818,1.0,0.6473123810072448
179213,1224832,1.0,0.5840218368970944
179314,1224940,1.0,0.799656529483495
179358,1224991,1.0,0.76206393000327
179410,1225044,1.0,0.8962981512871058
179449,1225087,1.0,0.6909477171774611
179504,1225146,1.0,0.7452118527131204
179510,1225152,1.0,0.5906333946608096
179527,1225170,1.0,0.5304148289931493
179536,1225182,1.0,0.6788730364238839
179537,1225183,1.0,0.7543817006099581
179544,1225198,1.0,0.9386804250064662
179551,1225218,1.0,0.5476560370175816
179558,1225226,1.0,0.8079584327316226
179574,1225249,1.0,0.6365626756099361
179575,1225251,1.0,0.5885601177968881
179579,1225257,1.0,0.5298721107245641
179594,1225279,1.0,0.6149253840891187
179678,1225378,1.0,0.5747984519282365
179690,1225393,1.0,0.8627846085450253
179711,1225415,1.0,0.51744180325419
179788,1225499,1.0,0.6682760453547264
179804,1225515,1.0,0.7236189665163909
179866,1225582,1.0,0.7079379183101508
179868,1225585,1.0,0.7650080500937814
179889,1225611,1.0,0.7755441769813112
179965,1225693,1.0,0.7250700438807116
180042,1225781,1.0,0.5074642921457089
180044,1225784,1.0,0.6213319666201543
180045,1225785,1.0,0.5038035044241082
180049,1225794,1.0,0.5876648731875925
180050,1225801,1.0,0.6118287899006091
180051,1225804,1.0,0.7965804556147975
180070,1225827,1.0,0.6931521719886242
180074,1225834,1.0,0.5129808688459125
180111,1225872,1.0,0.9202635122535965
180185,1225953,1.0,0.6930009282144269
180192,1225960,1.0,0.7477003453432792
180222,1225990,1.0,0.7431297238478627
180247,1226015,1.0,0.6874466352536543
180364,1226140,1.0,0.5813237485632917
180370,1226147,1.0,0.6835679220302441
180437,1226223,1.0,0.7242056758307629
180552,1226344,1.0,0.5008792428384656
180586,1226380,1.0,0.508524874155126
180597,1226391,1.0,0.5355600241128327
180610,1226404,1.0,0.6108945448561492
180688,1226489,1.0,0.6998315912415879
180695,1226500,1.0,0.5644660469993781
180707,1226513,1.0,0.6345456481277303
180710,1226517,1.0,0.9155976184000957
180715,1226522,1.0,0.5077621732482739
180725,1226535,1.0,0.8326310538963886
180729,1226540,1.0,0.7771274975219539
180733,1226564,1.0,0.7261997026613314
180734,1226566,1.0,0.6300506400887268
180741,1226576,1.0,0.5643280360232673
180744,1226579,1.0,0.7344642092435004
180749,1226584,1.0,0.8656470859392437
180759,1226596,1.0,0.9583548192596691
180776,1226620,1.0,0.7290155262858712
180777,1226621,1.0,0.7285049896942314
180815,1226668,1.0,0.6437446802762784
180827,1226681,1.0,0.5067173276313013
180837,1226691,1.0,0.5848996703424999
180877,1226732,1.0,0.735946126486996
180902,1226761,1.0,0.7123083850502403
180938,1226801,1.0,0.5579239320678602
180948,1226813,1.0,0.6877215346671706
180951,1226816,1.0,0.5127580516688931
180959,1226825,1.0,0.5244765234069945
180972,1226840,1.0,0.8123936303583964
180982,1226853,1.0,0.70410483919507
180996,1226869,1.0,0.6262300135882422
181010,1226888,1.0,0.5047849743563841
181016,1226896,1.0,0.6797667621927598
181018,1226898,1.0,0.7062384759375995
181023,1226905,1.0,0.5240627917733047
181024,1226906,1.0,0.8843441332826405
181027,1226914,1.0,0.7589849406829648
181028,1226920,1.0,0.7530888138723443
181029,1226921,1.0,0.5832430924545726
181042,1226946,1.0,0.504710536750939
181044,1226948,1.0,0.5637373933292352
181048,1226952,1.0,0.704777026432655
181051,1226958,1.0,0.7510842533223829
181058,1226966,1.0,0.5529254271055303
181062,1226970,1.0,0.6670387710354834
181078,1226995,1.0,0.6726713727180877
181080,1226999,1.0,0.547287319799386
181112,1227034,1.0,0.6549597378556663
181218,1227148,1.0,0.6876310837720523
181223,1227155,1.0,0.6626660747828547
181230,1227164,1.0,0.6921045411846196
181267,1227204,1.0,0.7127485307737421
181271,1227208,1.0,0.6848855139525791
181293,1227231,1.0,0.5034638011226366
181328,1227269,1.0,0.551206674127062
181418,1227365,1.0,0.648959016384489
181422,1227370,1.0,0.6250183156762013
181445,1227404,1.0,0.7797178853165755
181451,1227421,1.0,0.6931070084038733
181459,1227433,1.0,0.5684727225759203
181466,1227442,1.0,0.5103816571197218
181543,1227530,1.0,0.5120894520630532
181556,1227544,1.0,0.7275334712577208
181568,1227561,1.0,0.8673782814895077
181587,1227589,1.0,0.7725431640834965
181588,1227591,1.0,0.7052760342979475
181601,1227618,1.0,0.5140684352422925
181607,1227627,1.0,0.8748696047508688
181609,1227629,1.0,0.5124285366969104
181613,1227638,1.0,0.6475965221549194
181617,1227644,1.0,0.7336579556685903
181622,1227649,1.0,0.7677328052642058
181624,1227651,1.0,0.6181120255155504
181626,1227656,1.0,0.866978693619195
181637,1227669,1.0,0.6424987256908445
181657,1227699,1.0,0.6810177803743952
181663,1227706,1.0,0.6578554140731263
181665,1227708,1.0,0.6524387008988419
181666,1227711,1.0,0.5310373458836207
181672,1227720,1.0,0.5726951740705181
181749,1227799,1.0,0.7674049282421466
181808,1227864,1.0,0.5250216946656789
181811,1227867,1.0,0.5173926768446326
181813,1227869,1.0,0.8311386318944627
181814,1227870,1.0,0.539362181957036
181816,1227873,1.0,0.8308745695947268
181828,1227886,1.0,0.6838555311368099
181862,1227926,1.0,0.5324850069928141
181886,1227953,1.0,0.5414912910502295
181904,1227975,1.0,0.5365479030382321
181931,1228005,1.0,0.6807264102832986
181948,1228024,1.0,0.5929805657431335
181982,1228063,1.0,0.7192977110516122
182013,1228101,1.0,0.7225868507510204
182017,1228111,1.0,0.8142754398949176
182022,1228133,1.0,0.8947523083789433
182027,1228139,1.0,0.7722536280954426
182028,1228140,1.0,0.7447465988915154
182036,1228149,1.0,0.7706757659322151
182040,1228153,1.0,0.5053294828931166
182050,1228166,1.0,0.9104978950784567
182059,1228182,1.0,0.6987674938452821
182061,1228184,1.0,0.7159935020038187
182073,1228203,1.0,0.6628806647253336
182081,1228213,1.0,0.5315466967214411
182114,1228247,1.0,0.7676818755671172
182115,1228249,1.0,0.9009338395345476
182120,1228256,1.0,0.6764550727276366
182155,1228296,1.0,0.8576155379839207
182158,1228299,1.0,0.5634950150336907
182163,1228304,1.0,0.6285408782280633
182182,1228326,1.0,0.6738509416782092
182218,1228366,1.0,0.5320645746046164
182286,1228441,1.0,0.6662706092549163
182323,1228480,1.0,0.7546283495420619
182335,1228495,1.0,0.6551571260781057
182358,1228520,1.0,0.5474914890175132
182376,1228541,1.0,0.5743433030856567
182377,1228542,1.0,0.6809252211095458
182390,1228556,1.0,0.5596010291707756
182412,1228580,1.0,0.5058646903932935
182464,1228636,1.0,0.5882804458541867
182485,1228659,1.0,0.6273255908767577
182506,1228685,1.0,0.6199712804488244
182508,1228687,1.0,0.6531162301865241
182517,1228697,1.0,0.728159769249562
182534,1228745,1.0,0.5278408035375598
182645,1228879,1.0,0.5857953717718728
182672,1228911,1.0,0.5448574436798964
182703,1228946,1.0,0.8159519659641691
182706,1228950,1.0,0.7292979505376859
182766,1229013,1.0,0.7338509926978405
182801,1229061,1.0,0.6261533052983411
182814,1229075,1.0,0.5466981301001367
182823,1229084,1.0,0.718401943439234
182860,1229127,1.0,0.943742565131762
182933,1229203,1.0,0.8129543821635473
182958,1229232,1.0,0.5730806890523948
182968,1229242,1.0,0.6874126600378073
182981,1229260,1.0,0.558369738294664
182982,1229261,1.0,0.8886276664960618
183004,1229284,1.0,0.5807844916107375
183038,1229323,1.0,0.6408487475417852
183052,1229340,1.0,0.505569514484947
183062,1229350,1.0,0.503416456320223
183067,1229356,1.0,0.629451374400554
183075,1229370,1.0,0.7808495823868808
183080,1229381,1.0,0.543711527971692
183081,1229383,1.0,0.7218530209917071
183082,1229384,1.0,0.5299071880297365
183084,1229397,1.0,0.9436733614512335
183092,1229408,1.0,0.8226804271018795
183099,1229419,1.0,0.8450006615916092
183107,1229428,1.0,0.558209721615599
183115,1229438,1.0,0.7584040689815621
183116,1229439,1.0,0.8098845569476147
183117,1229440,1.0,0.771856081408257
183118,1229442,1.0,0.8284990982253495
183130,1229460,1.0,0.8771070389609815
183135,1229468,1.0,0.6472309015674675
183154,1229489,1.0,0.539305858103296
183166,1229504,1.0,0.7703866038741253
183226,1229567,1.0,0.6139898342913818
183229,1229570,1.0,0.9369089846220102
183248,1229593,1.0,0.9310762633574345
183288,1229640,1.0,0.5182719026098195
183333,1229693,1.0,0.5052777596888962
183339,1229705,1.0,0.9713384222141458
183340,1229710,1.0,0.7437757082875863
183344,1229724,1.0,0.8533743848342561
183392,1229779,1.0,0.6529554481522555
183394,1229783,1.0,0.756560240330784
183428,1229821,1.0,0.7040024453430128
183452,1229848,1.0,0.6291781027697635
183456,1229852,1.0,0.5765914132134258
183466,1229865,1.0,0.7267533753923765
183468,1229868,1.0,0.8061116624193885
183483,1229886,1.0,0.7328954314521695
183485,1229889,1.0,0.8473810057676429
183501,1229908,1.0,0.7787929808957479
183504,1229912,1.0,0.6381316594426445
183509,1229917,1.0,0.5104905558830006
183517,1229928,1.0,0.7026525808420128
183520,1229933,1.0,0.5639377968723385
183521,1229934,1.0,0.5051620707067842
183529,1229945,1.0,0.6985119649220215
183536,1229955,1.0,0.739737233459314
183555,1229985,1.0,0.7115306580326193
183564,1229998,1.0,0.736690568182437
183581,1230019,1.0,0.5068497074496973
183585,1230023,1.0,0.920129468336164
183601,1230049,1.0,0.6444072984353358
183610,1230059,1.0,0.579593029927218
183624,1230078,1.0,0.5225146213334854
183625,1230079,1.0,0.6462294200047807
183653,1230114,1.0,0.8311128163761916
183658,1230120,1.0,0.6042491854940208
183659,1230122,1.0,0.780960107766217
183660,1230123,1.0,0.7296579048797588
183662,1230134,1.0,0.8037418629227184
183665,1230139,1.0,0.5588569550558639
183669,1230148,1.0,0.5048826133987317
183673,1230154,1.0,0.7261210375204512
183686,1230175,1.0,0.5635545820679131
183697,1230190,1.0,0.812316853955315
183699,1230192,1.0,0.5567580580959456
183704,1230199,1.0,0.6037324079772769
183709,1230207,1.0,0.9126216308679262
183711,1230210,1.0,0.7929847343944381
183712,1230211,1.0,0.5077422805785649
183716,1230217,1.0,0.5789375790444522
183728,1230237,1.0,0.6611441827664797
183747,1230261,1.0,0.6360190549905121
183752,1230266,1.0,0.7133888196657153
183756,1230271,1.0,0.7160409657032895
183761,1230277,1.0,0.6902594192422041
183784,1230304,1.0,0.5773765780306405
183801,1230323,1.0,0.5810574722479201
183829,1230359,1.0,0.7472744181986684
183850,1230388,1.0,0.527979862021403
183851,1230389,1.0,0.5131197492870079
183863,1230402,1.0,0.5449962976223104
183879,1230422,1.0,0.6797108304186705
183890,1230436,1.0,0.7120992548662411
183897,1230480,1.0,0.6327714506104685
183903,1230493,1.0,0.7928622389678904
183904,1230495,1.0,0.8751226040604696
183915,1230513,1.0,0.9022871741821794
183920,1230520,1.0,0.6882354558402937
183925,1230527,1.0,0.5422502229339821
183926,1230528,1.0,0.5716359613120128
183927,1230529,1.0,0.5324611608028519
183935,1230541,1.0,0.6964062187188886
183936,1230542,1.0,0.5445984212213443
183943,1230551,1.0,0.8656397299376132
183951,1230561,1.0,0.6972689074650481
183986,1230605,1.0,0.7193663193235705
183991,1230614,1.0,0.8364843824176592
184004,1230631,1.0,0.6718159185807347
184006,1230633,1.0,0.7245259125274025
184007,1230634,1.0,0.5527728941229526
184066,1230703,1.0,0.7729608278592486
184070,1230708,1.0,0.6684755337765425
184111,1230756,1.0,0.6383004226226885
184120,1230765,1.0,0.857858378450424
184142,1230787,1.0,0.5710085022514123
184165,1230811,1.0,0.7510959593878268
184167,1230813,1.0,0.663773544820355
184175,1230823,1.0,0.7190091365120324
184181,1230839,1.0,0.6922598051946366
184184,1230852,1.0,0.6714469803863438
184186,1230861,1.0,0.5825750754559984
184187,1230868,1.0,0.8805609344384602
184189,1230870,1.0,0.5888736882493333
184194,1230878,1.0,0.7610282054501458
184195,1230879,1.0,0.6301576056235064
184199,1230885,1.0,0.5845404558001944
184201,1230887,1.0,0.5260841749517554
184203,1230889,1.0,0.7412270979694084
184204,1230891,1.0,0.7783472376071421
184205,1230892,1.0,0.6343327413436877
184217,1230908,1.0,0.6701579655845953
184219,1230910,1.0,0.5835671371622896
184228,1230924,1.0,0.6328420530108091
184230,1230927,1.0,0.8719455630747818
184231,1230929,1.0,0.6154757928143738
184308,1231018,1.0,0.5991617262398222
184327,1231044,1.0,0.6296313194352157
184402,1231129,1.0,0.6848194833907044
184452,1231188,1.0,0.6976142012040941
184486,1231225,1.0,0.5921219633126416
184488,1231230,1.0,0.6602821218493937
184491,1231233,1.0,0.6915090940674112
184492,1231236,1.0,0.6172462551748058
184495,1231244,1.0,0.7863016677683639
184497,1231249,1.0,0.7224419436408446
184504,1231261,1.0,0.8854081476199009
184514,1231276,1.0,0.7417992129154395
184524,1231291,1.0,0.7583882634801691
184527,1231296,1.0,0.7587840687398162
184528,1231298,1.0,0.5548060075192917
184538,1231315,1.0,0.6407861310396512
184539,1231317,1.0,0.7205050776848729
184570,1231352,1.0,0.8798522204450562
184592,1231378,1.0,0.5772698327409347
184613,1231402,1.0,0.8977332914280658
184618,1231408,1.0,0.8362317427631477
184636,1231427,1.0,0.6001666305831421
184641,1231435,1.0,0.5261220684848598
184681,1231481,1.0,0.6265734519316233
184719,1231521,1.0,0.5799735805332307
184735,1231538,1.0,0.7168166786877818
184741,1231554,1.0,0.8287189469380482
184743,1231560,1.0,0.5472092968859658
184749,1231573,1.0,0.6677431453052317
184753,1231579,1.0,0.7643227293876885
184754,1231580,1.0,0.8217131287380816
184757,1231583,1.0,0.5202751245774222
184758,1231584,1.0,0.8698698486045502
184760,1231586,1.0,0.599456390690595
184770,1231601,1.0,0.5548470741917054
184774,1231607,1.0,0.7728694327767875
184778,1231611,1.0,0.5402428741816189
184786,1231624,1.0,0.6406904671914182
184787,1231625,1.0,0.7223272902264632
184791,1231631,1.0,0.7974129944156969
184797,1231640,1.0,0.8380161478280698
184805,1231652,1.0,0.6804268520787623
184816,1231674,1.0,0.5981544862534984
184820,1231678,1.0,0.75551023513244
184821,1231680,1.0,0.6996886531679568
184822,1231681,1.0,0.5280870750087656
184823,1231682,1.0,0.7363766172392595
184826,1231691,1.0,0.8001482507831481
184831,1231698,1.0,0.6594519278121581
184837,1231708,1.0,0.8239463923219629
184840,1231714,1.0,0.7671308319541161
184844,1231719,1.0,0.5342130538688331
184848,1231725,1.0,0.8453937360742668
184881,1231760,1.0,0.7041134348408076
184888,1231767,1.0,0.5378354851470447
184906,1231786,1.0,0.7957313608101728
184927,1231811,1.0,0.6512487569048617
184957,1231842,1.0,0.7554106952496509
184965,1231852,1.0,0.7923432455567433
185007,1231898,1.0,0.5363303127401966
185035,1231932,1.0,0.6848696379466418
185041,1231939,1.0,0.6477236214560979
185060,1231960,1.0,0.5078285544221256
185099,1232002,1.0,0.7766934063400126
185122,1232026,1.0,0.8015845150233171
185133,1232040,1.0,0.7213862695701513
185140,1232057,1.0,0.820879763259283
185141,1232059,1.0,0.6306070884439844
185142,1232061,1.0,0.5307154167509462
185146,1232070,1.0,0.6332478875543981
185157,1232091,1.0,0.5332627082556948
185161,1232095,1.0,0.8405651819472992
185166,1232106,1.0,0.5444333323467766
185168,1232109,1.0,0.589219550551413
185172,1232113,1.0,0.5447336320370993
185173,1232114,1.0,0.6903783583301416
185174,1232115,1.0,0.8686350216573752
185175,1232116,1.0,0.5079462768554218
185177,1232118,1.0,0.669856627973125
185180,1232121,1.0,0.7223713946216116
185181,1232122,1.0,0.8421321867835507
185182,1232123,1.0,0.7699815151922488
185187,1232133,1.0,0.6212971078049414
185191,1232141,1.0,0.546996551564352
185192,1232144,1.0,0.5117795536466894
185194,1232148,1.0,0.7030042342891037
185195,1232149,1.0,0.5059639222229241
185198,1232152,1.0,0.7985148596156579
185228,1232189,1.0,0.572188202028093
185241,1232204,1.0,0.5516969797370684
185258,1232226,1.0,0.5829643970465275
185262,1232230,1.0,0.5498435132600227
185280,1232257,1.0,0.7305149559975919
185292,1232271,1.0,0.6981539938314879
185295,1232274,1.0,0.6500432779412441
185304,1232285,1.0,0.8488673014073883
185331,1232316,1.0,0.5150627780768642
185338,1232324,1.0,0.8263582402609108
185366,1232354,1.0,0.8640856709726407
185382,1232372,1.0,0.5075849060498978
185383,1232375,1.0,0.8761973033508003
185385,1232386,1.0,0.6175644517309435
185386,1232388,1.0,0.5374999204347918
185388,1232390,1.0,0.5313542454324485
185390,1232396,1.0,0.8200196460523566
185391,1232397,1.0,0.9355450346624231
185401,1232409,1.0,0.5382584059559442
185423,1232432,1.0,0.6192286818653149
185545,1232570,1.0,0.7884267917204161
185568,1232595,1.0,0.6822319099435729
185587,1232618,1.0,0.8465843552581446
185590,1232623,1.0,0.6123066045344014
185595,1232629,1.0,0.9546904629507565
185596,1232631,1.0,0.730239992340277
185597,1232633,1.0,0.5046034575332026
185599,1232636,1.0,0.8309727764077786
185603,1232640,1.0,0.6837044016241112
185606,1232644,1.0,0.6971875352407365
185613,1232653,1.0,0.5338259503332232
185623,1232664,1.0,0.5333617101146925
185643,1232689,1.0,0.8554456355695923
185658,1232706,1.0,0.5672663234134109
185768,1232830,1.0,0.7463563299271809
185780,1232845,1.0,0.8365471923933235
185791,1232859,1.0,0.5032540216389465
185848,1232925,1.0,0.5198718684288457
185856,1232935,1.0,0.6744883582929028
185865,1232978,1.0,0.6896108591952357
185872,1232995,1.0,0.6368417064565056
185873,1232996,1.0,0.50896342645782
185876,1232999,1.0,0.8915903929961136
185878,1233001,1.0,0.7297714874096675
185883,1233008,1.0,0.6930687608004019
185884,1233009,1.0,0.7022940043003402
185885,1233010,1.0,0.9232103646996981
185891,1233019,1.0,0.5752696617498959
185898,1233028,1.0,0.5960751738574988
185905,1233039,1.0,0.5244468363283605
185909,1233052,1.0,0.5644913045566754
185913,1233056,1.0,0.6112407373112948
185918,1233066,1.0,0.8759170058193888
185925,1233076,1.0,0.8237052848683492
186060,1233219,1.0,0.5101173136831113
186073,1233234,1.0,0.5783651255808614
186077,1233240,1.0,0.6770443235429361
186100,1233268,1.0,0.5676411807180871
186119,1233291,1.0,0.5963587385729807
186120,1233292,1.0,0.5015528705727446
186128,1233301,1.0,0.5084542080106171
186129,1233302,1.0,0.5100924618184872
186136,1233310,1.0,0.524039501182175
186140,1233315,1.0,0.7730700042629662
186143,1233324,1.0,0.5979184985361004
186146,1233329,1.0,0.6163750395555018
186149,1233333,1.0,0.6486870496644167
186152,1233337,1.0,0.68605347275419
186153,1233339,1.0,0.5918672410591002
186158,1233350,1.0,0.8110976733200032
186169,1233371,1.0,0.7385707752656709
186182,1233390,1.0,0.7444899301581537
186197,1233413,1.0,0.6505935723654489
186218,1233438,1.0,0.6569246565116227
186219,1233441,1.0,0.7077185172862925
186224,1233449,1.0,0.9292429642469755
186239,1233466,1.0,0.8083603395464581
186240,1233467,1.0,0.5992181879814247
186242,1233469,1.0,0.8171918153661326
186280,1233510,1.0,0.7190003219961904
186287,1233517,1.0,0.5169297646071616
186321,1233552,1.0,0.5943731422202024
186331,1233563,1.0,0.6536966877432627
186335,1233576,1.0,0.613214083009664
186337,1233581,1.0,0.9079228366245967
186340,1233590,1.0,0.734445007102203
186341,1233591,1.0,0.6995349037488306
186344,1233597,1.0,0.8126563010207505
186345,1233600,1.0,0.9494745814854534
186351,1233612,1.0,0.9174679540571723
186353,1233615,1.0,0.7986971483864846
186360,1233623,1.0,0.8194551375671734
186362,1233625,1.0,0.7638144505970436
186365,1233628,1.0,0.6572442124485595
186366,1233631,1.0,0.7978455904559644
186367,1233633,1.0,0.5579216500806943
186371,1233641,1.0,0.6304927192234967
186375,1233645,1.0,0.8171897043333505
186398,1233676,1.0,0.6117941095221638
186405,1233684,1.0,0.7752184046481747
186406,1233685,1.0,0.6429765329945019
186408,1233687,1.0,0.5316730206920942
186409,1233689,1.0,0.7209914281120947
186411,1233693,1.0,0.6577361938241036
186414,1233698,1.0,0.866133459556657
186422,1233713,1.0,0.5252275976611065
186427,1233718,1.0,0.727737840260663
186430,1233723,1.0,0.5665750304992057
186432,1233725,1.0,0.8300685161787943
186433,1233726,1.0,0.6966109454866596
186446,1233745,1.0,0.5130718933448287
186452,1233753,1.0,0.838381452785375
186453,1233755,1.0,0.5831270555779365
186471,1233778,1.0,0.7282336171952181
186476,1233787,1.0,0.5645044128037107
186478,1233789,1.0,0.6746631328977098
186480,1233793,1.0,0.7136122021587641
186487,1233801,1.0,0.6224614857494578
186495,1233809,1.0,0.6314624680459497
186519,1233838,1.0,0.6016568982449472
186532,1233852,1.0,0.5076416296277122
186537,1233859,1.0,0.5469865980586596
186554,1233876,1.0,0.7263452677056927
186559,1233882,1.0,0.5760900120401709
186575,1233899,1.0,0.6065915328417455
186579,1233904,1.0,0.7289878772649714
186588,1233913,1.0,0.6394742453772628
186590,1233916,1.0,0.8894878811766553
186594,1233920,1.0,0.6114946406739741
186620,1233948,1.0,0.7125772315679694
186626,1233960,1.0,0.8082411748806035
186628,1233963,1.0,0.8338797105182281
186632,1233970,1.0,0.961514841227652
186637,1233986,1.0,0.5882423138708296
186641,1233995,1.0,0.758382562408262
186642,1233996,1.0,0.7000869308792631
186646,1234002,1.0,0.7697639220880103
186657,1234015,1.0,0.5291279449574392
186658,1234017,1.0,0.7945895210334142
186666,1234030,1.0,0.8073657788675983
186668,1234033,1.0,0.8803354862301843
186674,1234040,1.0,0.7009980857407546
186675,1234043,1.0,0.9183452041394499
186676,1234044,1.0,0.9127237507804502
186677,1234047,1.0,0.7056958311465371
186682,1234054,1.0,0.7535067572275271
186690,1234065,1.0,0.698044432018343
186709,1234084,1.0,0.800689887154847
186711,1234089,1.0,0.5192033818227061
186715,1234093,1.0,0.6117818517222827
186716,1234094,1.0,0.627746797164754
186748,1234131,1.0,0.5824276382927711
186755,1234148,1.0,0.7026609673358248
186758,1234154,1.0,0.7555527526188097
186761,1234158,1.0,0.5114518675715896
186762,1234159,1.0,0.791121541230317
186764,1234161,1.0,0.7205529928327613
186765,1234163,1.0,0.612803810237566
186767,1234167,1.0,0.8378351415040757
186778,1234178,1.0,0.8120548439786401
186779,1234179,1.0,0.7669497155110812
186780,1234180,1.0,0.5487249298654195
186782,1234182,1.0,0.7779992815214645
186783,1234185,1.0,0.532558241309286
186784,1234187,1.0,0.8561793263024022
186785,1234188,1.0,0.8019917573035543
186787,1234190,1.0,0.7511626591633468
186790,1234193,1.0,0.5136330061739622
186797,1234205,1.0,0.6921528524432141
186802,1234210,1.0,0.585650328757023
186804,1234213,1.0,0.7358315859218534
186808,1234220,1.0,0.783685840159239
186815,1234230,1.0,0.7565245710166425
186825,1234247,1.0,0.6990478215633629
186859,1234291,1.0,0.7871874646329051
186861,1234293,1.0,0.5945690969318442
186865,1234297,1.0,0.592396055612806
186874,1234309,1.0,0.7124426010293069
186876,1234313,1.0,0.7339944554091767
186879,1234316,1.0,0.6083859685008746
186880,1234317,1.0,0.7616049445998809
186882,1234323,1.0,0.5633206864373901
186883,1234326,1.0,0.8317534175279644
186885,1234330,1.0,0.7994852975047462
186887,1234334,1.0,0.5343264874149569
186888,1234338,1.0,0.5066938925370977
186889,1234341,1.0,0.7109509983695008
186890,1234342,1.0,0.7563315426413517
186904,1234366,1.0,0.7236201487880757
186906,1234369,1.0,0.8032453913848838
186907,1234371,1.0,0.5581389029135662
186922,1234400,1.0,0.5479963942704916
186928,1234409,1.0,0.6230442765476776
186933,1234419,1.0,0.7622351760658435
186942,1234434,1.0,0.7833680636635507
186943,1234437,1.0,0.7712447287856404
186949,1234445,1.0,0.7748753438306185
186951,1234448,1.0,0.6161483615199963
186953,1234450,1.0,0.8257330126681727
186954,1234453,1.0,0.6950390287222195
186956,1234456,1.0,0.8064312891863915
186961,1234461,1.0,0.591993511878941
186962,1234462,1.0,0.6310466610754473
186963,1234464,1.0,0.6989071301741445
186969,1234470,1.0,0.6247578153793193
186977,1234483,1.0,0.78508397290865
186983,1234492,1.0,0.6321711405001564
186985,1234496,1.0,0.6266277317056692
186989,1234504,1.0,0.6445271661229942
186994,1234517,1.0,0.8510153808327086
186997,1234521,1.0,0.7677138190643898
186998,1234523,1.0,0.5222314068882982
187001,1234528,1.0,0.5057461935114512
187003,1234530,1.0,0.6935471965408152
187005,1234532,1.0,0.9380540560113398
187008,1234540,1.0,0.5211508699980723
187009,1234541,1.0,0.5370985988949089
187010,1234543,1.0,0.5360329996970454
187022,1234559,1.0,0.6923454888038553
187023,1234560,1.0,0.6511007856062652
187026,1234564,1.0,0.7257877856901669
187032,1234571,1.0,0.678456629267188
187035,1234574,1.0,0.7047701588367011
187036,1234576,1.0,0.5099934323194947
187040,1234587,1.0,0.5204007244869935
187045,1234594,1.0,0.7258707806872602
187046,1234595,1.0,0.8588354645856229
187054,1234607,1.0,0.6606521750589548
187056,1234609,1.0,0.5272581593062001
187061,1234619,1.0,0.5590868632436616
187066,1234626,1.0,0.6246461568644138
187070,1234632,1.0,0.6214388628530316
187077,1234644,1.0,0.8253654166107349
187087,1234658,1.0,0.5955440689605077
187103,1234683,1.0,0.621310468671523
187105,1234685,1.0,0.81239559135894
187115,1234698,1.0,0.8299265984248414
187119,1234709,1.0,0.7642563377078229
187125,1234716,1.0,0.6473560658541919
187130,1234723,1.0,0.848860990218375
187135,1234733,1.0,0.5777006617520378
187136,1234734,1.0,0.5155532469345426
187138,1234737,1.0,0.7242554665510876
187139,1234738,1.0,0.8520301882593444
187140,1234739,1.0,0.5688506816839107
187141,1234740,1.0,0.6982508945977766
187148,1234752,1.0,0.5147145206286293
187151,1234755,1.0,0.8575569932622097
187153,1234763,1.0,0.8456886197417656
187154,1234764,1.0,0.7185957425444175
187157,1234769,1.0,0.5908269388960791
187161,1234781,1.0,0.7933456496460929
187162,1234782,1.0,0.949046975517105
187163,1234784,1.0,0.6713596686986263
187164,1234785,1.0,0.659197288489769
187167,1234788,1.0,0.7323835436154702
187170,1234793,1.0,0.5475282281029553
187174,1234798,1.0,0.7604498217402994
187175,1234799,1.0,0.7012293199589539
187178,1234804,1.0,0.8674986434634624
187182,1234808,1.0,0.7755144533024106
187184,1234813,1.0,0.5271196451894827
187185,1234814,1.0,0.6291213244212748
187187,1234819,1.0,0.8578955302398596
187188,1234820,1.0,0.7454417596546351
187190,1234822,1.0,0.7596145047593514
187192,1234825,1.0,0.7857614880778083
187193,1234827,1.0,0.7713460911230323
187199,1234838,1.0,0.5240897778515715
187200,1234840,1.0,0.8529765606306061
187209,1234856,1.0,0.578436080266417
187212,1234860,1.0,0.6609656701314083
187214,1234864,1.0,0.8708335785854341
187218,1234871,1.0,0.8310629118057078
187219,1234872,1.0,0.5226326935345891
187222,1234875,1.0,0.523283115400004
187223,1234876,1.0,0.8293366512489205
187225,1234878,1.0,0.5678863859148975
187227,1234880,1.0,0.5218618449208202
187228,1234882,1.0,0.5089013567382226
187232,1234891,1.0,0.7601552632213197
187239,1234900,1.0,0.7634942101589135
187246,1234909,1.0,0.5722852397104841
187248,1234911,1.0,0.8324606858896086
187253,1234920,1.0,0.6088614034531378
187255,1234925,1.0,0.6961796169315173
187261,1234935,1.0,0.7290656246320641
187281,1234969,1.0,0.7194818822687887
187283,1234973,1.0,0.7619797901898155
187285,1234978,1.0,0.5312448660947806
187287,1234981,1.0,0.7568551599599427
187290,1234985,1.0,0.5238991136628238
187291,1234986,1.0,0.5175431269136409
187296,1234996,1.0,0.6055910571308787
187300,1235005,1.0,0.5925459371337597
187303,1235013,1.0,0.6221768963200712
187304,1235014,1.0,0.5027429262965123
187308,1235020,1.0,0.7763250968778493
187309,1235024,1.0,0.7301537657170314
187324,1235044,1.0,0.529534561374048
187326,1235049,1.0,0.8194045749120253
187327,1235050,1.0,0.6586383123136147
187330,1235057,1.0,0.5755209477698526
187334,1235064,1.0,0.9365763909816003
187335,1235066,1.0,0.5937350763645031
187337,1235072,1.0,0.9279544284742168
187347,1235089,1.0,0.8285224192864789
187348,1235090,1.0,0.6155055891010475
187354,1235099,1.0,0.6694707929486217
187357,1235108,1.0,0.6038350894482456
187361,1235115,1.0,0.534828911787212
187377,1235140,1.0,0.5426883849555866
187387,1235161,1.0,0.5180730988240216
187390,1235165,1.0,0.7201425763080257
187393,1235169,1.0,0.659016560635475
187398,1235174,1.0,0.5985040593161296
187409,1235190,1.0,0.5976390748857237
187413,1235195,1.0,0.5618598274929092
187414,1235196,1.0,0.8964272930032952
187418,1235201,1.0,0.7243274312768
187424,1235209,1.0,0.7726563142148053
187429,1235218,1.0,0.6002636743226974
187430,1235219,1.0,0.9790345065337112
187431,1235221,1.0,0.646930640658358
187434,1235224,1.0,0.5370070391140073
187437,1235229,1.0,0.5693185666841127
187440,1235235,1.0,0.5237582004289082
187441,1235236,1.0,0.5249654164294629
187443,1235239,1.0,0.5113515115685563
187449,1235245,1.0,0.6769271456307586
187452,1235248,1.0,0.7104518520585026
187453,1235249,1.0,0.8145983902178229
187456,1235252,1.0,0.9577341178299446
187457,1235255,1.0,0.5635447657950693
187468,1235276,1.0,0.7682465306323923
187469,1235277,1.0,0.6328241093904903
187471,1235279,1.0,0.9473312612134561
187472,1235281,1.0,0.7365008171055977
187475,1235287,1.0,0.5646160921936089
187480,1235296,1.0,0.5736909506181105
187493,1235323,1.0,0.7617229863821424
187498,1235334,1.0,0.8762517503599154
187501,1235339,1.0,0.7967012270034938
187502,1235340,1.0,0.6797506194459164
187516,1235360,1.0,0.7478600879490879
187518,1235363,1.0,0.8040815432507108
187519,1235364,1.0,0.6611021149565953
187530,1235383,1.0,0.6530530706250047
187539,1235397,1.0,0.7003074741711374
187541,1235402,1.0,0.8712250623818679
187551,1235415,1.0,0.731547546359643
187556,1235423,1.0,0.9204350667063892
187559,1235428,1.0,0.6859535123826034
187575,1235451,1.0,0.618112732746063
187580,1235458,1.0,0.616576544516247
187585,1235463,1.0,0.84633684002408
187598,1235477,1.0,0.713674194154742
187621,1235504,1.0,0.6401343485333821
187739,1235625,1.0,0.7580116171520547
187787,1235680,1.0,0.7190093176546022
187804,1235697,1.0,0.8511360363768768
187860,1235756,1.0,0.5555187023852604
187872,1235769,1.0,0.8180052930836695
187897,1235794,1.0,0.765667956728018
187909,1235806,1.0,0.8913439762645143
187947,1235845,1.0,0.7559967811556806
188020,1235922,1.0,0.7888033791596043
188068,1235977,1.0,0.6020836416799044
188098,1236008,1.0,0.5400056592128396
188099,1236009,1.0,0.7980014133858614
188112,1236027,1.0,0.7403681799285639
188115,1236036,1.0,0.7736370929229535
188116,1236039,1.0,0.7365177808867355
188117,1236040,1.0,0.801975546564891
188120,1236049,1.0,0.7565458524313581
188121,1236050,1.0,0.7777808954763532
188158,1236090,1.0,0.6020642384423549
188179,1236113,1.0,0.5501749104016532
188188,1236122,1.0,0.7778799422281617
188243,1236179,1.0,0.8398945654686715
188249,1236186,1.0,0.6044376207482118
188261,1236201,1.0,0.5788416360030739
188351,1236298,1.0,0.738403059517251
188365,1236316,1.0,0.7098088363912657
188374,1236331,1.0,0.7540942511354656
188379,1236336,1.0,0.7367935394565254
188383,1236345,1.0,0.7798125186939421
188394,1236361,1.0,0.5006250343971235
188396,1236363,1.0,0.7469445485432307
188397,1236364,1.0,0.621107797843722
188408,1236379,1.0,0.6652954662571886
188419,1236396,1.0,0.5820384759660253
188421,1236400,1.0,0.7412951292877449
188429,1236411,1.0,0.7400063808306027
188434,1236421,1.0,0.7367741859611167
188435,1236423,1.0,0.7103487086068141
188436,1236424,1.0,0.82880351023294
188441,1236432,1.0,0.743435714353704
188459,1236462,1.0,0.6566984640481426
188462,1236468,1.0,0.7179428871276127
188466,1236472,1.0,0.6481541952527538
188467,1236473,1.0,0.6976511883605968
188469,1236475,1.0,0.7231432958337282
188477,1236487,1.0,0.6305273227144036
188480,1236491,1.0,0.8647921579441307
188491,1236505,1.0,0.8662210713898227
188495,1236509,1.0,0.6290004647689881
188499,1236516,1.0,0.5446653255417757
188502,1236521,1.0,0.7420174620066428
188515,1236540,1.0,0.7694369242296882
188518,1236544,1.0,0.9639624952937724
188521,1236547,1.0,0.6756111060857782
188527,1236555,1.0,0.5862887840142255
188529,1236557,1.0,0.5636787823572419
188530,1236558,1.0,0.5171486835012471
188540,1236575,1.0,0.7537582936619027
188555,1236598,1.0,0.7682618422238614
188557,1236601,1.0,0.5808547926913782
188558,1236603,1.0,0.7026833730466807
188562,1236609,1.0,0.7283486733581269
188570,1236619,1.0,0.5065932596628889
188574,1236624,1.0,0.7704797075824845
188576,1236626,1.0,0.521159879593384
188581,1236633,1.0,0.8491513146605092
188582,1236634,1.0,0.8593946058905628
188584,1236636,1.0,0.5625103144390502
188587,1236642,1.0,0.8100693887504772
188589,1236645,1.0,0.7954886824066142
188594,1236655,1.0,0.740657399043813
188595,1236656,1.0,0.8199454358203513
188598,1236667,1.0,0.6029588135924361
188600,1236671,1.0,0.5433039776430014
188609,1236691,1.0,0.6726135440353513
188612,1236694,1.0,0.7120890670684562
188613,1236695,1.0,0.7188758747748297
188619,1236706,1.0,0.809680324947499
188620,1236708,1.0,0.6272764767475947
188623,1236711,1.0,0.5793815705902143
188629,1236718,1.0,0.592945072475079
188631,1236720,1.0,0.5003851821247335
188632,1236722,1.0,0.7281198221910249
188639,1236730,1.0,0.5732710834022389
188656,1236762,1.0,0.7226512677467245
188664,1236780,1.0,0.6029984036961717
188665,1236782,1.0,0.7389186385372134
188668,1236786,1.0,0.6149794343184631
188673,1236794,1.0,0.8517043762316228
188677,1236799,1.0,0.5074106171375438
188678,1236800,1.0,0.8670397527483636
188682,1236805,1.0,0.5637934941879018
188683,1236806,1.0,0.7123234445220642
188685,1236808,1.0,0.6619993014615276
188690,1236813,1.0,0.8000378612695314
188692,1236815,1.0,0.6043979923885529
188701,1236826,1.0,0.7536337608201672
188707,1236833,1.0,0.7246768278431054
188726,1236857,1.0,0.5031551680026701
188733,1236865,1.0,0.5959435535803648
188745,1236879,1.0,0.5072217811563979
188760,1236902,1.0,0.6350810739030212
188763,1236907,1.0,0.5037094301788788
188809,1236964,1.0,0.6188338621323239
188823,1236978,1.0,0.7647727269591436
188836,1236997,1.0,0.5704012837611789
188838,1237000,1.0,0.8219367952481986
188841,1237006,1.0,0.8529093183003699
188845,1237013,1.0,0.6604717385477412
188852,1237029,1.0,0.7899553948449685
188853,1237031,1.0,0.6919591048846473
188858,1237037,1.0,0.7403684651783718
188860,1237040,1.0,0.5153076961426525
188867,1237050,1.0,0.6286672709427825
188870,1237053,1.0,0.664161259858974
188875,1237058,1.0,0.5297892784146482
188880,1237063,1.0,0.8324326698544167
188887,1237073,1.0,0.7613190091144653
188890,1237079,1.0,0.5095151712194083
188894,1237085,1.0,0.7625942969888346
188895,1237087,1.0,0.582235618389514
188902,1237095,1.0,0.7651333927510805
188903,1237097,1.0,0.6575874478819465
188905,1237100,1.0,0.628758986613434
188908,1237105,1.0,0.5211658054666214
188910,1237111,1.0,0.7428843075460205
188923,1237127,1.0,0.7144370601084367
188929,1237136,1.0,0.5435829198717375
188955,1237172,1.0,0.6209372546858433
189013,1237236,1.0,0.7246740291741752
189025,1237252,1.0,0.6472397154474457
189027,1237254,1.0,0.6451094960719408
189028,1237255,1.0,0.912550406875953
189040,1237274,1.0,0.733532017224084
189048,1237289,1.0,0.7029273102210825
189050,1237291,1.0,0.6147840650231328
189052,1237295,1.0,0.6285044807018438
189055,1237298,1.0,0.5087360408844438
189061,1237306,1.0,0.8323616313845317
189062,1237307,1.0,0.5163238533087867
189072,1237321,1.0,0.6494964710108634
189075,1237326,1.0,0.7035756809478083
189079,1237338,1.0,0.8033806644930445
189082,1237347,1.0,0.5536805877939215
189085,1237351,1.0,0.8764935561193253
189086,1237353,1.0,0.9013279661477926
189088,1237355,1.0,0.7251188437945204
189094,1237366,1.0,0.6062913998421038
189098,1237372,1.0,0.5279679343855985
189107,1237386,1.0,0.8203939793058065
189108,1237387,1.0,0.5562786672459381
189111,1237390,1.0,0.5337909925177919
189113,1237394,1.0,0.6341424081153164
189118,1237402,1.0,0.5433108589800877
189122,1237406,1.0,0.6423294463181931
189123,1237408,1.0,0.5893991781500953
189125,1237410,1.0,0.6325957863926088
189129,1237418,1.0,0.549364080206878
189132,1237421,1.0,0.9310931925935548
189134,1237423,1.0,0.8653320754461654
189139,1237429,1.0,0.8615081741971476
189141,1237432,1.0,0.6812154178083155
189151,1237448,1.0,0.9388718976561086
189153,1237451,1.0,0.8373167121209631
189154,1237453,1.0,0.6649836298713233
189155,1237454,1.0,0.5200091524989388
189163,1237467,1.0,0.8466029625791888
189164,1237468,1.0,0.5793096950415638
189165,1237470,1.0,0.7223768704053322
189168,1237473,1.0,0.6166272095984116
189171,1237476,1.0,0.7949045907779559
189173,1237478,1.0,0.5057257450706376
189174,1237480,1.0,0.8032594620450043
189178,1237485,1.0,0.8608178033081442
189185,1237495,1.0,0.5025052210249558
189189,1237501,1.0,0.7071266333242935
189195,1237508,1.0,0.8991028411489819
189197,1237511,1.0,0.5110496513462962
189200,1237514,1.0,0.5766822602988725
189205,1237520,1.0,0.6777695503459504
189206,1237522,1.0,0.9630191217055263
189211,1237532,1.0,0.7442765178808346
189215,1237539,1.0,0.5525906270916373
189216,1237546,1.0,0.835431240381274
189223,1237554,1.0,0.5508599067393284
189229,1237565,1.0,0.5656705295535583
189232,1237572,1.0,0.8983566288843542
189236,1237578,1.0,0.6767967514676516
189250,1237601,1.0,0.5740134533078427
189255,1237609,1.0,0.5892336335593372
189260,1237618,1.0,0.6658646820553742
189265,1237627,1.0,0.6099237567827922
189267,1237630,1.0,0.6756868854450512
189272,1237638,1.0,0.7164151055594087
189289,1237664,1.0,0.6964153263042733
189294,1237672,1.0,0.8043403876697364
189300,1237681,1.0,0.7943489557000117
189303,1237685,1.0,0.9117573033842226
189320,1237709,1.0,0.6075627501844053
189326,1237717,1.0,0.819587268073301
189328,1237719,1.0,0.7592907921595056
189331,1237723,1.0,0.6977417128659025
189332,1237725,1.0,0.7264547692384697
189341,1237738,1.0,0.6292814294120875
189345,1237743,1.0,0.5491452693654352
189348,1237749,1.0,0.544083873484801
189357,1237760,1.0,0.6444965289125887
189358,1237762,1.0,0.5860466467343934
189361,1237768,1.0,0.5206942430063456
189363,1237773,1.0,0.5777741203984881
189365,1237777,1.0,0.689446450867626
189373,1237788,1.0,0.5699472732597619
189374,1237792,1.0,0.7059685777713325
189375,1237793,1.0,0.7006603006982262
189379,1237799,1.0,0.6952453796500366
189385,1237808,1.0,0.7397915064043412
189389,1237813,1.0,0.6415985153886118
189394,1237818,1.0,0.6239418958323745
189395,1237821,1.0,0.6705545959597239
189400,1237829,1.0,0.8991812757550781
189403,1237836,1.0,0.5213303903394998
189405,1237838,1.0,0.6818096173188064
189406,1237839,1.0,0.5708966684142575
189409,1237843,1.0,0.8668928322024667
189410,1237844,1.0,0.8790780782957978
189412,1237846,1.0,0.8329733023329741
189415,1237850,1.0,0.7644994516704048
189418,1237854,1.0,0.6608256352565465
189419,1237856,1.0,0.8667287888262662
189422,1237860,1.0,0.6867946543513327
189424,1237862,1.0,0.5148020448635736
189429,1237869,1.0,0.5759637117764804
189433,1237875,1.0,0.5829448675005935
189437,1237880,1.0,0.5254820814207708
189438,1237882,1.0,0.7895041904353162
189441,1237891,1.0,0.584589319447311
189442,1237892,1.0,0.7546973060854895
189456,1237921,1.0,0.6305553912268709
189460,1237934,1.0,0.9315473374366606
189464,1237940,1.0,0.5054859092887839
189467,1237946,1.0,0.810786980022814
189470,1237953,1.0,0.7644993027663989
189473,1237956,1.0,0.8326646542970729
189479,1237965,1.0,0.8190479355622156
189480,1237966,1.0,0.5786318978713165
189486,1237976,1.0,0.7407383517388608
189488,1237979,1.0,0.8744509188649875
189491,1237984,1.0,0.5810660429282485
189492,1237985,1.0,0.7380643181013362
189496,1237989,1.0,0.5077360823737465
189505,1238007,1.0,0.8125432099426483
189508,1238011,1.0,0.9184190131253224
189510,1238013,1.0,0.6816100916801041
189514,1238020,1.0,0.6341832657639205
189523,1238034,1.0,0.7913929542529655
189527,1238038,1.0,0.798660855128869
189532,1238046,1.0,0.8302546522461679
189539,1238053,1.0,0.6558237257354064
189541,1238056,1.0,0.5762885092132165
189546,1238063,1.0,0.6854494634890944
189547,1238065,1.0,0.5002758581021925
189548,1238066,1.0,0.5677873244254089
189550,1238069,1.0,0.5403211540172269
189551,1238070,1.0,0.7743330869221698
189552,1238071,1.0,0.8176123586154861
189555,1238075,1.0,0.5736005070700023
189558,1238081,1.0,0.5552083868567051
189565,1238090,1.0,0.8751892951850773
189572,1238101,1.0,0.5956729604202623
189573,1238103,1.0,0.7434206539185505
189586,1238123,1.0,0.7776752344787843
189587,1238124,1.0,0.94285123695828
189592,1238129,1.0,0.5803410394635059
189593,1238130,1.0,0.5272873420299121
189605,1238145,1.0,0.6478222344003273
189609,1238152,1.0,0.6296389862833721
189614,1238162,1.0,0.7926916342404736
189616,1238165,1.0,0.5438957358436622
189617,1238166,1.0,0.6275453250687695
189618,1238170,1.0,0.5073033982406338
189619,1238173,1.0,0.5991100064725338
189621,1238179,1.0,0.8178002560403645
189624,1238193,1.0,0.6346854866886356
189631,1238204,1.0,0.5359084540749564
189632,1238205,1.0,0.5327921733612225
189637,1238211,1.0,0.6824023469127711
189640,1238214,1.0,0.6743592973688952
189645,1238220,1.0,0.5065641492893693
189671,1238263,1.0,0.661444673404071
189673,1238265,1.0,0.8550030130574404
189675,1238268,1.0,0.6865981574876903
189677,1238271,1.0,0.8988685330410882
189681,1238275,1.0,0.7451606192680779
189689,1238285,1.0,0.796532885517558
189692,1238288,1.0,0.6900601456950651
189707,1238314,1.0,0.5519362552074972
189713,1238326,1.0,0.7593310952763018
189719,1238337,1.0,0.7613642859850656
189720,1238338,1.0,0.7334584150042884
189724,1238346,1.0,0.6758298140427749
189726,1238356,1.0,0.6956354138510208
189728,1238358,1.0,0.6660795566376957
189734,1238370,1.0,0.6649238404654502
189737,1238376,1.0,0.6454503495869944
189745,1238388,1.0,0.7113081059825691
189746,1238390,1.0,0.8768287962749588
189749,1238395,1.0,0.7414922690205349
189757,1238405,1.0,0.8195984166976239
189758,1238406,1.0,0.8244956916195196
189766,1238424,1.0,0.6139239447529666
189770,1238429,1.0,0.5758457864726343
189775,1238439,1.0,0.5903818289696009
189776,1238441,1.0,0.6198215001038183
189777,1238443,1.0,0.6066555390537096
189778,1238444,1.0,0.725265518451733
189781,1238447,1.0,0.516663101945658
189782,1238448,1.0,0.9853953888853763
189783,1238449,1.0,0.5768676786340793
189792,1238464,1.0,0.5637817347555582
189805,1238482,1.0,0.7440501581527499
189815,1238498,1.0,0.7546850257389713
189817,1238505,1.0,0.8559204290277121
189820,1238508,1.0,0.5935591596525414
189821,1238509,1.0,0.6488892295593841
189823,1238511,1.0,0.7935035683071715
189825,1238513,1.0,0.643748699153278
189827,1238515,1.0,0.7970879744861211
189828,1238516,1.0,0.7058855421528931
189833,1238524,1.0,0.6579220919203822
189834,1238525,1.0,0.7098389021309397
189835,1238526,1.0,0.6750847639116901
189839,1238530,1.0,0.6898751946014416
189842,1238536,1.0,0.6654870938969868
189850,1238546,1.0,0.6063886562252844
189852,1238548,1.0,0.6704010034211842
189859,1238558,1.0,0.7063952195280214
189862,1238561,1.0,0.6413178350789341
189863,1238563,1.0,0.6617179297780901
189864,1238565,1.0,0.5827276591320305
189867,1238570,1.0,0.5449000607178767
189868,1238573,1.0,0.6710114089776205
189871,1238576,1.0,0.7050270153137526
189875,1238580,1.0,0.878072487940281
189876,1238582,1.0,0.8972041032676484
189877,1238583,1.0,0.889000076327401
189878,1238584,1.0,0.8427095278034236
189879,1238586,1.0,0.6327702841483098
189882,1238592,1.0,0.5146507544386179
189885,1238598,1.0,0.9419326201819942
189886,1238604,1.0,0.6892058802205091
189891,1238618,1.0,0.7184986573786877
189892,1238620,1.0,0.7116949424517359
189901,1238639,1.0,0.7637142040926195
189905,1238645,1.0,0.6723662647798943
189908,1238653,1.0,0.505307674811587
189912,1238658,1.0,0.8077921339985485
189914,1238661,1.0,0.6103771848929819
189922,1238675,1.0,0.5489979387995672
189929,1238684,1.0,0.5313674621787107
189932,1238687,1.0,0.636157485558737
189935,1238694,1.0,0.6509690941331805
189939,1238704,1.0,0.785085824925842
189940,1238705,1.0,0.5472915379376131
189948,1238721,1.0,0.5275829755770269
189964,1238745,1.0,0.5318174664106528
189965,1238747,1.0,0.6373595549672765
189973,1238761,1.0,0.6685597599972325
189976,1238771,1.0,0.7447775883791093
189980,1238781,1.0,0.7259084263246154
189992,1238808,1.0,0.5253605227751238
189998,1238821,1.0,0.5292159518880634
190002,1238825,1.0,0.6014624748751066
190005,1238829,1.0,0.6029380822654742
190006,1238832,1.0,0.6528040779304208
190014,1238846,1.0,0.5955537726642248
190016,1238849,1.0,0.6293623645449712
190020,1238854,1.0,0.6702524363603729
190025,1238861,1.0,0.5372444817247582
190036,1238880,1.0,0.5947227299772495
190040,1238887,1.0,0.6853650691045945
190042,1238889,1.0,0.8416751779899818
190043,1238890,1.0,0.7406532554121297
190049,1238898,1.0,0.7935050676125261
190060,1238913,1.0,0.7714497363246349
190061,1238914,1.0,0.7233238183691887
190077,1238940,1.0,0.710696004721025
190078,1238941,1.0,0.6750643800680008
190081,1238944,1.0,0.8619554282771588
190086,1238951,1.0,0.6208593784479735
190088,1238954,1.0,0.6718386200154547
190091,1238959,1.0,0.6042768826887397
190093,1238961,1.0,0.5828182348205115
190101,1238975,1.0,0.7406699410771808
190105,1238980,1.0,0.6853214508116515
190106,1238982,1.0,0.5894740425424652
190109,1238986,1.0,0.5477307591358646
190120,1239001,1.0,0.713514121012093
190129,1239013,1.0,0.6899981520853915
190132,1239017,1.0,0.6762658468933928
190149,1239041,1.0,0.9088664507458599
190154,1239049,1.0,0.735048341397294
190159,1239057,1.0,0.5893993806861947
190172,1239081,1.0,0.6299755800124834
190175,1239087,1.0,0.8303868667222403
190177,1239090,1.0,0.522442896802362
190188,1239107,1.0,0.568196213604833
190194,1239113,1.0,0.6781384291615927
190195,1239114,1.0,0.5866028503105778
190197,1239116,1.0,0.5765645160948016
190204,1239124,1.0,0.5817570963478881
190207,1239129,1.0,0.7099251709981567
190219,1239144,1.0,0.7582540277795669
190224,1239151,1.0,0.8012814074093051
190230,1239160,1.0,0.6622875219807058
190231,1239161,1.0,0.7958040500432785
190237,1239170,1.0,0.7087365847153666
190239,1239174,1.0,0.8092588951389134
190243,1239187,1.0,0.8562012506152071
190249,1239198,1.0,0.875286048581624
190264,1239221,1.0,0.6947260202373459
190266,1239224,1.0,0.5239822982557433
190271,1239232,1.0,0.7508008918666955
190278,1239241,1.0,0.7955237321931908
190279,1239246,1.0,0.6709292841315451
190282,1239251,1.0,0.8063967810325303
190295,1239268,1.0,0.5875037120816531
190307,1239287,1.0,0.8868883107025193
190325,1239317,1.0,0.6813739073561713
190335,1239331,1.0,0.6583809032348333
190338,1239335,1.0,0.641180727402702
190344,1239344,1.0,0.7686615538708116
190355,1239361,1.0,0.508595269489362
190358,1239365,1.0,0.8815417266356442
190360,1239367,1.0,0.6216857694038156
190362,1239369,1.0,0.840015659815069
190363,1239370,1.0,0.8221673773409787
190368,1239378,1.0,0.689447202883124
190369,1239379,1.0,0.8872586238580339
190373,1239385,1.0,0.5960653771618513
190374,1239386,1.0,0.5011995303035445
190376,1239388,1.0,0.8336420877211478
190382,1239397,1.0,0.5499163490582681
190383,1239400,1.0,0.7407340917251166
190385,1239402,1.0,0.9009303901551461
190388,1239406,1.0,0.602886726202549
190394,1239415,1.0,0.7350165827435423
190397,1239419,1.0,0.7607858414231821
190407,1239445,1.0,0.6678064997812622
190418,1239464,1.0,0.5852946925788558
190420,1239466,1.0,0.8858962427818776
190440,1239489,1.0,0.7776789419604639
190446,1239497,1.0,0.5570981189492027
190454,1239507,1.0,0.5016165878604667
190458,1239515,1.0,0.7238834495519626
190469,1239527,1.0,0.5029860220788526
190475,1239537,1.0,0.7153492863692518
190476,1239538,1.0,0.6489447457552726
190489,1239560,1.0,0.9513079091222201
190501,1239576,1.0,0.867410864353153
190505,1239582,1.0,0.5424498080692733
190507,1239585,1.0,0.540879926924482
190518,1239601,1.0,0.5290141180283311
190521,1239606,1.0,0.5002725137204519
190522,1239607,1.0,0.5157235230929789
190524,1239609,1.0,0.6265897225337013
190525,1239610,1.0,0.8169614778287123
190529,1239614,1.0,0.733223473536647
190533,1239620,1.0,0.5767716480505201
190534,1239623,1.0,0.7689843047992625
190543,1239633,1.0,0.6192144673329346
190547,1239639,1.0,0.5126891892713291
190550,1239643,1.0,0.7262262790598352
190551,1239644,1.0,0.5511680596846653
190553,1239650,1.0,0.6857123953136363
190556,1239655,1.0,0.786726536164892
190557,1239657,1.0,0.7419162915687033
190565,1239687,1.0,0.6962371971698061
190568,1239692,1.0,0.7188026735653923
190576,1239704,1.0,0.5411084298055361
190578,1239706,1.0,0.7592621974128158
190584,1239715,1.0,0.7140361599568854
190585,1239716,1.0,0.7019123542461324
190589,1239723,1.0,0.6402057018435713
190593,1239728,1.0,0.8839495948783365
190595,1239731,1.0,0.8157355315995041
190596,1239733,1.0,0.5016276597106688
190598,1239737,1.0,0.7448318104958729
190600,1239740,1.0,0.8289812867334142
190602,1239742,1.0,0.8779619087975971
190606,1239750,1.0,0.8265866912067941
190609,1239757,1.0,0.6087491725497899
190613,1239762,1.0,0.6273955324652852
190633,1239790,1.0,0.7336402043905447
190644,1239807,1.0,0.7208706150295031
190647,1239811,1.0,0.5630950941642804
190651,1239818,1.0,0.6477224574061863
190652,1239820,1.0,0.6256734598396138
190654,1239822,1.0,0.5357688083432398
190656,1239824,1.0,0.5841420149492502
190663,1239832,1.0,0.6503421982320503
190665,1239836,1.0,0.8462815426087654
190668,1239839,1.0,0.6007153306389499
190674,1239848,1.0,0.8160077486150105
190675,1239849,1.0,0.555789120820452
190677,1239853,1.0,0.5604912305797795
190678,1239858,1.0,0.5105018923921374
190681,1239862,1.0,0.5974344254549977
190687,1239885,1.0,0.5958050152988429
190698,1239905,1.0,0.619701481704976
190701,1239909,1.0,0.7416135409181236
190704,1239916,1.0,0.5816070350918321
190712,1239928,1.0,0.5215955719745207
190714,1239931,1.0,0.7667890044169381
190717,1239936,1.0,0.6878757768142513
190719,1239942,1.0,0.5756275254178528
190725,1239954,1.0,0.5854672338835525
190728,1239959,1.0,0.6987988849136014
190733,1239968,1.0,0.6892118347875088
190735,1239970,1.0,0.8514663559963495
190736,1239971,1.0,0.6119676016683501
190740,1239978,1.0,0.6209490688988508
190746,1239987,1.0,0.5436553761715465
190751,1239999,1.0,0.7320436316657211
190752,1240001,1.0,0.6344731022371785
190756,1240007,1.0,0.5040397483662162
190762,1240014,1.0,0.777180477509154
190763,1240016,1.0,0.8379953473789301
190765,1240018,1.0,0.6243727797939631
190769,1240026,1.0,0.6609154718971142
190773,1240031,1.0,0.7700935819463214
190774,1240033,1.0,0.5477483431146613
190783,1240045,1.0,0.8528913671336348
190786,1240050,1.0,0.6721761221248818
190787,1240052,1.0,0.9391607939609983
190789,1240054,1.0,0.9084987936850368
190790,1240055,1.0,0.566741117914436
190795,1240066,1.0,0.7547608971842612
190796,1240067,1.0,0.5417836149614292
190802,1240089,1.0,0.5554438462593948
190804,1240092,1.0,0.5209834309039504
190807,1240095,1.0,0.5809226383655399
190828,1240137,1.0,0.5472379017090265
190829,1240139,1.0,0.6744522692007446
190831,1240143,1.0,0.7188424084617461
190832,1240144,1.0,0.7804236589706717
190835,1240149,1.0,0.5667627477735048
190837,1240152,1.0,0.7109877883555642
190844,1240164,1.0,0.5385423528510005
190850,1240175,1.0,0.8400660252300028
190856,1240188,1.0,0.8549031848602057
190861,1240194,1.0,0.5118080506332104
190864,1240198,1.0,0.8684730118639977
190877,1240215,1.0,0.6747631425157816
190882,1240221,1.0,0.5480786603953105
190900,1240244,1.0,0.8120516955066438
190906,1240250,1.0,0.5505061923532645
190907,1240251,1.0,0.7217876440691882
190913,1240259,1.0,0.5338717571114433
190921,1240271,1.0,0.5597924501774632
190934,1240287,1.0,0.5754415560749359
190935,1240289,1.0,0.9035943080491428
190936,1240290,1.0,0.5771956978942395
190939,1240294,1.0,0.7940871077511987
190944,1240302,1.0,0.7302798958598888
190951,1240314,1.0,0.5563688554492393
190952,1240318,1.0,0.5256794125829639
190956,1240325,1.0,0.8490217850681991
190958,1240327,1.0,0.5568181208240466
190965,1240339,1.0,0.8998965658052663
190967,1240342,1.0,0.6760353191595979
190971,1240347,1.0,0.7514495270550647
190973,1240349,1.0,0.6091804708969714
190978,1240356,1.0,0.6484087806323559
190980,1240363,1.0,0.7482254430033055
190995,1240384,1.0,0.7693641635229057
190997,1240387,1.0,0.9199436094903121
190998,1240388,1.0,0.8306872169429134
190999,1240389,1.0,0.8586865870176191
191000,1240390,1.0,0.5216533451518396
191002,1240394,1.0,0.5899310533733001
191019,1240424,1.0,0.789794803097873
191020,1240425,1.0,0.5880764038326652
191021,1240428,1.0,0.6997098483493711
191023,1240437,1.0,0.5329943575576548
191024,1240443,1.0,0.601296000748616
191030,1240453,1.0,0.6645360115894182
191032,1240455,1.0,0.8456188927064645
191040,1240467,1.0,0.6266094693372587
191046,1240481,1.0,0.7346256669600233
191052,1240489,1.0,0.8449410643919756
191059,1240498,1.0,0.7942654891271275
191067,1240511,1.0,0.859432664061987
191068,1240512,1.0,0.5198413956164052
191071,1240517,1.0,0.6636985082521847
191074,1240521,1.0,0.926927804693451
191077,1240528,1.0,0.6835733252573917
191084,1240544,1.0,0.5039589241749487
191087,1240550,1.0,0.5776646788988259
191088,1240551,1.0,0.5223255115011348
191090,1240554,1.0,0.6226437176682601
191091,1240555,1.0,0.7274967042722859
191092,1240558,1.0,0.8555165868649861
191094,1240560,1.0,0.8778629336925757
191100,1240569,1.0,0.7680862703016305
191103,1240574,1.0,0.6075483579215006
191108,1240581,1.0,0.630466602361463
191109,1240582,1.0,0.610834617107473
191114,1240593,1.0,0.7092324748506725
191123,1240609,1.0,0.6873685399829025
191126,1240613,1.0,0.9464834388935811
191132,1240620,1.0,0.8963306704595554
191133,1240622,1.0,0.8124099527200516
191134,1240623,1.0,0.8078603276614652
191138,1240630,1.0,0.5200012521685865
191140,1240632,1.0,0.7106812547262489
191141,1240634,1.0,0.5697732656099032
191151,1240657,1.0,0.6291767389971782
191155,1240664,1.0,0.5750025695927081
191159,1240677,1.0,0.7209411291294947
191161,1240679,1.0,0.6158095352851609
191165,1240687,1.0,0.5057120635383251
191169,1240691,1.0,0.6030459192602302
191170,1240692,1.0,0.7778089909773387
191171,1240693,1.0,0.892643255251451
191174,1240697,1.0,0.51522700916633
191175,1240698,1.0,0.505777813766701
191179,1240703,1.0,0.5272682231052738
191181,1240705,1.0,0.6536074941340617
191185,1240709,1.0,0.5213482451691914
191188,1240713,1.0,0.5704334159636926
191191,1240717,1.0,0.9088456138615103
191196,1240724,1.0,0.5938054417615145
191219,1240766,1.0,0.5689185264203583
191220,1240767,1.0,0.8234202217569034
191225,1240774,1.0,0.7495849579582461
191228,1240780,1.0,0.5473777634918066
191231,1240784,1.0,0.6551970123698225
191233,1240787,1.0,0.81779663568618
191234,1240788,1.0,0.6870592703988023
191235,1240790,1.0,0.7569019585064488
191241,1240799,1.0,0.5236769650731484
191249,1240810,1.0,0.5027286384154925
191259,1240829,1.0,0.6658635081432215
191265,1240838,1.0,0.7436786858839707
191269,1240844,1.0,0.5261436287484395
191273,1240849,1.0,0.7751959371867031
191283,1240864,1.0,0.7987571839899552
191286,1240868,1.0,0.633661463450413
191287,1240870,1.0,0.5998784920866947
191289,1240873,1.0,0.5154029835589516
191290,1240874,1.0,0.5646026431009233
191291,1240875,1.0,0.8465149990784816
191293,1240881,1.0,0.6604646288460643
191297,1240896,1.0,0.6031728724203618
191303,1240908,1.0,0.7806884949000782
191308,1240914,1.0,0.5193471965269415
191309,1240915,1.0,0.6808880768986585
191314,1240921,1.0,0.5530252138691965
191315,1240923,1.0,0.7322099612934172
191318,1240926,1.0,0.650465643340982
191319,1240928,1.0,0.7155864382649584
191321,1240931,1.0,0.8097727042626301
191338,1240956,1.0,0.6513021050892778
191339,1240957,1.0,0.8899451353253511
191347,1240967,1.0,0.605783347934165
191349,1240969,1.0,0.5631310488617348
191350,1240972,1.0,0.5224842642935639
191354,1240980,1.0,0.870259153477495
191355,1240981,1.0,0.5743833660054131
191360,1240992,1.0,0.5404342705352747
191361,1240993,1.0,0.6748083992240868
191363,1240995,1.0,0.5081573120590849
191365,1240997,1.0,0.5108008212260252
191367,1240999,1.0,0.5199804305043625
191370,1241003,1.0,0.5902538592553743
191371,1241004,1.0,0.7005628126742847
191375,1241008,1.0,0.86955525374641
191381,1241017,1.0,0.9339079883156641
191383,1241021,1.0,0.8902812477917492
191384,1241022,1.0,0.7556432611203588
191390,1241029,1.0,0.5924379250273318
191391,1241030,1.0,0.8665622353234355
191409,1241070,1.0,0.5236540547534553
191411,1241072,1.0,0.5557829740565009
191413,1241077,1.0,0.6926607011929016
191424,1241091,1.0,0.6377004680730289
191430,1241098,1.0,0.7333064274209705
191434,1241102,1.0,0.5882239771379044
191451,1241124,1.0,0.614758841703068
191464,1241149,1.0,0.750365504329558
191470,1241158,1.0,0.8040745777853262
191471,1241159,1.0,0.5884724788816837
191475,1241164,1.0,0.6460951461031432
191477,1241166,1.0,0.527461711445602
191482,1241174,1.0,0.6818234016637845
191484,1241176,1.0,0.8132600929788572
191488,1241180,1.0,0.795908747822715
191492,1241184,1.0,0.5536445407182093
191499,1241208,1.0,0.5260739989993483
191500,1241211,1.0,0.9321481373367542
191501,1241215,1.0,0.5013033429516283
191504,1241219,1.0,0.8603156451866609
191522,1241243,1.0,0.6740864835788666
191526,1241248,1.0,0.752170698334089
191531,1241256,1.0,0.7561246230713431
191532,1241259,1.0,0.7782581698315161
191534,1241261,1.0,0.8340694291579795
191545,1241275,1.0,0.5266146866195777
191547,1241278,1.0,0.5305153658198848
191549,1241281,1.0,0.5314122175652848
191555,1241293,1.0,0.6293632802346982
191556,1241294,1.0,0.5352427686101909
191558,1241296,1.0,0.6170726275850195
191564,1241306,1.0,0.6077482318151509
191571,1241314,1.0,0.6120283297448919
191572,1241315,1.0,0.5070512049828587
191574,1241317,1.0,0.6581440706431868
191578,1241323,1.0,0.7084258544314861
191583,1241332,1.0,0.8269133589343927
191585,1241335,1.0,0.7602682627643709
191588,1241341,1.0,0.7525571567596193
191600,1241360,1.0,0.5163895398624238
191605,1241370,1.0,0.6297993463748269
191616,1241384,1.0,0.6716251505418703
191628,1241400,1.0,0.6224533464658517
191629,1241401,1.0,0.7660050571899331
191631,1241406,1.0,0.5617445003354681
191635,1241414,1.0,0.5605174329941184
191645,1241431,1.0,0.8254690426578298
191648,1241435,1.0,0.8053248167161782
191654,1241441,1.0,0.7068004338405772
191658,1241446,1.0,0.7350764333157489
191661,1241450,1.0,0.5248475518337195
191664,1241454,1.0,0.6377367079104606
191666,1241456,1.0,0.7521177601561588
191668,1241458,1.0,0.7751480769800078
191669,1241459,1.0,0.7681322705740737
191670,1241460,1.0,0.6346014850715579
191672,1241464,1.0,0.6387295517987301
191673,1241465,1.0,0.5075830173376393
191676,1241469,1.0,0.7928641741773973
191677,1241470,1.0,0.8767021364456915
191686,1241487,1.0,0.5388900567967647
191690,1241494,1.0,0.5938031831691856
191692,1241497,1.0,0.6090659454956842
191699,1241505,1.0,0.5792331070387898
191700,1241506,1.0,0.6805694900969969
191705,1241512,1.0,0.6769407938434638
191706,1241513,1.0,0.8123374959913203
191711,1241519,1.0,0.7423170263530112
191713,1241524,1.0,0.9047103555797159
191716,1241529,1.0,0.7953675458731543
191719,1241533,1.0,0.6392887922230376
191720,1241536,1.0,0.5199642009539838
191722,1241539,1.0,0.6285096277895388
191733,1241553,1.0,0.6449425517553093
191738,1241559,1.0,0.7503673022020999
191740,1241562,1.0,0.710481369696566
191747,1241574,1.0,0.5686473022465256
191753,1241583,1.0,0.5045868781259106
191769,1241607,1.0,0.8364739465213551
191786,1241661,1.0,0.5991194548103932
191804,1241686,1.0,0.7243105419890125
191807,1241690,1.0,0.6275581137815087
191816,1241705,1.0,0.6310575680389606
191818,1241707,1.0,0.7393475076129276
191827,1241723,1.0,0.7289414829980979
191832,1241731,1.0,0.8145761409943547
191835,1241736,1.0,0.7775320131421801
191838,1241741,1.0,0.6577328273755768
191839,1241743,1.0,0.6676879096027449
191843,1241747,1.0,0.5771567239881615
191847,1241752,1.0,0.6540601585042833
191850,1241757,1.0,0.5893969509866077
191852,1241759,1.0,0.7210068566031137
191855,1241762,1.0,0.8114537995428048
191856,1241764,1.0,0.6638666363409518
191866,1241779,1.0,0.5070491875239835
191869,1241783,1.0,0.6917015474738614
191872,1241786,1.0,0.5394197696597213
191880,1241800,1.0,0.8038135279958942
191888,1241810,1.0,0.52971734073274
191890,1241812,1.0,0.6511012139896517
191895,1241823,1.0,0.6026861749376284
191896,1241824,1.0,0.8554652556664135
191905,1241837,1.0,0.6363135898275187
191908,1241844,1.0,0.548099624796087
191913,1241853,1.0,0.6750313603549242
191915,1241857,1.0,0.5559739478057291
191916,1241859,1.0,0.7651112428055518
191919,1241862,1.0,0.6227264928825469
191921,1241865,1.0,0.717450225272868
191923,1241868,1.0,0.8170957680084058
191926,1241871,1.0,0.6234312425145119
191927,1241873,1.0,0.7275693953535073
191929,1241875,1.0,0.583571390640421
191934,1241881,1.0,0.6740175094770767
191937,1241887,1.0,0.6384485139119699
191942,1241896,1.0,0.6950227566405334
191947,1241906,1.0,0.5660258003851356
191952,1241912,1.0,0.6625015729001866
191958,1241936,1.0,0.6821004333531683
191962,1241945,1.0,0.5322895381296361
191963,1241946,1.0,0.680965422931542
191968,1241951,1.0,0.7323067147667912
191972,1241960,1.0,0.5110554563094137
191975,1241963,1.0,0.8901029175394565
191977,1241965,1.0,0.7643900161893191
191978,1241968,1.0,0.6959071592456663
191980,1241970,1.0,0.6135969633927985
191983,1241974,1.0,0.5472818756346143
191985,1241976,1.0,0.5562897971008677
191989,1241981,1.0,0.5302219144810428
191991,1241984,1.0,0.535102964739831
191992,1241987,1.0,0.6549915269644553
191997,1241994,1.0,0.8270401001894695
192003,1242003,1.0,0.8567963949856952
192006,1242006,1.0,0.7129101609211526
192013,1242014,1.0,0.7494244392983317
192037,1242045,1.0,0.5960985645301309
192038,1242047,1.0,0.6918167300315423
192041,1242054,1.0,0.6916011519505315
192049,1242067,1.0,0.7011025092431243
192053,1242072,1.0,0.5425095364199739
192057,1242077,1.0,0.8167479825172432
192059,1242083,1.0,0.6868679151151964
192060,1242085,1.0,0.8008384931921224
192062,1242087,1.0,0.5164175261351109
192063,1242088,1.0,0.6520852277288763
192073,1242103,1.0,0.8144401107976103
192077,1242108,1.0,0.7131301097859319
192078,1242110,1.0,0.7157969759675362
192083,1242117,1.0,0.5393107001373497
192088,1242125,1.0,0.9452034844247903
192100,1242141,1.0,0.8265183250163793
192102,1242145,1.0,0.7324968050671478
192104,1242148,1.0,0.9513744227323081
192107,1242158,1.0,0.5667844354709447
192111,1242164,1.0,0.5243987869062817
192125,1242181,1.0,0.5129516449991341
192126,1242182,1.0,0.6358567146039407
192131,1242188,1.0,0.6547554066673571
192133,1242192,1.0,0.6312855659635874
192137,1242200,1.0,0.6329795048101675
192140,1242206,1.0,0.558814755642595
192145,1242212,1.0,0.5515777230534796
192151,1242224,1.0,0.5143597415975699
192154,1242228,1.0,0.7386132326172957
192157,1242231,1.0,0.8518416944601902
192159,1242233,1.0,0.551394391611
192162,1242236,1.0,0.6847853639278902
192169,1242249,1.0,0.5782346766538984
192170,1242251,1.0,0.8583191684719641
192176,1242261,1.0,0.7777420499665032
192179,1242266,1.0,0.5522669818645722
192187,1242281,1.0,0.6182138174467128
192195,1242292,1.0,0.6199763421818534
192203,1242305,1.0,0.6373938876860793
192209,1242314,1.0,0.7365102648217534
192227,1242339,1.0,0.764687730215014
192230,1242345,1.0,0.5222142186452979
192234,1242352,1.0,0.63401507256887
192235,1242353,1.0,0.5477346933381452
192239,1242359,1.0,0.8132567179269382
192249,1242376,1.0,0.5791649753847382
192259,1242390,1.0,0.7962946325477398
192271,1242411,1.0,0.7471438596777322
192273,1242414,1.0,0.9313020268910678
192279,1242422,1.0,0.6915716599601687
192280,1242423,1.0,0.9602087764426148
192289,1242438,1.0,0.6465145270847671
192292,1242442,1.0,0.5188793240742038
192298,1242455,1.0,0.7171215736447826
192309,1242475,1.0,0.5142154876913457
192314,1242480,1.0,0.9110024174100224
192317,1242484,1.0,0.5160510715438155
192324,1242498,1.0,0.7132047194735532
192331,1242507,1.0,0.6388144711997797
192332,1242508,1.0,0.7147986021331109
192334,1242511,1.0,0.6777558394546576
192352,1242536,1.0,0.9673757017611607
192355,1242541,1.0,0.9864011560253162
192356,1242542,1.0,0.5739879912323398
192363,1242556,1.0,0.8485981004707929
192365,1242559,1.0,0.798666226571708
192368,1242570,1.0,0.9030639918308119
192375,1242578,1.0,0.5671759265026257
192377,1242581,1.0,0.5999521822761668
192380,1242586,1.0,0.5895306932193927
192384,1242592,1.0,0.5017176962293949
192387,1242599,1.0,0.6095203555332183
192391,1242604,1.0,0.6764670410005358
192392,1242605,1.0,0.550839616630387
192397,1242612,1.0,0.546663026651319
192402,1242621,1.0,0.8217819676417386
192405,1242628,1.0,0.81803374821698
192408,1242633,1.0,0.8488794522130501
192412,1242638,1.0,0.8908298251979697
192416,1242644,1.0,0.865950007892816
192430,1242661,1.0,0.6461673237260073
192433,1242665,1.0,0.765640499387721
192437,1242670,1.0,0.7833048846369468
192439,1242672,1.0,0.6996192605938474
192441,1242677,1.0,0.506598099943557
192453,1242693,1.0,0.8540903700150307
192462,1242705,1.0,0.5496099290845022
192483,1242730,1.0,0.7843724619197362
192484,1242731,1.0,0.8192438499606085
192491,1242747,1.0,0.863500493035961
192493,1242749,1.0,0.5118831038048829
192505,1242773,1.0,0.7265126300061663
192506,1242774,1.0,0.5204357957728155
192515,1242790,1.0,0.8218543084717939
192516,1242793,1.0,0.8564016683112992
192517,1242797,1.0,0.5395514472784527
192519,1242800,1.0,0.7340265711329206
192521,1242803,1.0,0.817869467790614
192531,1242817,1.0,0.566911164122407
192532,1242818,1.0,0.9225981598930093
192537,1242827,1.0,0.5036484955262697
192539,1242830,1.0,0.580343134270754
192545,1242839,1.0,0.6979643262303403
192550,1242845,1.0,0.8625379327373093
192554,1242850,1.0,0.5734234572980965
192555,1242852,1.0,0.654224733324252
192559,1242859,1.0,0.5854952037785404
192562,1242862,1.0,0.6386453937845303
192565,1242867,1.0,0.5108141561884572
192581,1242890,1.0,0.5012317206874408
192583,1242893,1.0,0.6656904657952051
192585,1242895,1.0,0.6966468351946848
192588,1242903,1.0,0.6661499265995304
192589,1242904,1.0,0.7693466548748791
192592,1242909,1.0,0.5516093371648704
192594,1242912,1.0,0.732843066502905
192598,1242917,1.0,0.8312283183164253
192600,1242920,1.0,0.7688991745474698
192601,1242921,1.0,0.7785557145551362
192602,1242923,1.0,0.7394718787971419
192608,1242933,1.0,0.7018779583192617
192611,1242936,1.0,0.6072456529103196
192615,1242943,1.0,0.6952124206483868
192617,1242946,1.0,0.7819556565809871
192618,1242948,1.0,0.548952539546899
192625,1242971,1.0,0.5952246120896404
192626,1242975,1.0,0.5643403277392418
192633,1242985,1.0,0.6032663547924022
192634,1242986,1.0,0.6375913633882333
192636,1242988,1.0,0.528026404093156
192637,1242989,1.0,0.6177812439723784
192638,1242990,1.0,0.720686109321904
192639,1242992,1.0,0.6116815720756715
192646,1243003,1.0,0.5643127047582966
192648,1243005,1.0,0.7731682035024577
192656,1243017,1.0,0.7954029175785277
192659,1243022,1.0,0.671913834326028
192663,1243026,1.0,0.6675540166481417
192664,1243027,1.0,0.5260633722322292
192674,1243039,1.0,0.7727111072425218
192681,1243051,1.0,0.548527125509911
192687,1243060,1.0,0.6164183931971963
192690,1243064,1.0,0.5136154002258742
192701,1243079,1.0,0.6349705238980154
192707,1243085,1.0,0.6882044641588045
192710,1243089,1.0,0.7035199720896579
192711,1243090,1.0,0.6205850149540315
192719,1243100,1.0,0.843842214473917
192726,1243110,1.0,0.5644900126626508
192729,1243113,1.0,0.5765934703040115
192742,1243130,1.0,0.6962436247711821
192752,1243148,1.0,0.783515209598153
192758,1243156,1.0,0.8853043982294402
192760,1243159,1.0,0.6444313919793994
192761,1243160,1.0,0.6726791699586947
192762,1243162,1.0,0.7513991800507637
192764,1243169,1.0,0.5709216098467178
192768,1243179,1.0,0.691622743681758
192769,1243183,1.0,0.580035608066698
192776,1243203,1.0,0.8423839320630602
192785,1243217,1.0,0.8183411934718002
192788,1243220,1.0,0.5243767074129315
192789,1243221,1.0,0.6913808001447672
192790,1243222,1.0,0.6623238523142265
192795,1243227,1.0,0.6165068516281855
192799,1243232,1.0,0.6552144001058251
192800,1243233,1.0,0.837631632405551
192805,1243241,1.0,0.7292204188441513
192807,1243243,1.0,0.5487404024792911
192810,1243248,1.0,0.5662378737638671
192812,1243253,1.0,0.8800970241562472
192817,1243261,1.0,0.7397099563765519
192819,1243264,1.0,0.7109939343602759
192828,1243281,1.0,0.7887890251030907
192834,1243292,1.0,0.8198520250206814
192851,1243319,1.0,0.7249467411986158
192863,1243338,1.0,0.8961711064195236
192864,1243339,1.0,0.5414344002470777
192868,1243344,1.0,0.6477941007252748
192877,1243357,1.0,0.7102638897751579
192888,1243374,1.0,0.814590763947758
192890,1243376,1.0,0.7918375122622398
192892,1243379,1.0,0.8999130322076077
192893,1243381,1.0,0.5274913756614231
192898,1243395,1.0,0.8465396484642653
192901,1243404,1.0,0.6860292356745575
192905,1243417,1.0,0.8068157578053697
192906,1243420,1.0,0.8987125133176331
192908,1243425,1.0,0.7948477935835434
192909,1243426,1.0,0.6582784266482667
192924,1243462,1.0,0.5199611204179212
192930,1243468,1.0,0.7079604276516277
192943,1243490,1.0,0.757423661663243
192951,1243502,1.0,0.8454095053736603
192959,1243513,1.0,0.5052536953858399
192962,1243518,1.0,0.7171504111355793
192973,1243533,1.0,0.87899631476281
192976,1243538,1.0,0.8744414515303182
192977,1243539,1.0,0.5033386889878827
192978,1243540,1.0,0.5342258474127638
192981,1243544,1.0,0.7975934564251045
192983,1243546,1.0,0.5213103068092806
192992,1243559,1.0,0.5049351128006805
192995,1243562,1.0,0.5783707116521908
193009,1243580,1.0,0.7616954008549235
193010,1243581,1.0,0.5304985882268383
193016,1243594,1.0,0.6149138382761525
193017,1243595,1.0,0.5859359366234647
193018,1243597,1.0,0.7477198942704434
193022,1243601,1.0,0.9076154896523025
193024,1243608,1.0,0.7810472039656466
193034,1243628,1.0,0.8676324635481252
193051,1243655,1.0,0.5254850758472974
193055,1243660,1.0,0.7161404632122714
193059,1243665,1.0,0.5166550898074327
193065,1243673,1.0,0.616313016914375
193076,1243697,1.0,0.6830707190430405
193082,1243706,1.0,0.5266718899470538
193088,1243719,1.0,0.5242180677187286
193102,1243737,1.0,0.528743680348364
193104,1243739,1.0,0.7863837017166894
193105,1243741,1.0,0.5134104748660964
193111,1243750,1.0,0.5631240204559443
193113,1243753,1.0,0.5236658476234662
193114,1243756,1.0,0.8245090853934457
193124,1243779,1.0,0.6107575138217759
193135,1243797,1.0,0.5456167763664261
193137,1243799,1.0,0.7337034744331149
193138,1243801,1.0,0.5703584525043877
193140,1243804,1.0,0.6346422347340811
193143,1243813,1.0,0.5214520637663591
193144,1243814,1.0,0.6935878570171844
193157,1243837,1.0,0.6079891329189985
193159,1243841,1.0,0.5507137741412286
193164,1243850,1.0,0.8042487217049109
193165,1243852,1.0,0.5625894170880313
193169,1243858,1.0,0.5238501766325699
193177,1243871,1.0,0.6672687915918183
193182,1243881,1.0,0.546345409311181
193184,1243886,1.0,0.6385532562072409
193186,1243888,1.0,0.6747861667973513
193187,1243890,1.0,0.6003121715305185
193194,1243904,1.0,0.6580704344288537
193201,1243916,1.0,0.7921380852061154
193210,1243927,1.0,0.8155712493834538
193213,1243930,1.0,0.543256875325642
193217,1243936,1.0,0.5942712469848489
193220,1243941,1.0,0.8959427314504663
193223,1243947,1.0,0.7382552419882539
193226,1243952,1.0,0.8754212073315276
193238,1243971,1.0,0.531471775752944
193244,1243979,1.0,0.5328579148226371
193250,1243990,1.0,0.7675328803936662
193258,1244004,1.0,0.5896695263183992
193269,1244016,1.0,0.5108776214892553
193270,1244017,1.0,0.5146507454252144
193278,1244029,1.0,0.5509245128305438
193283,1244038,1.0,0.5064112134112917
193284,1244044,1.0,0.5253739823786937
193285,1244046,1.0,0.5305590910974556
193286,1244049,1.0,0.89893056586761
193288,1244051,1.0,0.7219106185205999
193294,1244059,1.0,0.6440717550647158
193298,1244067,1.0,0.5348467061472013
193305,1244078,1.0,0.6177150130351314
193312,1244089,1.0,0.7798430187846614
193324,1244110,1.0,0.5079961583319098
193336,1244133,1.0,0.5074577656270397
193337,1244135,1.0,0.7991184978124992
193338,1244137,1.0,0.6557760284915403
193344,1244148,1.0,0.7418905527769454
193345,1244149,1.0,0.8888080410172712
193350,1244156,1.0,0.6555566456265506
193355,1244163,1.0,0.546381466780148
193364,1244177,1.0,0.8266042389519613
193373,1244194,1.0,0.5614723281680696
193378,1244203,1.0,0.6127457889751077
193380,1244210,1.0,0.707920300417141
193385,1244218,1.0,0.602604822367371
193404,1244242,1.0,0.6413885911190121
193405,1244243,1.0,0.6655656408342853
193414,1244253,1.0,0.836087927311159
193434,1244284,1.0,0.5708176612868968
193441,1244294,1.0,0.6350819539955795
193446,1244300,1.0,0.5366835910347356
193449,1244304,1.0,0.6324884495623933
193452,1244309,1.0,0.7203236892531708
193453,1244310,1.0,0.5783647121299622
193459,1244317,1.0,0.5836245094634751
193463,1244324,1.0,0.6231101889666477
193466,1244330,1.0,0.7345980758452971
193471,1244337,1.0,0.5384946578049902
193473,1244341,1.0,0.5506934206331736
193475,1244345,1.0,0.584545248979113
193490,1244379,1.0,0.6179634961812597
193495,1244386,1.0,0.5860106677046157
193504,1244399,1.0,0.8060376061767581
193513,1244412,1.0,0.5596240787646332
193520,1244425,1.0,0.5640587693335909
193523,1244430,1.0,0.737508602653887
193524,1244432,1.0,0.7176989411013849
193531,1244446,1.0,0.5102938603602706
193532,1244447,1.0,0.6562613883539024
193533,1244448,1.0,0.5545832327437091
193536,1244452,1.0,0.7065476672837735
193542,1244461,1.0,0.6543605573804373
193546,1244467,1.0,0.8234471531696264
193554,1244479,1.0,0.6111864876420957
193560,1244486,1.0,0.7877075101737524
193570,1244503,1.0,0.5535998006204009
193572,1244508,1.0,0.656837796313804
193575,1244512,1.0,0.9095776703393832
193585,1244525,1.0,0.5049683979180715
193586,1244529,1.0,0.6170967222028186
193590,1244535,1.0,0.7368620278996039
193594,1244540,1.0,0.512587281985647
193605,1244569,1.0,0.7731633841563771
193608,1244576,1.0,0.8252077615341922
193609,1244579,1.0,0.6222609282784254
193610,1244580,1.0,0.5987062374942987
193612,1244583,1.0,0.6792576671069834
193613,1244588,1.0,0.6239012940526644
193614,1244589,1.0,0.5343707993075842
193615,1244590,1.0,0.6842512932746243
193616,1244591,1.0,0.6621461869140303
193619,1244595,1.0,0.5132719051872229
193620,1244596,1.0,0.5146669755153068
193623,1244600,1.0,0.801691467717616
193625,1244605,1.0,0.5610112347723386
193626,1244606,1.0,0.6869382006799803
193643,1244633,1.0,0.5437598625719677
193646,1244643,1.0,0.5535938930215354
193657,1244657,1.0,0.7754270078354647
193660,1244663,1.0,0.7233841807038457
193665,1244671,1.0,0.5120820822797252
193667,1244673,1.0,0.6300626226972257
193677,1244685,1.0,0.597040785321192
193681,1244691,1.0,0.9216099910862329
193684,1244696,1.0,0.7381990224816819
193687,1244701,1.0,0.5366486193097275
193688,1244702,1.0,0.551691153944794
193691,1244706,1.0,0.5968881096218112
193699,1244721,1.0,0.5345125088988761
193700,1244722,1.0,0.5792639851809752
193702,1244724,1.0,0.6576759397746167
193705,1244729,1.0,0.8968967146768246
193714,1244742,1.0,0.708505066046815
193725,1244769,1.0,0.5356066318496726
193726,1244772,1.0,0.5296010626831418
193729,1244777,1.0,0.5644780841970615
193730,1244783,1.0,0.7835733027388014
193732,1244792,1.0,0.5683904097102203
193736,1244800,1.0,0.6028977205071159
193739,1244806,1.0,0.6595378378411852
193741,1244811,1.0,0.7888751574043171
193751,1244828,1.0,0.5151125431405689
193753,1244833,1.0,0.7723249922228254
193756,1244836,1.0,0.6148216957582778
193757,1244837,1.0,0.5930877022279332
193759,1244839,1.0,0.5573848410731078
193760,1244840,1.0,0.516174502582551
193761,1244841,1.0,0.5657247174601902
193762,1244842,1.0,0.8113402135159137
193765,1244847,1.0,0.7241455800390328
193766,1244848,1.0,0.6447835587497528
193767,1244849,1.0,0.5162596343909444
193777,1244861,1.0,0.8240337801093516
193783,1244868,1.0,0.6662548607760473
193787,1244872,1.0,0.533129060700242
193788,1244873,1.0,0.8425797074081244
193790,1244879,1.0,0.6285529717288147
193791,1244880,1.0,0.7330297534706892
193792,1244881,1.0,0.7676114807085734
193802,1244894,1.0,0.5626222081794449
193803,1244895,1.0,0.7466799188657434
193805,1244897,1.0,0.6225393644096305
193809,1244901,1.0,0.8524431819760069
193810,1244902,1.0,0.529360455678094
193817,1244911,1.0,0.696777114164234
193822,1244921,1.0,0.6922747907246326
193836,1244944,1.0,0.8778907208526169
193837,1244945,1.0,0.5192965394617037
193840,1244948,1.0,0.8790982562456932
193842,1244951,1.0,0.5105174195013389
193843,1244958,1.0,0.5188536905661134
193847,1244968,1.0,0.8670969533647535
193856,1244994,1.0,0.7154489502411645
193857,1244995,1.0,0.5725219551194662
193858,1244997,1.0,0.8024415935698913
193864,1245010,1.0,0.5898327904240842
193866,1245014,1.0,0.7269131625646281
193872,1245021,1.0,0.5342599057667132
193873,1245023,1.0,0.9186439692034633
193875,1245025,1.0,0.8795102085764829
193883,1245036,1.0,0.5936532203074089
193888,1245044,1.0,0.5676044647749158
193905,1245073,1.0,0.6527646713264144
193909,1245079,1.0,0.7831398036448408
193918,1245093,1.0,0.7874647285423158
193925,1245102,1.0,0.6515622288120608
193933,1245112,1.0,0.7468933874625878
193935,1245116,1.0,0.805635352073444
193936,1245118,1.0,0.7351076331998905
193941,1245124,1.0,0.5135273401935858
193967,1245160,1.0,0.6414963519868054
193976,1245171,1.0,0.5610657703341574
193977,1245172,1.0,0.7656921603969924
193979,1245178,1.0,0.6306754331183931
193982,1245184,1.0,0.5841417289107638
193986,1245191,1.0,0.5645712338620366
193991,1245197,1.0,0.7440177477367087
193992,1245199,1.0,0.6912864141805377
194019,1245237,1.0,0.5235258565371849
194024,1245243,1.0,0.7614342419045809
194032,1245255,1.0,0.760245010047535
194048,1245278,1.0,0.5665479933122358
194050,1245281,1.0,0.8384727449736586
194051,1245282,1.0,0.6310355412762849
194057,1245291,1.0,0.5862582775892309
194061,1245297,1.0,0.5811828026366093
194063,1245301,1.0,0.6114920410836489
194066,1245304,1.0,0.5809585290835427
194072,1245326,1.0,0.5628344231281701
194073,1245330,1.0,0.5917995682431537
194077,1245338,1.0,0.57535321151008
194079,1245346,1.0,0.5802035951891295
194081,1245350,1.0,0.7928002572960012
194082,1245351,1.0,0.7231625401964723
194084,1245353,1.0,0.7338206864549925
194088,1245357,1.0,0.8958090429992092
194090,1245359,1.0,0.6464144280445983
194095,1245368,1.0,0.7659412999283541
194096,1245369,1.0,0.6353327199138253
194098,1245371,1.0,0.5857442930302846
194101,1245374,1.0,0.5539478638245374
194104,1245381,1.0,0.7795133048907764
194105,1245383,1.0,0.6930861228263016
194106,1245385,1.0,0.6412304010349743
194107,1245386,1.0,0.7090262521343615
194112,1245394,1.0,0.7659753938472209
194113,1245395,1.0,0.7325421758071734
194116,1245399,1.0,0.6755625110702695
194117,1245401,1.0,0.7288897665652359
194119,1245403,1.0,0.7941485849227693
194121,1245405,1.0,0.7272997236903294
194122,1245408,1.0,0.6311709246252976
194124,1245412,1.0,0.8428109041373266
194126,1245414,1.0,0.5470883080515129
194131,1245423,1.0,0.6948115951426612
194134,1245428,1.0,0.5380871025614782
194135,1245429,1.0,0.6627026030041009
194136,1245430,1.0,0.7883980659203569
194149,1245447,1.0,0.793862971830251
194161,1245460,1.0,0.8991090471231006
194166,1245469,1.0,0.644530612623801
194167,1245471,1.0,0.7494660819843341
194170,1245474,1.0,0.8156291694880565
194172,1245476,1.0,0.7204927338513367
194188,1245497,1.0,0.7893642271980377
194194,1245506,1.0,0.8239726285742831
194203,1245524,1.0,0.7489006589690427
194205,1245528,1.0,0.7894984681538975
194207,1245542,1.0,0.7430297134492224
194208,1245543,1.0,0.5103320840143821
194210,1245546,1.0,0.5018355848991131
194211,1245548,1.0,0.5222021112258064
194215,1245560,1.0,0.5512149449535225
194220,1245566,1.0,0.8546232138066663
194224,1245570,1.0,0.603221291655739
194240,1245593,1.0,0.9373781268436675
194242,1245597,1.0,0.5707221614769536
194245,1245601,1.0,0.692463950316511
194249,1245605,1.0,0.7871390674654978
194257,1245618,1.0,0.5105948920168871
194266,1245632,1.0,0.534695123791894
194268,1245634,1.0,0.7129828829772599
194277,1245646,1.0,0.6331296806633685
194278,1245648,1.0,0.6482074047973027
194294,1245672,1.0,0.5150907105836864
194300,1245684,1.0,0.5015796875138431
194301,1245689,1.0,0.7109911307300969
194312,1245707,1.0,0.5164243890249224
194327,1245726,1.0,0.539546087007747
194332,1245746,1.0,0.9198177493050002
194335,1245752,1.0,0.7090337137433914
194355,1245781,1.0,0.707640941125344
194358,1245786,1.0,0.5104612131878248
194360,1245789,1.0,0.5325387132004359
194362,1245791,1.0,0.8958027911059379
194383,1245823,1.0,0.8302473072190485
194385,1245827,1.0,0.7298857507291159
194393,1245838,1.0,0.6900614220107483
194402,1245850,1.0,0.5960599657184624
194404,1245853,1.0,0.5223174663779387
194408,1245860,1.0,0.7067165327239268
194411,1245864,1.0,0.706914256838323
194418,1245874,1.0,0.5414199455750577
194431,1245891,1.0,0.5647049529031926
194437,1245900,1.0,0.5349941895095732
194446,1245917,1.0,0.5520413173151096
194447,1245923,1.0,0.7706409670392989
194451,1245928,1.0,0.6670531505918802
194452,1245936,1.0,0.5277302275358264
194476,1245961,1.0,0.6743704087729239
194480,1245970,1.0,0.8636614103851656
194482,1245973,1.0,0.8266165674276783
194486,1245978,1.0,0.7049821101653861
194497,1245994,1.0,0.5484386375417999
194509,1246010,1.0,0.5823946223418343
194514,1246019,1.0,0.6556531370850895
194520,1246028,1.0,0.504844068544049
194522,1246030,1.0,0.8635736292200427
194525,1246034,1.0,0.736069131324397
194532,1246042,1.0,0.6310989666319069
194534,1246044,1.0,0.5570633224183869
194541,1246054,1.0,0.5813861267096385
194544,1246058,1.0,0.5437265865675486
194550,1246064,1.0,0.7656072875269815
194564,1246089,1.0,0.6850029084935734
194570,1246103,1.0,0.8569815205765912
194571,1246106,1.0,0.7227202927027327
194579,1246125,1.0,0.695786660298671
194581,1246132,1.0,0.7490554959582165
194587,1246145,1.0,0.709792860715294
194588,1246147,1.0,0.5812073224187948
194589,1246148,1.0,0.538581204574798
194593,1246155,1.0,0.9373818107324509
194594,1246156,1.0,0.677298215208279
194596,1246159,1.0,0.8566114687398474
194600,1246164,1.0,0.837922999398378
194604,1246177,1.0,0.5427527572034013
194605,1246178,1.0,0.6396630598989087
194606,1246179,1.0,0.6824019385872419
194608,1246181,1.0,0.76048711237448
194611,1246188,1.0,0.9169337819018237
194615,1246192,1.0,0.659014240038899
194621,1246200,1.0,0.9150132016565213
194638,1246231,1.0,0.5780314027759929
194642,1246237,1.0,0.6915190715207405
194652,1246251,1.0,0.727114248335371
194654,1246255,1.0,0.5299126806562547
194657,1246259,1.0,0.7720217669890185
194658,1246261,1.0,0.7269765081601413
194664,1246268,1.0,0.6402420888145263
194665,1246269,1.0,0.7025326326949852
194683,1246291,1.0,0.7757711394677581
194684,1246292,1.0,0.8642239013042371
194687,1246296,1.0,0.9121066181387201
194688,1246298,1.0,0.5452001127633334
194692,1246303,1.0,0.5334098959187761
194693,1246305,1.0,0.6041731211546887
194694,1246306,1.0,0.585212111160462
194700,1246313,1.0,0.8279557385306707
194702,1246315,1.0,0.6922151659307624
194704,1246319,1.0,0.8356685240489214
194707,1246326,1.0,0.7400130741582376
194708,1246327,1.0,0.6738289817836778
194713,1246333,1.0,0.9374172534438994
194718,1246339,1.0,0.6899477355360064
194729,1246360,1.0,0.7967705775513132
194730,1246361,1.0,0.5510670560150535
194732,1246364,1.0,0.7517738785026848
194737,1246374,1.0,0.6496011875616989
194739,1246376,1.0,0.609890461039975
194744,1246385,1.0,0.9330296334581609
194748,1246392,1.0,0.658024924715877
194753,1246397,1.0,0.5269960186746306
194758,1246411,1.0,0.8604500777898318
194770,1246429,1.0,0.527493834950475
194775,1246436,1.0,0.8805064860141896
194777,1246439,1.0,0.6897124298974224
194781,1246446,1.0,0.8022370825117768
194784,1246451,1.0,0.590320809230725
194787,1246459,1.0,0.5979304196671673
194790,1246465,1.0,0.5509925103498889
194805,1246502,1.0,0.6385114517913342
194807,1246504,1.0,0.5604876050316155
194813,1246518,1.0,0.7447512207520338
194818,1246524,1.0,0.8644627368364908
194819,1246525,1.0,0.592314858234493
194822,1246529,1.0,0.8008196929128063
194825,1246532,1.0,0.6708014065093485
194833,1246546,1.0,0.6339894885014504
194834,1246547,1.0,0.6530651531977757
194839,1246553,1.0,0.6804097948315392
194851,1246569,1.0,0.704675085325281
194859,1246580,1.0,0.5376733658211722
194862,1246583,1.0,0.6966875984520259
194872,1246597,1.0,0.5132596847012646
194878,1246607,1.0,0.682590859062139
194884,1246621,1.0,0.5742836266393303
194888,1246626,1.0,0.7213697710529755
194889,1246627,1.0,0.6175900028376061
194895,1246634,1.0,0.7544754097225681
194898,1246638,1.0,0.6260469666464681
194901,1246642,1.0,0.5167134587847353
194908,1246652,1.0,0.7359430006743412
194910,1246654,1.0,0.5661542467297562
194912,1246658,1.0,0.7588789568126211
194914,1246660,1.0,0.5593390912262882
194916,1246662,1.0,0.5023728956631383
194924,1246677,1.0,0.8223609989536288
194925,1246678,1.0,0.7902964295336469
194928,1246686,1.0,0.6693725154929637
194933,1246692,1.0,0.6828617546423595
194936,1246701,1.0,0.5361506781936758
194937,1246706,1.0,0.7685009669666496
194938,1246707,1.0,0.7955238423445541
194941,1246714,1.0,0.6185999969874539
194945,1246718,1.0,0.5449701728861925
194947,1246722,1.0,0.9367459843446873
194953,1246730,1.0,0.5084433956896525
194960,1246739,1.0,0.5505841798891952
194961,1246741,1.0,0.724855257678687
194963,1246744,1.0,0.5475022473410062
194970,1246758,1.0,0.8813776633822392
194972,1246760,1.0,0.5544460213069609
194981,1246772,1.0,0.5962042384408343
194982,1246774,1.0,0.662988240117537
194984,1246776,1.0,0.9839402482684938
194989,1246784,1.0,0.8887651891585413
194996,1246796,1.0,0.860576351807949
195002,1246805,1.0,0.523361145212359
195023,1246837,1.0,0.6266674964585045
195025,1246839,1.0,0.5571793378273877
195027,1246844,1.0,0.6599572848363741
195028,1246845,1.0,0.8929718186182584
195029,1246846,1.0,0.7130089564688735
195034,1246855,1.0,0.7465172432310355
195036,1246857,1.0,0.8250501563732043
195037,1246858,1.0,0.9797159732149899
195044,1246867,1.0,0.6507674833707969
195047,1246872,1.0,0.6951917458595619
195049,1246876,1.0,0.6746589582327576
195058,1246889,1.0,0.73061597213322
195064,1246895,1.0,0.856851376264998
195065,1246896,1.0,0.8236375580396884
195078,1246916,1.0,0.8666612135096349
195079,1246918,1.0,0.7142711717537527
195091,1246937,1.0,0.5524768592371511
195094,1246951,1.0,0.6591281962744729
195095,1246952,1.0,0.5119100862615202
195097,1246968,1.0,0.6947584464153947
195109,1246992,1.0,0.5915961577432585
195112,1246998,1.0,0.6159093233384748
195114,1247002,1.0,0.7900688503019162
195127,1247024,1.0,0.8480855607965648
195135,1247035,1.0,0.7025511159394352
195136,1247036,1.0,0.7139694754158711
195138,1247038,1.0,0.5563873406925904
195141,1247042,1.0,0.6980765303611418
195146,1247050,1.0,0.6792950778177521
195148,1247052,1.0,0.6622401337302064
195152,1247061,1.0,0.7857594910717143
195153,1247062,1.0,0.7363874533627747
195154,1247064,1.0,0.54001067135783
195157,1247068,1.0,0.525234231507383
195159,1247071,1.0,0.5752173693810404
195161,1247074,1.0,0.636077676350823
195168,1247086,1.0,0.8314612290215364
195169,1247087,1.0,0.5237187655559595
195174,1247094,1.0,0.5472990097102394
195177,1247101,1.0,0.8276776822758617
195180,1247105,1.0,0.7686732488909578
195183,1247114,1.0,0.6365079145909777
195192,1247126,1.0,0.5805526759660171
195193,1247127,1.0,0.7088329904222846
195195,1247130,1.0,0.5955274490954112
195196,1247131,1.0,0.6946390813542999
195202,1247138,1.0,0.7520107202779029
195208,1247148,1.0,0.6539150715110851
195209,1247149,1.0,0.9018491195100441
195210,1247151,1.0,0.7410317440520551
195213,1247161,1.0,0.7632225695404976
195217,1247174,1.0,0.717719207391782
195229,1247196,1.0,0.6004651955393917
195230,1247198,1.0,0.5536978102596835
195232,1247201,1.0,0.9253203498120565
195236,1247206,1.0,0.5109854950683679
195240,1247210,1.0,0.5120810976686229
195245,1247220,1.0,0.6445316127160395
195246,1247222,1.0,0.6036046172335148
195264,1247250,1.0,0.9347081787596883
195265,1247251,1.0,0.5641088633263386
195291,1247299,1.0,0.8399836170398491
195295,1247306,1.0,0.5481957455061823
195298,1247309,1.0,0.7765508468739246
195300,1247311,1.0,0.9193980919415417
195305,1247318,1.0,0.5604168033044908
195308,1247321,1.0,0.8710117829113898
195319,1247446,1.0,0.5862703619668175
195320,1247447,1.0,0.7070384546554422
195325,1247455,1.0,0.721985964442463
195329,1247461,1.0,0.816238075876236
195331,1247464,1.0,0.7005325067361868
195334,1247469,1.0,0.7718227105362698
195337,1247473,1.0,0.7071348051890498
195340,1247478,1.0,0.5500649527985473
195342,1247480,1.0,0.5919283550187476
195344,1247487,1.0,0.5680620889768604
195347,1247496,1.0,0.5782663559306125
195350,1247501,1.0,0.5807133616944421
195352,1247504,1.0,0.8373768210012061
195353,1247505,1.0,0.6711680096582808
195358,1247513,1.0,0.529400510258479
195363,1247520,1.0,0.7313257255263591
195370,1247527,1.0,0.697493875402019
195374,1247531,1.0,0.5262717585714537
195378,1247535,1.0,0.6635478244955868
195384,1247545,1.0,0.5757273844165495
195395,1247562,1.0,0.5370363002556547
195398,1247565,1.0,0.7174856615544036
195406,1247576,1.0,0.5415242168729508
195418,1247595,1.0,0.7271399214815164
195423,1247602,1.0,0.5207498174846219
195429,1247611,1.0,0.5910788654166793
195436,1247619,1.0,0.6973997468066816
195440,1247626,1.0,0.5189825322871614
195441,1247627,1.0,0.7276433219531013
195444,1247631,1.0,0.5085132345780364
195446,1247633,1.0,0.6100226715960506
195449,1247636,1.0,0.5445079777454087
195451,1247638,1.0,0.9274862748264289
195456,1247643,1.0,0.7058535131309178
195457,1247644,1.0,0.7602042311303566
195460,1247647,1.0,0.6537245759534625
195464,1247653,1.0,0.5061309549705706
195466,1247656,1.0,0.6142475636120689
195468,1247659,1.0,0.5224657642663433
195478,1247675,1.0,0.6326179646929055
195479,1247676,1.0,0.5043369954176821
195483,1247684,1.0,0.8049475121298141
195488,1247691,1.0,0.521830273532852
195493,1247697,1.0,0.8665410110118626
195496,1247704,1.0,0.5210459996418514
195500,1247709,1.0,0.6024756348354551
195503,1247715,1.0,0.7243341466726535
195505,1247719,1.0,0.5997206217790093
195506,1247720,1.0,0.5274481685615586
195515,1247732,1.0,0.723291769349169
195518,1247738,1.0,0.5072921469045737
195541,1247771,1.0,0.7271866153492451
195542,1247774,1.0,0.8294833722529784
195545,1247780,1.0,0.5508316220180253
195550,1247792,1.0,0.6555233047773067
195552,1247806,1.0,0.5674794822343722
195553,1247807,1.0,0.5708416109190279
195564,1247832,1.0,0.6261919429261348
195575,1247845,1.0,0.8796963136708843
195578,1247852,1.0,0.667434590944031
195579,1247853,1.0,0.5830719170160501
195581,1247855,1.0,0.7944458191789224
195584,1247862,1.0,0.6485744106351176
195585,1247863,1.0,0.5217554137449951
195588,1247867,1.0,0.8399109949929602
195590,1247869,1.0,0.8245599531269941
195601,1247888,1.0,0.7944231234499008
195602,1247889,1.0,0.7974017176369214
195603,1247890,1.0,0.6485643257748401
195604,1247891,1.0,0.6379432149870968
195605,1247892,1.0,0.7458920916026491
195613,1247900,1.0,0.5912346970264551
195622,1247918,1.0,0.5409758231996137
195628,1247928,1.0,0.8721295223183002
195629,1247930,1.0,0.5559938598806712
195631,1247932,1.0,0.6628617748412262
195635,1247936,1.0,0.509460854621232
195640,1247947,1.0,0.5956800532901351
195641,1247949,1.0,0.9189903760769708
195643,1247951,1.0,0.611472955907699
195644,1247953,1.0,0.5556996900774448
195645,1247954,1.0,0.8770785893768103
195647,1247957,1.0,0.5410622640442496
195650,1247963,1.0,0.5260568932196084
195660,1247979,1.0,0.9206105183025667
195662,1247981,1.0,0.8730913388999055
195664,1247984,1.0,0.6479835340156065
195671,1248003,1.0,0.6454539031687281
195680,1248029,1.0,0.8989948507182925
195686,1248039,1.0,0.5389315780732058
195687,1248045,1.0,0.5261361860392534
195697,1248061,1.0,0.5978443200400445
195698,1248065,1.0,0.5923341682390653
195705,1248074,1.0,0.9472892030449627
195706,1248075,1.0,0.5989399420290896
195717,1248089,1.0,0.705673333948974
195719,1248094,1.0,0.5423293539196482
195721,1248099,1.0,0.5255567044519386
195725,1248103,1.0,0.694098747999611
195737,1248119,1.0,0.9037624774507591
195742,1248125,1.0,0.6025049876509513
195744,1248127,1.0,0.6165693825923678
195745,1248129,1.0,0.7582951288591814
195747,1248131,1.0,0.62320512223381
195749,1248136,1.0,0.8191074182687911
195750,1248137,1.0,0.6233877277155587
195753,1248140,1.0,0.5615326213648234
195765,1248156,1.0,0.8179080199921923
195767,1248159,1.0,0.5831684172157382
195774,1248179,1.0,0.5176184384419603
195775,1248182,1.0,0.5857712863264095
195782,1248196,1.0,0.8078884510087645
195792,1248210,1.0,0.700763909822073
195795,1248214,1.0,0.5809377849361709
195796,1248215,1.0,0.8720591115473453
195801,1248226,1.0,0.6509566423874339
195813,1248245,1.0,0.6186232415155809
195820,1248252,1.0,0.8255652122066179
195822,1248254,1.0,0.5104033310878633
195825,1248257,1.0,0.5287220058280914
195830,1248270,1.0,0.7903034424465227
195831,1248271,1.0,0.5056526841055814
195832,1248272,1.0,0.6765279386278296
195848,1248294,1.0,0.6694825486713083
195849,1248295,1.0,0.5780374168657507
195852,1248299,1.0,0.6527985389171153
195854,1248302,1.0,0.5771323260228591
195859,1248309,1.0,0.7894354734312499
195862,1248313,1.0,0.6961752875245119
195870,1248325,1.0,0.6119765854663978
195874,1248329,1.0,0.5327190034731049
195875,1248330,1.0,0.5319677266278228
195876,1248331,1.0,0.5935624662400214
195882,1248344,1.0,0.6135684280914919
195883,1248347,1.0,0.9039330911965029
195888,1248364,1.0,0.7560833323194096
195889,1248368,1.0,0.8224365626572118
195892,1248374,1.0,0.5412264636824902
195895,1248387,1.0,0.516811611368586
195897,1248389,1.0,0.5600046549785752
195898,1248390,1.0,0.5125014900887997
195904,1248404,1.0,0.8300317150710418
195915,1248422,1.0,0.6633209009403797
195917,1248427,1.0,0.7925496329912217
195919,1248429,1.0,0.6246158739406404
195921,1248431,1.0,0.6146085218648676
195923,1248434,1.0,0.5499045718861973
195928,1248441,1.0,0.7245869580475718
195933,1248447,1.0,0.5133551402659732
195936,1248453,1.0,0.5504045572816967
195939,1248456,1.0,0.6833580065091844
195945,1248463,1.0,0.5130157869487207
195951,1248472,1.0,0.5882253927393886
195953,1248474,1.0,0.5393906821152067
195963,1248491,1.0,0.5476041233691242
195967,1248496,1.0,0.5058648712340014
195970,1248499,1.0,0.5949558829501964
195972,1248503,1.0,0.7472466941508186
195982,1248516,1.0,0.5338839731280158
195986,1248521,1.0,0.5038506558395013
196000,1248540,1.0,0.7557449896036591
196009,1248553,1.0,0.6506472107084416
196011,1248558,1.0,0.6688307539007341
196013,1248560,1.0,0.7453421094587707
196015,1248563,1.0,0.7189577691309103
196020,1248571,1.0,0.7471102562833806
196024,1248580,1.0,0.8449826513955581
196025,1248581,1.0,0.6694191675320675
196030,1248598,1.0,0.5422830539265326
196039,1248623,1.0,0.9312046419147798
196040,1248625,1.0,0.9071942220855724
196042,1248627,1.0,0.7602950239115005
196045,1248633,1.0,0.7355490791633988
196051,1248644,1.0,0.9111744189187226
196055,1248651,1.0,0.8385145747388586
196058,1248657,1.0,0.5517133150172726
196059,1248658,1.0,0.8415688840966528
196062,1248661,1.0,0.8122140808377966
196063,1248663,1.0,0.566166958890151
196064,1248664,1.0,0.724781972589408
196068,1248672,1.0,0.8448092876424153
196070,1248674,1.0,0.6239677139970906
196072,1248676,1.0,0.6978666127830903
196073,1248678,1.0,0.7694629315058426
196075,1248681,1.0,0.7088729270559047
196076,1248682,1.0,0.5188389288188521
196087,1248697,1.0,0.5712411503958702
196088,1248698,1.0,0.9178529963125888
196092,1248703,1.0,0.5993480881932068
196093,1248705,1.0,0.7792019491089545
196096,1248711,1.0,0.8856865628412569
196097,1248713,1.0,0.7435825464195855
196098,1248714,1.0,0.7539933009007949
196112,1248732,1.0,0.7882996949187754
196127,1248757,1.0,0.6693797181501979
196130,1248761,1.0,0.5784313624493396
196140,1248777,1.0,0.5704810194302677
196144,1248781,1.0,0.749978785899091
196152,1248790,1.0,0.8598965651052677
196158,1248796,1.0,0.6031636160361304
196159,1248798,1.0,0.7509110191005602
196162,1248802,1.0,0.6823401871489987
196167,1248811,1.0,0.7190052989140227
196176,1248822,1.0,0.5954981779066354
196180,1248828,1.0,0.6027414270710465
196181,1248829,1.0,0.7842917390736455
196186,1248837,1.0,0.9286863226812933
196188,1248839,1.0,0.6481817346533374
196190,1248844,1.0,0.607103885677336
196204,1248860,1.0,0.5446282062005957
196213,1248876,1.0,0.6972560293689269
196216,1248880,1.0,0.59379695252225
196219,1248885,1.0,0.6555291199774209
196223,1248897,1.0,0.5029991865233016
196227,1248906,1.0,0.8793247294245358
196232,1248915,1.0,0.8376013872383417
196233,1248916,1.0,0.7500320303149343
196234,1248917,1.0,0.579926832509793
196238,1248922,1.0,0.7890156027433926
196250,1248936,1.0,0.6730002710077926
196251,1248938,1.0,0.8853453435585459
196252,1248939,1.0,0.7888817845819693
196253,1248940,1.0,0.6525186402010279
196255,1248942,1.0,0.8182815387565553
196257,1248944,1.0,0.7245843044246414
196259,1248948,1.0,0.6831279480034274
196264,1248955,1.0,0.8725303211160144
196266,1248959,1.0,0.5065056805429895
196267,1248960,1.0,0.5247777749382694
196278,1248978,1.0,0.5504796064057859
196280,1248981,1.0,0.636471023065484
196282,1248983,1.0,0.5715231762518815
196284,1248985,1.0,0.7687199532230052
196286,1248987,1.0,0.7363094387592595
196290,1248997,1.0,0.6768735334055963
196291,1248998,1.0,0.5988452091607718
196293,1249000,1.0,0.7813142063604532
196297,1249005,1.0,0.5092978200898631
196300,1249008,1.0,0.8006716313371418
196312,1249024,1.0,0.5265352307326475
196313,1249027,1.0,0.5728892394742817
196317,1249031,1.0,0.8454132380748185
196318,1249032,1.0,0.5882319975412361
196319,1249033,1.0,0.7252647816086584
196326,1249041,1.0,0.5504754497123784
196330,1249050,1.0,0.5263283224540798
196331,1249052,1.0,0.6317932186796159
196332,1249054,1.0,0.5436244608621271
196335,1249057,1.0,0.6289621096959046
196344,1249074,1.0,0.5696645543261931
196346,1249079,1.0,0.919386790849295
196347,1249080,1.0,0.8216927180709646
196348,1249082,1.0,0.8947544665219277
196352,1249088,1.0,0.59756754746472
196354,1249091,1.0,0.553330332466578
196357,1249094,1.0,0.7818887941496152
196364,1249106,1.0,0.6981802780073695
196365,1249107,1.0,0.6370463765002109
196371,1249117,1.0,0.6157365297502941
196373,1249120,1.0,0.5114112963920393
196378,1249149,1.0,0.5433360276778397
196388,1249161,1.0,0.7244971741903719
196390,1249163,1.0,0.6312295884849967
196392,1249165,1.0,0.7532615801793899
196401,1249177,1.0,0.5093052058447363
196404,1249181,1.0,0.6681193757355087
196408,1249186,1.0,0.6116030382036923
196420,1249205,1.0,0.8634400829758632
196422,1249208,1.0,0.6327280257842576
196429,1249217,1.0,0.6983911981078329
196432,1249222,1.0,0.6141260186212367
196433,1249223,1.0,0.6197971580494617
196437,1249229,1.0,0.7468465978313052
196442,1249234,1.0,0.795248589694744
196448,1249242,1.0,0.5139553577509526
196455,1249253,1.0,0.5591974677349186
196458,1249258,1.0,0.8070149253736588
196467,1249272,1.0,0.5454453083186841
196468,1249273,1.0,0.7373520951703623
196474,1249285,1.0,0.5046378986573363
196482,1249296,1.0,0.5616904650201183
196484,1249299,1.0,0.5513813436402251
196487,1249303,1.0,0.6089378585570027
196503,1249475,1.0,0.5437421720635881
196505,1249477,1.0,0.7623748396480231
196506,1249479,1.0,0.5668756323192266
196507,1249481,1.0,0.7137044651478789
196514,1249491,1.0,0.8170019807741795
196516,1249493,1.0,0.755262508339318
196520,1249499,1.0,0.5860142486154422
196521,1249502,1.0,0.6727941222459481
196528,1249512,1.0,0.7372649681256624
196534,1249521,1.0,0.7302390605639449
196544,1249533,1.0,0.5499758704796688
196559,1249560,1.0,0.5107511846398106
196561,1249565,1.0,0.5388812101660837
196566,1249573,1.0,0.5093363710956118
196570,1249579,1.0,0.784234819122217
196577,1249593,1.0,0.6351119481616427
196585,1249607,1.0,0.772496399944815
196592,1249614,1.0,0.8017619804174692
196594,1249618,1.0,0.96648209402211
196597,1249624,1.0,0.6602637303942336
196598,1249625,1.0,0.6828215497239222
196610,1249643,1.0,0.6962166924160907
196611,1249645,1.0,0.6998227771103099
196612,1249647,1.0,0.8777118395798756
196617,1249659,1.0,0.5452516528834818
196618,1249660,1.0,0.7315883369757286
196623,1249668,1.0,0.6053313899616637
196624,1249670,1.0,0.7464708823977622
196635,1249684,1.0,0.6574420717834607
196637,1249686,1.0,0.6038876226939962
196641,1249690,1.0,0.6166240946919739
196661,1249723,1.0,0.5139170639813004
196663,1249726,1.0,0.7479964804822398
196680,1249753,1.0,0.6312137671130011
196683,1249756,1.0,0.6526451459481422
196686,1249759,1.0,0.7578887831353177
196689,1249764,1.0,0.754583774708729
196690,1249765,1.0,0.757966815446324
196693,1249768,1.0,0.7059754941364165
196695,1249772,1.0,0.5758103343220746
196697,1249776,1.0,0.5414454626950209
196705,1249790,1.0,0.7628019310363399
196710,1249799,1.0,0.5005086522686439
196711,1249804,1.0,0.5632624747826023
196712,1249805,1.0,0.5307946998765286
196715,1249810,1.0,0.5483760004160051
196717,1249812,1.0,0.7763226187310194
196721,1249823,1.0,0.7198048762531616
196722,1249834,1.0,0.7909717992213751
196723,1249835,1.0,0.6545127240385881
196724,1249836,1.0,0.7604320368388789
196732,1249850,1.0,0.5713548239650407
196736,1249855,1.0,0.5089413591648558
196750,1249881,1.0,0.9266765318930373
196758,1249895,1.0,0.5448834550737826
196759,1249897,1.0,0.569052349483511
196760,1249898,1.0,0.5180931094414901
196774,1249925,1.0,0.715255374003002
196777,1249928,1.0,0.5949080135594738
196780,1249936,1.0,0.6008346855464434
196781,1249937,1.0,0.5099704759737899
196782,1249939,1.0,0.8059625706474778
196790,1249953,1.0,0.7739966275998544
196794,1249961,1.0,0.5399617062405775
196799,1249968,1.0,0.6858365128019529
196801,1249972,1.0,0.9282052620394746
196802,1249973,1.0,0.5907574057339802
196808,1249983,1.0,0.5638272809395107
196814,1249990,1.0,0.8564068613840079
196816,1249993,1.0,0.8178817835902467
196819,1249997,1.0,0.7824925660031697
196821,1249999,1.0,0.6273926013839691
196822,1250001,1.0,0.7711925704846765
196825,1250005,1.0,0.5304143664034519
196828,1250011,1.0,0.7876585931868222
196829,1250016,1.0,0.6980369288115305
196831,1250019,1.0,0.609832388302426
196839,1250033,1.0,0.7780517669087021
196841,1250036,1.0,0.5307700511184151
196847,1250045,1.0,0.5182479360142668
196848,1250047,1.0,0.610617996325205
196851,1250053,1.0,0.690710226268044
196859,1250066,1.0,0.7349319738197269
196862,1250072,1.0,0.7434797794427279
196863,1250073,1.0,0.5034291484212643
196876,1250090,1.0,0.6844120602246543
196884,1250102,1.0,0.7565841146920667
196887,1250106,1.0,0.6422561802089556
196914,1250167,1.0,0.6491729324525457
196916,1250170,1.0,0.7123509134826606
196918,1250172,1.0,0.5698011151478932
196921,1250178,1.0,0.5350671560521306
196922,1250179,1.0,0.7703533955709672
196925,1250182,1.0,0.5940618841192159
196927,1250184,1.0,0.7735978544945977
196937,1250198,1.0,0.6796798162183658
196938,1250200,1.0,0.5762882143223537
196946,1250212,1.0,0.5876012250985
196947,1250214,1.0,0.7045340117690717
196949,1250216,1.0,0.6293497640523059
196952,1250221,1.0,0.6181278755803029
196954,1250225,1.0,0.6587789712792257
196959,1250231,1.0,0.5470503174333061
196964,1250238,1.0,0.5006228036727549
196972,1250253,1.0,0.8595934853326072
196978,1250264,1.0,0.5086738707808613
196979,1250265,1.0,0.7798045223847233
196981,1250268,1.0,0.7267899721237181
196982,1250269,1.0,0.7772818436134582
196985,1250272,1.0,0.6266100015530014
196988,1250277,1.0,0.7869785802259095
196989,1250278,1.0,0.6312804785332755
196990,1250279,1.0,0.579845037017548
197006,1250300,1.0,0.7102688963669398
197010,1250305,1.0,0.7108570347633122
197014,1250312,1.0,0.5100355384843767
197021,1250323,1.0,0.627291292483181
197024,1250328,1.0,0.5843914156652182
197027,1250340,1.0,0.5507705251292264
197033,1250350,1.0,0.8281258276504802
197049,1250450,1.0,0.8799839164553819
197054,1250455,1.0,0.7155283378785763
197055,1250456,1.0,0.538717941116446
197062,1250467,1.0,0.6633156339686787
197063,1250469,1.0,0.5423823320337051
197072,1250482,1.0,0.648844475002735
197076,1250488,1.0,0.5238048364871452
197082,1250497,1.0,0.7764779843035328
197084,1250500,1.0,0.8114272597424812
197102,1250534,1.0,0.746140251681756
197103,1250537,1.0,0.7557058149912669
197106,1250541,1.0,0.5362492024824572
197111,1250549,1.0,0.9007793345091042
197112,1250550,1.0,0.531474036399119
197122,1250566,1.0,0.5350193749606288
197123,1250568,1.0,0.6425281148179709
197126,1250573,1.0,0.5516604299715542
197135,1250585,1.0,0.5757081756777923
197139,1250591,1.0,0.7645479997335768
197148,1250607,1.0,0.6358147755251703
197155,1250621,1.0,0.5986677900429597
197162,1250633,1.0,0.6353223733042421
197166,1250643,1.0,0.6117981418944056
197169,1250647,1.0,0.5574900662357504
197171,1250649,1.0,0.5101228276432774
197175,1250655,1.0,0.6613834793051869
197194,1250679,1.0,0.7911074944916792
197195,1250680,1.0,0.7359609879467927
197203,1250689,1.0,0.8602992923948601
197204,1250691,1.0,0.5625568079592423
197208,1250695,1.0,0.6180496803910892
197212,1250700,1.0,0.7876667170583997
197220,1250708,1.0,0.9367002245848807
197243,1250737,1.0,0.6268506410124651
197246,1250743,1.0,0.6012967944279307
197258,1250761,1.0,0.59261659636067
197259,1250763,1.0,0.8366834561917619
197265,1250769,1.0,0.5379237590728327
197273,1250782,1.0,0.5738902715663331
197275,1250790,1.0,0.5495605518755481
197276,1250791,1.0,0.5055542262952275
197279,1250796,1.0,0.5356140879154038
197280,1250798,1.0,0.75786988790206
197287,1250811,1.0,0.5191236889351011
197297,1250825,1.0,0.7284048055210808
197298,1250826,1.0,0.5265955217543963
197300,1250830,1.0,0.7489608986150859
197331,1250887,1.0,0.6707411343459684
197338,1250898,1.0,0.6062803722414024
197339,1250900,1.0,0.6065350509758596
197347,1250915,1.0,0.5527502469756079
197348,1250918,1.0,0.7369631784553179
197349,1250919,1.0,0.9254077111956777
197354,1250928,1.0,0.6945351543746004
197355,1250929,1.0,0.5136780226958091
197359,1250935,1.0,0.8413930560742958
197360,1250936,1.0,0.5340331022712718
197363,1250941,1.0,0.7955497741147732
197365,1250953,1.0,0.5937899395718388
197366,1250954,1.0,0.851648215162275
197371,1250972,1.0,0.7927989782561438
197372,1250974,1.0,0.871730526249561
197378,1250985,1.0,0.8590504913581393
197379,1250986,1.0,0.9120865145629493
197381,1250988,1.0,0.7338317603385653
197383,1250990,1.0,0.8663533905816144
197389,1250999,1.0,0.8551239191689705
197395,1251009,1.0,0.6314131987835239
197397,1251012,1.0,0.7214946957103602
197402,1251021,1.0,0.7942246103152459
197417,1251044,1.0,0.8634255537642754
197420,1251047,1.0,0.5741255494092911
197423,1251053,1.0,0.9406225372847316
197424,1251054,1.0,0.5748971377597594
197438,1251071,1.0,0.6984422339001104
197443,1251080,1.0,0.766563862471122
197444,1251081,1.0,0.5502805834125347
197445,1251083,1.0,0.7803516386504928
197448,1251089,1.0,0.7691322048777728
197449,1251090,1.0,0.502942509239112
197450,1251092,1.0,0.7453299440510154
197451,1251093,1.0,0.5135804833426963
197452,1251094,1.0,0.5953319571771284
197455,1251097,1.0,0.6184426215665889
197456,1251099,1.0,0.9201582509274453
197460,1251105,1.0,0.543875933605075
197468,1251117,1.0,0.5991193688026135
197469,1251118,1.0,0.5200226259176003
197472,1251122,1.0,0.9181320899337885
197475,1251130,1.0,0.7207465830574519
197476,1251133,1.0,0.5596315659510811
197477,1251135,1.0,0.910805827759658
197480,1251141,1.0,0.5358485946818665
197481,1251143,1.0,0.5604004864479742
197482,1251144,1.0,0.8017203050427315
197483,1251147,1.0,0.505603848983241
197484,1251148,1.0,0.587913734952001
197490,1251155,1.0,0.5805981557648408
197499,1251169,1.0,0.807790549213966
197500,1251171,1.0,0.7098923699998801
197501,1251172,1.0,0.511996777976993
197504,1251178,1.0,0.6922693851500241
197506,1251180,1.0,0.541616409502822
197507,1251181,1.0,0.5986881158098594
197508,1251182,1.0,0.6026132221726691
197512,1251188,1.0,0.6059381095286828
197513,1251189,1.0,0.7383525937652359
197514,1251190,1.0,0.58986328602463
197515,1251192,1.0,0.7751978706095705
197518,1251196,1.0,0.8905216365883962
197520,1251198,1.0,0.6625478327556676
197521,1251199,1.0,0.6250883851281517
197522,1251203,1.0,0.7582103406812767
197536,1251223,1.0,0.6445077318340247
197539,1251227,1.0,0.8790294446202983
197541,1251231,1.0,0.5403321776512688
197544,1251234,1.0,0.5206963623075787
197545,1251236,1.0,0.6448264255827291
197553,1251248,1.0,0.8101870209062855
197559,1251257,1.0,0.6870085106633105
197562,1251263,1.0,0.8053209210840916
197563,1251265,1.0,0.9230628611166853
197567,1251272,1.0,0.8527655900785618
197568,1251275,1.0,0.952610026915933
197571,1251282,1.0,0.5708462482443827
197572,1251286,1.0,0.8065718220880557
197575,1251297,1.0,0.6563455482529531
197583,1251309,1.0,0.5865913622050817
197584,1251310,1.0,0.7533533239021328
197599,1251335,1.0,0.7299413362933581
197603,1251339,1.0,0.5001890131009825
197605,1251343,1.0,0.9228989473997984
197607,1251345,1.0,0.9104472537398057
197614,1251357,1.0,0.6070130691445202
197616,1251360,1.0,0.5892102576714263
197623,1251370,1.0,0.5383522387919437
197628,1251377,1.0,0.5618146463747408
197636,1251389,1.0,0.5299308612098613
197637,1251393,1.0,0.5152586456425791
197638,1251394,1.0,0.7830745862746059
197641,1251398,1.0,0.5001568309919205
197645,1251405,1.0,0.6512206835767386
197646,1251407,1.0,0.5109560664617567
197647,1251408,1.0,0.5202434668220164
197655,1251418,1.0,0.5062202569228643
197662,1251428,1.0,0.7319030341753511
197663,1251430,1.0,0.8974183426750924
197664,1251432,1.0,0.9324744833939351
197665,1251433,1.0,0.8898273041041133
197666,1251434,1.0,0.5501134972530184
197668,1251437,1.0,0.9249404686853443
197675,1251446,1.0,0.59270706423254
197676,1251447,1.0,0.5451529945172411
197680,1251453,1.0,0.5304181389873087
197688,1251467,1.0,0.7013863775015344
197692,1251474,1.0,0.6681749092447058
197693,1251476,1.0,0.8113828148534563
197695,1251484,1.0,0.8032828678459943
197696,1251486,1.0,0.8521174704426858
197699,1251490,1.0,0.9676291493594924
197702,1251493,1.0,0.5740609301735147
197704,1251496,1.0,0.6827379553871815
197710,1251506,1.0,0.9093189421737243
197717,1251516,1.0,0.5915620378214208
197718,1251517,1.0,0.565951651116422
197720,1251519,1.0,0.5375888079584393
197726,1251530,1.0,0.5223531759620127
197733,1251541,1.0,0.502231303802737
197743,1251556,1.0,0.6158790755144761
197749,1251567,1.0,0.9526616216654243
197752,1251573,1.0,0.5184029440932085
197754,1251576,1.0,0.7573948459132457
197755,1251578,1.0,0.6670474737214278
197756,1251580,1.0,0.5597145899572271
197762,1251589,1.0,0.6622720269428622
197766,1251593,1.0,0.541663992955743
197767,1251595,1.0,0.5088404264181308
197770,1251599,1.0,0.6859658412875442
197777,1251609,1.0,0.6040527979787619
197782,1251617,1.0,0.6817843646898067
197786,1251622,1.0,0.5459178052269218
197793,1251633,1.0,0.5124038357010727
197796,1251636,1.0,0.7612632880380599
197797,1251637,1.0,0.663689174927188
197802,1251645,1.0,0.7788858093933496
197804,1251650,1.0,0.5657710540754353
197807,1251654,1.0,0.600154472679533
197808,1251655,1.0,0.5616154977953232
197810,1251658,1.0,0.7554121416884412
197814,1251663,1.0,0.6623871947843303
197821,1251674,1.0,0.6856249332523618
197826,1251681,1.0,0.5423746487336233
197827,1251684,1.0,0.8936871031151571
197832,1251694,1.0,0.6255528959843978
197835,1251700,1.0,0.67970300044011
197838,1251704,1.0,0.6028168434645634
197849,1251721,1.0,0.53722924443226
197863,1251747,1.0,0.8337732581635174
197865,1251751,1.0,0.9420777220692141
197869,1251755,1.0,0.6904804325624853
197870,1251756,1.0,0.6728530077004559
197874,1251760,1.0,0.5612943416812125
197888,1251780,1.0,0.7745264566631629
197897,1251790,1.0,0.690485971285633
197899,1251793,1.0,0.8348202587361744
197903,1251803,1.0,0.8770406519724435
197908,1251808,1.0,0.8625569960864206
197912,1251814,1.0,0.5330324304882741
197913,1251815,1.0,0.5072262215022177
197918,1251821,1.0,0.8133763348552758
197920,1251823,1.0,0.5921386979690821
197922,1251826,1.0,0.5691075885909591
197927,1251832,1.0,0.8353584062552377
197932,1251841,1.0,0.9364022243530304
197935,1251845,1.0,0.8117400205657228
197936,1251848,1.0,0.6469604180280932
197943,1251864,1.0,0.7509667893737507
197945,1251868,1.0,0.6807051841166063
197951,1251874,1.0,0.8272924383155899
197963,1251894,1.0,0.6075653041478455
197964,1251896,1.0,0.809078364277445
197967,1251901,1.0,0.7528251242128494
197969,1251905,1.0,0.6321117147342336
197970,1251906,1.0,0.5186780072379653
197973,1251910,1.0,0.6286327173037997
197976,1251914,1.0,0.7856946373029278
197977,1251915,1.0,0.7495632569372338
197983,1251924,1.0,0.5335499631597573
197986,1251929,1.0,0.5219229846309943
197988,1251931,1.0,0.7238929795431011
197991,1251936,1.0,0.6921988516123331
197992,1251937,1.0,0.7991688813438669
197994,1251943,1.0,0.619507736776632
197996,1251949,1.0,0.5416862683950182
198003,1251959,1.0,0.7238044023597312
198009,1251965,1.0,0.5438118098213256
198014,1251972,1.0,0.5670138755983891
198016,1251974,1.0,0.7047504850820472
198019,1251978,1.0,0.6147507099935324
198020,1251979,1.0,0.5494615883848132
198024,1251986,1.0,0.501176189834898
198033,1251998,1.0,0.5273581863535516
198042,1252010,1.0,0.7360395087441961
198043,1252012,1.0,0.5616196953318334
198045,1252014,1.0,0.678607555977533
198047,1252017,1.0,0.776960923244128
198054,1252027,1.0,0.8771106495286282
198055,1252028,1.0,0.5796204089546412
198058,1252034,1.0,0.6869689495424294
198060,1252040,1.0,0.9305889818782053
198062,1252042,1.0,0.8558884319479382
198065,1252046,1.0,0.5904339197345978
198068,1252049,1.0,0.5976337946105136
198070,1252051,1.0,0.5616414237605271
198078,1252062,1.0,0.5931997232073952
198080,1252065,1.0,0.7044619923438162
198082,1252072,1.0,0.8629351310525828
198084,1252074,1.0,0.6322379367161155
198085,1252076,1.0,0.526863860838463
198088,1252085,1.0,0.8083290395658222
198091,1252089,1.0,0.5300632234215852
198092,1252093,1.0,0.5217801158293389
198094,1252095,1.0,0.7315507449782264
198095,1252096,1.0,0.7815060627744297
198097,1252099,1.0,0.7994084195662716
198100,1252103,1.0,0.7471791607852182
198101,1252104,1.0,0.6025595916103951
198107,1252115,1.0,0.8869053021676844
198111,1252120,1.0,0.7104084500256828
198112,1252121,1.0,0.6260147935932932
198114,1252124,1.0,0.5812130390301595
198115,1252125,1.0,0.8851368219904534
198119,1252130,1.0,0.8454718395143441
198121,1252132,1.0,0.6285333991947815
198122,1252134,1.0,0.5589099414648341
198125,1252138,1.0,0.8184110832380511
198127,1252141,1.0,0.515945258662278
198133,1252149,1.0,0.8111727835354797
198136,1252158,1.0,0.7995106385930022
198138,1252164,1.0,0.521896624391855
198139,1252165,1.0,0.5007253908986977
198143,1252173,1.0,0.9181257523982684
198144,1252174,1.0,0.5332493624682939
198148,1252179,1.0,0.59807894529275
198150,1252181,1.0,0.5135124324545731
198152,1252184,1.0,0.8273040430958764
198153,1252187,1.0,0.6312443305262245
198156,1252196,1.0,0.8796957598930796
198159,1252199,1.0,0.5621684673683277
198160,1252200,1.0,0.5466453409891027
198162,1252206,1.0,0.9006382451366224
198166,1252212,1.0,0.8818435396643879
198168,1252214,1.0,0.7511031045942409
198170,1252216,1.0,0.640757436184494
198171,1252218,1.0,0.5860793090555517
198174,1252221,1.0,0.7794458180537664
198185,1252238,1.0,0.8619488069365353
198186,1252239,1.0,0.5125003260118831
198189,1252243,1.0,0.6739121892369547
198191,1252246,1.0,0.662755268597447
198193,1252248,1.0,0.8660769767458915
198196,1252252,1.0,0.5826000219855574
198199,1252256,1.0,0.5263337541586209
198204,1252262,1.0,0.6269344681884181
198207,1252266,1.0,0.7553604302141677
198216,1252278,1.0,0.5540564239016855
198224,1252290,1.0,0.5946252187962305
198226,1252292,1.0,0.702725961702236
198227,1252294,1.0,0.5228687268650194
198233,1252302,1.0,0.7325789094728463
198234,1252303,1.0,0.7193197883388126
198237,1252308,1.0,0.7354104623442254
198245,1252321,1.0,0.692834461202872
198254,1252335,1.0,0.840158336068691
198258,1252339,1.0,0.7978034846161394
198262,1252343,1.0,0.6036014735004925
198264,1252346,1.0,0.5411840437244527
198267,1252351,1.0,0.7721333847688185
198271,1252355,1.0,0.6130489807207461
198273,1252357,1.0,0.7550222383521222
198278,1252364,1.0,0.7929757121053151
198285,1252375,1.0,0.7111658604455741
198290,1252384,1.0,0.5758330923882727
198291,1252386,1.0,0.8474921003842417
198297,1252396,1.0,0.7992368834992338
198298,1252397,1.0,0.7635958424492816
198301,1252401,1.0,0.6502856504751875
198303,1252406,1.0,0.8120981525653463
198305,1252409,1.0,0.9304375642295435
198306,1252410,1.0,0.683236802594632
198309,1252413,1.0,0.542583735095267
198313,1252419,1.0,0.8001234422622894
198314,1252425,1.0,0.7862931414262657
198321,1252435,1.0,0.6386747408429794
198322,1252436,1.0,0.7773245869836617
198326,1252442,1.0,0.5907678964797966
198336,1252457,1.0,0.8799923050691982
198338,1252460,1.0,0.711271595129547
198345,1252475,1.0,0.6304640044082166
198350,1252484,1.0,0.9249175129760544
198352,1252486,1.0,0.6629704400603706
198353,1252488,1.0,0.8457067812274471
198354,1252489,1.0,0.5370004217349765
198355,1252491,1.0,0.9073791621998077
198357,1252494,1.0,0.8176754329195806
198359,1252496,1.0,0.6422953036780693
198362,1252500,1.0,0.8682246696864397
198364,1252502,1.0,0.5536773860579004
198365,1252504,1.0,0.8790807966544035
198369,1252511,1.0,0.5966094869965183
198376,1252520,1.0,0.5537751365229633
198380,1252534,1.0,0.7224886368759347
198381,1252540,1.0,0.6909238408145875
198385,1252548,1.0,0.8349238554359028
198387,1252553,1.0,0.7906907736457887
198393,1252560,1.0,0.6865499599081983
198394,1252561,1.0,0.5868943921446771
198395,1252562,1.0,0.8090948526780395
198398,1252566,1.0,0.7574056828974111
198399,1252567,1.0,0.6472243516610561
198402,1252570,1.0,0.5249034270278078
198403,1252573,1.0,0.5815522387574603
198404,1252575,1.0,0.735215803714394
198406,1252577,1.0,0.6814564498094645
198417,1252595,1.0,0.8238013088970775
198419,1252599,1.0,0.628210799689195
198420,1252600,1.0,0.6433159871377048
198428,1252615,1.0,0.9028963429247715
198429,1252617,1.0,0.7490188491957367
198438,1252629,1.0,0.5697655329212133
198446,1252640,1.0,0.6092649208266134
198447,1252642,1.0,0.6136996796361617
198451,1252647,1.0,0.8679402808275344
198452,1252648,1.0,0.5861937987988307
198458,1252658,1.0,0.5378580500092881
198464,1252666,1.0,0.5606459434848192
198469,1252673,1.0,0.5844979335120756
198475,1252682,1.0,0.8634549174589286
198478,1252685,1.0,0.8553603747902313
198482,1252692,1.0,0.9592623892993731
198483,1252693,1.0,0.5279492539860927
198484,1252694,1.0,0.8885697841201792
198485,1252695,1.0,0.5090458533835096
198489,1252701,1.0,0.5290956981814909
198490,1252702,1.0,0.5729428067273122
198491,1252704,1.0,0.6157500476132356
198493,1252709,1.0,0.568471053437881
198494,1252712,1.0,0.8346940973559132
198496,1252714,1.0,0.7040065968541289
198497,1252716,1.0,0.6498883398256948
198506,1252727,1.0,0.577059623801539
198507,1252729,1.0,0.735905263173573
198512,1252741,1.0,0.8447010951805852
198533,1252781,1.0,0.6221382008833891
198536,1252786,1.0,0.8993355893474648
198537,1252787,1.0,0.818495396091087
198538,1252791,1.0,0.678438589412148
198539,1252793,1.0,0.6229784362571321
198544,1252810,1.0,0.5858383568718026
198547,1252818,1.0,0.7974238974618161
198553,1252832,1.0,0.9412884684185446
198555,1252834,1.0,0.8317416386905814
198557,1252837,1.0,0.7101900786225464
198558,1252839,1.0,0.7903382491474097
198560,1252841,1.0,0.500965053605735
198561,1252843,1.0,0.9154889023348177
198572,1252863,1.0,0.5756464806094422
198578,1252875,1.0,0.7401718823714801
198580,1252877,1.0,0.8212329077929832
198581,1252878,1.0,0.6511814854569772
198584,1252882,1.0,0.7986642039099456
198585,1252883,1.0,0.8940378498738951
198587,1252885,1.0,0.8158756674559116
198588,1252886,1.0,0.5335393954190297
198589,1252888,1.0,0.798063063336095
198591,1252890,1.0,0.8570204894947187
198596,1252896,1.0,0.8386212190406264
198597,1252897,1.0,0.6591905938457846
198599,1252899,1.0,0.8937605077605477
198600,1252902,1.0,0.5439564822365713
198601,1252903,1.0,0.6628996111928314
198602,1252904,1.0,0.9297729551656062
198605,1252909,1.0,0.5089269729751627
198611,1252916,1.0,0.5058297082232259
198614,1252923,1.0,0.5565161255280536
198615,1252924,1.0,0.8685296521779191
198622,1252936,1.0,0.5861770744920742
198623,1252939,1.0,0.6640406407652598
198635,1252957,1.0,0.6761015319227912
198639,1252962,1.0,0.6462200344550766
198641,1252964,1.0,0.8975852389704795
198643,1252966,1.0,0.5197296229188787
198649,1252974,1.0,0.6893034196580402
198656,1252987,1.0,0.7828460853406327
198658,1252990,1.0,0.5184471230049429
198659,1252992,1.0,0.7925907234273499
198660,1252993,1.0,0.9819035937372632
198667,1253012,1.0,0.8134071279489956
198668,1253013,1.0,0.6313966719071678
198669,1253014,1.0,0.8331776904588304
198673,1253031,1.0,0.5625229247685062
198674,1253032,1.0,0.8900339797115493
198676,1253036,1.0,0.857314916405037
198678,1253039,1.0,0.6881398695235107
198684,1253046,1.0,0.6512795942487495
198686,1253048,1.0,0.9025663721170247
198688,1253051,1.0,0.9500115037951039
198693,1253058,1.0,0.514756457958058
198695,1253061,1.0,0.6506573365378017
198697,1253066,1.0,0.809948807499974
198698,1253067,1.0,0.8223799048549051
198699,1253070,1.0,0.8101910663635458
198701,1253072,1.0,0.5394571618052093
198705,1253078,1.0,0.8735597957086375
198706,1253079,1.0,0.8021814585115534
198708,1253085,1.0,0.6232112083854296
198711,1253089,1.0,0.5342625237180436
198717,1253097,1.0,0.6466377295042373
198724,1253111,1.0,0.62821521633446
198725,1253112,1.0,0.5827251191923023
198734,1253125,1.0,0.5105713504976366
198736,1253128,1.0,0.6876710902164238
198737,1253129,1.0,0.9471320193945019
198739,1253132,1.0,0.6554956340105692
198741,1253135,1.0,0.5765494912138214
198742,1253136,1.0,0.5125046910647033
198750,1253147,1.0,0.7495177486235923
198755,1253154,1.0,0.5603061354158702
198759,1253160,1.0,0.885804079166976
198763,1253166,1.0,0.643565406506659
198765,1253168,1.0,0.6945975779292494
198772,1253177,1.0,0.8622649226255675
198774,1253179,1.0,0.9742100651682952
198777,1253182,1.0,0.8778955833644793
198782,1253190,1.0,0.7542661972843566
198783,1253193,1.0,0.6463641197734248
198784,1253194,1.0,0.5357727269596422
198785,1253198,1.0,0.8033503192807808
198791,1253205,1.0,0.8192634913672965
198795,1253210,1.0,0.903206806828473
198801,1253232,1.0,0.5972758157006163
198806,1253247,1.0,0.8555923081692158
198808,1253250,1.0,0.5834534190691092
198810,1253252,1.0,0.6043164922145656
198811,1253254,1.0,0.6306397655806948
198814,1253258,1.0,0.7518861737174518
198815,1253259,1.0,0.7491886450240075
198819,1253266,1.0,0.8995669512668304
198827,1253277,1.0,0.7081213664468594
198829,1253280,1.0,0.6916716493745168
198836,1253290,1.0,0.526349655296829
198840,1253295,1.0,0.6624913981060376
198855,1253318,1.0,0.5892175503417105
198858,1253323,1.0,0.6020812446771485
198863,1253328,1.0,0.5169533208990988
198864,1253330,1.0,0.6797598504877653
198867,1253335,1.0,0.5432733422449306
198868,1253336,1.0,0.754844040314552
198870,1253339,1.0,0.6309297658680446
198871,1253341,1.0,0.7358671441898541
198877,1253352,1.0,0.6827030279418758
198878,1253353,1.0,0.7948092108333237
198884,1253363,1.0,0.5944519139628701
198885,1253364,1.0,0.5983938753249237
198887,1253367,1.0,0.5679912988698644
198890,1253372,1.0,0.749763980857782
198908,1253394,1.0,0.7078482376498741
198909,1253399,1.0,0.888872945187109
198912,1253403,1.0,0.7929578367602256
198913,1253404,1.0,0.7179713654056818
198914,1253405,1.0,0.5668543501278341
198917,1253411,1.0,0.934987169231586
198930,1253433,1.0,0.5555438798262055
198931,1253434,1.0,0.5430626257417924
198939,1253445,1.0,0.67145743583753
198945,1253455,1.0,0.6913047289440899
198946,1253456,1.0,0.6573386354565091
198951,1253464,1.0,0.5889931659411018
198952,1253467,1.0,0.6189583566758425
198953,1253469,1.0,0.7482110722038656
198954,1253471,1.0,0.6464365165317407
198958,1253477,1.0,0.702611899338113
198964,1253487,1.0,0.6215088747859601
198971,1253497,1.0,0.6492489986228915
198973,1253500,1.0,0.7568750912561377
198974,1253501,1.0,0.577966467764161
198986,1253523,1.0,0.8085629150501425
198988,1253525,1.0,0.6725887794856453
198997,1253539,1.0,0.5938531080480236
198998,1253540,1.0,0.7700703906559829
199001,1253545,1.0,0.8090285016893464
199005,1253550,1.0,0.7276411617920279
199006,1253551,1.0,0.7353358319430865
199012,1253558,1.0,0.7701859285634299
199017,1253565,1.0,0.5663213121436834
199018,1253566,1.0,0.6187293761512487
199020,1253568,1.0,0.6264364107576786
199021,1253569,1.0,0.5536353616820926
199023,1253571,1.0,0.5020543400591259
199025,1253576,1.0,0.7047645484287351
199026,1253577,1.0,0.7434195362950735
199030,1253584,1.0,0.6795804429559364
199035,1253591,1.0,0.552091104672358
199038,1253597,1.0,0.5981818385875847
199040,1253602,1.0,0.6764245070346625
199041,1253603,1.0,0.8444750568051578
199045,1253611,1.0,0.7425378301801616
199048,1253614,1.0,0.7249684191693638
199050,1253616,1.0,0.7597583299741723
199051,1253617,1.0,0.66998167251754
199052,1253618,1.0,0.7675081086933567
199057,1253625,1.0,0.8849807188437003
199059,1253631,1.0,0.8100692922172171
199060,1253634,1.0,0.5799178780864895
199062,1253637,1.0,0.5091608902710062
199064,1253639,1.0,0.6646524532090008
199073,1253649,1.0,0.5394684723639678
199076,1253654,1.0,0.5400585970815142
199078,1253658,1.0,0.6998400676419111
199079,1253661,1.0,0.6129699533398326
199082,1253664,1.0,0.6572237170878489
199084,1253667,1.0,0.6540504801484331
199093,1253682,1.0,0.5771958737149006
199097,1253686,1.0,0.5242711762401969
199105,1253697,1.0,0.7719148079231256
199106,1253698,1.0,0.9156443589123521
199107,1253700,1.0,0.9089244754774307
199113,1253715,1.0,0.5256608079233847
199126,1253743,1.0,0.7788635964081103
199129,1253746,1.0,0.8532232873228125
199132,1253749,1.0,0.7197081481869964
199134,1253752,1.0,0.6313791651088106
199146,1253771,1.0,0.6534405633697259
199150,1253777,1.0,0.6324059927178942
199156,1253786,1.0,0.6927375780572188
199168,1253801,1.0,0.514302617168617
199170,1253803,1.0,0.7626465145919349
199172,1253805,1.0,0.6891346714150979
199179,1253813,1.0,0.7677009514684252
199184,1253818,1.0,0.8837709929649411
199187,1253821,1.0,0.5186491302686742
199189,1253824,1.0,0.5074803319873699
199190,1253827,1.0,0.5905578330604164
199193,1253830,1.0,0.6077617088249018
199197,1253838,1.0,0.7141740675748555
199199,1253842,1.0,0.9077143652067097
199200,1253844,1.0,0.5987982135470692
199201,1253846,1.0,0.73844546014994
199202,1253847,1.0,0.7672822236429744
199207,1253853,1.0,0.5598165852304832
199208,1253854,1.0,0.8817056911121414
199221,1253874,1.0,0.7851985174106031
199228,1253884,1.0,0.8310075443896637
199247,1253917,1.0,0.7368991738859152
199249,1253920,1.0,0.8584052434372129
199253,1253927,1.0,0.5779119367042969
199265,1253948,1.0,0.6347801801343118
199269,1253952,1.0,0.7530937831180936
199271,1253954,1.0,0.5433183443372926
199274,1253959,1.0,0.5029424376869458
199275,1253961,1.0,0.6150301430946026
199288,1253979,1.0,0.9071860142783166
199289,1253982,1.0,0.6765602515835348
199297,1253993,1.0,0.5704038128476597
199300,1253998,1.0,0.733881293254214
199302,1254002,1.0,0.6082936616911652
199303,1254006,1.0,0.6566507545698742
199311,1254018,1.0,0.7244497512669655
199314,1254021,1.0,0.563953029161201
199317,1254027,1.0,0.8583037945970465
199319,1254029,1.0,0.6781573165668972
199320,1254030,1.0,0.8724709526681476
199322,1254032,1.0,0.8737606835933783
199328,1254041,1.0,0.5634428015466253
199329,1254043,1.0,0.8253600737413609
199332,1254047,1.0,0.6511157088773434
199334,1254051,1.0,0.6798161084912917
199337,1254055,1.0,0.7315038573594961
199338,1254060,1.0,0.713965253857913
199339,1254065,1.0,0.6134742501206043
199346,1254075,1.0,0.5009543356934856
199347,1254076,1.0,0.6507202133164699
199348,1254077,1.0,0.698955841338776
199350,1254079,1.0,0.660786273962827
199356,1254086,1.0,0.6990220273655768
199368,1254103,1.0,0.5079523192559424
199372,1254108,1.0,0.5613504241175051
199380,1254122,1.0,0.7357455088070062
199382,1254125,1.0,0.6441915522464249
199383,1254126,1.0,0.7450610661272571
199386,1254130,1.0,0.6857413800670715
199387,1254131,1.0,0.5810849152345255
199392,1254137,1.0,0.7880319014762254
199396,1254144,1.0,0.5861089425332064
199397,1254145,1.0,0.7408846102106043
199398,1254146,1.0,0.8310858066574597
199406,1254166,1.0,0.8992809187577612
199415,1254179,1.0,0.6013244614908648
199416,1254181,1.0,0.7707555775051886
199417,1254182,1.0,0.8633960170221097
199418,1254183,1.0,0.7850152539462807
199424,1254189,1.0,0.789562262588914
199427,1254192,1.0,0.5024407498323176
199428,1254197,1.0,0.6305963088768585
199434,1254204,1.0,0.6791621646922417
199436,1254209,1.0,0.6606959142057869
199438,1254212,1.0,0.7232654372065785
199442,1254220,1.0,0.6090895334247428
199453,1254236,1.0,0.5337195394299654
199454,1254237,1.0,0.502622445660258
199460,1254246,1.0,0.7033289851579875
199463,1254250,1.0,0.6242602858840964
199464,1254252,1.0,0.6930012796277475
199466,1254255,1.0,0.5171864694657269
199468,1254257,1.0,0.8045079658703855
199477,1254270,1.0,0.8526330988669168
199478,1254272,1.0,0.7511154441747209
199489,1254290,1.0,0.656921197473731
199492,1254296,1.0,0.666700724595998
199493,1254298,1.0,0.5990837775781097
199498,1254303,1.0,0.5501258627884427
199501,1254307,1.0,0.7520340155031432
199505,1254311,1.0,0.8380075622071989
199506,1254314,1.0,0.709645813605371
199509,1254317,1.0,0.8484643217328415
199512,1254322,1.0,0.7396928305733407
199516,1254330,1.0,0.6943886061138818
199520,1254336,1.0,0.6797332429034683
199522,1254341,1.0,0.8829420417769865
199527,1254349,1.0,0.9215566933496516
199529,1254352,1.0,0.5037277588332565
199536,1254368,1.0,0.8066868349719338
199537,1254369,1.0,0.7157858984482625
199540,1254373,1.0,0.7049667736654154
199542,1254376,1.0,0.9728058855696925
199543,1254377,1.0,0.6474628158099119
199554,1254392,1.0,0.5095487860676954
199557,1254395,1.0,0.5379893817753492
199558,1254396,1.0,0.8353010764210317
199559,1254397,1.0,0.5227552713580471
199560,1254398,1.0,0.5726319398754186
199562,1254401,1.0,0.7299193842270749
199563,1254403,1.0,0.7276949184101285
199565,1254408,1.0,0.5708228917576063
199570,1254415,1.0,0.8226826707623027
199575,1254422,1.0,0.5736205908045992
199585,1254440,1.0,0.5234423099001834
199586,1254441,1.0,0.6631577578888319
199587,1254444,1.0,0.6068147820110306
199591,1254452,1.0,0.5999620187507363
199592,1254453,1.0,0.5254338430105674
199596,1254460,1.0,0.8579702884441363
199597,1254461,1.0,0.607141692906629
199612,1254480,1.0,0.7723680105322965
199615,1254484,1.0,0.9089328619701572
199616,1254485,1.0,0.6748470095586312
199617,1254486,1.0,0.6196659656306969
199618,1254487,1.0,0.5836977677609819
199621,1254490,1.0,0.6302197741682442
199623,1254494,1.0,0.5910855251306476
199625,1254496,1.0,0.737538604056918
199634,1254513,1.0,0.5626706465584866
199638,1254520,1.0,0.7276036067282136
199639,1254521,1.0,0.5119681416093628
199642,1254526,1.0,0.5121570748613048
199646,1254533,1.0,0.6906733817356331
199655,1254545,1.0,0.5078876408900199
199658,1254549,1.0,0.5317594973296259
199659,1254552,1.0,0.774103363457312
199661,1254554,1.0,0.6204315951604126
199662,1254555,1.0,0.7191675321979296
199664,1254558,1.0,0.7791719081756983
199677,1254577,1.0,0.5516558314213198
199681,1254582,1.0,0.7627189763270206
199682,1254584,1.0,0.5534128497353262
199686,1254589,1.0,0.8817567013099583
199697,1254604,1.0,0.9072663651438095
199700,1254608,1.0,0.5800942997141503
199701,1254610,1.0,0.8694300179580715
199706,1254619,1.0,0.5004351078145297
199707,1254620,1.0,0.7537857425591336
199708,1254621,1.0,0.6887228848654623
199722,1254686,1.0,0.584523196977543
199724,1254688,1.0,0.8320444973828679
199725,1254690,1.0,0.6214015523719635
199731,1254697,1.0,0.5877423579508156
199733,1254700,1.0,0.6239646377245814
199735,1254702,1.0,0.8167000463405171
199740,1254710,1.0,0.5699387632352538
199748,1254725,1.0,0.5216068511604508
199750,1254729,1.0,0.860471571915696
199753,1254736,1.0,0.9176853296801991
199761,1254746,1.0,0.5489231521211605
199765,1254750,1.0,0.551943059265387
199771,1254763,1.0,0.5047853317937614
199777,1254773,1.0,0.6293240123459792
199792,1254803,1.0,0.7317132490189835
199798,1254814,1.0,0.5090948670467427
199807,1254827,1.0,0.8246376715019225
199808,1254828,1.0,0.7203118455095663
199809,1254829,1.0,0.5007174664579804
199813,1254835,1.0,0.7708066050773383
199814,1254837,1.0,0.5270570398746888
199818,1254841,1.0,0.5647377955667713
199820,1254846,1.0,0.6241221930953923
199823,1254852,1.0,0.5940364897320605
199835,1254877,1.0,0.6696032848342978
199839,1254884,1.0,0.5693988343720925
199845,1254892,1.0,0.9208624074086212
199853,1254901,1.0,0.5991626236971992
199855,1254904,1.0,0.7373315628310054
199860,1254914,1.0,0.9038297182082091
199864,1254922,1.0,0.5937669902345389
199873,1254943,1.0,0.5915719328411165
199875,1254945,1.0,0.6509945744591229
199877,1254948,1.0,0.5782582994032185
199881,1254956,1.0,0.8415289215700468
199883,1254959,1.0,0.5357677612184161
199892,1254972,1.0,0.5769806540073948
199904,1254991,1.0,0.6409610024295667
199909,1255000,1.0,0.6395142794264647
199911,1255002,1.0,0.8573918346658342
199914,1255006,1.0,0.8347741576780687
199917,1255011,1.0,0.5624630424357158
199918,1255012,1.0,0.7810491178248496
199922,1255021,1.0,0.5732876408894458
199926,1255026,1.0,0.5545457334534839
199929,1255030,1.0,0.7199384806569467
199936,1255039,1.0,0.5123301002653483
199937,1255040,1.0,0.636188025561835
199940,1255046,1.0,0.6548582797587862
199944,1255054,1.0,0.5518887945016774
199949,1255068,1.0,0.8101240651605103
199950,1255070,1.0,0.8250685672493275
199951,1255073,1.0,0.7099729940741802
199953,1255078,1.0,0.52567738139576
199955,1255086,1.0,0.592526083534172
199957,1255093,1.0,0.6472770229833761
199958,1255094,1.0,0.6510171594409929
199967,1255107,1.0,0.793357775587732
199971,1255113,1.0,0.7154198454062483
199972,1255115,1.0,0.5894445756035759
199973,1255117,1.0,0.5318508685245767
199975,1255119,1.0,0.5525800946990312
199980,1255126,1.0,0.8406627872239264
199981,1255127,1.0,0.5224042405790177
199989,1255138,1.0,0.5875946072085573
199990,1255140,1.0,0.5875891135250041
200003,1255164,1.0,0.51893333767713
200009,1255171,1.0,0.5272507979775224
200013,1255178,1.0,0.6026561926349913
200018,1255183,1.0,0.6764779267973529
200019,1255187,1.0,0.8827975463757626
200020,1255189,1.0,0.9031038907169249
200024,1255196,1.0,0.8164060881732836
200026,1255200,1.0,0.7908872816515197
200040,1255221,1.0,0.7648296379111749
200041,1255223,1.0,0.7947780085555703
200046,1255230,1.0,0.6190958480170781
200051,1255238,1.0,0.7047909157860379
200052,1255239,1.0,0.5339735353962971
200059,1255248,1.0,0.6840609683234317
200064,1255257,1.0,0.6561080463343516
200069,1255272,1.0,0.9094268275666851
200077,1255282,1.0,0.5293438846043858
200078,1255283,1.0,0.6991387604424552
200079,1255285,1.0,0.5057518349515439
200082,1255290,1.0,0.5441716117212755
200083,1255291,1.0,0.7884109207525809
200084,1255292,1.0,0.5784160972773364
200085,1255293,1.0,0.8626115263521492
200091,1255301,1.0,0.8019896274705552
200096,1255307,1.0,0.7684970384006994
200101,1255315,1.0,0.898155716198741
200105,1255323,1.0,0.7520899783226139
200107,1255325,1.0,0.5900087470748931
200114,1255335,1.0,0.5759569047139957
200118,1255340,1.0,0.5498988279943897
200133,1255368,1.0,0.6927342949224922
200141,1255380,1.0,0.8427539703777175
200148,1255389,1.0,0.5783544569695409
200153,1255396,1.0,0.6712280162104544
200173,1255422,1.0,0.6606801747376901
200175,1255427,1.0,0.5014628885440653
200178,1255432,1.0,0.8162179383723778
200179,1255434,1.0,0.5706228149374819
200183,1255440,1.0,0.529189380314271
200185,1255442,1.0,0.9416890635427861
200188,1255446,1.0,0.541357541371837
200200,1255467,1.0,0.734308891429907
200202,1255472,1.0,0.5840952628129699
200211,1255485,1.0,0.8723412580707612
200215,1255492,1.0,0.5642158184324664
200221,1255501,1.0,0.5611929151822446
200223,1255505,1.0,0.645717642581762
200226,1255509,1.0,0.6901762282795002
200228,1255513,1.0,0.692234032825109
200232,1255521,1.0,0.8165558311928919
200234,1255523,1.0,0.6559515044800466
200238,1255530,1.0,0.7452286370625741
200244,1255543,1.0,0.5944636312317525
200246,1255549,1.0,0.5282507286696208
200247,1255550,1.0,0.591174288203264
200252,1255555,1.0,0.5481974690781807
200253,1255557,1.0,0.5310818977447341
200254,1255558,1.0,0.6418055887813529
200261,1255573,1.0,0.5952325787596638
200262,1255575,1.0,0.6590959239009666
200268,1255587,1.0,0.6528119800276048
200272,1255594,1.0,0.7944168636012451
200273,1255595,1.0,0.6252626223151155
200284,1255616,1.0,0.5993948490440908
200285,1255617,1.0,0.5900232687419088
200291,1255627,1.0,0.6691666230793607
200294,1255632,1.0,0.7078014214233757
200295,1255634,1.0,0.7615827013284913
200301,1255642,1.0,0.5085876344427056
200305,1255646,1.0,0.7398080662107207
200306,1255647,1.0,0.8780124975171606
200311,1255653,1.0,0.6047833846093906
200323,1255668,1.0,0.768037451689875
200326,1255671,1.0,0.5310496061633888
200327,1255672,1.0,0.5293783186550621
200331,1255677,1.0,0.6782109648641915
200336,1255683,1.0,0.561024791453833
200342,1255694,1.0,0.8866689489256327
200345,1255698,1.0,0.9290593476200041
200348,1255702,1.0,0.5361935015506333
200350,1255704,1.0,0.7985500647551373
200353,1255709,1.0,0.6620590942528964
200355,1255712,1.0,0.7038382477945513
200356,1255713,1.0,0.5492569402950113
200357,1255714,1.0,0.67404855019817
200361,1255719,1.0,0.6911664066193026
200370,1255731,1.0,0.8574523653595711
200371,1255733,1.0,0.7687189234832551
200380,1255744,1.0,0.7504295188373514
200383,1255749,1.0,0.7813068646763862
200391,1255767,1.0,0.576193306329659
200394,1255779,1.0,0.9763349725366841
200395,1255781,1.0,0.5617051379996417
200399,1255793,1.0,0.6448100697201157
200401,1255797,1.0,0.6187191554448287
200407,1255812,1.0,0.5127409398520415
200413,1255822,1.0,0.654259227985819
200414,1255823,1.0,0.7245835264876241
200417,1255829,1.0,0.6227948626990747
200419,1255833,1.0,0.5747124768668836
200420,1255834,1.0,0.5236869853196507
200426,1255841,1.0,0.6176873162744688
200434,1255850,1.0,0.8052872401333192
200436,1255853,1.0,0.6702723544739162
200440,1255858,1.0,0.8726556242158123
200458,1255883,1.0,0.5192909595885759
200466,1255892,1.0,0.5554297699965473
200479,1255908,1.0,0.7963405359266471
200480,1255909,1.0,0.5938924551875082
200483,1255914,1.0,0.5722515386854597
200485,1255916,1.0,0.5981691858733859
200490,1255925,1.0,0.7357014314725696
200495,1255933,1.0,0.727963458300593
200501,1255944,1.0,0.5553876020447484
200502,1255946,1.0,0.5913879228803821
200504,1255948,1.0,0.5221794320296639
200515,1255964,1.0,0.9070540331447147
200517,1255968,1.0,0.630164290032308
200518,1255969,1.0,0.6068288480878161
200522,1255976,1.0,0.9160473789840595
200526,1255980,1.0,0.5433949774113295
200527,1255981,1.0,0.5721476509435433
200541,1256007,1.0,0.6798042220174909
200559,1256030,1.0,0.670509633778132
200560,1256031,1.0,0.5810202469959598
200562,1256033,1.0,0.7489920418216338
200565,1256037,1.0,0.666635169822835
200567,1256042,1.0,0.6915271275696704
200571,1256050,1.0,0.5082802499326942
200575,1256057,1.0,0.5025028816525164
200576,1256059,1.0,0.624249076056885
200578,1256062,1.0,0.7958525358269033
200582,1256069,1.0,0.5772603326481259
200590,1256081,1.0,0.6043765177355273
200597,1256093,1.0,0.6507682422278286
200599,1256097,1.0,0.8429790846145634
200604,1256102,1.0,0.5241666059584136
200606,1256105,1.0,0.7843649603439852
200607,1256106,1.0,0.8091519984148133
200615,1256118,1.0,0.5079092231103314
200616,1256119,1.0,0.8557127260454592
200618,1256121,1.0,0.8134130961524273
200621,1256125,1.0,0.9219271901772309
200626,1256133,1.0,0.7041720287805759
200629,1256138,1.0,0.8039162336768501
200633,1256145,1.0,0.6069431398595082
200636,1256150,1.0,0.6045269466228024
200641,1256156,1.0,0.8439319481257705
200643,1256160,1.0,0.6980297203334107
200645,1256163,1.0,0.6225759213348936
200660,1256185,1.0,0.9208073267082002
200661,1256186,1.0,0.8660347934829029
200665,1256193,1.0,0.6330965478811758
200668,1256197,1.0,0.5061579891600158
200669,1256199,1.0,0.5586578818090638
200678,1256210,1.0,0.5482521738599594
200683,1256221,1.0,0.5110768549076673
200686,1256226,1.0,0.8163258230258733
200688,1256230,1.0,0.6857022290575869
200689,1256231,1.0,0.7140537310447158
200691,1256236,1.0,0.8279180674476077
200693,1256242,1.0,0.7374939819718671
200720,1256283,1.0,0.5609637783757527
200721,1256284,1.0,0.8880805301459396
200724,1256289,1.0,0.596821440112723
200727,1256294,1.0,0.5166390150281678
200732,1256300,1.0,0.7025092946505358
200737,1256307,1.0,0.6096688639428784
200738,1256308,1.0,0.8556539192953126
200739,1256309,1.0,0.8281301874991692
200744,1256316,1.0,0.5246400685318064
200746,1256321,1.0,0.7127914294206832
200749,1256328,1.0,0.7002367661824914
200768,1256349,1.0,0.534804064307854
200775,1256362,1.0,0.8058121956331679
200778,1256369,1.0,0.7832148185960988
200784,1256375,1.0,0.7627048853253521
200790,1256383,1.0,0.538054541840765
200793,1256387,1.0,0.8879523404362086
200797,1256398,1.0,0.5792838297437856
200802,1256403,1.0,0.9063774015393462
200806,1256412,1.0,0.6264180102402541
200819,1256428,1.0,0.9555648027831015
200820,1256429,1.0,0.9962187772713993
200827,1256439,1.0,0.7439271720572393
200830,1256443,1.0,0.7004885826854357
200832,1256450,1.0,0.5991765523187712
200833,1256451,1.0,0.5621870147298497
200836,1256502,1.0,0.5534856377861196
200837,1256504,1.0,0.7051455680029377
200845,1256520,1.0,0.526690117877922
200846,1256521,1.0,0.6467391897250683
200849,1256525,1.0,0.600358169595089
200854,1256534,1.0,0.8586100425863484
200858,1256538,1.0,0.5013909100102114
200860,1256540,1.0,0.5649689115938669
200861,1256542,1.0,0.5260608347247963
200863,1256547,1.0,0.5883374224152914
200865,1256550,1.0,0.5325750456263721
200866,1256551,1.0,0.567966184157626
200880,1256573,1.0,0.6790501563028083
200883,1256577,1.0,0.8114440114104244
200885,1256580,1.0,0.5525520590760438
200887,1256583,1.0,0.7936683391549993
200893,1256590,1.0,0.7074217989085654
200898,1256607,1.0,0.733816915489135
200901,1256616,1.0,0.9125971469684326
200903,1256619,1.0,0.6854295449477306
200907,1256624,1.0,0.5465158147855463
200909,1256627,1.0,0.5177475246298107
200910,1256628,1.0,0.7793216482216706
200919,1256639,1.0,0.8211873423057195
200920,1256640,1.0,0.5137335485160709
200922,1256645,1.0,0.6941403611866364
200931,1256658,1.0,0.8067150387825652
200933,1256662,1.0,0.7868368381325052
200937,1256670,1.0,0.6594494025608157
200938,1256672,1.0,0.5626477773957677
200939,1256673,1.0,0.8211235697520683
200941,1256676,1.0,0.7962850537742806
200948,1256692,1.0,0.957944290167692
200951,1256695,1.0,0.5037121168849861
200952,1256696,1.0,0.8213430221829641
200957,1256703,1.0,0.7530748008617983
200958,1256705,1.0,0.9760537184829852
200960,1256710,1.0,0.6828552449856197
200962,1256717,1.0,0.518259272290455
200965,1256720,1.0,0.5417867352990222
200967,1256723,1.0,0.7318995547288765
200979,1256744,1.0,0.7859643638952792
200980,1256745,1.0,0.6215493562322967
200991,1256763,1.0,0.6036555709464667
200992,1256764,1.0,0.9643614000054659
200996,1256770,1.0,0.5554995681654971
201004,1256780,1.0,0.6627518727632283
201005,1256782,1.0,0.514829364117957
201014,1256795,1.0,0.5022178112711839
201016,1256797,1.0,0.8641481219600367
201020,1256802,1.0,0.8124500983116578
201021,1256803,1.0,0.523552633289448
201024,1256808,1.0,0.9039620248637589
201027,1256814,1.0,0.7327808897279746
201038,1256836,1.0,0.5955996708417627
201039,1256837,1.0,0.8776333155249836
201049,1256851,1.0,0.7819619825188431
201055,1256860,1.0,0.8994189913132987
201056,1256861,1.0,0.6281670345591044
201058,1256864,1.0,0.5265488081206199
201059,1256865,1.0,0.6535798597330125
201071,1256886,1.0,0.745890404560058
201073,1256888,1.0,0.7447676091433348
201074,1256889,1.0,0.500839968170456
201084,1256908,1.0,0.8663909720812653
201086,1256910,1.0,0.8315764305579852
201087,1256912,1.0,0.6420173186725584
201090,1256916,1.0,0.5670450437909588
201092,1256921,1.0,0.573574837804077
201094,1256925,1.0,0.8798088213883154
201101,1256942,1.0,0.6425750446088186
201104,1256953,1.0,0.6365936925748477
201110,1256961,1.0,0.6402302173410933
201119,1256976,1.0,0.5243044133386859
201121,1256978,1.0,0.6584216980849684
201122,1256980,1.0,0.5617526611737738
201130,1256991,1.0,0.596380121329143
201131,1256992,1.0,0.607346826294227
201134,1256997,1.0,0.8883109104240308
201136,1257001,1.0,0.6415847796549833
201137,1257003,1.0,0.7547936976523554
201139,1257007,1.0,0.5335922040395561
201141,1257010,1.0,0.7052424672305974
201143,1257012,1.0,0.5931867388115907
201151,1257023,1.0,0.6533342145584548
201154,1257028,1.0,0.6737189499009676
201155,1257030,1.0,0.597748143435666
201156,1257031,1.0,0.6234048820530248
201158,1257036,1.0,0.6006760806345468
201163,1257043,1.0,0.8643904845933559
201168,1257050,1.0,0.761413329950488
201170,1257052,1.0,0.57108843012831
201172,1257055,1.0,0.7105996000234344
201173,1257056,1.0,0.832543560084862
201179,1257068,1.0,0.7348489899041409
201188,1257086,1.0,0.6937573903890599
201191,1257093,1.0,0.7385919860417636
201198,1257101,1.0,0.754749231398456
201199,1257102,1.0,0.517886041657572
201203,1257109,1.0,0.7396369594357589
201207,1257118,1.0,0.6363503069165591
201208,1257119,1.0,0.9214497125513629
201213,1257125,1.0,0.8596068666900536
201216,1257130,1.0,0.7308204529109927
201220,1257139,1.0,0.623319135880277
201221,1257140,1.0,0.596555974868288
201222,1257142,1.0,0.5567000997651248
201227,1257157,1.0,0.5881893097265024
201246,1257184,1.0,0.9354211700664443
201247,1257186,1.0,0.5023290567716444
201259,1257201,1.0,0.9317744829619594
201260,1257203,1.0,0.7751425515123824
201263,1257210,1.0,0.6587797517282448
201264,1257211,1.0,0.6865576611804064
201265,1257213,1.0,0.7058165280486026
201280,1257233,1.0,0.6554261808466956
201285,1257245,1.0,0.5020059171028632
201300,1257269,1.0,0.5530782621355096
201308,1257282,1.0,0.571258002759314
201309,1257284,1.0,0.6103459393154085
201312,1257289,1.0,0.5275272088488961
201319,1257301,1.0,0.6218435922137829
201323,1257305,1.0,0.6673959549013414
201326,1257308,1.0,0.7146199552045677
201330,1257317,1.0,0.6944484173206474
201334,1257331,1.0,0.7873846213247704
201335,1257332,1.0,0.6178161384012173
201340,1257349,1.0,0.8623202105165265
201342,1257351,1.0,0.7864430120979548
201344,1257358,1.0,0.5086376700817512
201353,1257394,1.0,0.5838770177626222
201356,1257399,1.0,0.6934179027865028
201357,1257401,1.0,0.5059298090821812
201363,1257410,1.0,0.731322934198719
201364,1257412,1.0,0.5572480556127972
201366,1257414,1.0,0.8014402031976703
201376,1257426,1.0,0.5914225241674212
201383,1257436,1.0,0.7543097805052303
201385,1257438,1.0,0.5408643078439844
201393,1257449,1.0,0.7844756702758093
201396,1257454,1.0,0.7824082156890749
201400,1257458,1.0,0.5200183247832791
201401,1257459,1.0,0.5143747433531053
201402,1257460,1.0,0.6537244528026469
201405,1257464,1.0,0.9236530447240846
201410,1257470,1.0,0.5444105353937528
201411,1257471,1.0,0.7570590705462813
201412,1257472,1.0,0.724413977240262
201421,1257490,1.0,0.6327159615455957
201422,1257493,1.0,0.5421337038241276
201426,1257500,1.0,0.5160367142081682
201429,1257503,1.0,0.6340786749350147
201442,1257518,1.0,0.7812217720395418
201444,1257522,1.0,0.6708840806279717
201449,1257529,1.0,0.566240973232571
201450,1257531,1.0,0.7831000751376089
201451,1257533,1.0,0.9440317399250009
201467,1257559,1.0,0.597079776067482
201473,1257568,1.0,0.7269337489768969
201477,1257573,1.0,0.6128096426857855
201478,1257575,1.0,0.8372409426268644
201490,1257588,1.0,0.8219454081086288
201496,1257596,1.0,0.8436771526583166
201497,1257597,1.0,0.5145114588306823
201499,1257599,1.0,0.7774390417768903
201505,1257608,1.0,0.7815905324773786
201508,1257618,1.0,0.8548583172741416
201510,1257620,1.0,0.6492015465853499
201516,1257628,1.0,0.7718691180031054
201517,1257629,1.0,0.7822595448183123
201522,1257636,1.0,0.8317671180896731
201525,1257640,1.0,0.589867825944792
201526,1257642,1.0,0.6721700880427661
201528,1257645,1.0,0.8191060675013022
201530,1257649,1.0,0.531312992612852
201535,1257655,1.0,0.7654829060428446
201542,1257668,1.0,0.627614794860885
201543,1257669,1.0,0.6715304790941783
201544,1257670,1.0,0.6744877756578722
201547,1257674,1.0,0.5163721676689939
201548,1257677,1.0,0.6578662759108646
201551,1257680,1.0,0.5233284960212564
201553,1257685,1.0,0.8526572761126509
201555,1257688,1.0,0.8592150550978268
201559,1257695,1.0,0.6465904731059089
201562,1257701,1.0,0.6077657285248672
201567,1257710,1.0,0.5081239987649594
201568,1257711,1.0,0.7493866625925631
201569,1257712,1.0,0.5046500215595541
201572,1257716,1.0,0.7115521760603143
201573,1257717,1.0,0.5974487243799887
201576,1257721,1.0,0.8744717658681879
201577,1257722,1.0,0.9171694877088624
201578,1257725,1.0,0.6766284984539385
201580,1257727,1.0,0.8444486893591081
201584,1257732,1.0,0.6752635563376131
201585,1257733,1.0,0.6590120151936972
201586,1257735,1.0,0.7772544543529136
201587,1257737,1.0,0.7814529214516551
201600,1257754,1.0,0.6574682296699352
201601,1257755,1.0,0.5651494941056437
201604,1257758,1.0,0.8505366145322837
201613,1257774,1.0,0.7825564957298592
201618,1257780,1.0,0.6424261781789846
201619,1257781,1.0,0.6177512095955098
201620,1257783,1.0,0.5868493214834097
201631,1257799,1.0,0.6449152837334662
201632,1257802,1.0,0.7693115782468267
201646,1257826,1.0,0.5695535368949024
201648,1257829,1.0,0.6572124068511721
201658,1257840,1.0,0.5807669305304685
201663,1257849,1.0,0.7444866147266953
201664,1257851,1.0,0.5374482970326286
201665,1257852,1.0,0.7159291779233187
201666,1257856,1.0,0.5574760306683362
201675,1257868,1.0,0.788092324099397
201683,1257882,1.0,0.6831060232377484
201689,1257889,1.0,0.6887814471280244
201691,1257893,1.0,0.6840132242335754
201694,1257896,1.0,0.628762800766214
201698,1257901,1.0,0.7027413892709766
201701,1257907,1.0,0.5527461304228836
201702,1257908,1.0,0.5591285981569162
201706,1257917,1.0,0.534774585892286
201712,1257925,1.0,0.5861626578031064
201716,1257930,1.0,0.5669352693364185
201718,1257933,1.0,0.6507723532038777
201724,1257941,1.0,0.6589451219303397
201725,1257943,1.0,0.8414154553958059
201729,1257954,1.0,0.7534222826079942
201736,1257961,1.0,0.7403872497426222
201750,1257983,1.0,0.5499492080018011
201754,1257988,1.0,0.6945666281842303
201761,1257995,1.0,0.8632973266337054
201762,1257996,1.0,0.558284735440489
201764,1257999,1.0,0.519370909822177
201765,1258001,1.0,0.6844027706039019
201766,1258007,1.0,0.8697231583338135
201774,1258023,1.0,0.6756812627414628
201777,1258026,1.0,0.7955802266165831
201781,1258031,1.0,0.7270570842722719
201783,1258035,1.0,0.5881222857126197
201785,1258037,1.0,0.8338888650706117
201788,1258043,1.0,0.5759840804895773
201791,1258049,1.0,0.7992809125990745
201806,1258114,1.0,0.531557828545799
201807,1258127,1.0,0.6736023799373322
201808,1258128,1.0,0.8543821403009383
201810,1258131,1.0,0.6037431950512189
201816,1258141,1.0,0.9057573517847918
201822,1258148,1.0,0.6974378584820847
201827,1258156,1.0,0.5472852816397176
201837,1258171,1.0,0.5289740610469413
201839,1258174,1.0,0.6980183508426409
201841,1258177,1.0,0.550294120960199
201843,1258179,1.0,0.5523149562414736
201848,1258184,1.0,0.6447533599636027
201849,1258185,1.0,0.6009681029647747
201850,1258186,1.0,0.650456821575697
201857,1258196,1.0,0.5391580077509193
201858,1258198,1.0,0.6581948446512049
201860,1258200,1.0,0.7746134055035768
201862,1258202,1.0,0.5444777777748098
201865,1258207,1.0,0.8004214464110372
201873,1258219,1.0,0.7618088742521015
201876,1258223,1.0,0.503412404843247
201883,1258240,1.0,0.612558762388073
201890,1258250,1.0,0.6728377857152936
201898,1258261,1.0,0.5988497379434301
201903,1258267,1.0,0.8102175125430492
201923,1258290,1.0,0.6246696267067554
201924,1258292,1.0,0.6090248422539615
201929,1258301,1.0,0.7992124678030056
201940,1258317,1.0,0.8413276387304893
201941,1258319,1.0,0.5565971588399343
201948,1258334,1.0,0.6759732207889194
201949,1258335,1.0,0.500051317595236
201955,1258346,1.0,0.5689254630845556
201959,1258352,1.0,0.6396837210639272
201967,1258361,1.0,0.872973664717799
201969,1258363,1.0,0.6513093611708775
201978,1258381,1.0,0.6918017829597518
201982,1258388,1.0,0.8712432923191825
201984,1258390,1.0,0.6173186746349062
201986,1258392,1.0,0.6872814595212178
201995,1258403,1.0,0.6355961833218033
202006,1258420,1.0,0.5259911405285892
202009,1258423,1.0,0.6369376431377306
202010,1258424,1.0,0.5737543923310395
202012,1258428,1.0,0.5915134353807076
202021,1258442,1.0,0.914017318789759
202028,1258450,1.0,0.8237410639261575
202033,1258456,1.0,0.67543045797733
202039,1258465,1.0,0.6540088731727127
202043,1258471,1.0,0.5201930373240945
202045,1258473,1.0,0.5036069799138615
202053,1258485,1.0,0.5698213297773724
202058,1258494,1.0,0.855169368729554
202059,1258495,1.0,0.8351799766024784
202065,1258520,1.0,0.8223839454522643
202066,1258521,1.0,0.5453854611355899
202070,1258529,1.0,0.5872210041081534
202071,1258530,1.0,0.7477650379504088
202072,1258531,1.0,0.9267249394063197
202077,1258539,1.0,0.779427298953829
202082,1258546,1.0,0.5554086437788365
202093,1258564,1.0,0.7194406448028269
202095,1258567,1.0,0.8443530140745434
202096,1258570,1.0,0.8328361019461403
202099,1258574,1.0,0.7386182997553291
202101,1258578,1.0,0.809475967556878
202102,1258580,1.0,0.5309832284512841
202116,1258601,1.0,0.5306458991968684
202126,1258614,1.0,0.5367800885215571
202128,1258616,1.0,0.860437707973633
202130,1258621,1.0,0.5458559849905811
202134,1258629,1.0,0.8892594864359863
202137,1258633,1.0,0.7146770188813775
202154,1258661,1.0,0.540558788249941
202157,1258666,1.0,0.9262474935316289
202162,1258674,1.0,0.6325155727719307
202163,1258676,1.0,0.632616632337866
202164,1258681,1.0,0.6213277351974158
202165,1258682,1.0,0.6808746004728886
202168,1258686,1.0,0.522680841909916
202172,1258691,1.0,0.7019624956610492
202175,1258696,1.0,0.5122440758707145
202176,1258697,1.0,0.870651408484284
202182,1258704,1.0,0.7991872573252637
202191,1258715,1.0,0.5899984593424542
202202,1258730,1.0,0.5565251104863943
202207,1258739,1.0,0.630640373688046
202225,1258762,1.0,0.7116731655029894
202229,1258771,1.0,0.8524595746630236
202233,1258778,1.0,0.5494820375392734
202234,1258780,1.0,0.6789960272666222
202243,1258794,1.0,0.5542785519959891
202254,1258814,1.0,0.6677402970380334
202260,1258820,1.0,0.6067971028347132
202268,1258847,1.0,0.5979769863931073
202278,1258865,1.0,0.762707353978143
202281,1258870,1.0,0.8534550751922967
202285,1258875,1.0,0.8938162103376993
202286,1258876,1.0,0.5788981999640866
202287,1258877,1.0,0.5957080146131183
202289,1258879,1.0,0.6306753833971234
202294,1258888,1.0,0.5730287171257706
202298,1258895,1.0,0.5123923143445427
202300,1258900,1.0,0.5697141933216104
202304,1258904,1.0,0.6164058523014982
202308,1258908,1.0,0.6171546837936338
202311,1258912,1.0,0.7497028039965843
202316,1258918,1.0,0.8202453154851654
202323,1258929,1.0,0.8067327945612404
202325,1258932,1.0,0.8177731254576669
202329,1258937,1.0,0.6315966482929964
202331,1258940,1.0,0.5064083975784859
202332,1258944,1.0,0.6851362142128413
202335,1258949,1.0,0.5207810825888722
202351,1258971,1.0,0.6610936828788025
202353,1258976,1.0,0.7622617143239212
202355,1258980,1.0,0.557823152045917
202356,1258982,1.0,0.6956646380507715
202360,1258987,1.0,0.8259547447012949
202361,1258990,1.0,0.5012121326160504
202364,1258995,1.0,0.6862446517700737
202379,1259015,1.0,0.5573356011914244
202380,1259017,1.0,0.7849439543792297
202382,1259022,1.0,0.8900796339226192
202386,1259028,1.0,0.7030537631357889
202388,1259031,1.0,0.8015923763277243
202400,1259048,1.0,0.5432840459393088
202407,1259057,1.0,0.5252732126636478
202408,1259059,1.0,0.6434031210117646
202411,1259063,1.0,0.5959658150715883
202416,1259070,1.0,0.5160518481717987
202417,1259073,1.0,0.8547758183736924
202423,1259092,1.0,0.6277809979746116
202424,1259093,1.0,0.7592710007844654
202425,1259094,1.0,0.7289353392677282
202428,1259100,1.0,0.5330555442556296
202429,1259102,1.0,0.594756669301855
202435,1259112,1.0,0.5712752450906557
202437,1259114,1.0,0.5789575167050087
202439,1259116,1.0,0.5703123514202585
202454,1259132,1.0,0.7137567801260081
202458,1259136,1.0,0.6078434399604549
202463,1259146,1.0,0.5049634380268111
202467,1259152,1.0,0.5772029432578509
202472,1259160,1.0,0.9029902277385431
202476,1259166,1.0,0.6712150806517628
202481,1259175,1.0,0.7782180396221178
202485,1259179,1.0,0.7627387951111079
202486,1259181,1.0,0.602678498411737
202491,1259186,1.0,0.6749208056791142
202494,1259189,1.0,0.6490073995971586
202518,1259220,1.0,0.5172031976638508
202522,1259228,1.0,0.5101375457672892
202525,1259232,1.0,0.6227080528171612
202527,1259235,1.0,0.6119282453125148
202528,1259236,1.0,0.6548530256958758
202534,1259243,1.0,0.534471447743511
202535,1259246,1.0,0.7238252089369942
202538,1259249,1.0,0.6266356793166846
202547,1259259,1.0,0.7628015472498276
202551,1259265,1.0,0.5490621123708709
202553,1259268,1.0,0.6629396602513451
202557,1259275,1.0,0.7605488528565362
202566,1259288,1.0,0.6751113716373377
202567,1259289,1.0,0.5490515047021448
202571,1259293,1.0,0.7011059031479547
202572,1259294,1.0,0.713407549899981
202573,1259296,1.0,0.5800540030089706
202580,1259312,1.0,0.5258861528210501
202582,1259314,1.0,0.9287330453211547
202586,1259319,1.0,0.5065706716238231
202603,1259352,1.0,0.500432697250466
202612,1259362,1.0,0.6997681893841713
202616,1259367,1.0,0.5988653324440515
202619,1259371,1.0,0.6979509372054542
202624,1259383,1.0,0.8111883747793074
202626,1259387,1.0,0.7811298510527168
202634,1259398,1.0,0.5175931460264328
202635,1259400,1.0,0.6784324930610388
202637,1259405,1.0,0.5229178637256333
202660,1259439,1.0,0.7042546627260147
202664,1259448,1.0,0.5913073862193947
202667,1259451,1.0,0.7553388326017317
202668,1259452,1.0,0.6311669869453278
202670,1259455,1.0,0.5802513259679891
202671,1259456,1.0,0.6859316201399125
202674,1259463,1.0,0.6707764936431072
202676,1259466,1.0,0.7928647605137014
202678,1259472,1.0,0.5512427206251506
202679,1259473,1.0,0.7463087222769799
202682,1259477,1.0,0.7793265119571234
202687,1259484,1.0,0.7145583759735284
202688,1259485,1.0,0.6455096418818115
202695,1259496,1.0,0.5381127200005051
202697,1259499,1.0,0.7882602808190948
202699,1259502,1.0,0.7080221274371982
202701,1259504,1.0,0.5857451329612597
202703,1259506,1.0,0.618872827555645
202707,1259512,1.0,0.5626097372255373
202708,1259513,1.0,0.8170609374988685
202714,1259526,1.0,0.6299813500850454
202717,1259533,1.0,0.5254105808864695
202722,1259546,1.0,0.7043623874898213
202735,1259566,1.0,0.6105684996925627
202740,1259574,1.0,0.5158380650962748
202742,1259577,1.0,0.5166174212838088
202746,1259583,1.0,0.7628306216254127
202747,1259585,1.0,0.7711718953012653
202749,1259589,1.0,0.5441262068111343
202754,1259595,1.0,0.6614277919757083
202758,1259600,1.0,0.8077815483637334
202759,1259601,1.0,0.9337253935114834
202760,1259602,1.0,0.5680379800872931
202769,1259614,1.0,0.958984083811934
202774,1259622,1.0,0.5937742237939078
202780,1259630,1.0,0.6038743887146447
202782,1259633,1.0,0.5562718949517492
202797,1259659,1.0,0.807779506620333
202805,1259672,1.0,0.616750912624882
202806,1259673,1.0,0.5410314060993772
202811,1259680,1.0,0.7592564686352042
202813,1259682,1.0,0.9806492998225499
202819,1259696,1.0,0.9034735010535054
202821,1259700,1.0,0.5409993978524322
202824,1259708,1.0,0.6769643562414107
202825,1259710,1.0,0.9062928020749652
202828,1259717,1.0,0.7887413341009111
202832,1259723,1.0,0.9000766372481052
202833,1259724,1.0,0.7527747955298918
202839,1259732,1.0,0.6856751771894931
202845,1259740,1.0,0.5570410219197696
202848,1259745,1.0,0.5688695744219556
202855,1259753,1.0,0.609204716567363
202859,1259761,1.0,0.7264462902775048
202860,1259762,1.0,0.8643022918325122
202874,1259781,1.0,0.5302348241139506
202882,1259791,1.0,0.9295698256850999
202884,1259793,1.0,0.6093228011037781
202885,1259794,1.0,0.6524436669400913
202897,1259812,1.0,0.5391827866153379
202906,1259822,1.0,0.5002086540961219
202908,1259825,1.0,0.5954900748186317
202915,1259836,1.0,0.7799177569415382
202922,1259844,1.0,0.6415057509893441
202931,1259856,1.0,0.6102445521894315
202933,1259859,1.0,0.6310241752305542
202936,1259864,1.0,0.7150422862379362
202937,1259866,1.0,0.597805153371156
202939,1259870,1.0,0.8414887942151232
202943,1259874,1.0,0.7103939246480723
202944,1259875,1.0,0.7566395164630754
202952,1259886,1.0,0.5210201259800061
202953,1259887,1.0,0.7328953109686649
202954,1259888,1.0,0.859840164540396
202957,1259891,1.0,0.7588853527450589
202958,1259892,1.0,0.5365626806109176
202963,1259898,1.0,0.6121892575421625
202970,1259914,1.0,0.8264341804004169
202971,1259916,1.0,0.5894036335304018
202973,1259918,1.0,0.8573795213828419
202976,1259921,1.0,0.6735214636530388
202981,1259934,1.0,0.8716272117648316
202982,1259935,1.0,0.8317975851575216
202985,1259940,1.0,0.5892420860577661
202988,1259945,1.0,0.8413602783968983
202992,1259950,1.0,0.7789983434072152
202995,1259954,1.0,0.679799462699583
202997,1259957,1.0,0.5305693181832192
203007,1259970,1.0,0.8813583184253317
203008,1259971,1.0,0.7487242848447992
203012,1259976,1.0,0.6175247902422433
203022,1259991,1.0,0.82073355240598
203030,1260021,1.0,0.7510691750113135
203033,1260026,1.0,0.6126919822612894
203035,1260033,1.0,0.6242548478387042
203037,1260036,1.0,0.5398284479407381
203042,1260045,1.0,0.7507868683520612
203044,1260052,1.0,0.5924728528901418
203049,1260057,1.0,0.578032236058502
203059,1260073,1.0,0.6398808091296799
203064,1260080,1.0,0.7583048390922088
203066,1260082,1.0,0.5556944853577693
203073,1260092,1.0,0.6142535715033814
203078,1260100,1.0,0.7220872734467417
203087,1260115,1.0,0.5103219139094259
203088,1260116,1.0,0.6870231965163699
203097,1260127,1.0,0.5208437071134546
203099,1260130,1.0,0.5656619795319997
203103,1260136,1.0,0.6290724031049518
203104,1260137,1.0,0.6444097993617265
203108,1260143,1.0,0.5366193785444122
203109,1260145,1.0,0.806994687233408
203115,1260157,1.0,0.8779693616381106
203121,1260165,1.0,0.7075089764774993
203131,1260184,1.0,0.7061499590605733
203136,1260189,1.0,0.7692517773543416
203139,1260194,1.0,0.6589975733991489
203140,1260195,1.0,0.536986185170573
203145,1260204,1.0,0.6314837246407135
203147,1260207,1.0,0.7165507731621705
203148,1260208,1.0,0.5473853881320878
203151,1260213,1.0,0.5371194243226882
203157,1260225,1.0,0.5508712228615477
203159,1260232,1.0,0.6470734202500712
203165,1260245,1.0,0.8069494278349202
203167,1260253,1.0,0.8107077822033985
203168,1260254,1.0,0.5054731995359623
203172,1260260,1.0,0.5569903717012812
203174,1260268,1.0,0.6510861096168494
203177,1260273,1.0,0.6886855020082523
203181,1260278,1.0,0.7979768717588724
203186,1260284,1.0,0.527887996797144
203189,1260288,1.0,0.9322814791422359
203190,1260290,1.0,0.7884479666120504
203201,1260306,1.0,0.8023709699560491
203207,1260318,1.0,0.7862512972619318
203216,1260332,1.0,0.513247763461636
203225,1260342,1.0,0.5629447410741754
203235,1260357,1.0,0.7549168832600442
203236,1260358,1.0,0.9039815837825066
203239,1260362,1.0,0.6595318912870404
203241,1260364,1.0,0.7425135111395539
203242,1260365,1.0,0.5017357904999135
203249,1260374,1.0,0.7450955046874023
203251,1260377,1.0,0.7207483510817568
203252,1260378,1.0,0.7169253544843249
203277,1260406,1.0,0.5454437574924758
203282,1260415,1.0,0.5684632609349071
203287,1260425,1.0,0.8040175386977522
203289,1260428,1.0,0.8225432426199139
203291,1260431,1.0,0.5527807369588447
203293,1260433,1.0,0.5833549192607256
203294,1260434,1.0,0.6063918162498048
203295,1260435,1.0,0.6784676223412739
203296,1260436,1.0,0.7555858084287003
203298,1260438,1.0,0.7997547832241677
203306,1260449,1.0,0.6040940258567131
203310,1260457,1.0,0.6868372014366801
203312,1260464,1.0,0.646151869627866
203313,1260465,1.0,0.7126618798045029
203317,1260476,1.0,0.659336950241143
203324,1260498,1.0,0.7759605835299899
203328,1260505,1.0,0.5740165029764159
203335,1260516,1.0,0.8004261232668253
203336,1260518,1.0,0.7847385615271827
203341,1260526,1.0,0.5687735853056977
203347,1260536,1.0,0.5493229879195559
203369,1260566,1.0,0.7510453463712566
203370,1260567,1.0,0.7501014483846468
203371,1260568,1.0,0.7677828849486287
203372,1260569,1.0,0.5011367924388462
203373,1260570,1.0,0.5813327879211101
203377,1260578,1.0,0.6269110062584133
203392,1260603,1.0,0.7752627460054442
203396,1260608,1.0,0.6957329895214638
203398,1260610,1.0,0.5611856227188593
203402,1260617,1.0,0.667056844573843
203405,1260621,1.0,0.5291760033268128
203409,1260627,1.0,0.6262489262450309
203412,1260633,1.0,0.6553051734186702
203414,1260636,1.0,0.6054424556980446
203417,1260640,1.0,0.6914890077430589
203424,1260649,1.0,0.5971389079323438
203426,1260651,1.0,0.5234443087449261
203430,1260657,1.0,0.732810403581769
203432,1260661,1.0,0.7157875939538316
203439,1260671,1.0,0.7135106355586053
203440,1260672,1.0,0.5126713906741782
203442,1260675,1.0,0.62321725328042
203443,1260677,1.0,0.7140734299229602
203444,1260678,1.0,0.8562601283392614
203447,1260686,1.0,0.8934939893227782
203448,1260688,1.0,0.7482622560496335
203453,1260697,1.0,0.8366293006264509
203458,1260703,1.0,0.9148247010447478
203466,1260712,1.0,0.5689145488942912
203468,1260716,1.0,0.8601469492112614
203473,1260723,1.0,0.786603305703585
203474,1260725,1.0,0.5684542899968192
203475,1260726,1.0,0.5052436020938621
203484,1260744,1.0,0.9466820576618425
203485,1260745,1.0,0.8406421050062757
203497,1260764,1.0,0.830204395196848
203506,1260777,1.0,0.5738184294679882
203508,1260781,1.0,0.9054915202380912
203510,1260783,1.0,0.5472210509010755
203520,1260800,1.0,0.6192732223909796
203527,1260810,1.0,0.5083996537634703
203530,1260816,1.0,0.7732610746785534
203536,1260825,1.0,0.9285943950453365
203542,1260836,1.0,0.8473337718317254
203565,1260870,1.0,0.8193190737056808
203568,1260878,1.0,0.779707961192358
203569,1260879,1.0,0.7370833992499518
203574,1260885,1.0,0.8884837176735478
203577,1260896,1.0,0.5725861106464121
203578,1260898,1.0,0.550825210639606
203581,1260908,1.0,0.9162420601040667
203586,1260916,1.0,0.67250480594772
203589,1260921,1.0,0.5661255914582307
203591,1260924,1.0,0.9354093908905667
203595,1260930,1.0,0.8201521963049485
203602,1260939,1.0,0.690033159613309
203606,1260947,1.0,0.6973227842054566
203608,1260950,1.0,0.5424320398326085
203611,1260955,1.0,0.721407197344248
203612,1260956,1.0,0.6186938869179257
203617,1260963,1.0,0.787648550911951
203621,1260969,1.0,0.522866937497813
203630,1260982,1.0,0.5475558288940452
203631,1260983,1.0,0.8221275660442984
203633,1260985,1.0,0.7068254560648566
203640,1260994,1.0,0.8117434973291435
203641,1260995,1.0,0.6398749844587255
203646,1261005,1.0,0.7553396268703402
203647,1261007,1.0,0.7457887929083796
203648,1261010,1.0,0.5034049220184407
203652,1261018,1.0,0.5782348875998459
203653,1261019,1.0,0.6976011511778727
203657,1261025,1.0,0.7025685239179489
203658,1261026,1.0,0.7412226840504781
203663,1261035,1.0,0.6748626417731474
203673,1261057,1.0,0.6361938445470903
203685,1261074,1.0,0.5290123218607373
203687,1261077,1.0,0.9518140384544523
203692,1261082,1.0,0.7405094204344893
203711,1261107,1.0,0.9056203708926359
203714,1261113,1.0,0.6837641138388718
203717,1261119,1.0,0.6856346551850576
203718,1261120,1.0,0.8107246648927711
203720,1261122,1.0,0.6073424516456749
203728,1261134,1.0,0.8920526734057053
203731,1261137,1.0,0.6041882638475586
203733,1261143,1.0,0.551436804309441
203736,1261147,1.0,0.7945791105959148
203742,1261154,1.0,0.7260816217397005
203748,1261162,1.0,0.6285331461866184
203749,1261164,1.0,0.5987748511305554
203752,1261170,1.0,0.5060522961987757
203759,1261179,1.0,0.6141239964158943
203763,1261185,1.0,0.5113321669140599
203764,1261186,1.0,0.7942768312601632
203765,1261188,1.0,0.6389487674732012
203766,1261189,1.0,0.8051003203626749
203767,1261190,1.0,0.6163883140494212
203769,1261193,1.0,0.5109122648275041
203775,1261201,1.0,0.6579115030349043
203776,1261203,1.0,0.5939539264527234
203777,1261205,1.0,0.789219232069796
203781,1261211,1.0,0.539588521981545
203784,1261422,1.0,0.6676142690660046
203785,1261423,1.0,0.8895190040035431
203786,1261424,1.0,0.5862899382773217
203788,1261426,1.0,0.7602559175984919
203789,1261430,1.0,0.7350050211342338
203790,1261431,1.0,0.7648976437714017
203792,1261433,1.0,0.7584019431424381
203802,1261450,1.0,0.7337157860929696
203803,1261451,1.0,0.5777115049516423
203805,1261453,1.0,0.6237241911659567
203810,1261459,1.0,0.5291878037358825
203819,1261472,1.0,0.6431563692830828
203820,1261473,1.0,0.9074964253826018
203828,1261484,1.0,0.7281337023818721
203829,1261485,1.0,0.6415694174321247
203835,1261492,1.0,0.5981518272509189
203837,1261496,1.0,0.8091756543623586
203839,1261501,1.0,0.5137912568799754
203845,1261510,1.0,0.6315940507401122
203849,1261515,1.0,0.6761251277542736
203851,1261521,1.0,0.781804580685507
203852,1261522,1.0,0.7531139426207683
203857,1261530,1.0,0.519059267458625
203866,1261545,1.0,0.6924559894030533
203867,1261546,1.0,0.5669437009429327
203868,1261547,1.0,0.7213294383562167
203870,1261549,1.0,0.5670331720249856
203879,1261564,1.0,0.627582832514428
203882,1261569,1.0,0.846078453017948
203892,1261587,1.0,0.5904558969838536
203893,1261589,1.0,0.5647258087264435
203905,1261610,1.0,0.7053042429881108
203906,1261613,1.0,0.7778981802854601
203913,1261621,1.0,0.5306937852991492
203926,1261649,1.0,0.9344710256244122
203928,1261652,1.0,0.6934195640499351
203932,1261658,1.0,0.8445612160609846
203933,1261660,1.0,0.5400471977965617
203936,1261665,1.0,0.6030712657053682
203946,1261695,1.0,0.6673701097800439
203948,1261698,1.0,0.7699462634238062
203966,1261718,1.0,0.8038647002435844
203970,1261723,1.0,0.7410335245925895
203971,1261725,1.0,0.8557700361584213
203982,1261737,1.0,0.6418272406376081
203983,1261740,1.0,0.5215827723732356
203989,1261749,1.0,0.5678087166094363
204004,1261775,1.0,0.5236545345995915
204008,1261782,1.0,0.6839134680345608
204014,1261790,1.0,0.7459176699894196
204016,1261793,1.0,0.5821130732364805
204017,1261794,1.0,0.68811776100904
204021,1261801,1.0,0.8998684566520699
204024,1261804,1.0,0.6025303200298725
204029,1261810,1.0,0.74075472025285
204030,1261813,1.0,0.5829463436106501
204047,1261840,1.0,0.8473529634246948
204048,1261841,1.0,0.9226057465720251
204059,1261856,1.0,0.5256771339326544
204061,1261858,1.0,0.5950460059265928
204064,1261861,1.0,0.5823648922165768
204066,1261864,1.0,0.6375697026715458
204067,1261866,1.0,0.5588351677236759
204081,1261882,1.0,0.532709845048008
204082,1261883,1.0,0.9147557078246353
204084,1261885,1.0,0.6025905191811167
204089,1261905,1.0,0.5240555173406951
204091,1261915,1.0,0.6474458910705237
204092,1261916,1.0,0.5203041879429195
204116,1261950,1.0,0.6193969674240701
204119,1261957,1.0,0.5629737993750723
204125,1261968,1.0,0.614093930502661
204129,1261976,1.0,0.9548524606802464
204134,1261982,1.0,0.8401979978547445
204135,1261983,1.0,0.5612557956944636
204141,1261993,1.0,0.7418688453080304
204144,1261997,1.0,0.841717564386207
204152,1262007,1.0,0.9528135940577546
204158,1262014,1.0,0.8022949920281751
204159,1262015,1.0,0.8322304025011157
204162,1262019,1.0,0.771156833203671
204178,1262047,1.0,0.7165877903787811
204180,1262050,1.0,0.5852657164753591
204187,1262062,1.0,0.6977869674802819
204189,1262065,1.0,0.683158585495651
204197,1262081,1.0,0.6621115371461671
204200,1262084,1.0,0.8660967599630373
204212,1262102,1.0,0.7762898416101519
204216,1262108,1.0,0.874287723928238
204220,1262114,1.0,0.5658451127054891
204223,1262120,1.0,0.5571816118269748
204237,1262141,1.0,0.7053086703566277
204239,1262144,1.0,0.7201279613343076
204243,1262148,1.0,0.6047079076192147
204244,1262149,1.0,0.7556965135781021
204245,1262151,1.0,0.5664127354351473
204250,1262156,1.0,0.6784695095713359
204252,1262159,1.0,0.8463778911651658
204253,1262162,1.0,0.5551799358036953
204255,1262166,1.0,0.6690249221541084
204256,1262167,1.0,0.6551721376208237
204263,1262176,1.0,0.6638365041509403
204265,1262178,1.0,0.6687499781273004
204267,1262182,1.0,0.6395489291492403
204269,1262185,1.0,0.8132640876716631
204270,1262186,1.0,0.8514497347286656
204271,1262187,1.0,0.5791437381948513
204276,1262194,1.0,0.8043855865332601
204284,1262203,1.0,0.6503636347399602
204290,1262214,1.0,0.78911776205484
204293,1262218,1.0,0.5253059596569403
204295,1262220,1.0,0.5791338567111252
204296,1262221,1.0,0.5244600305629963
204298,1262225,1.0,0.6473097281213861
204301,1262230,1.0,0.6597451685231042
204302,1262231,1.0,0.9433172422999888
204306,1262238,1.0,0.8426836232055394
204310,1262243,1.0,0.8231905880571265
204311,1262244,1.0,0.9624525740663709
204314,1262250,1.0,0.5919944800216252
204318,1262257,1.0,0.8768993752750365
204319,1262261,1.0,0.736634614145689
204320,1262262,1.0,0.5747293408954609
204323,1262266,1.0,0.5432148761745704
204326,1262270,1.0,0.5374823602738588
204332,1262277,1.0,0.7171888605047291
204334,1262280,1.0,0.5654544924717763
204336,1262283,1.0,0.7202263751703488
204344,1262295,1.0,0.5286081176496505
204345,1262296,1.0,0.726896403917467
204357,1262314,1.0,0.5990890293755429
204361,1262328,1.0,0.7043042464594066
204363,1262330,1.0,0.5158026074455695
204364,1262331,1.0,0.7338044351609738
204365,1262332,1.0,0.5848677722694268
204366,1262333,1.0,0.9378410249673322
204369,1262340,1.0,0.6691658728868563
204377,1262350,1.0,0.6671516860644368
204380,1262354,1.0,0.9217995261249257
204383,1262360,1.0,0.5708006745902708
204394,1262371,1.0,0.7865469208802148
204401,1262379,1.0,0.6702732555316206
204407,1262386,1.0,0.6381529913863807
204413,1262396,1.0,0.8604744979464437
204421,1262406,1.0,0.5791663217104822
204429,1262417,1.0,0.7281216028760682
204431,1262419,1.0,0.5542934377354826
204433,1262422,1.0,0.6999137566248244
204434,1262424,1.0,0.5889926238294035
204460,1262458,1.0,0.5170181819858425
204468,1262468,1.0,0.5364201225502593
204470,1262470,1.0,0.7311113715642613
204474,1262474,1.0,0.6643884461572167
204475,1262475,1.0,0.8487112183862361
204476,1262476,1.0,0.7166908597634046
204481,1262483,1.0,0.8038292697240171
204488,1262492,1.0,0.6870648274997675
204491,1262495,1.0,0.5645373103453252
204492,1262497,1.0,0.5784299904353764
204497,1262502,1.0,0.502449910716525
204498,1262504,1.0,0.530954983707291
204500,1262509,1.0,0.7352735929300398
204503,1262513,1.0,0.5208326950923282
204504,1262514,1.0,0.5668789206526063
204507,1262518,1.0,0.8310798563974793
204515,1262528,1.0,0.6736782671097712
204516,1262529,1.0,0.5592448456629363
204518,1262533,1.0,0.8436952543567228
204519,1262534,1.0,0.9622331420075634
204522,1262537,1.0,0.8573868409054844
204523,1262538,1.0,0.7290041667052772
204536,1262555,1.0,0.7074877571766709
204542,1262568,1.0,0.5448534032872192
204548,1262576,1.0,0.8720659029166979
204552,1262583,1.0,0.5108138736531497
204562,1262597,1.0,0.5127369446893462
204567,1262604,1.0,0.727830728431563
204573,1262612,1.0,0.7845109819927022
204576,1262616,1.0,0.8161636658349442
204584,1262631,1.0,0.5450972356015947
204585,1262632,1.0,0.656438235757613
204586,1262634,1.0,0.8598066594467286
204592,1262644,1.0,0.7070000784900045
204593,1262645,1.0,0.6297786432010227
204595,1262647,1.0,0.6246581723480515
204596,1262648,1.0,0.7622484083292904
204599,1262652,1.0,0.6403486978079197
204602,1262657,1.0,0.525148426070052
204605,1262661,1.0,0.5060218131670251
204606,1262664,1.0,0.9168183404877224
204608,1262668,1.0,0.5135135910965458
204609,1262669,1.0,0.5618874441833176
204616,1262684,1.0,0.8592482957073541
204617,1262686,1.0,0.7188707697701819
204618,1262687,1.0,0.6802892251964998
204626,1262696,1.0,0.5437465001472188
204637,1262711,1.0,0.8805548144413251
204639,1262713,1.0,0.5208312024744703
204641,1262715,1.0,0.850421598447801
204649,1262725,1.0,0.59357441101418
204653,1262733,1.0,0.633948903842267
204655,1262737,1.0,0.9740566816797576
204656,1262738,1.0,0.7285423713593623
204658,1262740,1.0,0.6058081874615452
204660,1262743,1.0,0.7408333483811534
204665,1262752,1.0,0.5808789039568409
204681,1262771,1.0,0.5190201580522807
204687,1262781,1.0,0.7252955168237347
204690,1262788,1.0,0.7993801489585688
204694,1262794,1.0,0.6837882541387409
204708,1262814,1.0,0.6068945819113527
204710,1262816,1.0,0.5474406845252671
204711,1262817,1.0,0.604675496364213
204712,1262818,1.0,0.9201802169291593
204715,1262823,1.0,0.6263121102245134
204716,1262824,1.0,0.8568738684811705
204723,1262833,1.0,0.6563953970141214
204726,1262836,1.0,0.7969535879801448
204727,1262837,1.0,0.6999125419641445
204728,1262838,1.0,0.692431026043047
204731,1262841,1.0,0.5510086109275898
204733,1262845,1.0,0.5032698718299639
204734,1262847,1.0,0.5158847076550155
204737,1262852,1.0,0.7999038664378458
204748,1262877,1.0,0.8835543208056215
204750,1262879,1.0,0.6221184637468021
204752,1262882,1.0,0.6198889476438553
204753,1262884,1.0,0.5728053272529127
204755,1262886,1.0,0.58830923567597
204758,1262896,1.0,0.806820867453732
204759,1262897,1.0,0.5023425584755058
204760,1262901,1.0,0.5769030061311223
204761,1262902,1.0,0.7973591955343711
204764,1262908,1.0,0.768714542453648
204765,1262909,1.0,0.5855578491445564
204783,1262935,1.0,0.7045016291465461
204796,1262951,1.0,0.5784710290182137
204802,1262962,1.0,0.7628819997717702
204808,1262969,1.0,0.6744476611097805
204813,1262974,1.0,0.6830021600881562
204814,1262975,1.0,0.6583935210916599
204815,1262976,1.0,0.9234322615168781
204818,1262981,1.0,0.5544785745185395
204834,1263004,1.0,0.6906846351632859
204835,1263006,1.0,0.5197061622406824
204837,1263008,1.0,0.6337524210885388
204841,1263013,1.0,0.7484655108281106
204845,1263019,1.0,0.5140766208372028
204852,1263029,1.0,0.7962633552747266
204856,1263035,1.0,0.8583738458040286
204858,1263038,1.0,0.6334085191188931
204859,1263039,1.0,0.7855650592142446
204860,1263040,1.0,0.7492218060068706
204864,1263045,1.0,0.9273861687747048
204865,1263047,1.0,0.6618664571140737
204870,1263056,1.0,0.5851269230536458
204872,1263059,1.0,0.5089932824614741
204877,1263065,1.0,0.6461119701936849
204878,1263066,1.0,0.558940374469872
204881,1263069,1.0,0.5318350851262375
204883,1263071,1.0,0.6271731804236897
204884,1263072,1.0,0.5161839127485724
204886,1263074,1.0,0.8924341813102202
204888,1263076,1.0,0.9027255008698424
204890,1263078,1.0,0.8294617384059287
204891,1263080,1.0,0.7036884894798509
204897,1263087,1.0,0.6893938302009711
204899,1263090,1.0,0.6939163780156115
204900,1263092,1.0,0.6188993436411099
204911,1263122,1.0,0.820324058192704
204912,1263126,1.0,0.712331494798065
204915,1263137,1.0,0.6234885898618618
204920,1263148,1.0,0.7751653835812795
204925,1263153,1.0,0.8935449000305881
204926,1263154,1.0,0.532425058642626
204931,1263164,1.0,0.5910878613151263
204934,1263170,1.0,0.696937673261328
204936,1263173,1.0,0.7994333881616177
204941,1263179,1.0,0.5870755049896879
204945,1263190,1.0,0.5042455845689602
204948,1263194,1.0,0.6461432811159188
204951,1263200,1.0,0.6956516242353804
204952,1263201,1.0,0.7854700419813063
204955,1263205,1.0,0.8320464584724634
204960,1263214,1.0,0.8228526188359797
204971,1263229,1.0,0.8376879890125021
204976,1263236,1.0,0.6083320110395287
204977,1263237,1.0,0.5879869111939202
204981,1263243,1.0,0.9474763466288196
204985,1263247,1.0,0.5945096031189803
204986,1263248,1.0,0.7893299332775373
204989,1263253,1.0,0.5224410259247178
204995,1263259,1.0,0.9483869595155063
204996,1263260,1.0,0.6106250691130692
204998,1263262,1.0,0.8053923749724429
205006,1263273,1.0,0.8052998765702343
205011,1263279,1.0,0.7330847072483536
205012,1263282,1.0,0.6823023367452253
205014,1263294,1.0,0.7616250194256301
205015,1263297,1.0,0.708172520359931
205016,1263307,1.0,0.514484765388608
205018,1263312,1.0,0.8436962214925998
205019,1263313,1.0,0.6398951648699496
205022,1263317,1.0,0.8246432150662663
205025,1263321,1.0,0.6758726659184464
205026,1263325,1.0,0.7063537423346236
205029,1263328,1.0,0.6115025662319731
205031,1263331,1.0,0.5805031221617001
205032,1263333,1.0,0.6645219422474098
205043,1263345,1.0,0.6299674815052051
205044,1263346,1.0,0.6026376213052208
205048,1263352,1.0,0.5852504805455399
205050,1263356,1.0,0.7370499019297857
205059,1263367,1.0,0.6634055409831563
205066,1263378,1.0,0.8369080994635015
205072,1263384,1.0,0.5469718448902597
205075,1263387,1.0,0.555076443155505
205078,1263390,1.0,0.5751265355151368
205081,1263394,1.0,0.5275832980357826
205083,1263397,1.0,0.6179555161352188
205087,1263402,1.0,0.679713276120827
205096,1263412,1.0,0.5629847011221635
205109,1263434,1.0,0.5652151789805576
205110,1263435,1.0,0.5542720231915955
205113,1263441,1.0,0.5180777049285842
205114,1263443,1.0,0.7316855897585752
205122,1263452,1.0,0.948228597205894
205123,1263453,1.0,0.7424878677523584
205125,1263457,1.0,0.6661121427054295
205130,1263464,1.0,0.6198095745101964
205137,1263479,1.0,0.5688936741210566
205138,1263480,1.0,0.5827352903748124
205140,1263484,1.0,0.5604152843186605
205142,1263487,1.0,0.5253891049652143
205143,1263493,1.0,0.585617616666043
205146,1263498,1.0,0.6231970095204963
205147,1263500,1.0,0.8177763479900706
205158,1263518,1.0,0.7707050909198948
205163,1263524,1.0,0.6466703121637236
205168,1263532,1.0,0.7187623925746869
205174,1263539,1.0,0.6563131404851641
205175,1263541,1.0,0.7229459122278667
205177,1263544,1.0,0.7082110679271152
205179,1263549,1.0,0.7820075700363228
205181,1263554,1.0,0.8153051637640415
205184,1263557,1.0,0.6199924203797981
205207,1263588,1.0,0.9496315443595478
205208,1263589,1.0,0.8867038277863618
205210,1263592,1.0,0.7349660284239558
205217,1263601,1.0,0.5593155387877504
205225,1263610,1.0,0.8405350386220574
205227,1263612,1.0,0.7597453389438296
205233,1263622,1.0,0.6240238372898546
205242,1263634,1.0,0.8165443303072819
205259,1263658,1.0,0.5120076354640799
205267,1263669,1.0,0.505906199194281
205268,1263670,1.0,0.6471650289993451
205269,1263671,1.0,0.940420579104616
205284,1263694,1.0,0.611094107505495
205285,1263695,1.0,0.6137300898538371
205292,1263710,1.0,0.8098217115341853
205297,1263718,1.0,0.5410124716483374
205298,1263719,1.0,0.6740610592891612
205299,1263720,1.0,0.737642112305774
205300,1263721,1.0,0.6989444352756548
205302,1263723,1.0,0.554563964561483
205309,1263732,1.0,0.6955926666027674
205316,1263742,1.0,0.6205351529570838
205318,1263746,1.0,0.7331086990007887
205319,1263748,1.0,0.5951403030470171
205321,1263752,1.0,0.5823695951911237
205323,1263755,1.0,0.9150998805790402
205324,1263756,1.0,0.9765782715455921
205325,1263758,1.0,0.617442044456901
205327,1263763,1.0,0.5055667065957471
205329,1263773,1.0,0.6854078414184325
205333,1263784,1.0,0.6785141587912948
205342,1263794,1.0,0.6268988767754695
205350,1263803,1.0,0.5375535479583157
205352,1263808,1.0,0.5065734910278146
205353,1263809,1.0,0.6959415078566729
205355,1263811,1.0,0.7034964282163508
205357,1263814,1.0,0.8040811172816916
205362,1263820,1.0,0.7782021584912543
205363,1263821,1.0,0.8395980217223044
205371,1263830,1.0,0.8379423379984628
205376,1263836,1.0,0.641267954668093
205377,1263837,1.0,0.656439982876578
205380,1263843,1.0,0.8947843282100639
205381,1263844,1.0,0.9046146247176317
205386,1263850,1.0,0.6364892184655169
205394,1263860,1.0,0.8290085917158163
205413,1263889,1.0,0.6389901757146359
205418,1263895,1.0,0.5970236808352352
205424,1263908,1.0,0.7279950537315367
205425,1263910,1.0,0.5100370084101441
205426,1263912,1.0,0.8078200572118996
205430,1263917,1.0,0.8771416747849589
205432,1263919,1.0,0.5410754273171624
205439,1263930,1.0,0.8407526723595642
205441,1263932,1.0,0.7411945331384628
205445,1263943,1.0,0.8037527672335484
205447,1263945,1.0,0.5079050437547719
205449,1263947,1.0,0.5853137996092745
205453,1263959,1.0,0.544599595542959
205455,1263962,1.0,0.7674458834526032
205458,1263968,1.0,0.5747899923409234
205463,1263975,1.0,0.6686494618941662
205464,1263976,1.0,0.7274291922877649
205466,1263980,1.0,0.789772796974997
205471,1263988,1.0,0.5453968394087297
205475,1263996,1.0,0.6459088333903131
205477,1264003,1.0,0.7267156313795125
205482,1264009,1.0,0.9092311082425345
205483,1264010,1.0,0.6520531845964141
205486,1264014,1.0,0.6512571958672223
205487,1264015,1.0,0.9109651518951288
205489,1264017,1.0,0.6369811777480564
205492,1264020,1.0,0.5057644018591
205496,1264026,1.0,0.9102860283401167
205499,1264032,1.0,0.6626371252910352
205500,1264034,1.0,0.8428159515080875
205504,1264040,1.0,0.5150965268109194
205505,1264041,1.0,0.5863947702858037
205507,1264043,1.0,0.9371155619187376
205508,1264044,1.0,0.6473973543159318
205510,1264047,1.0,0.5197914351102363
205517,1264055,1.0,0.5169255666858031
205519,1264058,1.0,0.5147836556671294
205530,1264073,1.0,0.7329387471911443
205532,1264076,1.0,0.6244514168410571
205535,1264082,1.0,0.8348676393738121
205538,1264089,1.0,0.8512885044331552
205539,1264090,1.0,0.692792125395585
205541,1264094,1.0,0.7004926586855821
205546,1264100,1.0,0.6235509458964983
205550,1264105,1.0,0.565421181920933
205552,1264107,1.0,0.5163501098648303
205554,1264110,1.0,0.6352572668119232
205556,1264112,1.0,0.8981548662793637
205563,1264126,1.0,0.5127396055105641
205564,1264127,1.0,0.6847031276297523
205566,1264130,1.0,0.6597269029800171
205569,1264134,1.0,0.5514140439225265
205572,1264138,1.0,0.5961460053691123
205575,1264141,1.0,0.8791130005008858
205577,1264144,1.0,0.5058291786708893
205581,1264148,1.0,0.7838399082652625
205585,1264156,1.0,0.8525347906313675
205588,1264159,1.0,0.8748413847616731
205595,1264167,1.0,0.798379389828665
205596,1264168,1.0,0.5066520703535871
205605,1264184,1.0,0.7455418706382883
205609,1264189,1.0,0.5158625605369352
205615,1264195,1.0,0.5677462776428162
205628,1264214,1.0,0.7453332250457844
205633,1264221,1.0,0.5408088077593897
205634,1264223,1.0,0.5054024729268177
205637,1264227,1.0,0.7166026059459576
205638,1264228,1.0,0.6987403642441964
205642,1264235,1.0,0.7562708028362956
205646,1264239,1.0,0.7150761046108413
205647,1264241,1.0,0.8770998787756732
205653,1264264,1.0,0.573291771588119
205661,1264279,1.0,0.8052684112578695
205662,1264280,1.0,0.5106159315237875
205664,1264282,1.0,0.7309499954623716
205666,1264286,1.0,0.893791610219593
205669,1264291,1.0,0.5370416718451948
205670,1264292,1.0,0.5138105664623832
205674,1264300,1.0,0.6324257860331635
205677,1264305,1.0,0.8018049044817457
205678,1264306,1.0,0.7525338233880438
205684,1264317,1.0,0.7663301039927607
205692,1264329,1.0,0.9261782843566455
205700,1264337,1.0,0.6835648808686932
205701,1264338,1.0,0.8494228951850651
205710,1264355,1.0,0.5644754847137937
205715,1264362,1.0,0.6253719282474177
205716,1264363,1.0,0.8638639304598102
205722,1264370,1.0,0.7436726901393438
205735,1264393,1.0,0.8285097364897422
205736,1264394,1.0,0.665131144914537
205737,1264395,1.0,0.7561726867233559
205738,1264397,1.0,0.5936973889593906
205746,1264410,1.0,0.5223840215734394
205748,1264412,1.0,0.5194899561927905
205749,1264413,1.0,0.8260873626576788
205751,1264417,1.0,0.6531130021267543
205753,1264420,1.0,0.8136923600370707
205754,1264421,1.0,0.5626958113780816
205764,1264438,1.0,0.6953117823267162
205766,1264440,1.0,0.8495684854984744
205767,1264441,1.0,0.5052296123577708
205771,1264448,1.0,0.7407134362945067
205776,1264454,1.0,0.5135427275069473
205784,1264464,1.0,0.7168241843813551
205795,1264483,1.0,0.7814358685607988
205796,1264484,1.0,0.6999812824462053
205802,1264493,1.0,0.6351978226499629
205810,1264503,1.0,0.8083967734547297
205812,1264505,1.0,0.6550609935104659
205814,1264508,1.0,0.7591912619763304
205817,1264512,1.0,0.7602636472886435
205819,1264516,1.0,0.6295524567457736
205825,1264523,1.0,0.6364591823251956
205826,1264525,1.0,0.596447983468031
205827,1264526,1.0,0.6411596155509555
205828,1264530,1.0,0.8788180671703609
205832,1264540,1.0,0.9055956972825501
205833,1264541,1.0,0.562392126024934
205834,1264543,1.0,0.6217663776675176
205839,1264548,1.0,0.5878366297558258
205841,1264550,1.0,0.7554742704248416
205842,1264553,1.0,0.5515199689437411
205843,1264554,1.0,0.9208614628328793
205850,1264564,1.0,0.6911238914994234
205853,1264568,1.0,0.642915434044889
205866,1264589,1.0,0.7652611591350207
205880,1264620,1.0,0.6931723383023467
205883,1264624,1.0,0.6810975765259597
205892,1264635,1.0,0.6883096710326336
205897,1264641,1.0,0.7524003632590794
205903,1264650,1.0,0.5167024885456943
205905,1264653,1.0,0.5043555776604287
205909,1264660,1.0,0.7354644419524258
205915,1264669,1.0,0.7210904542845122
205917,1264672,1.0,0.8434284054918272
205922,1264682,1.0,0.7339833962155975
205930,1264697,1.0,0.5159584124544918
205933,1264701,1.0,0.7899842383035218
205940,1264711,1.0,0.8325292494297009
205944,1264715,1.0,0.5772374125792191
205946,1264720,1.0,0.5712626380787589
205950,1264724,1.0,0.5617445607492986
205963,1264739,1.0,0.5853995778223274
205965,1264742,1.0,0.5906670891862926
205967,1264745,1.0,0.9041076266968625
205970,1264748,1.0,0.6384668816135526
205972,1264754,1.0,0.7363924577904407
205974,1264756,1.0,0.5488487544795438
205980,1264763,1.0,0.5010665900591137
205987,1264775,1.0,0.6497950342047241
205990,1264778,1.0,0.652811001909936
205998,1264789,1.0,0.753664310475457
205999,1264790,1.0,0.7930878038696694
206001,1264792,1.0,0.8526758434832609
206003,1264798,1.0,0.9168732319118511
206004,1264799,1.0,0.6735373248604156
206006,1264801,1.0,0.5412373542766167
206013,1264808,1.0,0.7109494984129876
206023,1264829,1.0,0.5454326005770119
206026,1264834,1.0,0.6219290214801879
206034,1264846,1.0,0.8172983384888624
206048,1264861,1.0,0.8893556262808661
206052,1264866,1.0,0.8837453177138382
206053,1264867,1.0,0.6029532152044247
206055,1264869,1.0,0.7927588820151605
206057,1264871,1.0,0.6306053132619802
206059,1264874,1.0,0.6323814228968179
206062,1264878,1.0,0.8290016744015148
206065,1264881,1.0,0.5550905706652823
206076,1264895,1.0,0.6302948466123569
206079,1264899,1.0,0.6708181156996668
206082,1264904,1.0,0.7046302420066242
206085,1264907,1.0,0.7864188170564302
206091,1264914,1.0,0.7861870962297303
206093,1264917,1.0,0.6985964900364938
206095,1264919,1.0,0.8002787823290806
206099,1264924,1.0,0.7376858922811033
206112,1264949,1.0,0.7002644100991047
206114,1264952,1.0,0.636628150059806
206118,1264956,1.0,0.8634736279851699
206129,1264971,1.0,0.7571748228968059
206133,1264993,1.0,0.5941206992495828
206146,1265009,1.0,0.9527436686273265
206147,1265011,1.0,0.7165670327885035
206158,1265032,1.0,0.663526173545668
206163,1265038,1.0,0.8146935626140672
206173,1265054,1.0,0.5158029529593416
206174,1265055,1.0,0.6828391024310154
206175,1265059,1.0,0.7266734488554761
206177,1265062,1.0,0.5444749181771662
206178,1265065,1.0,0.7175730041965829
206179,1265067,1.0,0.6946707758978705
206186,1265079,1.0,0.6122877313759086
206197,1265094,1.0,0.5703987208021924
206203,1265101,1.0,0.5463763788793127
206210,1265108,1.0,0.8161939594507939
206213,1265112,1.0,0.8821016682120673
206218,1265121,1.0,0.7855046267084542
206221,1265126,1.0,0.5102139245797627
206232,1265148,1.0,0.8002256962319104
206243,1265168,1.0,0.5856689598702647
206250,1265178,1.0,0.543227463267922
206256,1265186,1.0,0.5872906450508142
206257,1265188,1.0,0.7287258491432272
206262,1265198,1.0,0.7696962339208412
206265,1265204,1.0,0.7359281075208364
206266,1265206,1.0,0.8059972364986079
206267,1265208,1.0,0.8223171985371137
206268,1265209,1.0,0.6535936172681679
206273,1265220,1.0,0.910050629573723
206274,1265223,1.0,0.6328164765765568
206283,1265237,1.0,0.682897070495021
206286,1265241,1.0,0.7068339133187694
206296,1265270,1.0,0.6315074807145924
206298,1265273,1.0,0.5929163032015871
206299,1265274,1.0,0.7094275105513947
206311,1265295,1.0,0.5732674923940905
206317,1265301,1.0,0.7684145623021649
206319,1265304,1.0,0.6936665568502184
206322,1265307,1.0,0.5492782146723989
206323,1265308,1.0,0.5353718619412877
206327,1265315,1.0,0.6051634548285724
206328,1265316,1.0,0.7667449983155251
206329,1265317,1.0,0.5306570667641667
206336,1265328,1.0,0.7557829906916669
206339,1265333,1.0,0.527263780256401
206340,1265336,1.0,0.765343327800455
206346,1265346,1.0,0.6324339590070978
206352,1265358,1.0,0.619486129262859
206357,1265365,1.0,0.6322669491978904
206358,1265367,1.0,0.5907571555126058
206366,1265376,1.0,0.5831427153214309
206370,1265380,1.0,0.6821583119847385
206372,1265382,1.0,0.6965594180382823
206376,1265389,1.0,0.5413852117300423
206377,1265390,1.0,0.5772367948471826
206382,1265397,1.0,0.516256120761898
206391,1265412,1.0,0.5636699000443766
206393,1265414,1.0,0.5347793186587027
206395,1265417,1.0,0.6398845648890515
206400,1265422,1.0,0.834414404819636
206404,1265428,1.0,0.7312857073869864
206406,1265431,1.0,0.5163446901311638
206412,1265440,1.0,0.5716551470001489
206414,1265444,1.0,0.5852239421468374
206415,1265445,1.0,0.5049157110722983
206423,1265459,1.0,0.5148340705335882
206425,1265463,1.0,0.571390571632002
206427,1265465,1.0,0.8608146316442449
206432,1265473,1.0,0.831880887477142
206434,1265477,1.0,0.6207964934356454
206447,1265496,1.0,0.6153943712796539
206452,1265502,1.0,0.732277187649544
206456,1265507,1.0,0.8420327691683148
206461,1265524,1.0,0.66924261931277
206469,1265535,1.0,0.6224347265851837
206470,1265537,1.0,0.5486656233942345
206473,1265543,1.0,0.725542365087342
206474,1265544,1.0,0.7174982739827439
206481,1265555,1.0,0.6008102746217464
206490,1265567,1.0,0.6022836839353874
206492,1265572,1.0,0.6137579716956111
206493,1265573,1.0,0.8678374089829736
206500,1265584,1.0,0.7585911249101446
206501,1265586,1.0,0.6878878235766102
206504,1265591,1.0,0.6015696649033905
206508,1265598,1.0,0.6355646127676611
206514,1265609,1.0,0.8703261672149861
206516,1265611,1.0,0.8967378995666013
206517,1265612,1.0,0.5434870360638998
206528,1265626,1.0,0.5640708001761583
206530,1265631,1.0,0.6089389230731768
206532,1265636,1.0,0.696585629740123
206534,1265639,1.0,0.5772334135966964
206541,1265650,1.0,0.6386720839349252
206545,1265655,1.0,0.7493992784307019
206548,1265664,1.0,0.505632116256221
206550,1265668,1.0,0.5183845764950112
206556,1265675,1.0,0.8708949014490732
206557,1265676,1.0,0.592495322568794
206563,1265686,1.0,0.5726040577101528
206566,1265689,1.0,0.6885455189740816
206567,1265691,1.0,0.5172405707196063
206568,1265692,1.0,0.7533959236661705
206583,1265713,1.0,0.7716665585792174
206584,1265717,1.0,0.6289994292327908
206585,1265720,1.0,0.7207518859521932
206589,1265826,1.0,0.6484776214687304
206591,1265831,1.0,0.742709550857293
206592,1265832,1.0,0.5942633041280704
206595,1265835,1.0,0.6513515023422957
206598,1265839,1.0,0.6513515023422957
206603,1265851,1.0,0.5363964153056262
206610,1265862,1.0,0.6714206806309814
206614,1265869,1.0,0.601623101539309
206632,1265896,1.0,0.6458497465150255
206634,1265898,1.0,0.7866080100576751
206636,1265900,1.0,0.6908098930603609
206637,1265901,1.0,0.5146430131443223
206640,1265904,1.0,0.8439230531808806
206645,1265910,1.0,0.8157245525495296
206646,1265913,1.0,0.7300456989644137
206647,1265915,1.0,0.8273039569599764
206648,1265917,1.0,0.7469875955679962
206651,1265922,1.0,0.5010558215993575
206652,1265923,1.0,0.7850802681892322
206661,1265934,1.0,0.812769089294964
206668,1265943,1.0,0.6852944599686872
206672,1265951,1.0,0.5423626096229541
206685,1265970,1.0,0.7354404748702849
206692,1265978,1.0,0.7500006595460087
206693,1265980,1.0,0.6809566865812481
206694,1265982,1.0,0.6709608281260563
206695,1265983,1.0,0.5456872825774685
206698,1265991,1.0,0.8298353868913443
206699,1265992,1.0,0.6303950873090497
206704,1266000,1.0,0.8020857389843095
206706,1266003,1.0,0.8654386467567308
206708,1266006,1.0,0.9196748634545892
206713,1266013,1.0,0.6279871216405339
206716,1266017,1.0,0.6082624283021172
206720,1266024,1.0,0.8572821302509391
206723,1266027,1.0,0.7315909490346434
206732,1266038,1.0,0.6815684665049518
206736,1266047,1.0,0.6834059004565528
206738,1266049,1.0,0.7176352673391746
206745,1266065,1.0,0.8716117313433654
206747,1266069,1.0,0.7324934228191898
206749,1266071,1.0,0.642467230129303
206751,1266073,1.0,0.7788541331767064
206757,1266083,1.0,0.6983195003808333
206765,1266096,1.0,0.5806365362650362
206771,1266104,1.0,0.5748940993588363
206777,1266113,1.0,0.5182093753799757
206779,1266115,1.0,0.6518269652308248
206795,1266136,1.0,0.8469694798074663
206801,1266148,1.0,0.8407226759380236
206803,1266150,1.0,0.6622271076554449
206806,1266156,1.0,0.6115010777566339
206809,1266162,1.0,0.876560200795618
206812,1266167,1.0,0.6634527146351579
206816,1266173,1.0,0.5742611533102531
206820,1266182,1.0,0.6241346596292865
206825,1266189,1.0,0.8593554420463172
206826,1266191,1.0,0.6899945801961197
206831,1266198,1.0,0.6294701914696584
206832,1266199,1.0,0.7639579140696542
206833,1266201,1.0,0.7231116023443394
206835,1266203,1.0,0.5623306598454231
206836,1266204,1.0,0.9077335276946659
206840,1266209,1.0,0.8019679940666714
206843,1266213,1.0,0.6180768580076642
206846,1266216,1.0,0.542676393389804
206847,1266217,1.0,0.811711859599702
206848,1266218,1.0,0.7521217137578351
206850,1266221,1.0,0.9378168790423571
206852,1266223,1.0,0.6883268630293493
206853,1266224,1.0,0.5773962084165911
206854,1266225,1.0,0.6552411438965514
206857,1266228,1.0,0.5099646864300706
206863,1266236,1.0,0.5840555460474703
206868,1266243,1.0,0.7372541496079075
206869,1266245,1.0,0.6179661803689597
206881,1266263,1.0,0.7589448961862915
206883,1266265,1.0,0.7651756021287499
206887,1266271,1.0,0.7375227785299867
206888,1266272,1.0,0.6184272794947592
206889,1266274,1.0,0.6308861673269458
206890,1266276,1.0,0.9197770055103109
206891,1266278,1.0,0.7243180014773413
206893,1266280,1.0,0.9260348789510799
206895,1266282,1.0,0.605798373846742
206902,1266295,1.0,0.8284245451501956
206907,1266300,1.0,0.5149473027439834
206912,1266307,1.0,0.7562811899781959
206913,1266308,1.0,0.5188996643428095
206914,1266310,1.0,0.5830023933692298
206926,1266328,1.0,0.5960899673636887
206931,1266336,1.0,0.5658621115657987
206938,1266345,1.0,0.7361528682228023
206939,1266346,1.0,0.633085176905695
206942,1266351,1.0,0.7666750389160967
206950,1266365,1.0,0.6929954991615094
206953,1266371,1.0,0.7041847635266796
206954,1266372,1.0,0.6969793296526484
206956,1266377,1.0,0.5532610983642711
206958,1266380,1.0,0.509684447669023
206963,1266389,1.0,0.8547440114214828
206964,1266390,1.0,0.8276250133916553
206972,1266407,1.0,0.643535722232572
206978,1266415,1.0,0.840252183059497
206980,1266417,1.0,0.6330150356551701
206986,1266423,1.0,0.5968775884991832
206987,1266424,1.0,0.8875711272455622
206997,1266436,1.0,0.5781892394739349
207003,1266443,1.0,0.6243318387703004
207005,1266445,1.0,0.6357546234211245
207007,1266449,1.0,0.6134766494126545
207014,1266459,1.0,0.5075958302958739
207016,1266463,1.0,0.7606568414204898
207017,1266465,1.0,0.6530997064091236
207026,1266478,1.0,0.5141316660262819
207031,1266485,1.0,0.5346297474719255
207036,1266494,1.0,0.5595108205636048
207053,1266515,1.0,0.5210188751089929
207059,1266526,1.0,0.586964272294899
207062,1266529,1.0,0.708671159940572
207069,1266542,1.0,0.7378254226534703
207071,1266545,1.0,0.6737021316287596
207075,1266553,1.0,0.6568370529122511
207076,1266554,1.0,0.9769759217069099
207078,1266558,1.0,0.7094896514800284
207089,1266577,1.0,0.5016222684431774
207090,1266578,1.0,0.6592847608393156
207093,1266584,1.0,0.7991547756546731
207095,1266588,1.0,0.6286654975618787
207097,1266592,1.0,0.5805613251163627
207102,1266598,1.0,0.6216302722149893
207106,1266606,1.0,0.6221560093219027
207112,1266614,1.0,0.5081170397971972
207116,1266619,1.0,0.7083255149030301
207126,1266638,1.0,0.5859179906482744
207128,1266645,1.0,0.5297357361865408
207132,1266653,1.0,0.5658279861130718
207140,1266667,1.0,0.6075901725859921
207146,1266678,1.0,0.8055219889674781
207149,1266683,1.0,0.5165079083214796
207150,1266685,1.0,0.7613026993516286
207153,1266688,1.0,0.6427650948839195
207158,1266700,1.0,0.547895500299779
207161,1266704,1.0,0.8680444753551053
207162,1266705,1.0,0.7078656866896389
207166,1266709,1.0,0.6594836515192938
207168,1266714,1.0,0.8104582830138278
207171,1266720,1.0,0.5714536042266003
207175,1266724,1.0,0.5592433271466828
207176,1266725,1.0,0.6769974338100441
207178,1266728,1.0,0.6954483535453968
207184,1266736,1.0,0.8813922311079714
207188,1266742,1.0,0.9300561494497157
207189,1266743,1.0,0.7788249700928281
207191,1266746,1.0,0.570304117052799
207192,1266747,1.0,0.7020247810580761
207195,1266751,1.0,0.6290465223797053
207196,1266752,1.0,0.5121765370984259
207198,1266754,1.0,0.8021888761810961
207200,1266756,1.0,0.5145591587522664
207201,1266757,1.0,0.5656437646748195
207203,1266760,1.0,0.5957946401222701
207208,1266767,1.0,0.7190000547000334
207209,1266770,1.0,0.6435562343212925
207216,1266778,1.0,0.6289046797844436
207217,1266781,1.0,0.8129827022210213
207220,1266784,1.0,0.50618753711025
207221,1266786,1.0,0.8878258936103669
207223,1266789,1.0,0.9165775415582321
207226,1266792,1.0,0.8640023716460897
207229,1266797,1.0,0.7629788816687536
207237,1266807,1.0,0.6292545592622085
207238,1266809,1.0,0.7200848645533489
207244,1266815,1.0,0.906865153381598
207247,1266819,1.0,0.7689900751202002
207249,1266824,1.0,0.6008610430152963
207254,1266832,1.0,0.5431602294099775
207255,1266833,1.0,0.7870752525000766
207257,1266837,1.0,0.873692569497102
207263,1266846,1.0,0.5643745088607941
207272,1266859,1.0,0.662848342317564
207273,1266863,1.0,0.6447032267730929
207280,1266878,1.0,0.5657252427119677
207282,1266880,1.0,0.5208545779529191
207285,1266884,1.0,0.8033152898033559
207301,1266909,1.0,0.5785648413064426
207302,1266911,1.0,0.9152400614622789
207310,1266925,1.0,0.5609932290350065
207311,1266926,1.0,0.5242831508760247
207322,1266941,1.0,0.5074382809742489
207323,1266942,1.0,0.6946446448652783
207328,1266948,1.0,0.9193661483555147
207333,1266954,1.0,0.696510886161402
207335,1266957,1.0,0.520714638977231
207342,1266972,1.0,0.5831456904709357
207344,1266975,1.0,0.8898527276708847
207353,1266987,1.0,0.5685931522496835
207358,1266993,1.0,0.5895998553359636
207362,1266997,1.0,0.7272351977003523
207370,1267011,1.0,0.9131902394607536
207379,1267026,1.0,0.775598354736578
207381,1267028,1.0,0.6785936163373
207387,1267038,1.0,0.5973116228619202
207388,1267039,1.0,0.6659614323319089
207389,1267040,1.0,0.7250196007684283
207390,1267042,1.0,0.734722099830059
207393,1267048,1.0,0.5858759013700813
207400,1267060,1.0,0.601693768418827
207401,1267063,1.0,0.5318206106997058
207403,1267066,1.0,0.627925147209765
207407,1267070,1.0,0.6925805423080099
207411,1267075,1.0,0.8402876733826762
207412,1267076,1.0,0.5023592753780322
207415,1267084,1.0,0.5198519206483709
207416,1267086,1.0,0.5480229188648523
207417,1267088,1.0,0.5813025719641844
207418,1267090,1.0,0.9031339436431968
207419,1267092,1.0,0.8594651420506536
207421,1267095,1.0,0.6463342816111515
207429,1267116,1.0,0.7366560535814028
207430,1267117,1.0,0.6396309686931664
207437,1267126,1.0,0.8818872407738132
207439,1267131,1.0,0.5040782006042082
207447,1267143,1.0,0.6412104619461066
207455,1267153,1.0,0.5872283671436952
207461,1267162,1.0,0.8501380952174162
207464,1267167,1.0,0.6403943152842527
207473,1267178,1.0,0.5405408875587451
207478,1267185,1.0,0.7455187878521357
207479,1267187,1.0,0.530310326778149
207485,1267193,1.0,0.7286791601737439
207492,1267206,1.0,0.8718053082626611
207497,1267214,1.0,0.7132559991555073
207500,1267218,1.0,0.9685959938702047
207506,1267227,1.0,0.5108103681413416
207510,1267238,1.0,0.8437517792462961
207513,1267243,1.0,0.6551194672068681
207514,1267245,1.0,0.6179335718884481
207515,1267246,1.0,0.7541205642497123
207517,1267250,1.0,0.5178805255462384
207518,1267251,1.0,0.9790708048803468
207519,1267253,1.0,0.764363482108401
207520,1267254,1.0,0.5253589397258137
207521,1267256,1.0,0.5173951560736
207523,1267262,1.0,0.8733069698872601
207524,1267263,1.0,0.6200964871923552
207527,1267266,1.0,0.7725668987900186
207529,1267268,1.0,0.7088978806616193
207530,1267271,1.0,0.5160451291201809
207531,1267272,1.0,0.7897437661689046
207532,1267273,1.0,0.6273719345942258
207545,1267292,1.0,0.8639906584638927
207553,1267316,1.0,0.637213315623016
207558,1267323,1.0,0.7186217647926704
207559,1267325,1.0,0.8035858321286096
207561,1267327,1.0,0.5441778644419445
207571,1267348,1.0,0.560953273114007
207574,1267351,1.0,0.7186457592191632
207576,1267354,1.0,0.5170864933184476
207582,1267363,1.0,0.8067950648411663
207594,1267385,1.0,0.5913655799876273
207596,1267387,1.0,0.6130145918289779
207598,1267389,1.0,0.5825058997213352
207607,1267398,1.0,0.5535913138053454
207610,1267404,1.0,0.539860405767338
207614,1267408,1.0,0.5326746623713714
207618,1267414,1.0,0.5353460220511941
207620,1267418,1.0,0.5374021733784083
207623,1267421,1.0,0.8723603397596632
207625,1267423,1.0,0.5500602155339477
207628,1267428,1.0,0.7509651313727514
207630,1267430,1.0,0.5945464315565029
207631,1267431,1.0,0.6696886518778569
207643,1267450,1.0,0.5870314446250644
207651,1267466,1.0,0.5928187300614477
207656,1267471,1.0,0.8246943347894035
207657,1267474,1.0,0.5935496305279743
207662,1267486,1.0,0.5271821284832177
207664,1267489,1.0,0.8030125079615659
207668,1267494,1.0,0.6605024426601999
207671,1267498,1.0,0.6523472748012177
207672,1267499,1.0,0.6870199741207883
207676,1267504,1.0,0.6096759339165516
207677,1267505,1.0,0.7274257727830785
207678,1267506,1.0,0.8800897833722974
207679,1267508,1.0,0.7581411026755618
207681,1267512,1.0,0.5725118485476092
207685,1267517,1.0,0.5342558552312169
207687,1267520,1.0,0.6822958950595899
207691,1267526,1.0,0.7375576542772673
207697,1267540,1.0,0.5428996140376018
207700,1267544,1.0,0.5128312736971984
207729,1267586,1.0,0.5220334310451237
207736,1267595,1.0,0.5483404976197103
207740,1267600,1.0,0.876441013348752
207752,1267616,1.0,0.5048991424243525
207783,1267653,1.0,0.5873779812113851
207791,1267662,1.0,0.7234790938383917
207797,1267672,1.0,0.9044783722317228
207807,1267690,1.0,0.641396936096889
207811,1267698,1.0,0.7786619057962286
207813,1267702,1.0,0.6716613103125515
207814,1267706,1.0,0.88021796333055
207823,1267723,1.0,0.6428653530292054
207824,1267724,1.0,0.895711561845951
207827,1267730,1.0,0.6324724475151033
207829,1267733,1.0,0.8537719466217953
207843,1267759,1.0,0.7245560668584492
207846,1267764,1.0,0.8462119451626929
207847,1267765,1.0,0.5254786715941282
207848,1267766,1.0,0.7266290349194956
207850,1267771,1.0,0.6838861733642273
207851,1267774,1.0,0.7063918712081511
207852,1267775,1.0,0.7479012156180638
207853,1267776,1.0,0.5362781068621484
207858,1267782,1.0,0.6328208756731488
207859,1267783,1.0,0.847842037948419
207863,1267787,1.0,0.7596004953043567
207864,1267788,1.0,0.554722853078608
207869,1267793,1.0,0.665204051709121
207871,1267797,1.0,0.5679282358540121
207872,1267800,1.0,0.8331330479081768
207873,1267801,1.0,0.809942647309856
207874,1267802,1.0,0.5392605607065523
207878,1267807,1.0,0.6815519738221869
207882,1267815,1.0,0.5818854052979188
207889,1267825,1.0,0.7564385983297807
207891,1267827,1.0,0.789934942884091
207894,1267832,1.0,0.6697430041884338
207900,1267842,1.0,0.8465301070407706
207910,1267854,1.0,0.8212996065845432
207913,1267858,1.0,0.654596592431268
207915,1267861,1.0,0.8452460877386584
207916,1267864,1.0,0.5510300956391084
207919,1267869,1.0,0.6374156685020532
207921,1267875,1.0,0.7117108456120822
207925,1267883,1.0,0.695616098539386
207933,1267892,1.0,0.6021554959907659
207934,1267893,1.0,0.8696738612086605
207935,1267894,1.0,0.8676642455171375
207936,1267895,1.0,0.7998905342017806
207938,1267897,1.0,0.8901578599373932
207941,1267902,1.0,0.50468252684279
207949,1267913,1.0,0.7838543609001499
207951,1267915,1.0,0.5546233989257716
207952,1267916,1.0,0.8048913576150223
207958,1267924,1.0,0.8289499319267875
207966,1267935,1.0,0.5877727026555055
207978,1267958,1.0,0.5917469703462354
207981,1267962,1.0,0.7941557717445283
207985,1267988,1.0,0.5231883683820115
207990,1268002,1.0,0.5443085618801399
207991,1268003,1.0,0.6222863174835738
207997,1268010,1.0,0.556522301991374
208003,1268020,1.0,0.5536281818262341
208009,1268028,1.0,0.5326807631869106
208013,1268035,1.0,0.7091469450360046
208021,1268047,1.0,0.8013550367343496
208025,1268053,1.0,0.5353195516577317
208029,1268060,1.0,0.7371434448996522
208033,1268065,1.0,0.6189733498665778
208034,1268067,1.0,0.6447949874266516
208038,1268072,1.0,0.6007015914584485
208040,1268074,1.0,0.6928728619843273
208048,1268089,1.0,0.5131033248403001
208053,1268098,1.0,0.5300879431012239
208058,1268104,1.0,0.6386704712494252
208060,1268106,1.0,0.9605989639760896
208065,1268116,1.0,0.7238585970031127
208069,1268123,1.0,0.8359495506491436
208071,1268125,1.0,0.7468482541831152
208075,1268132,1.0,0.6710093945696829
208077,1268134,1.0,0.795731928600281
208078,1268136,1.0,0.6302560465348372
208079,1268140,1.0,0.6145590535410539
208090,1268153,1.0,0.8845893166061825
208093,1268171,1.0,0.6815135965019947
208100,1268194,1.0,0.7527608345894649
208104,1268202,1.0,0.5896340072031258
208106,1268206,1.0,0.6993178857137612
208111,1268215,1.0,0.8399888906002922
208114,1268218,1.0,0.9117196568578765
208118,1268228,1.0,0.5008460729406018
208136,1268254,1.0,0.838587729917737
208137,1268255,1.0,0.7519977927360014
208140,1268260,1.0,0.5563631225097148
208142,1268265,1.0,0.6413550975703418
208158,1268286,1.0,0.5785118424249448
208164,1268294,1.0,0.638541896256348
208165,1268295,1.0,0.6841012749813976
208167,1268297,1.0,0.5665874635966387
208172,1268304,1.0,0.610161325372239
208173,1268305,1.0,0.5852446981091893
208174,1268306,1.0,0.7299090964407926
208179,1268312,1.0,0.901207485770185
208182,1268316,1.0,0.6996042312954982
208183,1268317,1.0,0.6634138703191483
208188,1268326,1.0,0.5268602715075874
208198,1268339,1.0,0.7113221347800794
208205,1268350,1.0,0.8417644497091568
208209,1268354,1.0,0.7898525277033811
208212,1268358,1.0,0.5835368596593972
208215,1268361,1.0,0.7178533026720905
208219,1268366,1.0,0.6885883979123313
208220,1268367,1.0,0.51292757204602
208223,1268374,1.0,0.7684099286630254
208228,1268392,1.0,0.7502736459277844
208229,1268395,1.0,0.8465077382770434
208234,1268404,1.0,0.582506610581721
208263,1268447,1.0,0.5768070080520195
208267,1268451,1.0,0.6525213050903428
208283,1268469,1.0,0.5162628384943662
208289,1268475,1.0,0.6628883239613421
208290,1268476,1.0,0.6947173066836901
208298,1268485,1.0,0.873294800251091
208300,1268488,1.0,0.8201834031646409
208306,1268495,1.0,0.7536025324664333
208315,1268512,1.0,0.7845863336006882
208317,1268520,1.0,0.6293325728590816
208324,1268530,1.0,0.6273081034722172
208325,1268532,1.0,0.5085268547708326
208327,1268534,1.0,0.5874688921150185
208338,1268547,1.0,0.6145752981838595
208339,1268548,1.0,0.61062146006877
208340,1268550,1.0,0.6522748546533087
208342,1268552,1.0,0.6289849636256579
208354,1268591,1.0,0.9009603908543334
208355,1268592,1.0,0.6637372854988016
208356,1268593,1.0,0.6859092022255947
208361,1268603,1.0,0.5133490639278212
208362,1268604,1.0,0.899060154450855
208363,1268606,1.0,0.5947306690325167
208364,1268607,1.0,0.5239305533318555
208372,1268619,1.0,0.6836027784862971
208374,1268626,1.0,0.8487236148267131
208385,1268648,1.0,0.6441191056936432
208392,1268663,1.0,0.5184533409712835
208397,1268672,1.0,0.6414923461130376
208398,1268675,1.0,0.9268141499446277
208404,1268694,1.0,0.6154173456039201
208405,1268695,1.0,0.6424754974511813
208414,1268712,1.0,0.5528051688136169
208429,1268732,1.0,0.6258987817985513
208432,1268740,1.0,0.7340374976253362
208440,1268756,1.0,0.6561607454849125
208443,1268763,1.0,0.7628580454654266
208444,1268765,1.0,0.6804668841664624
208445,1268767,1.0,0.5503414784805799
208447,1268769,1.0,0.7486366305576693
208448,1268770,1.0,0.755251282040631
208449,1268772,1.0,0.661562797684744
208450,1268773,1.0,0.8180624649425616
208451,1268774,1.0,0.6358715575827671
208466,1268793,1.0,0.7103706210738201
208487,1268818,1.0,0.5570186975445677
208544,1268886,1.0,0.8896570711204961
208552,1268895,1.0,0.5098321073981453
208558,1268902,1.0,0.7471415102837223
208583,1268932,1.0,0.8126092025037397
208592,1268945,1.0,0.8791055005410603
208594,1268949,1.0,0.7817017489745376
208596,1268951,1.0,0.774325090038041
208618,1268977,1.0,0.7619981645592809
208644,1269009,1.0,0.6392140020288634
208646,1269011,1.0,0.8593376935445026
208648,1269013,1.0,0.5663409790420946
208665,1269034,1.0,0.5288062361591579
208748,1269137,1.0,0.8571868476754725
208785,1269188,1.0,0.9268677390091691
208809,1269220,1.0,0.6701660000455694
208815,1269228,1.0,0.5438205930346023
208855,1269271,1.0,0.7762309475645617
208860,1269278,1.0,0.7454038078387597
208862,1269280,1.0,0.5123143903891981
208877,1269309,1.0,0.6342511847219673
208881,1269319,1.0,0.8987222506420685
208884,1269327,1.0,0.6174881524704633
208885,1269328,1.0,0.5841240510651446
208890,1269335,1.0,0.700787778156929
208901,1269349,1.0,0.5281175462151829
208915,1269377,1.0,0.7127999607554562
208918,1269381,1.0,0.8217679067315463
208975,1269451,1.0,0.5075899183441716
208994,1269476,1.0,0.5960244634622818
209016,1269509,1.0,0.7384455113745
209046,1269547,1.0,0.6838730804384436
209050,1269551,1.0,0.5068923963272359
209052,1269554,1.0,0.5757341737976663
209099,1269619,1.0,0.5960302999191464
209108,1269630,1.0,0.5421532883001816
209128,1269661,1.0,0.894988133597081
209138,1269672,1.0,0.8185309378066788
209150,1269689,1.0,0.8717841235543563
209154,1269694,1.0,0.7804345015331372
209171,1269721,1.0,0.7983838003033326
209173,1269725,1.0,0.7430747153406042
209178,1269731,1.0,0.5095640780429603
209195,1269756,1.0,0.7772740971972272
209200,1269769,1.0,0.5938759703982064
209210,1269783,1.0,0.6316869710682587
209211,1269786,1.0,0.7467825421267177
209222,1269803,1.0,0.707201140549274
209224,1269806,1.0,0.7866833905832944
209227,1269810,1.0,0.7339769785928989
209228,1269811,1.0,0.9396165744408937
209230,1269816,1.0,0.7251080564762614
209232,1269818,1.0,0.6969830982031434
209234,1269822,1.0,0.7074378300237011
209236,1269826,1.0,0.7100758671013679
209239,1269835,1.0,0.7801114218690167
209240,1269836,1.0,0.8484814092602398
209311,1269915,1.0,0.5643038684258838
209319,1269925,1.0,0.7986389534005797
209321,1269927,1.0,0.6044109906847541
209363,1269987,1.0,0.7925157664947777
209408,1270050,1.0,0.5475493542418545
209422,1270069,1.0,0.7877481687933647
209424,1270071,1.0,0.5012749139008255
209431,1270079,1.0,0.6489508732554682
209433,1270081,1.0,0.6478491959670322
209435,1270083,1.0,0.5372062977904513
209436,1270084,1.0,0.8700036780795867
209437,1270086,1.0,0.7743592995132087
209450,1270103,1.0,0.8795534987718856
209467,1270123,1.0,0.9044839979528827
209485,1270147,1.0,0.5600045032955635
209486,1270148,1.0,0.5160485802012189
209492,1270192,1.0,0.5798378931537379
209495,1270196,1.0,0.5622955843797773
209503,1270211,1.0,0.60974014047528
209504,1270217,1.0,0.7702774791333411
209507,1270221,1.0,0.8242124117051609
209511,1270226,1.0,0.5551609673006109
209518,1270238,1.0,0.7903000215691561
209521,1270242,1.0,0.6855235404210085
209523,1270246,1.0,0.5466300208376281
209524,1270247,1.0,0.8946434621973717
209526,1270251,1.0,0.5986430298185752
209530,1270255,1.0,0.6442939378565108
209533,1270259,1.0,0.6085862601212206
209538,1270265,1.0,0.8385101098205542
209540,1270267,1.0,0.5854703674441661
209543,1270271,1.0,0.6037033840931959
209544,1270272,1.0,0.6337657709692106
209548,1270279,1.0,0.6177963358054246
209552,1270285,1.0,0.9616766844421388
209554,1270287,1.0,0.634777651128382
209555,1270288,1.0,0.701213896781601
209558,1270293,1.0,0.6286407483178309
209565,1270303,1.0,0.5165326553809276
209570,1270310,1.0,0.5551897283751642
209572,1270312,1.0,0.7642791272857081
209586,1270326,1.0,0.5214151037264322
209640,1270402,1.0,0.6661594812885719
209642,1270405,1.0,0.5281846170327821
209658,1270424,1.0,0.5642650228564293
209747,1270532,1.0,0.8311709767685855
209780,1270568,1.0,0.5420179187233539
209850,1270650,1.0,0.7339515591484078
209855,1270656,1.0,0.6899248048211878
209867,1270669,1.0,0.8370224317264782
209874,1270676,1.0,0.5366120260323882
209891,1270696,1.0,0.7138561582430988
209893,1270698,1.0,0.7374583246259966
209932,1270739,1.0,0.6930900280746495
209972,1270786,1.0,0.7384349598587927
209988,1270804,1.0,0.6157950251741718
210008,1270826,1.0,0.5534954815638029
210023,1270847,1.0,0.7046228048298565
210046,1270872,1.0,0.5427491343035604
210085,1270925,1.0,0.8033852124620743
210087,1270928,1.0,0.8269572315669731
210131,1270977,1.0,0.785014529899993
210161,1271011,1.0,0.8980648718689377
210205,1271070,1.0,0.5435089682440583
210262,1271145,1.0,0.6656183074407287
210273,1271164,1.0,0.6283213411318623
210274,1271167,1.0,0.8100898056845804
210275,1271168,1.0,0.5262137679406631
210277,1271171,1.0,0.5693211823022933
210285,1271180,1.0,0.8621056501171342
210289,1271185,1.0,0.6047388383556391
210316,1271219,1.0,0.952229248627127
210349,1271255,1.0,0.6808365104967441
210356,1271262,1.0,0.71058450353233
210373,1271281,1.0,0.6250089696285247
210493,1271426,1.0,0.7657119105567615
210497,1271431,1.0,0.6977329497224668
210513,1271456,1.0,0.561904890428044
210556,1271508,1.0,0.8331195836777379
210612,1271574,1.0,0.9096490985813634
210620,1271586,1.0,0.8859586889590934
210625,1271592,1.0,0.8176882287941328
210630,1271599,1.0,0.6619831680193978
210645,1271616,1.0,0.6533315822396383
210676,1271653,1.0,0.5291942010852272
210687,1271667,1.0,0.5618421995355719
210701,1271683,1.0,0.6214579475871188
210710,1271692,1.0,0.8354270041884022
210711,1271693,1.0,0.5056174468259154
210732,1271718,1.0,0.7036242104789232
210735,1271723,1.0,0.9568565012665032
210756,1271749,1.0,0.8059872436035955
210798,1271801,1.0,0.728245469905712
210864,1271881,1.0,0.6393872295353042
210896,1271953,1.0,0.6511253042327785
210902,1271963,1.0,0.5766320717138854
210910,1271975,1.0,0.7104641656938134
210914,1271981,1.0,0.8879048635765298
210935,1272018,1.0,0.5133091198349158
210941,1272026,1.0,0.8762701723307839
210942,1272029,1.0,0.653080129220371
210988,1272081,1.0,0.7585751319363139
211046,1272145,1.0,0.6105244854446885
211099,1272207,1.0,0.7486464191247018
211302,1272446,1.0,0.8002766520214961
211305,1272450,1.0,0.7605581725021159
211460,1272643,1.0,0.5162634443342096
211478,1272666,1.0,0.7426765277692045
211512,1272702,1.0,0.6427118719175402
211533,1272734,1.0,0.6536442667084131
211534,1272735,1.0,0.8522202831742671
211537,1272738,1.0,0.7454876308985786
211541,1272743,1.0,0.7206307866779019
211543,1272745,1.0,0.5954773283032698
211546,1272749,1.0,0.5121656129477588
211548,1272752,1.0,0.7760221824886359
211551,1272757,1.0,0.6719931129278173
211553,1272759,1.0,0.6060512046407884
211556,1272764,1.0,0.7448205662424165
211561,1272774,1.0,0.6618373010633516
211563,1272777,1.0,0.8893149002323598
211574,1272796,1.0,0.8682426397673109
211575,1272797,1.0,0.5884381249511648
211578,1272802,1.0,0.6406255017304707
211581,1272806,1.0,0.5797740685603173
211586,1272817,1.0,0.7729863688448877
211588,1272821,1.0,0.6357311497750168
211602,1272840,1.0,0.5760808643149151
211615,1272857,1.0,0.7732565102571581
211685,1272947,1.0,0.7055138590914712
211693,1272958,1.0,0.7486464191247018
211696,1272961,1.0,0.7702540168706399
211712,1272979,1.0,0.6026386826284162
211719,1272988,1.0,0.6125236712531157
211736,1273016,1.0,0.7928110722993686
211801,1273102,1.0,0.6777118857975046
211806,1273108,1.0,0.727127904661612
211807,1273109,1.0,0.5995835363205377
211812,1273116,1.0,0.7322084386706756
211837,1273148,1.0,0.8197215759125505
211930,1273256,1.0,0.693270187583249
212010,1273341,1.0,0.5928776765712228
212030,1273362,1.0,0.830162980846658
212044,1273379,1.0,0.5633799439642122
212049,1273385,1.0,0.8344654726989735
212116,1273469,1.0,0.7379983107610042
212158,1273517,1.0,0.7574520146228003
212169,1273530,1.0,0.5705375593870291
212190,1273554,1.0,0.6096885195019703
212218,1273585,1.0,0.5076853825846064
212221,1273588,1.0,0.5215628461324446
212268,1273641,1.0,0.6081231477024787
212303,1273683,1.0,0.5958780415273407
212340,1273725,1.0,0.881536821823337
212344,1273732,1.0,0.5429027520703403
212350,1273740,1.0,0.6684868332984175
212402,1273812,1.0,0.6831542367712866
212423,1273835,1.0,0.7368209550463445
212464,1273894,1.0,0.608162030767085
212466,1273902,1.0,0.6574788385739527
212476,1273927,1.0,0.7115271758761011
212477,1273929,1.0,0.716104161757065
212479,1273931,1.0,0.5866425083990983
212491,1273949,1.0,0.6302626059972323
212494,1273953,1.0,0.50809727539229
212500,1273961,1.0,0.6593562520157032
212502,1273964,1.0,0.8215749045715793
212504,1273966,1.0,0.8456607207458189
212507,1273969,1.0,0.8373759055009821
212525,1273996,1.0,0.5662789825191936
212533,1274010,1.0,0.8175617398197008
212535,1274016,1.0,0.6825168728351186
212545,1274029,1.0,0.6605925931932276
212547,1274033,1.0,0.6989451731013125
212549,1274036,1.0,0.8045854062465884
212551,1274038,1.0,0.8925645770686902
212552,1274039,1.0,0.8111998719620082
212557,1274044,1.0,0.6348528699976784
212560,1274047,1.0,0.8742825742331041
212564,1274054,1.0,0.8070758430848066
212565,1274055,1.0,0.5732470770338228
212629,1274141,1.0,0.6105155109100076
212651,1274166,1.0,0.8758555630041839
212718,1274239,1.0,0.7744197853959582
212828,1274357,1.0,0.5645185737041263
212899,1274442,1.0,0.7863407824491775
212903,1274446,1.0,0.6467338166117356
212945,1274499,1.0,0.853102102978763
212948,1274502,1.0,0.720394368112266
212980,1274542,1.0,0.7774945521503102
213030,1274599,1.0,0.5405525845370552
213036,1274605,1.0,0.8660342448547664
213038,1274608,1.0,0.7833000015851767
213052,1274624,1.0,0.5214082068140549
213102,1274681,1.0,0.5001907963182731
213137,1274725,1.0,0.675522967360943
213182,1274781,1.0,0.617946633138687
213185,1274785,1.0,0.7685609281108691
213190,1274793,1.0,0.5014075667952362
213210,1274818,1.0,0.8139468363971367
213308,1274934,1.0,0.5854936160982426
213320,1274950,1.0,0.5594651602850746
213321,1274951,1.0,0.5352344233501878
213335,1274965,1.0,0.7987876671030791
213378,1275021,1.0,0.5899280119375444
213390,1275037,1.0,0.6012490858702183
213404,1275059,1.0,0.5505570167952485
213408,1275067,1.0,0.7589215430361419
213416,1275098,1.0,0.5452938866055315
213419,1275102,1.0,0.5098745761993387
213424,1275109,1.0,0.5966148464996605
213436,1275123,1.0,0.8367797894093307
213437,1275124,1.0,0.5305873048552842
213450,1275143,1.0,0.780606101089942
213452,1275147,1.0,0.6825263043882719
213466,1275167,1.0,0.7054668837309465
213469,1275170,1.0,0.775704690821425
213492,1275203,1.0,0.5188309063594931
213494,1275207,1.0,0.5056161994693569
213501,1275219,1.0,0.5774267391975805
213514,1275237,1.0,0.8463370855709638
213517,1275241,1.0,0.578505881450224
213518,1275245,1.0,0.6954605490902009
213525,1275260,1.0,0.8909120408607281
213531,1275268,1.0,0.5608323368804117
213536,1275273,1.0,0.5578838061547429
213546,1275286,1.0,0.5847357438603589
213548,1275289,1.0,0.6741869677029932
213580,1275328,1.0,0.6353425262905993
213683,1275453,1.0,0.7688612222843382
213721,1275498,1.0,0.6110736046501716
213756,1275542,1.0,0.5317657391478169
213776,1275564,1.0,0.6173459378967833
213791,1275585,1.0,0.5848270386722475
213802,1275598,1.0,0.5823019373396939
213841,1275659,1.0,0.754006461665946
213845,1275666,1.0,0.7358861709548576
213854,1275680,1.0,0.5294801208224519
213858,1275685,1.0,0.6902063157261228
213862,1275690,1.0,0.7814443971316161
213896,1275731,1.0,0.8891745758175972
213927,1275765,1.0,0.5375471253319941
213952,1275792,1.0,0.5059180482646859
213965,1275810,1.0,0.9774343347489157
213978,1275825,1.0,0.5472131734515819
213983,1275830,1.0,0.6068672667161713
214006,1275857,1.0,0.6391831176691724
214010,1275863,1.0,0.5163976556262013
214029,1275890,1.0,0.666831111516873
214036,1275900,1.0,0.7032304961499408
214040,1275905,1.0,0.6675551458477242
214046,1275912,1.0,0.6275216895099656
214049,1275916,1.0,0.7248788375855012
214189,1276074,1.0,0.5643886582985401
214248,1276151,1.0,0.6790572420662087
214258,1276170,1.0,0.6142133715060701
214261,1276176,1.0,0.6517941115097265
214263,1276182,1.0,0.8836014498259278
214333,1276274,1.0,0.7963309060789396
214376,1276327,1.0,0.5949422771395765
214383,1276336,1.0,0.6187660431412185
214387,1276341,1.0,0.7886477536153448
214391,1276345,1.0,0.6176976741235298
214404,1276360,1.0,0.516361557134758
214446,1276420,1.0,0.6078015018457656
214473,1276453,1.0,0.625262127942733
214475,1276455,1.0,0.6233678318165761
214479,1276461,1.0,0.5530681178087193
214572,1276565,1.0,0.583629979544018
214599,1276603,1.0,0.7701499264192408
214600,1276604,1.0,0.5444823806578216
214617,1276623,1.0,0.7035691424022156
214634,1276642,1.0,0.5001515686781196
214648,1276657,1.0,0.7526153042177374
214653,1276662,1.0,0.5253152538902962
214657,1276666,1.0,0.7797488436793314
214662,1276673,1.0,0.5308980411634951
214663,1276674,1.0,0.8333534320464108
214672,1276684,1.0,0.559882149817481
214746,1276774,1.0,0.7263447827489691
214758,1276787,1.0,0.5955415305646918
214762,1276792,1.0,0.7995374183896385
214772,1276802,1.0,0.8970750371516744
214798,1276830,1.0,0.5514511704722985
214858,1276897,1.0,0.5648104206510185
214928,1276975,1.0,0.5131205852819366
214977,1277028,1.0,0.5229853836081912
215159,1277235,1.0,0.7526349763713035
215236,1277330,1.0,0.5193785993239064
215270,1277366,1.0,0.7705696931988595
215328,1277444,1.0,0.5229800841090794
215331,1277447,1.0,0.6831146381665212
215335,1277451,1.0,0.754550308856404
215343,1277462,1.0,0.5206494398992048
215354,1277475,1.0,0.6668338490021481
215358,1277480,1.0,0.6586919954718807
215376,1277504,1.0,0.9180279952288419
215382,1277514,1.0,0.5439953447208087
215393,1277533,1.0,0.572234649115224
215412,1277562,1.0,0.6562874695643927
215416,1277571,1.0,0.7170630265726369
215424,1277582,1.0,0.5387132117997602
215425,1277584,1.0,0.5825707755574284
215427,1277586,1.0,0.8843050598193261
215433,1277593,1.0,0.670570865027805
215434,1277595,1.0,0.8690429056999949
215438,1277603,1.0,0.5847792808358276
215444,1277614,1.0,0.6769551021192826
215464,1277647,1.0,0.8798614805203675
215475,1277666,1.0,0.5649603019660678
215506,1277703,1.0,0.5677637472287537
215511,1277710,1.0,0.5174223932487768
215514,1277716,1.0,0.5153023264903068
215517,1277722,1.0,0.5146426437144296
215518,1277723,1.0,0.6707472933413084
215520,1277726,1.0,0.9025819161440134
215560,1277776,1.0,0.5880137567714037
215579,1277797,1.0,0.5703785863560956
215661,1277899,1.0,0.5853081151081154
215669,1277909,1.0,0.5381988106293331
215681,1277924,1.0,0.6518680495759753
215765,1278029,1.0,0.7920171647160255
215766,1278030,1.0,0.8331354854723676
215770,1278035,1.0,0.7051298744335173
215774,1278039,1.0,0.573421832096826
215785,1278051,1.0,0.5987005040382691
215900,1278176,1.0,0.8870327891613685
215902,1278178,1.0,0.5419421068148869
215971,1278257,1.0,0.6015438447519321
215977,1278266,1.0,0.6138039730255275
216068,1278371,1.0,0.7806882035698653
216262,1278608,1.0,0.66338933958638
216280,1278627,1.0,0.5396710080586183
216287,1278636,1.0,0.6960116809379839
216288,1278638,1.0,0.5268602016197967
216293,1278645,1.0,0.8178283862665423
216358,1278737,1.0,0.5537167194773723
216404,1278798,1.0,0.7861005813523293
216407,1278802,1.0,0.6544016395031761
216547,1278989,1.0,0.7368823976077629
216575,1279021,1.0,0.7055556850907132
216623,1279074,1.0,0.8946227574659833
216625,1279076,1.0,0.5038876573809946
216626,1279077,1.0,0.861748509781734
216655,1279112,1.0,0.7071404898484418
216876,1279372,1.0,0.5018839854405717
217018,1279551,1.0,0.6512391015338841
217043,1279582,1.0,0.6695502704990209
217054,1279599,1.0,0.910874130415247
217130,1279696,1.0,0.6128397748722885
217548,1280236,1.0,0.8713505183223264
217563,1280255,1.0,0.5338428066763405
217583,1280281,1.0,0.8496123146226885
217602,1280305,1.0,0.6362849592281069
217819,1280564,1.0,0.541386588966513
218022,1280811,1.0,0.5960080336201355
218048,1280840,1.0,0.9048510835368034
218384,1281238,1.0,0.697003468885095
218481,1281355,1.0,0.5323819440053454
218498,1281375,1.0,0.6509803359068126
218517,1281395,1.0,0.7512826194772662
218660,1281573,1.0,0.8257339083668407
218677,1281596,1.0,0.701152507198537
218678,1281600,1.0,0.6893528471839758
218694,1281627,1.0,0.6425893065142352
218708,1281647,1.0,0.8685300194307798
218714,1281654,1.0,0.5471534217354468
218718,1281660,1.0,0.8129637544957792
218724,1281669,1.0,0.6542442164090269
218765,1281734,1.0,0.6426204785696471
218776,1281753,1.0,0.5283234041885977
218822,1281807,1.0,0.5750775742395744
218850,1281842,1.0,0.711151593681471
218876,1281871,1.0,0.6288017702461132
218955,1281974,1.0,0.5919055334937288
218989,1282015,1.0,0.8186829843045023
219004,1282031,1.0,0.6781714231952304
219041,1282086,1.0,0.560224799441847
219095,1282151,1.0,0.6320286547866127
219109,1282170,1.0,0.8572534948011746
219115,1282177,1.0,0.6959561957923291
219158,1282233,1.0,0.6243581338204015
219212,1282301,1.0,0.7410638717734008
219223,1282319,1.0,0.5422320273423687
219226,1282323,1.0,0.6656744601262357
219274,1282386,1.0,0.9173125700945965
219286,1282398,1.0,0.5581502687415029
219293,1282405,1.0,0.5023785909175951
219342,1282465,1.0,0.8261115115251055
219388,1282519,1.0,0.6575142095345302
219391,1282523,1.0,0.8334129604231054
219395,1282528,1.0,0.513018756738304
219423,1282559,1.0,0.510482616037039
219570,1282727,1.0,0.5138744262655781
219598,1282762,1.0,0.7923584504528774
219633,1282812,1.0,0.8685558779014777
219635,1282814,1.0,0.7532139243781686
219641,1282821,1.0,0.9150338124213486
219654,1282844,1.0,0.9044380777282253
219677,1282877,1.0,0.507482397467981
219698,1282903,1.0,0.7802578193464035
219726,1282936,1.0,0.7240191537874854
219727,1282937,1.0,0.8460358568581542
219728,1282938,1.0,0.6463302592775974
219795,1283013,1.0,0.6170560434165793
219818,1283041,1.0,0.6464511745156286
219884,1283127,1.0,0.8250842851132476
219917,1283170,1.0,0.6567747410115103
219933,1283189,1.0,0.678129348140215
219991,1283268,1.0,0.822220571683576
220053,1283340,1.0,0.6195552420069161
220069,1283357,1.0,0.59110404358816
220074,1283362,1.0,0.562764854821893
220081,1283369,1.0,0.602568231178136
220146,1283455,1.0,0.5084452981343466
220205,1283528,1.0,0.6565987176098825
220239,1283566,1.0,0.5819255307683685
220254,1283583,1.0,0.5786847422661636
220261,1283590,1.0,0.8222784793552285
220266,1283597,1.0,0.8312035468014067
220271,1283603,1.0,0.5150161796251449
220281,1283615,1.0,0.6000743929571362
220284,1283619,1.0,0.6803454702041128
220314,1283660,1.0,0.6911420396355746
220366,1283723,1.0,0.6919039343860444
220371,1283728,1.0,0.7246201795325221
220372,1283729,1.0,0.5158000703499823
220380,1283739,1.0,0.6108915251602329
220406,1283770,1.0,0.6101360576879069
220451,1283835,1.0,0.6556358601959623
220453,1283839,1.0,0.9332364369500861
220468,1283861,1.0,0.5898731439393593
220491,1283888,1.0,0.5767414431338779
220532,1283940,1.0,0.9676729822211851
220539,1283948,1.0,0.5806674935205871
220672,1284147,1.0,0.8870035433678373
220674,1284153,1.0,0.7106432817188862
220675,1284154,1.0,0.5842055432011715
220676,1284155,1.0,0.6412341586236725
220708,1284200,1.0,0.5542998739317618
220717,1284210,1.0,0.5751692177551017
220755,1284259,1.0,0.5162019135883414
220809,1284330,1.0,0.5752015828222422
220820,1284346,1.0,0.7713093327145217
220854,1284387,1.0,0.5009651191183334
220933,1284486,1.0,0.8404181652519825
220953,1284510,1.0,0.5784588254318869
220978,1284540,1.0,0.6809528129111638
221072,1284663,1.0,0.6845991952190653
221074,1284665,1.0,0.6301479250612064
221075,1284666,1.0,0.5112002269302651
221077,1284669,1.0,0.525576628614172
221184,1284789,1.0,0.6505515037692297
221527,1285214,1.0,0.6421606178200754
221533,1285220,1.0,0.8889079692947041
221542,1285231,1.0,0.589322958685911
221669,1285380,1.0,0.5114670646288955
221870,1285621,1.0,0.5395726482874439
221908,1285664,1.0,0.5269100294663185
221942,1285704,1.0,0.6246418898167582
221947,1285711,1.0,0.6030668241005259
221962,1285728,1.0,0.6657361325646717
222002,1285783,1.0,0.8467529511553179
222026,1285819,1.0,0.7460110276449062
222030,1285828,1.0,0.5383435697183342
222045,1285844,1.0,0.600087372008517
222131,1285936,1.0,0.931868158227039
222215,1286037,1.0,0.7640398650820971
222218,1286040,1.0,0.7640443393945466
222221,1286046,1.0,0.6805982173356442
222229,1286058,1.0,0.5853961146580194
222231,1286061,1.0,0.6060052915349026
222232,1286063,1.0,0.5271305064199735
222238,1286073,1.0,0.5670587843170167
222245,1286082,1.0,0.968398343230271
222246,1286083,1.0,0.6236645832327646
222251,1286089,1.0,0.6800728523203049
222268,1286110,1.0,0.8048477804862123
222416,1286278,1.0,0.5066989340911965
222506,1286397,1.0,0.6399709813776754
222524,1286420,1.0,0.8142492019608069
222531,1286429,1.0,0.7452631144970017
222535,1286433,1.0,0.5630191831825476
222544,1286443,1.0,0.5424061259122286
222549,1286450,1.0,0.8961793730377359
222588,1286501,1.0,0.5201739750101708
222610,1286533,1.0,0.7918352556773356
222686,1286618,1.0,0.5745978054327282
222701,1286634,1.0,0.7795045286218933
222728,1286665,1.0,0.7593300487582256
222732,1286669,1.0,0.6124783336643174
222741,1286678,1.0,0.7246063460184917
222744,1286681,1.0,0.749695774288541
222756,1286694,1.0,0.6773248209172967
222765,1286704,1.0,0.8312421097021992
222777,1286719,1.0,0.7454788893974442
222802,1286748,1.0,0.5557576878545157
222803,1286750,1.0,0.7084625648087155
223065,1287054,1.0,0.5208275129739316
223083,1287154,1.0,0.5767094143594791
223090,1287164,1.0,0.7312455482240983
223123,1287215,1.0,0.5931604361822413
223172,1287280,1.0,0.6038388930816103
223176,1287288,1.0,0.5185691570352285
223192,1287306,1.0,0.6655835365776914
223202,1287319,1.0,0.8292342125062776
223211,1287330,1.0,0.7875824019606367
223220,1287339,1.0,0.6206777263784066
223247,1287374,1.0,0.739455171203892
223249,1287377,1.0,0.5061243618032654
223296,1287444,1.0,0.6669081590603956
223327,1287485,1.0,0.734767118126811
223346,1287508,1.0,0.7608223225858449
223359,1287526,1.0,0.6026873151325367
223502,1287691,1.0,0.7703908494439594
223535,1287730,1.0,0.6019181609916008
223578,1287778,1.0,0.546079080675782
223595,1287796,1.0,0.574916961416146
223598,1287799,1.0,0.5740471477291121
223602,1287805,1.0,0.7619127764237805
223669,1287880,1.0,0.8414051049553095
223670,1287881,1.0,0.6309310366453341
223673,1287884,1.0,0.6597777568389491
223701,1287914,1.0,0.5138395763484582
223759,1287979,1.0,0.5308218375419913
224052,1288331,1.0,0.5810931853573579
224092,1288406,1.0,0.663488530409666
224093,1288409,1.0,0.6433435293322785
224177,1288512,1.0,0.7490091161922122
224190,1288527,1.0,0.7352490927658263
224195,1288537,1.0,0.6430633542150682
224206,1288552,1.0,0.5465020371393127
224208,1288555,1.0,0.6819716609113599
224261,1288617,1.0,0.7305768132919329
224277,1288636,1.0,0.7504756347351219
224310,1288681,1.0,0.5497956280874853
224312,1288684,1.0,0.8698229538854457
224320,1288697,1.0,0.7275568909316433
224321,1288698,1.0,0.7371859773847825
224322,1288699,1.0,0.5063531449482521
224451,1288848,1.0,0.6588139333163568
224504,1288914,1.0,0.6655204095321473
224506,1288916,1.0,0.6136658556571329
224694,1289144,1.0,0.5663818486908503
224786,1289254,1.0,0.7750899212106268
224790,1289258,1.0,0.8009096073921461
224867,1289351,1.0,0.6092280656822698
224910,1289399,1.0,0.5477910033929101
224951,1289441,1.0,0.7014813714159565
225161,1289683,1.0,0.6755101635574694
225389,1289941,1.0,0.6263092004625144
225431,1289988,1.0,0.5141371251872839
225666,1290268,1.0,0.7381410241736663
225683,1290286,1.0,0.8703065485131217
225710,1290318,1.0,0.5335234607942599
225911,1290563,1.0,0.8152504731891057
225914,1290567,1.0,0.7396405149675918
225917,1290570,1.0,0.5782323527176502
225918,1290573,1.0,0.6587429278947562
225922,1290579,1.0,0.5912741699009099
225940,1290609,1.0,0.5984511245532946
225941,1290610,1.0,0.6532399254287524
225943,1290613,1.0,0.5866099889163334
225945,1290615,1.0,0.6774426338521369
225947,1290618,1.0,0.6406250467695486
225949,1290620,1.0,0.8241695657011177
225950,1290622,1.0,0.7073182410867763
225961,1290635,1.0,0.6598639858865594
225962,1290637,1.0,0.5062983643883934
225963,1290638,1.0,0.7637038169841636
225968,1290644,1.0,0.8382454965965476
225971,1290647,1.0,0.5792055566656893
225980,1290658,1.0,0.6826447383166981
225984,1290665,1.0,0.5329052414825403
226026,1290712,1.0,0.5925459816684443
226148,1290853,1.0,0.7642685303193195
226403,1291159,1.0,0.8144040843624433
226406,1291163,1.0,0.8578027213614561
226432,1291196,1.0,0.7211349759687912
226494,1291268,1.0,0.7246641537486233
226551,1291339,1.0,0.6077903020152113
226676,1291498,1.0,0.9090370608750031
226731,1291568,1.0,0.5852297584790801
226761,1291608,1.0,0.9015210150342461
226814,1291666,1.0,0.6050628990974205
226841,1291701,1.0,0.9165852615418001
226851,1291713,1.0,0.7896824228846836
226856,1291719,1.0,0.7090206934884836
226861,1291761,1.0,0.6422514788838335
226866,1291774,1.0,0.8657226656425232
226868,1291777,1.0,0.8391777540036742
226870,1291780,1.0,0.5270874691045827
226876,1291786,1.0,0.6362003277599079
226878,1291788,1.0,0.6776311317247772
226910,1291835,1.0,0.5323831371831061
226911,1291837,1.0,0.641775734923599
226916,1291842,1.0,0.7798640578648075
226945,1291877,1.0,0.6557757977783918
226952,1291884,1.0,0.7164340683709092
226959,1291892,1.0,0.578076893080023
226971,1291911,1.0,0.5002247242726233
226973,1291913,1.0,0.5018027744069368
226990,1291935,1.0,0.819411159960975
227000,1291948,1.0,0.564591244193322
227008,1291957,1.0,0.5175477217978097
227021,1291973,1.0,0.5278303225416243
227022,1291974,1.0,0.9305953773435517
227023,1291975,1.0,0.5574354519951233
227026,1291980,1.0,0.7325103104857444
227037,1291994,1.0,0.716433267180173
227091,1292057,1.0,0.6676710820211081
227119,1292086,1.0,0.5551752669264624
227160,1292134,1.0,0.5570800471041276
227271,1292260,1.0,0.6552631747046921
227306,1292301,1.0,0.5001618571284057
227465,1292503,1.0,0.8513504880226169
227485,1292528,1.0,0.5310571322856384
227533,1292586,1.0,0.6491050686836539
227584,1292648,1.0,0.5756004769475501
227596,1292664,1.0,0.5916411528551432
227615,1292687,1.0,0.6922512760111496
227706,1292808,1.0,0.5089337867981109
227730,1292843,1.0,0.7119920869240525
227765,1292886,1.0,0.5568566186194253
227778,1292900,1.0,0.5911406574863476
227789,1292914,1.0,0.8774794218276636
227801,1292931,1.0,0.755155252011956
227806,1292937,1.0,0.8553556979113506
227866,1293025,1.0,0.5511791338706665
227867,1293026,1.0,0.7953472693104852
227868,1293027,1.0,0.6175861644007546
227871,1293031,1.0,0.5768865676092407
227941,1293127,1.0,0.8549793387140037
227945,1293131,1.0,0.5384330219309659
227959,1293147,1.0,0.545527388828044
227967,1293157,1.0,0.7741702249896841
228006,1293200,1.0,0.6974416012191852
228063,1293274,1.0,0.6593547339498733
228096,1293310,1.0,0.7263380553584017
228124,1293338,1.0,0.502572017988365
228145,1293365,1.0,0.6300037311257599
228175,1293409,1.0,0.5271958374947743
228198,1293441,1.0,0.5528678477306319
228210,1293459,1.0,0.5320373201588866
228256,1293536,1.0,0.6004100317087662
228257,1293539,1.0,0.5278472714363336
228325,1293617,1.0,0.5599899955580712
228476,1293798,1.0,0.8707371507913699
228495,1293820,1.0,0.6155624772097121
228512,1293840,1.0,0.7251617452674309
228649,1294003,1.0,0.5422318566349751
228721,1294083,1.0,0.626440033142036
228751,1294120,1.0,0.7506086801505459
228758,1294127,1.0,0.5479431673868902
228830,1294216,1.0,0.641431702287227
228846,1294234,1.0,0.5328319211579912
228883,1294283,1.0,0.532996365621973
228902,1294307,1.0,0.6069882474708308
228930,1294342,1.0,0.5175343725384297
228933,1294347,1.0,0.7577276457632269
229008,1294436,1.0,0.7423826630158635
229025,1294457,1.0,0.5216710524470486
229059,1294499,1.0,0.7498965920905909
229165,1294630,1.0,0.5005504131359375
229178,1294647,1.0,0.5849016141074559
229193,1294668,1.0,0.5100485936675768
229200,1294678,1.0,0.734680162920052
229203,1294686,1.0,0.6037576932010443
229209,1294692,1.0,0.8425292916947774
229217,1294704,1.0,0.8279091420831372
229219,1294706,1.0,0.5930462676818453
229230,1294722,1.0,0.5569134950154317
229231,1294723,1.0,0.6212123714735983
229240,1294739,1.0,0.5657365507871354
229242,1294746,1.0,0.6273627372556542
229247,1294755,1.0,0.6947604030949177
229319,1294855,1.0,0.5012666847913528
229336,1294874,1.0,0.5377416067666286
229352,1294896,1.0,0.5897751856163017
229357,1294903,1.0,0.5324995960007372
229360,1294907,1.0,0.8784600555774154
229380,1294932,1.0,0.8280618802142599
229382,1294936,1.0,0.6031735914567455
229383,1294938,1.0,0.7420451148421814
229384,1294939,1.0,0.8526483282890504
229386,1294941,1.0,0.7590310512255015
229389,1294944,1.0,0.7184851068151913
229393,1294951,1.0,0.7771392685737172
229395,1294953,1.0,0.5471609023165581
229471,1295050,1.0,0.8330273400268762
229526,1295120,1.0,0.6398926191045238
229532,1295127,1.0,0.6810798338141788
229570,1295171,1.0,0.5961793057062269
229587,1295191,1.0,0.5987265529211309
229622,1295233,1.0,0.6364011682902626
229634,1295248,1.0,0.6283729149619744
229643,1295261,1.0,0.8038057963210156
229648,1295267,1.0,0.5243978249609655
229667,1295294,1.0,0.8193998474547498
229701,1295334,1.0,0.873616602136266
229741,1295379,1.0,0.5445773669172306
229744,1295383,1.0,0.6134837497846101
229788,1295437,1.0,0.800690280812387
229795,1295447,1.0,0.56817281093745
229818,1295482,1.0,0.6599818011520044
229819,1295483,1.0,0.504936475491325
229820,1295484,1.0,0.6694990426136943
229821,1295487,1.0,0.8763852757985213
229825,1295497,1.0,0.8604426813435953
229827,1295499,1.0,0.5987612819584661
229829,1295501,1.0,0.8311573132950871
229832,1295505,1.0,0.5441442118976593
229834,1295507,1.0,0.6217858763330752
229840,1295518,1.0,0.752306204015393
229848,1295526,1.0,0.5150105135562912
229855,1295535,1.0,0.7946855362572249
229868,1295557,1.0,0.6319148271922316
229877,1295569,1.0,0.7172676146285049
229879,1295571,1.0,0.6398650497215647
229881,1295574,1.0,0.5944983830365735
229885,1295580,1.0,0.6368056981004779
229900,1295602,1.0,0.6630347201923987
229917,1295621,1.0,0.6652685101038465
229924,1295629,1.0,0.7507419774699421
229946,1295652,1.0,0.5677168907336166
229953,1295664,1.0,0.6423860692143837
229976,1295692,1.0,0.8104824515216438
229978,1295694,1.0,0.9203186123246245
229981,1295701,1.0,0.5062609012299175
229985,1295707,1.0,0.5759350165755153
229986,1295708,1.0,0.6637711237645245
229989,1295717,1.0,0.7539704033790984
229990,1295718,1.0,0.7176953433383052
229993,1295724,1.0,0.5224118047137489
229994,1295725,1.0,0.7495779681050022
229996,1295729,1.0,0.5684225108356173
229997,1295730,1.0,0.5054321767142169
229999,1295732,1.0,0.509357541540666
230001,1295734,1.0,0.6381126354422848
230002,1295735,1.0,0.630747205144376
230003,1295736,1.0,0.539056917629773
230008,1295747,1.0,0.7568179082673313
230009,1295749,1.0,0.6277329478748629
230011,1295751,1.0,0.7642509860765317
230013,1295754,1.0,0.7502877212899693
230020,1295763,1.0,0.7072125971955429
230025,1295771,1.0,0.6488703865802913
230027,1295776,1.0,0.8816273908767452
230031,1295782,1.0,0.645995570882958
230044,1295820,1.0,0.539409305619458
230051,1295834,1.0,0.7740385287488505
230054,1295837,1.0,0.795995752724064
230070,1295858,1.0,0.6703033506024533
230071,1295859,1.0,0.7908111928084995
230073,1295861,1.0,0.6726546676497857
230074,1295862,1.0,0.731646778917369
230075,1295863,1.0,0.6969992306477315
230077,1295865,1.0,0.5561918538697512
230078,1295866,1.0,0.5335246531489284
230079,1295867,1.0,0.7345985171486862
230086,1295877,1.0,0.7881949076723207
230096,1295895,1.0,0.7535550224737005
230108,1295912,1.0,0.6690817560477884
230115,1295924,1.0,0.9220580205661301
230116,1295925,1.0,0.6385938740955963
230117,1295927,1.0,0.5222279767970401
230118,1295928,1.0,0.7479629738437119
230134,1295952,1.0,0.626791344862929
230137,1295957,1.0,0.5368680619503924
230139,1295960,1.0,0.5597794063212329
230140,1295961,1.0,0.5362109956978206
230141,1295962,1.0,0.8854885488304617
230153,1295977,1.0,0.5106737892349906
230156,1295981,1.0,0.7914726016253465
230230,1296073,1.0,0.6756162469485122
230235,1296079,1.0,0.7649584011786599
230251,1296101,1.0,0.8291885633586488
230292,1296152,1.0,0.6101298252266574
230303,1296165,1.0,0.7869694690136025
230313,1296177,1.0,0.539302673329572
230323,1296193,1.0,0.638661440429633
230365,1296244,1.0,0.563356772683002
230369,1296250,1.0,0.5421132329101184
230377,1296260,1.0,0.6177860484988168
230391,1296278,1.0,0.5179241534691063
230393,1296280,1.0,0.537277529446411
230401,1296295,1.0,0.5338530952968167
230403,1296302,1.0,0.8791099216380199
230409,1296317,1.0,0.5484736631773054
230412,1296320,1.0,0.7304159260256538
230433,1296346,1.0,0.7959302410732484
230435,1296349,1.0,0.7745804272119905
230447,1296368,1.0,0.631998409566614
230450,1296372,1.0,0.525302299987003
230459,1296383,1.0,0.7908080243583695
230461,1296386,1.0,0.5179403162280389
230462,1296388,1.0,0.504258658769358
230465,1296392,1.0,0.5442938819251829
230472,1296401,1.0,0.7280011916990488
230481,1296414,1.0,0.5174869935383375
230492,1296430,1.0,0.5703958365773134
230495,1296434,1.0,0.6148795001429675
230497,1296436,1.0,0.5923300813934178
230502,1296445,1.0,0.7057036899152248
230513,1296463,1.0,0.6804296683260298
230534,1296495,1.0,0.6711919456540562
230535,1296496,1.0,0.7788637893995948
230539,1296500,1.0,0.8668542106417882
230544,1296508,1.0,0.5520869321798273
230546,1296512,1.0,0.7538528376892599
230565,1296541,1.0,0.7651924554773181
230574,1296552,1.0,0.7238808918638371
230581,1296562,1.0,0.8726391394380858
230591,1296577,1.0,0.8109154744812977
230624,1296626,1.0,0.6972563798702408
230664,1296671,1.0,0.7300625082507947
230671,1296699,1.0,0.7853883241781694
230672,1296703,1.0,0.5885249241374968
230673,1296704,1.0,0.5478442980613515
230681,1296713,1.0,0.8297622860080723
230696,1296734,1.0,0.6295427071405175
230699,1296739,1.0,0.670152848055212
230702,1296744,1.0,0.8702428652249339
230705,1296748,1.0,0.8128104080384351
230716,1296764,1.0,0.631239649856794
230718,1296768,1.0,0.6220157242592375
230725,1296777,1.0,0.7007230915391148
230727,1296780,1.0,0.6555455038182398
230753,1296808,1.0,0.6249461551406514
230757,1296812,1.0,0.7848550809492737
230776,1296838,1.0,0.6828545982413574
230778,1296841,1.0,0.8165332693872485
230780,1296847,1.0,0.624974459021053
230782,1296849,1.0,0.79192139710927
230803,1296876,1.0,0.6588036528986153
230816,1296899,1.0,0.7042088740697303
230828,1296917,1.0,0.5100306624774236
230835,1296928,1.0,0.5555863038011832
230837,1296933,1.0,0.6899331306381683
230845,1296950,1.0,0.815723987608257
230847,1296953,1.0,0.69172126345622
230849,1296964,1.0,0.6262872716486542
230852,1296971,1.0,0.6008818748977938
230853,1296972,1.0,0.6629304211584985
230854,1296973,1.0,0.5880073585100741
230855,1296974,1.0,0.810395072312743
230863,1296990,1.0,0.7749997886601563
230865,1296992,1.0,0.5428224315584257
230866,1296993,1.0,0.6098880591665233
230871,1296999,1.0,0.6914306727930001
230872,1297000,1.0,0.7719847191043165
230876,1297007,1.0,0.6534522785359178
230885,1297018,1.0,0.531726503511354
230887,1297020,1.0,0.6307192062416345
230894,1297029,1.0,0.5443408524719027
230899,1297039,1.0,0.592383989882884
230902,1297043,1.0,0.7230394012001955
230907,1297050,1.0,0.5973380288651475
230910,1297054,1.0,0.6504239271203386
230921,1297067,1.0,0.7705572836458013
230932,1297082,1.0,0.8492711682201086
230943,1297099,1.0,0.623559903630825
230949,1297110,1.0,0.5445593108022411
230951,1297112,1.0,0.5183156271978286
230960,1297132,1.0,0.8789477021338762
230962,1297135,1.0,0.5454611159489765
230964,1297141,1.0,0.9409842263828074
230967,1297145,1.0,0.7486399953309417
230969,1297150,1.0,0.5128154748647967
230972,1297157,1.0,0.7443993455936154
230987,1297176,1.0,0.8392772042694243
230988,1297178,1.0,0.5302541293664149
230989,1297179,1.0,0.6087214720420043
230991,1297181,1.0,0.7869768681848673
231009,1297208,1.0,0.8706668556759355
231010,1297210,1.0,0.755708663399118
231013,1297215,1.0,0.5345848462215806
231020,1297227,1.0,0.5607431348526686
231021,1297229,1.0,0.88076513736752
231024,1297233,1.0,0.6468669095306208
231025,1297234,1.0,0.6080555367762627
231032,1297245,1.0,0.778223169464282
231034,1297248,1.0,0.6067994469290124
231035,1297250,1.0,0.6129741594259347
231037,1297252,1.0,0.5018516538376363
231039,1297254,1.0,0.8937622924505988
231046,1297265,1.0,0.6336249365233309
231048,1297267,1.0,0.9310310631600468
231057,1297279,1.0,0.9236994698233341
231059,1297282,1.0,0.7842952082756766
231061,1297285,1.0,0.6577938295538404
231068,1297293,1.0,0.6534284485586559
231070,1297296,1.0,0.6845522561178636
231072,1297298,1.0,0.9221975633926403
231073,1297299,1.0,0.562000627585994
231075,1297304,1.0,0.5084703539379537
231079,1297310,1.0,0.9098964243781028
231087,1297322,1.0,0.6155596927771252
231091,1297332,1.0,0.5331877223605291
231094,1297336,1.0,0.8450697982178609
231096,1297338,1.0,0.5990934253969789
231108,1297357,1.0,0.5289602682051665
231112,1297361,1.0,0.514707377200737
231122,1297374,1.0,0.5509515522241989
231129,1297382,1.0,0.6890757693011078
231130,1297384,1.0,0.5042563062147402
231131,1297386,1.0,0.5644108958681407
231139,1297396,1.0,0.8440418335067416
231140,1297397,1.0,0.5082723885889329
231143,1297400,1.0,0.5814278396220554
231155,1297415,1.0,0.8033931516412569
231159,1297419,1.0,0.7602984726624834
231161,1297425,1.0,0.681731417938772
231172,1297443,1.0,0.5881868128342372
231180,1297460,1.0,0.7063074002872454
231183,1297466,1.0,0.5828415884768311
231184,1297471,1.0,0.9551342906988984
231190,1297485,1.0,0.5721645070311343
231191,1297487,1.0,0.6544698474033014
231196,1297496,1.0,0.6822540195914228
231198,1297501,1.0,0.5527073485799665
231200,1297505,1.0,0.5352048727465318
231203,1297511,1.0,0.7237837468869831
231205,1297513,1.0,0.6424898249872958
231206,1297514,1.0,0.7472146807766066
231219,1297532,1.0,0.5242522033496989
231220,1297533,1.0,0.9315751729597045
231224,1297537,1.0,0.5085878747322372
231230,1297544,1.0,0.7037370927154922
231233,1297552,1.0,0.7656374074129401
231235,1297555,1.0,0.7141431185679362
231242,1297566,1.0,0.5424004351566876
231244,1297568,1.0,0.8215087318919877
231247,1297571,1.0,0.6282368435898777
231255,1297583,1.0,0.6018139309504332
231257,1297585,1.0,0.5406087855704278
231258,1297587,1.0,0.7470590879428384
231263,1297594,1.0,0.5115992061279425
231264,1297595,1.0,0.5652396010672713
231267,1297598,1.0,0.7863582668533268
231276,1297608,1.0,0.612033524791757
231277,1297609,1.0,0.7064827492109222
231284,1297618,1.0,0.7520848855071116
231307,1297644,1.0,0.6390055522119812
231316,1297656,1.0,0.5785499844165551
231341,1297684,1.0,0.5876512076269261
231357,1297704,1.0,0.6873869158723064
231370,1297718,1.0,0.6293039361356861
231374,1297723,1.0,0.5219452361185833
231375,1297728,1.0,0.5202241282462291
231377,1297731,1.0,0.5621045524194335
231379,1297735,1.0,0.5820244066961779
231382,1297739,1.0,0.779804928072655
231392,1297753,1.0,0.6192676059471521
231394,1297757,1.0,0.6686679821549809
231396,1297759,1.0,0.6963322454494534
231408,1297771,1.0,0.5418641915052552
231410,1297774,1.0,0.635235020958135
231411,1297776,1.0,0.5092274959726412
231412,1297778,1.0,0.8625663544012718
231415,1297782,1.0,0.7261203943815356
231418,1297786,1.0,0.5733429092705844
231419,1297788,1.0,0.6890878925027903
231428,1297803,1.0,0.5196012558752393
231429,1297805,1.0,0.5207119046042582
231430,1297806,1.0,0.7155016684953701
231431,1297807,1.0,0.8136720938032815
231438,1297816,1.0,0.5831815731605654
231443,1297824,1.0,0.7617989976405145
231444,1297825,1.0,0.6368087390833871
231445,1297827,1.0,0.6853114769254697
231446,1297828,1.0,0.6057585893502148
231447,1297829,1.0,0.6447420354356269
231449,1297835,1.0,0.8228611372680438
231453,1297840,1.0,0.5809271792584529
231470,1297863,1.0,0.5260635179882989
231472,1297869,1.0,0.6035559373417483
231484,1297884,1.0,0.7535208135065598
231485,1297886,1.0,0.5890414749618658
231488,1297892,1.0,0.8050735482972097
231491,1297895,1.0,0.5502750106700526
231492,1297896,1.0,0.8797867171411344
231495,1297899,1.0,0.5940689156544865
231546,1297966,1.0,0.7703051851093693
231550,1297970,1.0,0.7272012420733853
231558,1297982,1.0,0.8077836649578014
231564,1297994,1.0,0.9583841482775097
231566,1297997,1.0,0.5632816308061107
231577,1298013,1.0,0.6090093895773235
231588,1298033,1.0,0.7882339464685038
231594,1298040,1.0,0.533825197597517
231614,1298068,1.0,0.7450084551908018
231616,1298073,1.0,0.6381035274490628
231617,1298077,1.0,0.5409992688232743
231627,1298093,1.0,0.7057514243361818
231628,1298095,1.0,0.7085975835513812
231649,1298130,1.0,0.5740269676330977
231651,1298134,1.0,0.9211062408670343
231653,1298136,1.0,0.5360987052940615
231654,1298137,1.0,0.5097228134182147
231664,1298152,1.0,0.5111204263515916
231670,1298163,1.0,0.5599352866862802
231672,1298166,1.0,0.6363651169522021
231680,1298181,1.0,0.8200039517379998
231681,1298183,1.0,0.775897114675826
231685,1298188,1.0,0.6958258196025844
231695,1298200,1.0,0.5430241647890662
231706,1298213,1.0,0.6568210438549124
231709,1298218,1.0,0.8691587521608332
231719,1298231,1.0,0.5040411072717716
231722,1298234,1.0,0.7210093519382896
231727,1298241,1.0,0.5900703355224085
231732,1298249,1.0,0.7684593461718123
231739,1298261,1.0,0.502973725596886
231741,1298264,1.0,0.5005444851265185
231753,1298285,1.0,0.6395239021647101
231758,1298291,1.0,0.8915875643645609
231762,1298295,1.0,0.9303116209501665
231766,1298303,1.0,0.6773664011542992
231768,1298305,1.0,0.597635903475631
231769,1298307,1.0,0.5298698079844023
231770,1298309,1.0,0.7980891453986878
231771,1298310,1.0,0.8731894150194494
231775,1298314,1.0,0.5824782192791359
231785,1298327,1.0,0.5599410805676707
231811,1298360,1.0,0.5303341823649829
231815,1298365,1.0,0.5916001086822584
231823,1298379,1.0,0.6348361809355635
231827,1298387,1.0,0.5884838485828318
231828,1298388,1.0,0.6941866493334397
231829,1298389,1.0,0.6129757289575847
231833,1298394,1.0,0.52719467006078
231836,1298398,1.0,0.6293423088938038
231841,1298405,1.0,0.5606196211462583
231850,1298424,1.0,0.8344518122523406
231851,1298425,1.0,0.9657127878227417
231853,1298427,1.0,0.5750532778034897
231861,1298435,1.0,0.5620285331054719
231867,1298446,1.0,0.6758533270467375
231870,1298452,1.0,0.6349240842063314
231875,1298464,1.0,0.8689045013312151
231884,1298479,1.0,0.8024738279810673
231888,1298483,1.0,0.653449647770528
231894,1298492,1.0,0.7440018768894905
231906,1298519,1.0,0.6782646368730223
231907,1298521,1.0,0.8755359509985561
231915,1298535,1.0,0.7421982485464644
231922,1298543,1.0,0.7981847067936237
231927,1298551,1.0,0.5494268085341631
231938,1298568,1.0,0.7743354560764609
231941,1298571,1.0,0.5695871282177952
231943,1298573,1.0,0.6963137159351611
231946,1298578,1.0,0.9400704950969433
231957,1298595,1.0,0.6615465643155753
231959,1298597,1.0,0.6629923958428622
231963,1298602,1.0,0.6019631394650033
231968,1298608,1.0,0.6324003367024454
231970,1298611,1.0,0.5293770641980277
231972,1298614,1.0,0.5827887078382016
231988,1298634,1.0,0.5869973672836876
231994,1298642,1.0,0.6944193833743935
231995,1298643,1.0,0.5297377019458934
231997,1298645,1.0,0.5997027572371905
232000,1298648,1.0,0.5923785702226894
232004,1298653,1.0,0.7622668521773304
232020,1298669,1.0,0.6048776700299185
232024,1298674,1.0,0.5069042123007421
232043,1298698,1.0,0.7380281956942832
232064,1298723,1.0,0.8150871633015492
232076,1298740,1.0,0.5239512074226065
232077,1298741,1.0,0.7400828357584167
232078,1298742,1.0,0.5215616624155996
232082,1298749,1.0,0.5057323043955914
232085,1298754,1.0,0.6636897015952528
232088,1298758,1.0,0.7488718650733884
232093,1298766,1.0,0.7944599045866162
232094,1298767,1.0,0.6305715392332325
232108,1298787,1.0,0.9280929503298739
232109,1298788,1.0,0.7057340804755801
232122,1298808,1.0,0.8047085394953357
232125,1298811,1.0,0.6551592372447962
232135,1298825,1.0,0.6181202842502872
232146,1298841,1.0,0.6915882938552856
232147,1298842,1.0,0.6335718617037678
232154,1298852,1.0,0.5422574163918972
232157,1298856,1.0,0.8868476968034733
232164,1298864,1.0,0.5012975888485862
232166,1298867,1.0,0.6100196518250637
232168,1298870,1.0,0.6508837842709575
232175,1298883,1.0,0.6654045137332142
232176,1298884,1.0,0.5960210212324473
232181,1298890,1.0,0.5192955124417016
232182,1298891,1.0,0.5842849462403987
232185,1298896,1.0,0.8264070809710331
232189,1298903,1.0,0.7472680571197742
232193,1298910,1.0,0.742412355622405
232194,1298911,1.0,0.6801255259586594
232199,1298917,1.0,0.8162449603006547
232205,1298925,1.0,0.5602714477794738
232208,1298928,1.0,0.9322628857464693
232209,1298930,1.0,0.714002331976727
232210,1298931,1.0,0.5631172873895482
232212,1298934,1.0,0.5348822588429767
232221,1298945,1.0,0.753371341307548
232233,1298960,1.0,0.5345043072142572
232248,1298979,1.0,0.6967406153454977
232251,1298984,1.0,0.511927934008926
232253,1298987,1.0,0.5624218931950821
232254,1298991,1.0,0.5321480474764262
232257,1298994,1.0,0.8152907242398595
232259,1298997,1.0,0.5441696248243716
232293,1299040,1.0,0.5853733387649529
232343,1299101,1.0,0.5685172207476471
232347,1299105,1.0,0.5639582989013463
232349,1299114,1.0,0.9546872516994533
232355,1299129,1.0,0.6448107381904569
232360,1299145,1.0,0.8023632233572564
232365,1299152,1.0,0.5626897749839638
232371,1299160,1.0,0.6823036198700628
232378,1299168,1.0,0.7488264573945685
232382,1299172,1.0,0.61576245800195
232386,1299180,1.0,0.5678547104803627
232388,1299183,1.0,0.7892425632375885
232389,1299184,1.0,0.5324578594252773
232390,1299185,1.0,0.6552132630968621
232392,1299190,1.0,0.8784150348542545
232393,1299191,1.0,0.8134919218976969
232401,1299203,1.0,0.5694283415421104
232406,1299212,1.0,0.5739382048559497
232418,1299228,1.0,0.5926113263415947
232422,1299235,1.0,0.5114577679702642
232428,1299245,1.0,0.8726232272376732
232441,1299259,1.0,0.5931036766462137
232461,1299283,1.0,0.6985240157133864
232471,1299294,1.0,0.5674061707697249
232485,1299310,1.0,0.8685246815201152
232534,1299371,1.0,0.7465619165349942
232547,1299392,1.0,0.9264917198315508
232549,1299395,1.0,0.5651383165564102
232555,1299401,1.0,0.5474706644731114
232564,1299415,1.0,0.7374710855790721
232568,1299419,1.0,0.7123773271999583
232572,1299425,1.0,0.767328207659582
232575,1299431,1.0,0.8017218977405295
232579,1299444,1.0,0.6494331231038719
232582,1299448,1.0,0.5624909099294545
232588,1299463,1.0,0.7637012999908923
232594,1299470,1.0,0.5948370589566566
232597,1299475,1.0,0.684307268333355
232601,1299482,1.0,0.8655191881031091
232618,1299504,1.0,0.5352512512783661
232621,1299508,1.0,0.7372331396066011
232622,1299510,1.0,0.5477294469262579
232623,1299511,1.0,0.8071899110593842
232624,1299513,1.0,0.6969913478396885
232627,1299517,1.0,0.5508283462938273
232632,1299522,1.0,0.710401492960992
232633,1299524,1.0,0.6285769905446289
232642,1299537,1.0,0.7899543880550022
232651,1299548,1.0,0.5947690442495408
232669,1299567,1.0,0.8768593582929965
232712,1299616,1.0,0.6377433965745738
232714,1299618,1.0,0.8088626238599878
232715,1299619,1.0,0.6748978050849658
232724,1299634,1.0,0.5113718682079702
232731,1299650,1.0,0.5678785933454504
232732,1299651,1.0,0.8280810478677667
232747,1299669,1.0,0.7686529459411952
232755,1299681,1.0,0.7034509789504394
232758,1299687,1.0,0.8132816701334654
232766,1299698,1.0,0.6540417697664404
232767,1299700,1.0,0.6554141611675832
232769,1299702,1.0,0.8222501837394447
232786,1299727,1.0,0.6223403677346809
232795,1299741,1.0,0.5001989433490271
232800,1299748,1.0,0.6197327055402966
232804,1299756,1.0,0.6890969280648921
232805,1299759,1.0,0.7575355872843741
232810,1299766,1.0,0.5553440940699642
232811,1299767,1.0,0.5853404403506574
232814,1299770,1.0,0.8392800987612172
232818,1299774,1.0,0.6996950945301854
232821,1299778,1.0,0.7994079969454506
232831,1299792,1.0,0.7127812128012684
232848,1299813,1.0,0.698587724457936
232878,1299851,1.0,0.700534294584205
232882,1299857,1.0,0.8779357078571802
232884,1299860,1.0,0.5692827185705751
232887,1299863,1.0,0.5816210375195741
232892,1299869,1.0,0.6953582534342783
232896,1299873,1.0,0.8881917267605142
232897,1299876,1.0,0.8205876008915604
232898,1299877,1.0,0.536592295587757
232904,1299884,1.0,0.6500102916605603
232905,1299887,1.0,0.7179892104350679
232909,1299894,1.0,0.5896939139456786
232912,1299901,1.0,0.6342083158280135
232931,1299925,1.0,0.5107066159415407
232932,1299926,1.0,0.7572585922146104
232933,1299927,1.0,0.6131837452369717
232943,1299943,1.0,0.6769168552697993
232944,1299945,1.0,0.5413188739528829
233006,1300026,1.0,0.7586248964753833
233008,1300029,1.0,0.6242405292424061
233016,1300043,1.0,0.6798841082299305
233017,1300044,1.0,0.959786779979293
233020,1300049,1.0,0.7264694451544207
233042,1300082,1.0,0.8545689587357503
233043,1300085,1.0,0.8959045521512724
233047,1300090,1.0,0.7611484853949534
233063,1300113,1.0,0.7266603914332103
233066,1300120,1.0,0.520481865161815
233074,1300130,1.0,0.5737240934867064
233075,1300131,1.0,0.7142745202840824
233079,1300137,1.0,0.782635286280128
233095,1300162,1.0,0.7047773674681124
233098,1300169,1.0,0.6968451826405261
233101,1300176,1.0,0.8181463658015341
233103,1300179,1.0,0.5642903489591589
233110,1300195,1.0,0.6675434790357003
233112,1300198,1.0,0.7407656732225045
233116,1300202,1.0,0.871898159252841
233139,1300236,1.0,0.5251279183938234
233140,1300237,1.0,0.6609705789890034
233141,1300238,1.0,0.7057199483043708
233142,1300239,1.0,0.8944074693867969
233143,1300240,1.0,0.542505420952983
233145,1300242,1.0,0.6748881266231226
233156,1300258,1.0,0.8189542383515621
233158,1300260,1.0,0.6543775531335091
233159,1300261,1.0,0.5516033080959788
233160,1300263,1.0,0.5842806033573551
233164,1300268,1.0,0.6827054618533881
233173,1300280,1.0,0.518416515005236
233181,1300294,1.0,0.6720575873591751
233219,1300335,1.0,0.816375482636621
233233,1300351,1.0,0.6700903879604503
233253,1300372,1.0,0.5137679521363386
233254,1300373,1.0,0.7402392891182642
233298,1300419,1.0,0.5289468241686115
233351,1300479,1.0,0.9085365058738561
233408,1300554,1.0,0.5099327878889801
233409,1300555,1.0,0.9420865402276282
233412,1300561,1.0,0.6825386567473857
233441,1300591,1.0,0.5788119650232495
233506,1300664,1.0,0.7732306281766913
233537,1300704,1.0,0.8957251651214013
233562,1300730,1.0,0.6007340373010138
233604,1300779,1.0,0.8357260542168552
233617,1300793,1.0,0.592511964537669
233664,1300845,1.0,0.7784103793959025
233683,1300868,1.0,0.6140875997591837
233703,1300891,1.0,0.5157369048136361
233707,1300898,1.0,0.7244257264616022
233711,1300906,1.0,0.6340584725340214
233713,1300914,1.0,0.5863888522958174
233714,1300915,1.0,0.5863888522958174
233717,1300919,1.0,0.8488630506562218
233718,1300922,1.0,0.8154899367813716
233722,1300927,1.0,0.5703565798980137
233726,1300932,1.0,0.6172279913985679
233727,1300933,1.0,0.6746005496753735
233762,1300974,1.0,0.7800748165818696
233810,1301026,1.0,0.6681564618986019
233811,1301027,1.0,0.526689228714662
233837,1301062,1.0,0.6339984409979278
233838,1301063,1.0,0.5485207538411543
233855,1301080,1.0,0.8579851185755024
233857,1301083,1.0,0.8324904614118779
233908,1301151,1.0,0.6490789879864971
233924,1301168,1.0,0.5726894792815086
233944,1301192,1.0,0.7555454289558083
233952,1301202,1.0,0.7967517650204129
233954,1301205,1.0,0.5638229652379317
233976,1301230,1.0,0.7523156183240965
233982,1301240,1.0,0.6524752246512014
233988,1301248,1.0,0.9014842965249114
233990,1301252,1.0,0.6897515110964
233994,1301260,1.0,0.6783455817182801
233998,1301267,1.0,0.8801893265621129
234000,1301271,1.0,0.720955143780801
234001,1301273,1.0,0.8397861890234173
234008,1301283,1.0,0.5998655451864906
234023,1301301,1.0,0.8686570786002248
234027,1301306,1.0,0.5415599443369695
234078,1301365,1.0,0.8882109248556483
234105,1301399,1.0,0.8586386794423916
234153,1301454,1.0,0.5310993148962799
234165,1301473,1.0,0.7516710613838579
234166,1301474,1.0,0.8371938805256264
234172,1301484,1.0,0.8797957403403635
234173,1301485,1.0,0.5150948594370186
234179,1301492,1.0,0.6400813425004162
234194,1301508,1.0,0.6662113152547311
234198,1301514,1.0,0.7742124325033554
234208,1301532,1.0,0.634445846088388
234213,1301541,1.0,0.5409028392347311
234215,1301544,1.0,0.6944923397763556
234220,1301551,1.0,0.9269494328017117
234223,1301555,1.0,0.5041948934308546
234226,1301558,1.0,0.5982207743735084
234230,1301563,1.0,0.512349740550335
234239,1301574,1.0,0.6038832566075439
234241,1301576,1.0,0.5469007390469364
234247,1301583,1.0,0.5007850225006871
234248,1301584,1.0,0.659315241731061
234254,1301592,1.0,0.6414168537425063
234255,1301594,1.0,0.5939765890625233
234257,1301596,1.0,0.6686448593607451
234261,1301603,1.0,0.553075153680021
234265,1301607,1.0,0.6720926628614514
234269,1301612,1.0,0.7231461260118422
234276,1301620,1.0,0.6901635267799328
234281,1301627,1.0,0.6859375988869248
234283,1301629,1.0,0.5590544624776257
234285,1301632,1.0,0.6295002755263646
234318,1301671,1.0,0.9297567240227606
234321,1301675,1.0,0.6797683725104592
234326,1301685,1.0,0.8000752121747047
234346,1301708,1.0,0.8341004364010588
234348,1301710,1.0,0.5373716349937874
234391,1301768,1.0,0.564913051237444
234396,1301776,1.0,0.7456211531184249
234398,1301779,1.0,0.7088466659142701
234400,1301781,1.0,0.6370934717051534
234401,1301782,1.0,0.5905878691214568
234402,1301783,1.0,0.588476479993345
234407,1301789,1.0,0.5644242393697821
234408,1301790,1.0,0.8882282001045377
234414,1301799,1.0,0.5028153721516281
234416,1301803,1.0,0.5836361486048994
234419,1301808,1.0,0.5686802105342929
234420,1301810,1.0,0.6820708522075132
234430,1301821,1.0,0.7755353526019874
234456,1301850,1.0,0.8859160582516247
234473,1301869,1.0,0.5252680855728104
234476,1301872,1.0,0.5896231824572152
234489,1301896,1.0,0.7175040991496723
234524,1301937,1.0,0.6872883879959221
234538,1301953,1.0,0.7831357587430811
234565,1301983,1.0,0.8654448276937825
234607,1302041,1.0,0.8753026486018127
234613,1302050,1.0,0.5735178876340675
234618,1302056,1.0,0.6954086292592049
234621,1302061,1.0,0.526373495775017
234622,1302062,1.0,0.6685259171645858
234623,1302063,1.0,0.6348883462187207
234633,1302079,1.0,0.6445799684053838
234637,1302085,1.0,0.5843513988052782
234643,1302095,1.0,0.7090122212000655
234665,1302128,1.0,0.7516697421502525
234666,1302129,1.0,0.6783647346869294
234674,1302139,1.0,0.5088166363847524
234687,1302156,1.0,0.7219517191172077
234704,1302181,1.0,0.7415724150855559
234706,1302185,1.0,0.623713685479668
234710,1302189,1.0,0.7585618850608103
234743,1302233,1.0,0.6313678398086635
234744,1302234,1.0,0.7636427983372523
234747,1302237,1.0,0.5455871201647075
234774,1302266,1.0,0.6193676924401593
234872,1302405,1.0,0.6274034697921046
234876,1302409,1.0,0.6402415342445515
234877,1302411,1.0,0.6709518222251525
234945,1302490,1.0,0.6558036081834705
234946,1302491,1.0,0.5240512865048325
234974,1302525,1.0,0.5758431750828522
235006,1302570,1.0,0.6565306166509657
235009,1302573,1.0,0.6324160732384381
235023,1302591,1.0,0.5318460551204122
235032,1302602,1.0,0.6837947809795655
235033,1302603,1.0,0.5839056935047942
235034,1302605,1.0,0.538621177940637
235037,1302608,1.0,0.5399941924640544
235038,1302609,1.0,0.7275841743296927
235039,1302610,1.0,0.6751286352101198
235049,1302623,1.0,0.7272279846009934
235054,1302631,1.0,0.9006649674491775
235062,1302644,1.0,0.6267112030882384
235063,1302645,1.0,0.889636893702632
235089,1302676,1.0,0.7996554415858356
235093,1302681,1.0,0.5275726147230058
235099,1302689,1.0,0.6469600493074729
235100,1302690,1.0,0.6386228619629466
235104,1302696,1.0,0.814380651133262
235116,1302711,1.0,0.5360835572731678
235133,1302735,1.0,0.5848009254202827
235136,1302739,1.0,0.8539170806726681
235141,1302744,1.0,0.8259838991476365
235156,1302764,1.0,0.8303158831078089
235176,1302787,1.0,0.6384010556654863
235181,1302793,1.0,0.6014362328747433
235186,1302798,1.0,0.635983022023621
235192,1302807,1.0,0.7831370735219214
235214,1302832,1.0,0.9332957849969907
235220,1302838,1.0,0.5264319816487307
235255,1302876,1.0,0.6045063126528647
235311,1302956,1.0,0.719642968740883
235475,1303150,1.0,0.9281261004746532
235476,1303151,1.0,0.5099004754732928
235492,1303173,1.0,0.6569079079284722
235493,1303174,1.0,0.8502908472812851
235502,1303187,1.0,0.7243481477870332
235505,1303191,1.0,0.5188180168102114
235528,1303223,1.0,0.5259114638403342
235530,1303228,1.0,0.5789749332109216
235538,1303238,1.0,0.8133149102991573
235539,1303240,1.0,0.6164267378725755
235552,1303258,1.0,0.7338459097164985
235569,1303282,1.0,0.5918961790084728
235575,1303293,1.0,0.8882438384019838
235576,1303294,1.0,0.6234321321956221
235582,1303302,1.0,0.506053789188952
235619,1303359,1.0,0.5769242216692019
235641,1303382,1.0,0.6432387474769447
235642,1303383,1.0,0.6194136328978043
235758,1303516,1.0,0.6413297615722574
235769,1303527,1.0,0.5229772701271007
235879,1303646,1.0,0.6311502974677415
235881,1303650,1.0,0.552116327049461
235896,1303669,1.0,0.5247546342338634
235915,1303691,1.0,0.7465037277544768
235948,1303733,1.0,0.7641027975083136
235956,1303746,1.0,0.6532187809105983
235965,1303758,1.0,0.6347330615423555
235966,1303759,1.0,0.5881628888499522
235970,1303765,1.0,0.5812908295741737
235972,1303768,1.0,0.7296476390066626
235974,1303771,1.0,0.5528326176865186
235976,1303775,1.0,0.7163157377301088
235992,1303805,1.0,0.5231727943915144
235996,1303813,1.0,0.722256707596888
236002,1303825,1.0,0.6692842006071728
236012,1303846,1.0,0.766164723840655
236013,1303847,1.0,0.6625880617044104
236032,1303874,1.0,0.5769464165778563
236033,1303875,1.0,0.8345649810866477
236040,1303887,1.0,0.6775423682536524
236042,1303891,1.0,0.8538414678227519
236045,1303895,1.0,0.8259886619193899
236046,1303897,1.0,0.7483904340050933
236047,1303899,1.0,0.6288308526329166
236050,1303906,1.0,0.5407171800766781
236051,1303908,1.0,0.755502303177636
236056,1303917,1.0,0.8105680397931936
236058,1303920,1.0,0.5902164928917224
236061,1303927,1.0,0.6146296689613894
236062,1303928,1.0,0.7339863920546916
236063,1303929,1.0,0.6383171394539859
236067,1303936,1.0,0.6625690328276348
236068,1303938,1.0,0.6473021498295007
236069,1303939,1.0,0.8513619491869946
236075,1303953,1.0,0.5235683458001338
236078,1303958,1.0,0.6313057027259315
236079,1303959,1.0,0.667832023594884
236082,1303962,1.0,0.5211203804902573
236086,1303966,1.0,0.618754684187202
236093,1303975,1.0,0.7204066332750603
236094,1303976,1.0,0.6251234015178139
236136,1304026,1.0,0.7306959539449767
236175,1304078,1.0,0.6427660100010084
236213,1304118,1.0,0.7950002862782621
236217,1304124,1.0,0.6966070819300748
236231,1304142,1.0,0.5829424258858044
236244,1304157,1.0,0.8122775523776335
236296,1304221,1.0,0.5085032131467094
236301,1304228,1.0,0.513958067194797
236309,1304237,1.0,0.6216459364530272
236312,1304241,1.0,0.9681333715467986
236322,1304252,1.0,0.5058311120378929
236331,1304262,1.0,0.7619393801329671
236403,1304339,1.0,0.555541057858106
236436,1304375,1.0,0.8699804846608779
236448,1304388,1.0,0.5010572523383009
236449,1304389,1.0,0.7587813337487515
236556,1304506,1.0,0.77494990858758
236612,1304586,1.0,0.8891971563037512
236630,1304606,1.0,0.6237368456703901
236634,1304614,1.0,0.5370722473163511
236639,1304620,1.0,0.5776580810906892
236640,1304622,1.0,0.6969723995923163
236643,1304627,1.0,0.575171522813874
236650,1304636,1.0,0.7974678477806085
236652,1304640,1.0,0.5484972589530323
236658,1304647,1.0,0.5094670411951856
236660,1304649,1.0,0.6266392460011423
236661,1304650,1.0,0.5225999900311125
236672,1304670,1.0,0.6365771398086657
236676,1304676,1.0,0.5091908241317735
236682,1304684,1.0,0.8401502784888796
236683,1304685,1.0,0.6034075395332033
236705,1304709,1.0,0.650379527081699
236725,1304732,1.0,0.6542323363481937
236746,1304755,1.0,0.6284217633870309
236762,1304773,1.0,0.676849445030468
236783,1304802,1.0,0.7263196972327742
236800,1304822,1.0,0.5477617071177895
236812,1304840,1.0,0.8996632557117268
236848,1304884,1.0,0.6571763379420946
236880,1304924,1.0,0.5453041843151009
236907,1304959,1.0,0.8440750929684789
236919,1304973,1.0,0.7072828910783235
236926,1304981,1.0,0.5341148361012505
236928,1304983,1.0,0.5298500176921833
236971,1305030,1.0,0.7871084246425111
237033,1305101,1.0,0.8482588764330539
237041,1305112,1.0,0.63236272927954
237047,1305123,1.0,0.7810676788799703
237124,1305314,1.0,0.6617782444987272
237142,1305333,1.0,0.7842431728337096
237164,1305358,1.0,0.5389274220485177
237169,1305363,1.0,0.5444905709585132
237204,1305399,1.0,0.5048602289591649
237225,1305422,1.0,0.6285022112139219
237247,1305449,1.0,0.5205129605948189
237250,1305452,1.0,0.5697996779189763
237256,1305458,1.0,0.6303003776252343
237260,1305462,1.0,0.7253552078418396
237273,1305478,1.0,0.6670493047442204
237304,1305521,1.0,0.6165957500287595
237314,1305532,1.0,0.5553755097361178
237315,1305533,1.0,0.7093596871454776
237317,1305535,1.0,0.6786473285208325
237319,1305537,1.0,0.5462747881119777
237321,1305540,1.0,0.5259715159538287
237377,1305606,1.0,0.5409041259321131
237401,1305639,1.0,0.8304870051546364
237402,1305640,1.0,0.6655013076350947
237479,1305726,1.0,0.7889459509615971
237483,1305730,1.0,0.5325941310903615
237504,1305756,1.0,0.7554118583081316
237507,1305759,1.0,0.5176468652641367
237510,1305762,1.0,0.793943868889206
237542,1305797,1.0,0.5971161388954527
237557,1305817,1.0,0.5310493535480789
237626,1305894,1.0,0.6657146517053956
237633,1305901,1.0,0.7155441103313098
237634,1305902,1.0,0.7581314023685312
237684,1305965,1.0,0.618318561585619
237686,1305975,1.0,0.8000670861879835
237688,1305978,1.0,0.5408192020158552
237710,1306010,1.0,0.6073696872738622
237721,1306023,1.0,0.8577197819753537
237724,1306026,1.0,0.9155391675884315
237736,1306039,1.0,0.5624617106916066
237738,1306043,1.0,0.6919648750287803
237747,1306056,1.0,0.6983219799727451
237749,1306059,1.0,0.7113248666201122
237750,1306062,1.0,0.5931856662706341
237755,1306070,1.0,0.7684130658362182
237761,1306078,1.0,0.5374331554276278
237772,1306095,1.0,0.8001932471273872
237773,1306096,1.0,0.7386638793781669
237781,1306107,1.0,0.7580945942514625
237783,1306110,1.0,0.8080891744109236
237785,1306113,1.0,0.5215607844175805
237931,1306267,1.0,0.5418535541671518
237990,1306332,1.0,0.7749537853230312
238031,1306380,1.0,0.7027379081812166
238045,1306395,1.0,0.8321806731668003
238068,1306420,1.0,0.563419429198234
238076,1306432,1.0,0.6334819326901753
238159,1306520,1.0,0.6863766843986238
238167,1306530,1.0,0.5904674198226382
238183,1306547,1.0,0.8189461927128663
238204,1306573,1.0,0.7541703600418047
238364,1306751,1.0,0.8141429100867663
238410,1306801,1.0,0.593518737821413
238441,1306841,1.0,0.6407088022777448
238449,1306857,1.0,0.5547396478525646
238450,1306858,1.0,0.573732861150911
238453,1306863,1.0,0.517442373524892
238458,1306872,1.0,0.5941823487293075
238461,1306876,1.0,0.6366087846947075
238466,1306883,1.0,0.5490699804408353
238473,1306891,1.0,0.714761034106135
238476,1306894,1.0,0.8751432572995562
238479,1306899,1.0,0.6440113393995411
238493,1306916,1.0,0.8904896387945991
238502,1306930,1.0,0.7611162489011102
238504,1306932,1.0,0.732690442039174
238505,1306933,1.0,0.8213957369759206
238512,1306945,1.0,0.5363197703470743
238513,1306946,1.0,0.7083123993678201
238516,1306950,1.0,0.7623474479446087
238522,1306957,1.0,0.5057468268894901
238531,1306972,1.0,0.6180879801180761
238538,1306982,1.0,0.5427943028745605
238547,1306993,1.0,0.5501817212926825
238553,1307000,1.0,0.7146313147189803
238565,1307020,1.0,0.8196985276916395
238573,1307032,1.0,0.6674763025082258
238579,1307039,1.0,0.8099446505192565
238582,1307042,1.0,0.8154624790609593
238586,1307046,1.0,0.7246569073237168
238591,1307055,1.0,0.5099423326634153
238593,1307058,1.0,0.5180402077988069
238600,1307069,1.0,0.6377784531747903
238622,1307099,1.0,0.7720144908467853
238725,1307217,1.0,0.7734585543861564
238828,1307327,1.0,0.7182646840384777
238871,1307375,1.0,0.5852196667474022
238891,1307395,1.0,0.6020835415435022
238893,1307397,1.0,0.5980181788265253
238897,1307402,1.0,0.834726486989639
238902,1307408,1.0,0.8787989365849264
238927,1307439,1.0,0.7917777400551782
238947,1307462,1.0,0.7193035167709939
238990,1307510,1.0,0.5778800318439525
238993,1307513,1.0,0.7734859340432492
239005,1307526,1.0,0.8617024587765417
239009,1307530,1.0,0.7336647058436294
239012,1307534,1.0,0.5087827222203394
239030,1307557,1.0,0.5915521931448808
239064,1307596,1.0,0.7733186697103411
239087,1307625,1.0,0.9316314409491313
239157,1307709,1.0,0.6681319546755411
239171,1307725,1.0,0.6678004730650007
239204,1307760,1.0,0.5023218756989039
239240,1307798,1.0,0.8497290997428569
239255,1307815,1.0,0.7064011770721563
239262,1307822,1.0,0.6861473821369911
239263,1307884,1.0,0.6199017232072994
239266,1307889,1.0,0.8412279683878731
239268,1307894,1.0,0.5275311287190076
239277,1307914,1.0,0.5000897308708101
239307,1307953,1.0,0.5224942699657924
239314,1307968,1.0,0.6209185605900625
239315,1307969,1.0,0.8063661728630057
239319,1307977,1.0,0.679011976346444
239326,1307984,1.0,0.8279455238439021
239327,1307985,1.0,0.6422286701376575
239329,1307987,1.0,0.6422438213080852
239338,1307998,1.0,0.9077705666670622
239345,1308008,1.0,0.6430226850621423
239352,1308015,1.0,0.5754681778322458
239366,1308029,1.0,0.6718469757879195
239410,1308084,1.0,0.8637405973715238
239416,1308092,1.0,0.5322368268887145
239421,1308098,1.0,0.7325402025814225
239424,1308101,1.0,0.5564841253269359
239426,1308103,1.0,0.5634802531699505
239429,1308106,1.0,0.6556751766822133
239433,1308110,1.0,0.539433599501255
239463,1308151,1.0,0.7147174494100219
239510,1308209,1.0,0.7337156793002425
239526,1308230,1.0,0.6323854309885385
239540,1308246,1.0,0.5943317139635028
239562,1308270,1.0,0.5024063992555741
239612,1308329,1.0,0.5704011404263094
239626,1308344,1.0,0.5523976140876968
239650,1308369,1.0,0.5116251442688513
239728,1308455,1.0,0.7908937340164554
239774,1308509,1.0,0.6725548332896966
239780,1308516,1.0,0.5872380902048594
239783,1308519,1.0,0.6152448867312662
239797,1308535,1.0,0.6850222518398852
239877,1308623,1.0,0.8978030071773578
239959,1308710,1.0,0.7742013130647079
240023,1308774,1.0,0.5348732896441102
240042,1308795,1.0,0.676112999722834
240084,1308841,1.0,0.698516018095032
240134,1308897,1.0,0.5166064598751876
240179,1308947,1.0,0.74421304376012
240249,1309026,1.0,0.6258806494391342
240316,1309096,1.0,0.5020337796900355
240343,1309129,1.0,0.5792888653839534
240356,1309152,1.0,0.8247135290904828
240358,1309155,1.0,0.6004299090576567
240517,1309331,1.0,0.7334696554820672
240540,1309358,1.0,0.5596414550685817
240543,1309361,1.0,0.693201168266097
240563,1309386,1.0,0.7006769683822013
240564,1309387,1.0,0.7754598925603107
240565,1309388,1.0,0.5873183684650195
240572,1309397,1.0,0.5413391016429608
240576,1309405,1.0,0.7189372470756794
240577,1309406,1.0,0.7244898053971319
240584,1309416,1.0,0.7068610107529383
240590,1309423,1.0,0.8496183324545553
240594,1309428,1.0,0.5169353450340172
240619,1309457,1.0,0.5938880114599693
240664,1309507,1.0,0.6348685782847671
240677,1309521,1.0,0.528250920843473
240806,1309664,1.0,0.5793509218738673
240807,1309665,1.0,0.9657162967501762
240813,1309673,1.0,0.5541661660226419
240915,1309779,1.0,0.6510379717717147
240960,1309830,1.0,0.7028240510711923
241015,1309893,1.0,0.9187399398291699
241021,1309901,1.0,0.8391421500643298
241027,1309907,1.0,0.5142825200507584
241037,1309918,1.0,0.7914100976438636
241149,1310040,1.0,0.6151783889249557
241198,1310093,1.0,0.637864265332599
241202,1310101,1.0,0.9384765787300086
241206,1310105,1.0,0.8130763334666699
241271,1310178,1.0,0.5532060660183221
241423,1310344,1.0,0.7941330587490633
241666,1310608,1.0,0.6271415969015106
241673,1310618,1.0,0.5103101070200511
241704,1310653,1.0,0.5344275405536909
241714,1310666,1.0,0.5922101210375645
241725,1310677,1.0,0.5089541268169996
241841,1310833,1.0,0.6677240968442196
241852,1310846,1.0,0.5090995215170105
241866,1310862,1.0,0.6568002939166163
241869,1310866,1.0,0.5377739065195308
241876,1310873,1.0,0.5973342086033787
241885,1310883,1.0,0.6294295160201122
241891,1310892,1.0,0.5395939406338629
241894,1310897,1.0,0.6315448210399783
241896,1310899,1.0,0.5694790056273485
241901,1310905,1.0,0.7150160666319546
241905,1310911,1.0,0.6242878000940086
241912,1310923,1.0,0.661904975080605
241916,1310930,1.0,0.5245131906712194
241982,1311000,1.0,0.7544852192233471
242087,1311117,1.0,0.8243308623000888
242127,1311162,1.0,0.5799059555817739
242257,1311308,1.0,0.5348505384221293
242259,1311310,1.0,0.5375391487521309
242262,1311313,1.0,0.8879870180054807
242266,1311317,1.0,0.5963845871573239
242278,1311332,1.0,0.5147181198079038
242315,1311371,1.0,0.8793571337836249
242337,1311395,1.0,0.5228767257640881
242339,1311399,1.0,0.545167833063431
242364,1311425,1.0,0.7422650783477776
242375,1311440,1.0,0.6407891051419403
242377,1311442,1.0,0.7724884367955925
242379,1311444,1.0,0.5602108468290085
242384,1311454,1.0,0.7682642044849396
242396,1311476,1.0,0.8410350714342003
242397,1311478,1.0,0.5046604206394839
242399,1311483,1.0,0.5977068918381195
242401,1311485,1.0,0.5720898957381941
242402,1311486,1.0,0.8964071546580211
242404,1311489,1.0,0.5810578048961205
242414,1311501,1.0,0.5587918806281194
242415,1311502,1.0,0.7413863468620366
242419,1311507,1.0,0.5225138902684986
242426,1311518,1.0,0.7471952497632204
242430,1311523,1.0,0.6197330284619532
242438,1311535,1.0,0.6793307807240293
242441,1311539,1.0,0.725912948327829
242449,1311551,1.0,0.8812540387412603
242453,1311556,1.0,0.6593774012533248
242454,1311558,1.0,0.9751954589120085
242455,1311559,1.0,0.599128581528183
242470,1311581,1.0,0.7628976986986494
242483,1311595,1.0,0.6737662746513843
242514,1311636,1.0,0.8792813364990398
242565,1311699,1.0,0.624843964323588
242643,1311785,1.0,0.6251944158916819
242657,1311799,1.0,0.5012847781283523
242671,1311814,1.0,0.6875387865951712
242686,1311830,1.0,0.7419948111005936
242844,1312010,1.0,0.6831629695810965
242854,1312021,1.0,0.7656714135779987
242859,1312027,1.0,0.9130334911558966
242886,1312066,1.0,0.689988694968179
242888,1312070,1.0,0.9039879969100098
242938,1312132,1.0,0.7903611652575648
242948,1312148,1.0,0.6284921970922976
242954,1312155,1.0,0.653018052702387
242959,1312162,1.0,0.743717586635514
242974,1312185,1.0,0.5527593076662544
242985,1312199,1.0,0.5879435474550789
243035,1312257,1.0,0.6230560860383463
243055,1312278,1.0,0.5061988449610026
243061,1312285,1.0,0.6488876093504387
243074,1312304,1.0,0.7799723929391122
243081,1312313,1.0,0.5241968439831061
243146,1312388,1.0,0.5962785267847428
243148,1312391,1.0,0.5234234598246983
243151,1312394,1.0,0.765339162700241
243155,1312400,1.0,0.535580142793988
243159,1312406,1.0,0.6102861965649804
243160,1312408,1.0,0.5547331977105031
243179,1312430,1.0,0.5896772110225282
243181,1312433,1.0,0.5787683415786019
243196,1312457,1.0,0.6182555564233652
243200,1312462,1.0,0.7158608929543189
243202,1312464,1.0,0.5369222873061782
243204,1312466,1.0,0.7925716584087114
243217,1312485,1.0,0.7788821088232173
243223,1312494,1.0,0.5197737687139603
243227,1312498,1.0,0.7350488148423834
243232,1312504,1.0,0.5058230412385859
243242,1312516,1.0,0.6685343782791592
243248,1312527,1.0,0.7191533485061664
243249,1312534,1.0,0.7024968791624293
243265,1312555,1.0,0.5868275238895088
243327,1312621,1.0,0.8227579533988909
243341,1312637,1.0,0.5635977808440527
243459,1312765,1.0,0.5231285634755322
243474,1312780,1.0,0.5840823767540169
243546,1312862,1.0,0.5906978708000945
243603,1312925,1.0,0.5824091110158934
243619,1312941,1.0,0.5837010386228708
243620,1312943,1.0,0.5641233198143931
243644,1312969,1.0,0.7202330643965463
243674,1313003,1.0,0.5764579027351265
243678,1313008,1.0,0.6077338332159007
243778,1313114,1.0,0.6744644740941811
243792,1313130,1.0,0.8793208914968867
243818,1313160,1.0,0.5332356019737355
243819,1313162,1.0,0.7307222985972998
243835,1313179,1.0,0.7769137307857648
243837,1313181,1.0,0.5693697891557772
243940,1313299,1.0,0.9612468093825055
243942,1313304,1.0,0.5934521201429237
243969,1313347,1.0,0.5152316147174043
244014,1313395,1.0,0.523209831074202
244017,1313398,1.0,0.6726606002329567
244081,1313473,1.0,0.702029808327507
244084,1313476,1.0,0.5040958834629374
244110,1313504,1.0,0.8189785062826243
244271,1313682,1.0,0.736489325696912
244302,1313718,1.0,0.5906296562405541
244349,1313769,1.0,0.8184405915976546
244412,1313840,1.0,0.6666123712863612
244416,1313846,1.0,0.8335972740125902
244421,1313852,1.0,0.6057807479676137
244440,1313871,1.0,0.6688010975589639
244546,1313988,1.0,0.6958622033929327
244626,1314074,1.0,0.9544656853612787
244659,1314109,1.0,0.5800858711568666
244672,1314125,1.0,0.6884237488595922
244771,1314227,1.0,0.5575540868758525
244821,1314278,1.0,0.6978268258908193
244873,1314334,1.0,0.5264277199458066
244906,1314368,1.0,0.5152696444676527
245013,1314485,1.0,0.5658484350741607
245019,1314492,1.0,0.6843459120413792
245050,1314528,1.0,0.8645442314749487
245057,1314537,1.0,0.8146883544493626
245115,1314600,1.0,0.6998385816939322
245172,1314665,1.0,0.6946393498660058
245186,1314681,1.0,0.5549450710315946
245221,1314718,1.0,0.5906144727554833
245256,1314759,1.0,0.5439286054877996
245259,1314771,1.0,0.7580996484197047
245263,1314783,1.0,0.8016507999079661
245380,1314914,1.0,0.852342960773508
245472,1315013,1.0,0.5387623768093597
245474,1315015,1.0,0.6684449858809408
245545,1315094,1.0,0.7696493451551699
245547,1315096,1.0,0.5689998759514545
245556,1315108,1.0,0.6287925058292295
245557,1315109,1.0,0.6104771572741688
245564,1315117,1.0,0.6864372902751406
245849,1315423,1.0,0.6573686764779697
245901,1315476,1.0,0.8486155803834557
245930,1315509,1.0,0.5145065036929986
246039,1315624,1.0,0.8923525459488151
246044,1315630,1.0,0.5759055532464226
246109,1315704,1.0,0.5433621645997707
246207,1315809,1.0,0.8027924423229903
246260,1315865,1.0,0.7848217411985575
246304,1315913,1.0,0.6689424195477278
246342,1315956,1.0,0.5785617612663039
246378,1315995,1.0,0.670633118170193
246494,1316117,1.0,0.5382221977974507
246639,1316291,1.0,0.7937745970269392
246676,1316341,1.0,0.676760776863536
246729,1316401,1.0,0.764353845662542
246732,1316405,1.0,0.9197136984831158
246741,1316415,1.0,0.6211674987881263
246752,1316428,1.0,0.8031311538730737
246754,1316431,1.0,0.5741320560525458
246763,1316440,1.0,0.5126121471394153
246769,1316447,1.0,0.558527650837943
246824,1316516,1.0,0.8982198881436727
246840,1316534,1.0,0.9079954918134086
246852,1316546,1.0,0.7822454807549764
246869,1316564,1.0,0.8685380587951861
246877,1316576,1.0,0.5947673606131894
247227,1316960,1.0,0.5903494210912886
247232,1316965,1.0,0.6003629655945025
247270,1317009,1.0,0.6863127133352188
247316,1317063,1.0,0.8091544709455297
247378,1317137,1.0,0.7425222836635124
247409,1317172,1.0,0.526108103282614
247493,1317259,1.0,0.528723874984611
247502,1317269,1.0,0.9280586934555979
247544,1317317,1.0,0.8707115453220994
247555,1317328,1.0,0.6800394329628666
247631,1317413,1.0,0.8647447708972513
247645,1317427,1.0,0.6770726352401794
247680,1317464,1.0,0.646190987602216
247682,1317466,1.0,0.7679602402899286
247700,1317486,1.0,0.7090096586847878
247703,1317489,1.0,0.6368957454113473
247755,1317549,1.0,0.6147694125967704
247766,1317566,1.0,0.7891916397773028
247771,1317577,1.0,0.8967819513722388
247773,1317581,1.0,0.9614432301836784
247774,1317582,1.0,0.5184714736234887
247778,1317586,1.0,0.8334510950169127
247780,1317588,1.0,0.951153854318077
247811,1317623,1.0,0.8959740289508845
247828,1317642,1.0,0.5910006778114221
247832,1317647,1.0,0.5391203454294389
247835,1317655,1.0,0.8403829906044082
247836,1317656,1.0,0.725201614334
247838,1317658,1.0,0.5532009853313005
247874,1317702,1.0,0.5978765979128468
247895,1317726,1.0,0.584556500343898
248011,1317846,1.0,0.7429614219377209
248017,1317854,1.0,0.5828608869940789
248018,1317855,1.0,0.7056748751435533
248021,1317858,1.0,0.7657953738832214
248022,1317859,1.0,0.7208114384748912
248024,1317861,1.0,0.7704753318373476
248136,1317984,1.0,0.5588364912350596
248332,1318200,1.0,0.6820379485781201
248353,1318221,1.0,0.759029281755913
248359,1318229,1.0,0.6836010267012788
248367,1318240,1.0,0.8458703645626465
248382,1318260,1.0,0.8386770308662211
248385,1318263,1.0,0.824129940568132
248444,1318326,1.0,0.6164031729881521
248489,1318375,1.0,0.7565231907002108
248612,1318510,1.0,0.6357578821881924
248617,1318516,1.0,0.5957941235558086
248645,1318549,1.0,0.8900364781404567
248686,1318597,1.0,0.6810870209122062
248773,1318700,1.0,0.5814695226349466
248775,1318703,1.0,0.5585843075829588
248782,1318721,1.0,0.6272100099136687
248783,1318722,1.0,0.5834768642668533
248797,1318749,1.0,0.5377502415536117
248842,1318797,1.0,0.6157063196361854
248852,1318808,1.0,0.6910785752771038
248856,1318812,1.0,0.6193747637990871
248875,1318833,1.0,0.6603703746385218
248876,1318836,1.0,0.840817334665978
248918,1318882,1.0,0.8172606567533164
248919,1318883,1.0,0.5160723315295134
248920,1318884,1.0,0.5685788559211875
248922,1318890,1.0,0.9200275453999103
248925,1318893,1.0,0.5722805191621689
248941,1318911,1.0,0.7161439696171193
248948,1318925,1.0,0.680164622882238
248949,1318926,1.0,0.7190626000391634
248964,1318945,1.0,0.7811714131893229
248966,1318949,1.0,0.8381381348864888
248972,1318958,1.0,0.7152524095805682
248983,1318973,1.0,0.7188785608300616
248984,1318974,1.0,0.7085621621194697
248998,1318993,1.0,0.5034197896062855
249005,1319001,1.0,0.8132132793724101
249008,1319005,1.0,0.8908261603289159
249011,1319010,1.0,0.5602510459014778
249019,1319029,1.0,0.5614505290896639
249026,1319043,1.0,0.6761163074400036
249029,1319046,1.0,0.7078062368143182
249200,1319238,1.0,0.6839781935627769
249255,1319298,1.0,0.6588459185074983
249295,1319343,1.0,0.7405644284275005
249389,1319441,1.0,0.7799999178067922
249390,1319442,1.0,0.5199679262270089
249391,1319443,1.0,0.8177942960011646
249455,1319517,1.0,0.5992231599792675
249476,1319543,1.0,0.5435806920057136
249520,1319592,1.0,0.6368174585557794
249575,1319651,1.0,0.6679828174829886
249576,1319652,1.0,0.5980057165691787
249680,1319767,1.0,0.5112316231752339
249728,1319817,1.0,0.7147433315555675
249731,1319821,1.0,0.5154636576717279
249763,1319854,1.0,0.5447195906243574
249809,1319903,1.0,0.5577644458729913
249859,1319956,1.0,0.5421635689434572
249876,1319975,1.0,0.7346102705485925
249919,1320026,1.0,0.6025226884007441
249939,1320061,1.0,0.7507238764365255
249958,1320089,1.0,0.8222003968263686
250006,1320143,1.0,0.7616267371000285
250012,1320150,1.0,0.8001636266567443
250021,1320160,1.0,0.8925394142290575
250024,1320163,1.0,0.7487350579644366
250031,1320171,1.0,0.5276989709148538
250037,1320177,1.0,0.8731528987200208
250056,1320197,1.0,0.6080848624902571
250060,1320202,1.0,0.6915487222183669
250066,1320209,1.0,0.6730560358107474
250077,1320224,1.0,0.6175397138944302
250080,1320231,1.0,0.5336845927676597
250095,1320252,1.0,0.6031083172203111
250101,1320258,1.0,0.5385195728422907
250102,1320259,1.0,0.5058237096517134
250105,1320262,1.0,0.5116937520312006
250110,1320268,1.0,0.9409464686915346
250114,1320272,1.0,0.8305774883714456
250140,1320303,1.0,0.6034743615307987
250295,1320471,1.0,0.5570101797853494
250326,1320511,1.0,0.7923264767232754
250427,1320621,1.0,0.7011072885607257
250433,1320630,1.0,0.7291056504767668
250438,1320636,1.0,0.6959541135903611
250519,1320727,1.0,0.8087693723938418
250534,1320743,1.0,0.8944648577229827
250564,1320778,1.0,0.7522215960027863
250656,1320873,1.0,0.6392670275039943
250701,1320920,1.0,0.5438073250156235
250784,1321010,1.0,0.8824142797926916
250814,1321044,1.0,0.7512301461396903
250879,1321112,1.0,0.7090399952919247
250886,1321119,1.0,0.6080433115984514
250940,1321176,1.0,0.6269536371847402
250957,1321210,1.0,0.7150453363434673
250962,1321219,1.0,0.7958759177345076
250974,1321237,1.0,0.7434145031357617
250979,1321253,1.0,0.8818027671491506
250996,1321284,1.0,0.6657721113466565
251096,1321402,1.0,0.5303362364906632
251098,1321404,1.0,0.8772815699839704
251126,1321434,1.0,0.6832775310876376
251151,1321463,1.0,0.5702143234659683
251176,1321491,1.0,0.5815814341784034
251183,1321502,1.0,0.7639726399936831
251185,1321506,1.0,0.7208683477686847
251189,1321511,1.0,0.5946303982718233
251205,1321532,1.0,0.7061964732606175
251210,1321539,1.0,0.6433665208746234
251213,1321543,1.0,0.802571573751894
251214,1321545,1.0,0.5227004068056209
251220,1321551,1.0,0.7327994512894997
251225,1321556,1.0,0.5249049176116268
251615,1321974,1.0,0.6476473427887091
251662,1322030,1.0,0.5699147219045047
251846,1322236,1.0,0.5112883310709863
251898,1322295,1.0,0.7869402801876456
251939,1322339,1.0,0.5632361456962545
251955,1322358,1.0,0.7453786850643186
252128,1322548,1.0,0.7584544568393633
252141,1322561,1.0,0.9089046620356722
252219,1322646,1.0,0.5107263179874749
252232,1322660,1.0,0.5340338217496406
252243,1322672,1.0,0.5187312715429916
252251,1322682,1.0,0.6584068302199062
252326,1322770,1.0,0.7450941414535063
252328,1322772,1.0,0.796414228640184
252331,1322777,1.0,0.8138478137817752
252337,1322787,1.0,0.7523817253462122
252338,1322790,1.0,0.593129968864243
252344,1322799,1.0,0.5118641554650163
252356,1322816,1.0,0.626688246136049
252357,1322819,1.0,0.810498407358249
252389,1322860,1.0,0.5648556790108191
252395,1322870,1.0,0.5237461317623997
252401,1322877,1.0,0.5226399250187773
252402,1322878,1.0,0.5087065898881818
252403,1322880,1.0,0.5061372439933974
252405,1322883,1.0,0.8530983730542835
252479,1322960,1.0,0.7760145312705367
252720,1323223,1.0,0.5299842554613249
252725,1323228,1.0,0.6103804858849344
252735,1323240,1.0,0.8710056203419837
252791,1323305,1.0,0.6177412049675755
252861,1323377,1.0,0.780875907701192
252911,1323430,1.0,0.8549752124535293
252922,1323444,1.0,0.5327356484858065
252941,1323464,1.0,0.8157196284694868
253012,1323544,1.0,0.7575378285657871
253104,1323643,1.0,0.7087988810625169
253146,1323688,1.0,0.5697501572920773
253194,1323740,1.0,0.7306221706971233
253204,1323752,1.0,0.5466495401999981
253270,1323822,1.0,0.5516954526006722
253342,1323901,1.0,0.7022071648125366
253379,1323942,1.0,0.7007229246480841
253397,1323961,1.0,0.7180717534534065
253427,1323992,1.0,0.5883889280846865
253432,1323997,1.0,0.580964064647959
253450,1324022,1.0,0.6114856879153205
253463,1324035,1.0,0.526510904012511
253501,1324075,1.0,0.5880628604046109
253573,1324159,1.0,0.6146093087726335
253574,1324160,1.0,0.5860655049081396
253583,1324175,1.0,0.5240093581545496
253586,1324178,1.0,0.5524085602190653
253587,1324179,1.0,0.5585356270154453
253598,1324193,1.0,0.6717695543265866
253610,1324205,1.0,0.5636856591437559
253642,1324246,1.0,0.7099185594026456
253645,1324249,1.0,0.6165138351152752
253646,1324251,1.0,0.950713225858708
253651,1324260,1.0,0.5508485395899182
253653,1324262,1.0,0.7417226994479176
253654,1324265,1.0,0.5340963104997395
253658,1324271,1.0,0.8125192854366882
253659,1324272,1.0,0.5813428874751324
253660,1324274,1.0,0.609848094814328
253661,1324276,1.0,0.6404191298305943
253670,1324288,1.0,0.5780213557467243
253687,1324306,1.0,0.6127706235007478
253763,1324389,1.0,0.8668761777489052
253811,1324440,1.0,0.550816288835083
253830,1324460,1.0,0.7631501653711197
253831,1324461,1.0,0.5104477695003812
253870,1324502,1.0,0.7447471488768089
253879,1324511,1.0,0.5546091906863687
253883,1324518,1.0,0.6127517042014986
253892,1324529,1.0,0.5190225956426064
253895,1324533,1.0,0.5090106808739492
253909,1324549,1.0,0.7024706965933135
253913,1324553,1.0,0.8664932733353141
253919,1324560,1.0,0.7802934665800538
254033,1324690,1.0,0.7504488044593849
254070,1324729,1.0,0.8578448040112416
254075,1324734,1.0,0.7045271380137473
254110,1324771,1.0,0.6859185256091073
254214,1324883,1.0,0.6576064064804472
254300,1324973,1.0,0.7572371873290671
254321,1324994,1.0,0.7585380837379789
254326,1325000,1.0,0.6409569283149315
254338,1325020,1.0,0.5336860514524643
254348,1325039,1.0,0.8638007287840876
254359,1325068,1.0,0.5138888293370732
254397,1325114,1.0,0.6023838593596497
254467,1325188,1.0,0.6342374113102474
254468,1325189,1.0,0.5047781394498877
254476,1325200,1.0,0.6723330398101814
254480,1325205,1.0,0.8717533188793022
254501,1325230,1.0,0.5517764857873404
254520,1325252,1.0,0.7405216873474404
254535,1325270,1.0,0.5290162782187144
254537,1325273,1.0,0.5825965212782263
254541,1325277,1.0,0.6956160022537917
254550,1325288,1.0,0.7218341424264229
254555,1325295,1.0,0.5498736308089809
254559,1325303,1.0,0.7284483894231059
254560,1325304,1.0,0.6472222922673196
254569,1325322,1.0,0.504125075591959
254571,1325325,1.0,0.7774552167243249
254578,1325333,1.0,0.5858842244270863
254580,1325336,1.0,0.9388472528594748
254584,1325341,1.0,0.8030050085672836
254586,1325343,1.0,0.5468066775594542
254589,1325348,1.0,0.591546473272531
254599,1325366,1.0,0.7513124937132731
254605,1325374,1.0,0.5689036874313774
254608,1325377,1.0,0.7668112253609907
254617,1325391,1.0,0.5974896667015169
254622,1325399,1.0,0.8251362154969142
254625,1325403,1.0,0.5990057875705305
254628,1325408,1.0,0.5845027163080685
254635,1325418,1.0,0.8023782365417026
254643,1325431,1.0,0.6498468237633502
254886,1325696,1.0,0.7219377846508714
254930,1325745,1.0,0.6868595191989323
254941,1325756,1.0,0.7912555421463102
254945,1325762,1.0,0.5455409697505443
254949,1325766,1.0,0.7882894024914621
254959,1325777,1.0,0.6079851345449723
254960,1325780,1.0,0.6956052983256337
254970,1325791,1.0,0.7772393176480086
254984,1325807,1.0,0.584311243210345
255005,1325831,1.0,0.6234629042600934
255023,1325851,1.0,0.9446411726544203
255038,1325868,1.0,0.5141949467214496
255049,1325879,1.0,0.555390230328644
255110,1325946,1.0,0.7503659572802142
255232,1326077,1.0,0.5032384947499811
255252,1326097,1.0,0.501953128499255
255273,1326122,1.0,0.7256335477807772
255286,1326139,1.0,0.5484263419921706
255319,1326174,1.0,0.7096529281828877
255356,1326213,1.0,0.7004300955341421
255376,1326236,1.0,0.5219590514283421
255388,1326268,1.0,0.5914442104465755
255390,1326271,1.0,0.5066843343385184
255394,1326276,1.0,0.8996606236495652
255395,1326278,1.0,0.519251669986262
255397,1326281,1.0,0.7483149495984843
255435,1326319,1.0,0.6801128359037459
255459,1326344,1.0,0.5692486491040619
255461,1326346,1.0,0.6111752923045364
255464,1326350,1.0,0.7209976809344432
255465,1326351,1.0,0.8387876113693618
255467,1326355,1.0,0.5898706361798502
255479,1326369,1.0,0.6976609535098872
255502,1326401,1.0,0.7413290306392712
255509,1326411,1.0,0.8067526485342487
255523,1326427,1.0,0.5031198650605266
255537,1326442,1.0,0.7079316509443455
255570,1326480,1.0,0.6158519772896228
255591,1326505,1.0,0.690705027676794
255597,1326512,1.0,0.7024150713353399
255618,1326534,1.0,0.5238031733290311
255692,1326611,1.0,0.5813305175165178
255721,1326641,1.0,0.5378973242112172
255744,1326668,1.0,0.7417005767087796
255751,1326675,1.0,0.8042409185248253
255763,1326688,1.0,0.6913850065613972
255769,1326695,1.0,0.5318267290734028
255774,1326700,1.0,0.8559754772038198
255791,1326721,1.0,0.504667795082773
255792,1326723,1.0,0.5710967426546515
255799,1326731,1.0,0.5310215932484946
255816,1326750,1.0,0.526603926832687
255818,1326753,1.0,0.5157103039520985
255846,1326785,1.0,0.6121900415432906
255859,1326799,1.0,0.9239562714394448
255901,1326844,1.0,0.50632795989024
255931,1326875,1.0,0.7108881904041949
255970,1326914,1.0,0.7344211629626346
255982,1326926,1.0,0.5586832748927558
255984,1326931,1.0,0.5629594718639385
256024,1326975,1.0,0.5605889081709449
256031,1326983,1.0,0.539621226179387
256034,1326987,1.0,0.5165292076093606
256045,1326998,1.0,0.6353888249304152
256060,1327015,1.0,0.5282291483073497
256163,1327124,1.0,0.5187287028447336
256174,1327135,1.0,0.7356773877748394
256191,1327152,1.0,0.5339322658231839
256262,1327258,1.0,0.5411218247183407
256264,1327265,1.0,0.6179290978823668
256268,1327270,1.0,0.6110754422888296
256269,1327273,1.0,0.5323200788774569
256295,1327299,1.0,0.6596955061552788
256298,1327302,1.0,0.6671914543313551
256313,1327317,1.0,0.5424695607588852
256324,1327330,1.0,0.8774412267570028
256333,1327343,1.0,0.5515694591251921
256343,1327358,1.0,0.5198206164954627
256358,1327377,1.0,0.6818663035528566
256360,1327380,1.0,0.5069388154605109
256370,1327396,1.0,0.8528455932704877
256374,1327403,1.0,0.6680650252658225
256375,1327405,1.0,0.589633920297828
256379,1327409,1.0,0.5283452231696348
256383,1327414,1.0,0.7679611426075758
256384,1327417,1.0,0.7015386561741014
256385,1327420,1.0,0.8897431096522279
256386,1327421,1.0,0.5052919351232327
256394,1327435,1.0,0.5750520771087849
256395,1327436,1.0,0.7010735600929588
256396,1327437,1.0,0.5206830118327607
256401,1327444,1.0,0.5219655506205552
256404,1327447,1.0,0.7311584562311065
256407,1327450,1.0,0.6972040347329346
256413,1327457,1.0,0.5435541706635497
256505,1327556,1.0,0.5570457262854512
256513,1327567,1.0,0.805224927995119
256517,1327571,1.0,0.780338398026302
256546,1327604,1.0,0.6188365155345549
256572,1327632,1.0,0.5816242243082529
256573,1327633,1.0,0.7595697230592966
256581,1327643,1.0,0.5945534518465845
256590,1327653,1.0,0.6070322534834229
256598,1327662,1.0,0.6143918608633501
256622,1327687,1.0,0.7277956903606695
256626,1327692,1.0,0.543047097252704
256685,1327759,1.0,0.735540818839986
256733,1327813,1.0,0.9500628635646138
256747,1327829,1.0,0.5078419172002563
256755,1327837,1.0,0.5944231215723831
256850,1327941,1.0,0.5226034994562593
256851,1327942,1.0,0.5591074174920917
256895,1327989,1.0,0.8381383101465238
256917,1328011,1.0,0.5328035125718041
256955,1328051,1.0,0.6003899450721633
257004,1328110,1.0,0.7737864743001225
257011,1328117,1.0,0.5752644697010451
257101,1328222,1.0,0.608132293001642
257104,1328229,1.0,0.801359492749622
257106,1328231,1.0,0.5668362855671791
257153,1328290,1.0,0.6282596981083378
257219,1328360,1.0,0.5357399320884306
257253,1328396,1.0,0.5951656092069743
257265,1328408,1.0,0.7267687319682028
257285,1328429,1.0,0.5197909087607017
257306,1328453,1.0,0.9208900928508138
257313,1328461,1.0,0.6623126137401822
257320,1328469,1.0,0.6673076222199075
257321,1328470,1.0,0.6343113309234942
257331,1328482,1.0,0.6815099302570541
257335,1328487,1.0,0.84862766698635
257404,1328568,1.0,0.7337548295159412
257416,1328582,1.0,0.584443066951363
257572,1328747,1.0,0.9050049927580153
257601,1328777,1.0,0.6169525040748732
257687,1328872,1.0,0.565358384306022
257714,1328901,1.0,0.5864344364368974
257720,1328910,1.0,0.5973924821931699
257741,1328932,1.0,0.887998449285704
257747,1328938,1.0,0.5272446481606251
257791,1328985,1.0,0.5864815715868933
257794,1328989,1.0,0.5560182390610152
257816,1329011,1.0,0.7629225099240213
257819,1329014,1.0,0.6584622547197463
257823,1329018,1.0,0.6136300048022235
257854,1329051,1.0,0.740965299781367
257903,1329109,1.0,0.8944643717513189
257949,1329158,1.0,0.7047536020869883
257961,1329173,1.0,0.5111743864851465
258039,1329257,1.0,0.648643850550299
258042,1329260,1.0,0.6154287205791684
258111,1329333,1.0,0.502340333460617
258120,1329346,1.0,0.8594664783705384
258123,1329353,1.0,0.5913229578169307
258124,1329358,1.0,0.5678822548410631
258134,1329375,1.0,0.5579058203466646
258143,1329389,1.0,0.561671182335607
258191,1329440,1.0,0.7598270831240664
258217,1329467,1.0,0.5280049927613707
258247,1329500,1.0,0.5982700793776098
258296,1329551,1.0,0.5273993537149382
258341,1329603,1.0,0.7019818856074558
258352,1329616,1.0,0.742291199284561
258368,1329637,1.0,0.5754223395268248
258413,1329685,1.0,0.7606368861093185
258424,1329698,1.0,0.6075485842514042
258459,1329737,1.0,0.606306194612561
258465,1329744,1.0,0.7228467918287482
258507,1329789,1.0,0.7084090225626695
258558,1329847,1.0,0.5520872650892862
258571,1329860,1.0,0.6424413249311891
258619,1329910,1.0,0.5123388094483249
258623,1329916,1.0,0.5795264115184616
258624,1329918,1.0,0.5843274241119888
258625,1329919,1.0,0.7788204305272488
258785,1330089,1.0,0.6216120109083765
258793,1330097,1.0,0.6716402133257604
258794,1330098,1.0,0.9570834329440383
258799,1330103,1.0,0.6031125157510928
258867,1330180,1.0,0.8912152836428783
258872,1330187,1.0,0.6781750390647724
258881,1330197,1.0,0.5478130915346102
258884,1330203,1.0,0.5207239814787079
258891,1330210,1.0,0.5945941943407779
258893,1330212,1.0,0.5212860046199238
258894,1330214,1.0,0.5429347143127525
258923,1330247,1.0,0.6975960805753363
258982,1330314,1.0,0.8127445514502127
259027,1330364,1.0,0.5848017575983955
259028,1330365,1.0,0.5459967674332974
259034,1330371,1.0,0.509521530413528
259098,1330442,1.0,0.7042803384803726
259112,1330458,1.0,0.8595335675514032
259122,1330468,1.0,0.636501736776896
259278,1330635,1.0,0.6488094166491343
259282,1330643,1.0,0.894416538931454
259283,1330644,1.0,0.8597364430543932
259286,1330648,1.0,0.6506665453169668
259288,1330654,1.0,0.5224913986284371
259289,1330655,1.0,0.5142533489142551
259373,1330749,1.0,0.5591440147471293
259386,1330762,1.0,0.8827529530662487
259387,1330764,1.0,0.7899058514670129
259405,1330784,1.0,0.6694768546688942
259407,1330786,1.0,0.5332853564189293
259440,1330823,1.0,0.6604454126065357
259452,1330837,1.0,0.6113850090201474
259482,1330871,1.0,0.8708884759316303
259488,1330879,1.0,0.6298899718026733
259492,1330887,1.0,0.6176399726573707
259499,1330896,1.0,0.6170708133758331
259504,1330903,1.0,0.795491408663405
259508,1330907,1.0,0.7288015654796164
259512,1330912,1.0,0.8858610052002315
259515,1330916,1.0,0.5226424165852118
259522,1330927,1.0,0.5378958326475051
259523,1330929,1.0,0.7559635179921813
259524,1330931,1.0,0.5805243976137796
259530,1330939,1.0,0.7332197034086869
259540,1330956,1.0,0.6036060844143643
259542,1330958,1.0,0.5895318015517628
259550,1330969,1.0,0.9069911599788834
259553,1330976,1.0,0.5611111610799826
259565,1330996,1.0,0.6565494842465179
259578,1331013,1.0,0.5665635608868667
259599,1331040,1.0,0.5398749094450569
259602,1331046,1.0,0.5818396804244913
259608,1331055,1.0,0.6025872262969922
259609,1331056,1.0,0.6131383392779225
259664,1331115,1.0,0.5663460268595711
259777,1331234,1.0,0.6748730697048864
259845,1331306,1.0,0.5270006563222431
259846,1331307,1.0,0.7051683525585847
259903,1331366,1.0,0.6337449104115301
259913,1331379,1.0,0.920091774755287
259938,1331405,1.0,0.7071604158920235
259939,1331407,1.0,0.56711132789007
259952,1331420,1.0,0.9301210605105641
259960,1331432,1.0,0.7011754139342694
260027,1331503,1.0,0.7379274130805844
260035,1331513,1.0,0.5213166746087111
260043,1331521,1.0,0.8720473377483522
260130,1331621,1.0,0.8970035404409593
260288,1331995,1.0,0.6523540918675471
260300,1332013,1.0,0.7720853232070453
260304,1332018,1.0,0.6235002322912859
260309,1332026,1.0,0.6345347427542801
260314,1332033,1.0,0.5021623342857712
260317,1332036,1.0,0.5845752679983465
260319,1332038,1.0,0.5119127953893894
260321,1332040,1.0,0.5336788102676746
260322,1332041,1.0,0.6956048729906888
260334,1332057,1.0,0.5738038023891727
260337,1332061,1.0,0.569707903463392
260338,1332062,1.0,0.5731387865299541
260339,1332064,1.0,0.5286544785112484
260345,1332071,1.0,0.5217112527951299
260352,1332081,1.0,0.8211628843723341
260360,1332091,1.0,0.5008169630440682
260366,1332103,1.0,0.5510759630366004
260368,1332106,1.0,0.6219432977048458
260370,1332108,1.0,0.9486506422042162
260375,1332116,1.0,0.9132515815504741
260384,1332126,1.0,0.5187320262952424
260501,1332250,1.0,0.59386869338176
260562,1332314,1.0,0.5262607895486591
260603,1332364,1.0,0.6441329632684171
260648,1332416,1.0,0.7411424489162757
260687,1332459,1.0,0.5605199646883581
260701,1332474,1.0,0.5623671522483258
260782,1332567,1.0,0.5423371541707225
260792,1332578,1.0,0.6219965296711393
260796,1332582,1.0,0.5932479031887624
260800,1332587,1.0,0.756842648901812
260816,1332605,1.0,0.7554888309375062
260823,1332614,1.0,0.5793261631517146
260861,1332655,1.0,0.6629695160607147
260933,1332731,1.0,0.7972332072726357
260980,1332779,1.0,0.6962453059467203
261002,1332803,1.0,0.5343919658850212
261004,1332810,1.0,0.759892321820718
261083,1332905,1.0,0.5529341297508888
261112,1332936,1.0,0.6000488239108371
261198,1333032,1.0,0.5127523342340059
261210,1333047,1.0,0.8745567149675924
261224,1333066,1.0,0.6086331814221144
261226,1333068,1.0,0.5253141098145734
261235,1333077,1.0,0.5073024465254405
261238,1333082,1.0,0.5821920889585206
261242,1333087,1.0,0.704728079198483
261246,1333094,1.0,0.5990936676715328
261318,1333171,1.0,0.7846657240858839
261319,1333172,1.0,0.5570387808462339
261320,1333175,1.0,0.5302661489419924
261327,1333183,1.0,0.6304123355941571
261369,1333228,1.0,0.5432173554386184
261370,1333229,1.0,0.6307417851367979
261409,1333272,1.0,0.9148333018139498
261442,1333306,1.0,0.6286179390796337
261712,1333601,1.0,0.5647491262238116
261753,1333648,1.0,0.6776997333806055
261765,1333660,1.0,0.8035267405625673
261984,1333896,1.0,0.6535595392391973
262011,1333924,1.0,0.9134958989984326
262012,1333925,1.0,0.9417708942183364
262029,1333943,1.0,0.6319573989961939
262033,1333952,1.0,0.5937093947196277
262039,1333966,1.0,0.6100702157796725
262040,1333971,1.0,0.975270466775402
262114,1334050,1.0,0.5224588408831479
262195,1334137,1.0,0.6540639307871798
262241,1334186,1.0,0.8320673389189315
262254,1334200,1.0,0.7966582584593321
262278,1334227,1.0,0.7018451399138275
262283,1334232,1.0,0.5152162389374868
262300,1334254,1.0,0.6704760472357105
262303,1334258,1.0,0.5896469739402915
262317,1334276,1.0,0.5760571434779134
262328,1334288,1.0,0.6265572332715392
262347,1334315,1.0,0.6786802691341253
262352,1334321,1.0,0.5180744772032332
262357,1334328,1.0,0.7260091908641609
262360,1334332,1.0,0.6859692989837458
262376,1334355,1.0,0.7949665978645623
262436,1334418,1.0,0.6332149558676688
262591,1334584,1.0,0.8131025076771748
262600,1334593,1.0,0.5939656111357999
262682,1334683,1.0,0.6928854430587499
262695,1334698,1.0,0.6185687215807575
262733,1334740,1.0,0.78292318908948
262737,1334744,1.0,0.9466263466068272
262777,1334789,1.0,0.9114950620964812
262794,1334807,1.0,0.5119252565321714
262916,1334945,1.0,0.6796026826840709
262999,1335037,1.0,0.5832629265345397
263122,1335166,1.0,0.8116529335929177
263137,1335181,1.0,0.6342073239242366
263150,1335197,1.0,0.6684409628081425
263153,1335204,1.0,0.6282621020468451
263156,1335211,1.0,0.6792785879204674
263184,1335257,1.0,0.6254207158231289
263200,1335279,1.0,0.5938196566200078
263203,1335284,1.0,0.5331290805211023
263212,1335296,1.0,0.5516138704289772
263219,1335306,1.0,0.7368968780450532
263224,1335311,1.0,0.5319503721684133
263229,1335318,1.0,0.8375137867084806
263232,1335321,1.0,0.6671599945700054
263240,1335335,1.0,0.8175903449368045
263294,1335392,1.0,0.5276357121144131
263336,1335438,1.0,0.5329846810341262
263401,1335516,1.0,0.5723302352026312
263402,1335517,1.0,0.5242603374247454
263411,1335529,1.0,0.5075309007962154
263418,1335540,1.0,0.7643042541737899
263421,1335545,1.0,0.5694006460173743
263435,1335562,1.0,0.5671110960977948
263451,1335581,1.0,0.5734398426541701
263493,1335633,1.0,0.88510874660427
263505,1335647,1.0,0.6764894270346894
263565,1335716,1.0,0.8458744197273439
263577,1335729,1.0,0.9346086965230361
263606,1335761,1.0,0.8789183654725653
263609,1335764,1.0,0.8435544010013027
263625,1335783,1.0,0.7198325938180619
263679,1335840,1.0,0.6390338395580336
263778,1335942,1.0,0.7132393292755383
263911,1336088,1.0,0.8348492707508524
263924,1336106,1.0,0.7242104628779072
263928,1336116,1.0,0.7772080605719852
263929,1336119,1.0,0.7132020544109878
263962,1336162,1.0,0.6324222056119665
263965,1336165,1.0,0.5733591092414083
264001,1336205,1.0,0.7101951328000379
264014,1336218,1.0,0.8544587975843807
264030,1336235,1.0,0.6442487228203045
264037,1336244,1.0,0.7038451660087519
264038,1336246,1.0,0.7895860405515863
264040,1336250,1.0,0.55681005206196
264041,1336252,1.0,0.533491957180825
264044,1336256,1.0,0.5143839416341841
264058,1336274,1.0,0.5451196645863948
264059,1336275,1.0,0.5071628727669133
264062,1336281,1.0,0.8435667767109323
264080,1336309,1.0,0.5183493420296151
264082,1336311,1.0,0.6733980146500071
264083,1336312,1.0,0.8324155646881674
264089,1336319,1.0,0.734156321508798
264092,1336324,1.0,0.553445369890254
264102,1336337,1.0,0.7980203171755963
264106,1336342,1.0,0.7087856979609707
264107,1336343,1.0,0.706666029262361
264118,1336359,1.0,0.6102085307269913
264119,1336361,1.0,0.7323787416310419
264135,1336383,1.0,0.7647624512828037
264141,1336391,1.0,0.5393990434030117
264148,1336398,1.0,0.7564500178367751
264164,1336422,1.0,0.5706602232973448
264180,1336449,1.0,0.7348595996789588
264241,1336524,1.0,0.5924902181954523
264320,1336611,1.0,0.5051075555350102
264389,1336687,1.0,0.6258852288333531
264414,1336715,1.0,0.5732133240517052
264524,1336844,1.0,0.6189695218674339
264545,1336867,1.0,0.9061423677024998
264622,1336956,1.0,0.818136258945432
264623,1336958,1.0,0.5806259240465064
264692,1337037,1.0,0.7277922330079972
264776,1337133,1.0,0.6013354365458687
264803,1337162,1.0,0.5615117480747245
264815,1337175,1.0,0.7701076522623623
264826,1337186,1.0,0.5682903642514352
264943,1337315,1.0,0.9103132494505095
265019,1337402,1.0,0.5600325709488932
265025,1337408,1.0,0.6169899245518472
265026,1337409,1.0,0.5665076492855045
265080,1337469,1.0,0.5419785696272863
265085,1337477,1.0,0.7891972817316357
265086,1337479,1.0,0.5267615545315892
265090,1337488,1.0,0.6851105017728507
265092,1337496,1.0,0.7203285271476507
265107,1337519,1.0,0.6654576863033064
265111,1337524,1.0,0.8550924474150107
265122,1337536,1.0,0.5356658976337506
265131,1337549,1.0,0.5615913733031027
265132,1337551,1.0,0.5576676402388338
265133,1337553,1.0,0.5599800829364774
265135,1337555,1.0,0.5317794057353218
265141,1337561,1.0,0.6206133624494493
265146,1337568,1.0,0.6099309029553754
265147,1337569,1.0,0.5626626722727576
265149,1337571,1.0,0.7235886768221034
265153,1337576,1.0,0.580305388610054
265162,1337589,1.0,0.5614709610317713
265169,1337600,1.0,0.541129862526704
265172,1337605,1.0,0.5368960319601391
265174,1337609,1.0,0.5534484066939941
265175,1337610,1.0,0.7287383647222127
265181,1337621,1.0,0.5461789385253211
265324,1337782,1.0,0.5889883642952736
265424,1337892,1.0,0.6004690819754129
265449,1337923,1.0,0.7639228621882479
265468,1337944,1.0,0.5914709593149795
265529,1338011,1.0,0.7625751294409336
265557,1338041,1.0,0.7702666346801432
265614,1338099,1.0,0.5342807171852223
265708,1338206,1.0,0.7678555847708212
265789,1338291,1.0,0.5438980863212789
265848,1338354,1.0,0.8154899955879327
265864,1338370,1.0,0.5982623302758586
265879,1338386,1.0,0.8137223421806277
265888,1338396,1.0,0.9131723522848421
265900,1338409,1.0,0.7714998163649159
266012,1338528,1.0,0.8639435101000527
266017,1338538,1.0,0.5520204585862847
266028,1338558,1.0,0.6185170557400937
266041,1338573,1.0,0.6691446782364315
266074,1338617,1.0,0.5465610277305629
266077,1338621,1.0,0.7744124539172196
266089,1338637,1.0,0.6720728445797955
266092,1338640,1.0,0.7419175619013483
266094,1338642,1.0,0.8762118208217228
266101,1338650,1.0,0.518847330331809
266102,1338651,1.0,0.7677873666862856
266107,1338656,1.0,0.7702834035187569
266118,1338670,1.0,0.6314831386990672
266119,1338672,1.0,0.6725809895631759
266132,1338689,1.0,0.854232672031045
266156,1338714,1.0,0.5088541242068746
266238,1338800,1.0,0.6806660297079685
266247,1338809,1.0,0.712599601167795
266253,1338816,1.0,0.8223745485484313
266345,1338913,1.0,0.7025761122305872
266370,1338944,1.0,0.942607556253055
266393,1338971,1.0,0.5675193791610056
266487,1339079,1.0,0.8213529719272693
266505,1339099,1.0,0.5429665800250816
266513,1339109,1.0,0.8521038582703034
266541,1339141,1.0,0.5776069337441475
266542,1339142,1.0,0.7208912681738447
266550,1339152,1.0,0.845863391854592
266591,1339198,1.0,0.7756205654124456
266616,1339227,1.0,0.5784811046989525
266641,1339252,1.0,0.6082484239949105
266664,1339277,1.0,0.6410780372085385
266711,1339329,1.0,0.7197985371723008
266836,1339580,1.0,0.6470644715497016
266844,1339599,1.0,0.5355198207727151
266867,1339627,1.0,0.7529915858710126
266920,1339688,1.0,0.65687960468062
266921,1339691,1.0,0.8541488651525156
266922,1339692,1.0,0.8257115360057597
266926,1339698,1.0,0.8243942632779766
266933,1339708,1.0,0.8089800809674057
266934,1339709,1.0,0.5103581792231651
266946,1339725,1.0,0.6144127608982782
266952,1339734,1.0,0.6657173341862838
266963,1339751,1.0,0.5809815678421246
266964,1339754,1.0,0.5641766118125816
266967,1339758,1.0,0.7026790291762928
266990,1339786,1.0,0.6120608266846581
267039,1339839,1.0,0.5054755921199051
267095,1339904,1.0,0.8958325206946292
267200,1340017,1.0,0.8692074149545466
267243,1340062,1.0,0.5103864895690263
267256,1340075,1.0,0.6899825372340654
267399,1340240,1.0,0.5396971812026661
267423,1340265,1.0,0.5899567345083147
267498,1340344,1.0,0.5315191396628586
267550,1340401,1.0,0.7144488108703587
267588,1340443,1.0,0.8046589068533627
267756,1340623,1.0,0.6807383657042849
267766,1340652,1.0,0.5179531688278176
267789,1340676,1.0,0.6233853596677608
267797,1340684,1.0,0.7627178540583139
267806,1340694,1.0,0.792427576948439
267807,1340695,1.0,0.6670991943433973
267842,1340732,1.0,0.7177973954763607
267852,1340747,1.0,0.6810396720978146
267857,1340753,1.0,0.5144637834002421
267864,1340766,1.0,0.6377267722185367
267880,1340784,1.0,0.5742157303578953
267883,1340787,1.0,0.8637716920523557
267898,1340806,1.0,0.7605799577311386
267905,1340814,1.0,0.6980179886287086
268159,1341094,1.0,0.799571906824508
268165,1341100,1.0,0.7616809368745422
268243,1341184,1.0,0.8245312523123954
268277,1341223,1.0,0.5973518078756619
268282,1341229,1.0,0.5043659869296216
268379,1341342,1.0,0.7565156699355005
268404,1341368,1.0,0.5553415174818886
268486,1341462,1.0,0.6597578675524317
268531,1341511,1.0,0.5517520656231821
268598,1341580,1.0,0.674650444905915
268619,1341601,1.0,0.5665189512829831
268678,1341678,1.0,0.6514427567902749
268696,1341703,1.0,0.7520333676614356
268712,1341723,1.0,0.8233011326894387
268742,1341755,1.0,0.8360070080784827
268770,1341785,1.0,0.6802114830664406
268801,1341830,1.0,0.5772452253008068
268824,1341857,1.0,0.5049471506151344
268835,1341872,1.0,0.7463706023658896
268846,1341891,1.0,0.6884088199531139
268853,1341902,1.0,0.6181884320009453
268856,1341908,1.0,0.6577039584583813
268859,1341911,1.0,0.9642075782774859
268868,1341925,1.0,0.5667488602680366
268877,1341939,1.0,0.5881190960475952
268879,1341944,1.0,0.7226105090803069
268887,1341955,1.0,0.5195732720248519
268888,1341956,1.0,0.6775455435891798
268892,1341962,1.0,0.7812382932445594
268893,1341963,1.0,0.5884801459504314
268894,1341965,1.0,0.6141275037657945
269022,1342100,1.0,0.5505241373853508
269024,1342102,1.0,0.6459524822485735
269028,1342106,1.0,0.505512265904153
269043,1342122,1.0,0.6810062806538009
269078,1342158,1.0,0.5646973909126526
269114,1342199,1.0,0.5356907489966939
269122,1342207,1.0,0.6984644182793767
269138,1342226,1.0,0.6274529248572499
269147,1342236,1.0,0.5670658717452759
269163,1342255,1.0,0.6361398131416974
269172,1342267,1.0,0.547754675451152
269187,1342283,1.0,0.7810140169721123
269204,1342303,1.0,0.5019412215534259
269237,1342339,1.0,0.5565779737345922
269300,1342412,1.0,0.7382547457964498
269310,1342426,1.0,0.7955064077731661
269326,1342445,1.0,0.610681880151428
269394,1342519,1.0,0.5673981621717228
269426,1342554,1.0,0.546934408732298
269508,1342639,1.0,0.6108081026288229
269531,1342669,1.0,0.6419161636621131
269532,1342670,1.0,0.6412972758561156
269538,1342684,1.0,0.5631781599682872
269539,1342685,1.0,0.7263084815455512
269540,1342686,1.0,0.7389311275540258
269541,1342693,1.0,0.535817232230471
269664,1342829,1.0,0.5570231610082219
269688,1342855,1.0,0.7197704927747969
269700,1342872,1.0,0.8455793421252903
269726,1342903,1.0,0.5235666009471951
269736,1342919,1.0,0.5873918852490453
269740,1342926,1.0,0.8082033334479924
269752,1342940,1.0,0.6688256875948863
269837,1343033,1.0,0.7415554009784266
269866,1343064,1.0,0.5735919512940361
269869,1343070,1.0,0.5856733433141724
269891,1343094,1.0,0.7953720822675423
269911,1343115,1.0,0.8284318937056285
269913,1343117,1.0,0.5056528227979317
269941,1343148,1.0,0.5466838529433035
269965,1343175,1.0,0.5555707495547643
270020,1343237,1.0,0.6353020328692801
270083,1343314,1.0,0.7037645492173699
270182,1343420,1.0,0.6190820656488076
270193,1343431,1.0,0.5516906493255108
270200,1343438,1.0,0.6187835494981275
270265,1343508,1.0,0.8181600155259842
270267,1343510,1.0,0.5747039895180233
270272,1343520,1.0,0.6874541338300383
270286,1343538,1.0,0.7804474688741877
270289,1343541,1.0,0.7061600168635928
270313,1343573,1.0,0.5280753397604515
270367,1343633,1.0,0.6446260334753058
270393,1343664,1.0,0.9367957714713306
270514,1343799,1.0,0.6173182635453779
270522,1343811,1.0,0.6841848505240481
270531,1343821,1.0,0.693613193474877
270532,1343822,1.0,0.5759957835990223
270533,1343823,1.0,0.5340179734872295
270587,1343881,1.0,0.506112195818277
270628,1343927,1.0,0.9609026200774787
270665,1343964,1.0,0.5091143086166549
270696,1343996,1.0,0.69659771191329
270705,1344005,1.0,0.8513878041896364
270724,1344024,1.0,0.7416971968529616
270744,1344045,1.0,0.5444127106886171
270756,1344058,1.0,0.6158443843366385
270815,1344120,1.0,0.6663355013581662
270831,1344138,1.0,0.8688035781076442
270858,1344171,1.0,0.7292074535573824
270895,1344214,1.0,0.5537181727936157
270921,1344245,1.0,0.5913569678707714
270928,1344253,1.0,0.8252537321250768
270969,1344298,1.0,0.616946042863893
271055,1344394,1.0,0.7543322817159231
271066,1344405,1.0,0.5571612984542237
271215,1344568,1.0,0.5914745997776747
271222,1344576,1.0,0.531839852747411
271233,1344588,1.0,0.5880699563923732
271257,1344612,1.0,0.7021786323936745
271312,1344680,1.0,0.8513882963692834
271313,1344681,1.0,0.8513882963692834
271328,1344698,1.0,0.9499625402378817
271371,1344743,1.0,0.7879961069354323
271392,1344764,1.0,0.5536238614392202
271398,1344770,1.0,0.5831015505401238
271416,1344791,1.0,0.6887331203376901
271417,1344792,1.0,0.8663375132950449
271427,1344807,1.0,0.8221597330585645
271433,1344816,1.0,0.7599948280434544
271434,1344818,1.0,0.6329573963856223
271534,1344933,1.0,0.6801495449596396
271622,1345027,1.0,0.7076234390023868
271720,1345144,1.0,0.935785379170273
271743,1345171,1.0,0.5597884809631684
271756,1345186,1.0,0.5096777423729119
271796,1345232,1.0,0.5851804090449332
271817,1345256,1.0,0.6819814320165484
271823,1345264,1.0,0.6923819103410592
271873,1345323,1.0,0.8636454209989531
271875,1345325,1.0,0.6217448487019817
271954,1345411,1.0,0.5535766696893943
271977,1345436,1.0,0.9895199269536563
272013,1345485,1.0,0.6055360842673332
272017,1345489,1.0,0.5426703285588426
272086,1345568,1.0,0.6048257821970711
272105,1345591,1.0,0.5148247695894549
272112,1345603,1.0,0.5827209181718549
272114,1345605,1.0,0.5002479930078232
272121,1345613,1.0,0.5207457601155924
272176,1345681,1.0,0.5660225852883974
272186,1345698,1.0,0.5203827003663695
272324,1345864,1.0,0.6066406889349528
272337,1345880,1.0,0.6335802393790769
272338,1345881,1.0,0.5062235407015968
272362,1345908,1.0,0.933176090341115
272388,1345940,1.0,0.5937383504662891
272456,1346018,1.0,0.5852106845598875
272504,1346069,1.0,0.673389131912345
272601,1346179,1.0,0.5726910107990542
272609,1346193,1.0,0.9360144679847948
272639,1346239,1.0,0.5489380341583988
272703,1346307,1.0,0.7194354297227584
272716,1346320,1.0,0.59890545533526
272799,1346412,1.0,0.8052029000226704
272820,1346439,1.0,0.6204474244953964
272824,1346443,1.0,0.7708736282315543
273150,1346788,1.0,0.5865930800040208
273185,1346827,1.0,0.6966581463904751
273192,1346834,1.0,0.6422731755848982
273210,1346857,1.0,0.528554661601637
273269,1346920,1.0,0.7506294944679404
273289,1346947,1.0,0.516789775264204
273310,1346973,1.0,0.691426740803834
273333,1347004,1.0,0.5845917215648208
273362,1347049,1.0,0.6977741597974549
273378,1347074,1.0,0.5518989988136508
273381,1347077,1.0,0.7091777358729052
273407,1347104,1.0,0.7078553407917018
273419,1347122,1.0,0.6768208307621174
273425,1347128,1.0,0.8229310699153752
273473,1347182,1.0,0.5009448959594935
273486,1347195,1.0,0.9362114542326874
273498,1347210,1.0,0.9294512260836776
273543,1347265,1.0,0.577754191495907
273680,1347423,1.0,0.6757554238028929
273715,1347465,1.0,0.5349889042546591
273747,1347501,1.0,0.7280182797023238
273813,1347576,1.0,0.5425783113867898
273816,1347582,1.0,0.6160778761270606
273818,1347588,1.0,0.7683887895497081
273820,1347591,1.0,0.7988166103799397
273822,1347597,1.0,0.7407578633615514
273824,1347603,1.0,0.708931338441497
273826,1347606,1.0,0.5533852927428524
273906,1347704,1.0,0.7402273927420374
273938,1347741,1.0,0.7710722648907344
273963,1347771,1.0,0.7559521859430695
274035,1347856,1.0,0.524249274804086
274037,1347858,1.0,0.5046217657835688
274038,1347860,1.0,0.5381335287118932
274056,1347881,1.0,0.5291053665094649
274100,1347934,1.0,0.8390255828874968
274158,1348005,1.0,0.5539158827845875
274175,1348027,1.0,0.6357609345285178
274180,1348033,1.0,0.6225641775586256
274196,1348051,1.0,0.526491753123641
274207,1348063,1.0,0.6779885980668312
274212,1348069,1.0,0.6405765115387582
274260,1348123,1.0,0.7737169433476959
274319,1348186,1.0,0.6438593856412518
274358,1348230,1.0,0.5408897767665091
274441,1348321,1.0,0.6054333562587673
274589,1348488,1.0,0.5243973578903239
274641,1348546,1.0,0.770722203259248
274645,1348766,1.0,0.5677346360117526
274652,1348780,1.0,0.5841284773025193
274703,1348836,1.0,0.6477628987617675
274729,1348865,1.0,0.7093338322264191
274735,1348873,1.0,0.5121551472032886
274745,1348886,1.0,0.5219320434586505
274759,1348904,1.0,0.6636225035451502
274778,1348925,1.0,0.9223835299589177
274809,1348958,1.0,0.7168985079008161
274844,1348997,1.0,0.6953648249902729
274904,1349065,1.0,0.504796365987147
274973,1349146,1.0,0.5639616598541419
274995,1349168,1.0,0.5331468882079899
275004,1349181,1.0,0.6718986294171653
275027,1349208,1.0,0.5290435585105964
275028,1349209,1.0,0.5211328563573018
275037,1349220,1.0,0.6972834951895612
275073,1349265,1.0,0.5340583454955251
275084,1349279,1.0,0.8791449340149087
275092,1349291,1.0,0.5783069848829783
275107,1349313,1.0,0.6302140338258271
275116,1349324,1.0,0.756647298897326
275148,1349357,1.0,0.6534672630881817
275164,1349373,1.0,0.6792098257641901
275190,1349400,1.0,0.8962596794184359
275283,1349501,1.0,0.5019890321867534
275340,1349568,1.0,0.8159538032941333
275420,1349661,1.0,0.6302134272186839
275443,1349687,1.0,0.8652254521729257
275479,1349737,1.0,0.5493670503226686
275491,1349750,1.0,0.814270135126941
275512,1349778,1.0,0.6184586007115958
275523,1349795,1.0,0.5534442538228493
275537,1349819,1.0,0.6026142784687887
275566,1349852,1.0,0.618676837771307
275755,1350059,1.0,0.7536320644701187
275776,1350082,1.0,0.6447334271502032
275833,1350143,1.0,0.6408759048547693
275861,1350175,1.0,0.6441176192286194
275923,1350247,1.0,0.7897752289698953
275930,1350255,1.0,0.5616537273372215
275973,1350302,1.0,0.6748362311816567
275988,1350320,1.0,0.6039427501963095
275992,1350324,1.0,0.8562869170232909
275995,1350327,1.0,0.5020673245627376
276006,1350344,1.0,0.5093788557624546
276019,1350361,1.0,0.630238722672323
276026,1350369,1.0,0.8121994386509851
276057,1350404,1.0,0.5397157901333399
276072,1350420,1.0,0.5851630020115306
276221,1350588,1.0,0.6315841861594107
276241,1350610,1.0,0.7359483956754104
276249,1350622,1.0,0.6407663173534845
276252,1350628,1.0,0.5649845799853923
276258,1350641,1.0,0.7169368267361692
276267,1350650,1.0,0.5436842272353349
276313,1350708,1.0,0.5988360011137879
276323,1350719,1.0,0.792553062427365
276329,1350733,1.0,0.7132748130739084
276330,1350734,1.0,0.7378231418316108
276345,1350751,1.0,0.5694832868957346
276363,1350778,1.0,0.529712446256543
276470,1350901,1.0,0.6281312803886864
276517,1350959,1.0,0.5723896770912119
276552,1350997,1.0,0.9304736319855494
276569,1351016,1.0,0.7825365372322158
276628,1351085,1.0,0.5726162795972294
276682,1351146,1.0,0.7413103683342175
276729,1351199,1.0,0.5226457819763755
276813,1351292,1.0,0.7700990905784051
276818,1351303,1.0,0.7305646321208716
276823,1351310,1.0,0.5943839414874489
276852,1351352,1.0,0.7344448395534939
276870,1351375,1.0,0.6277761538282055
276891,1351403,1.0,0.8914898005162919
276900,1351415,1.0,0.8898063141632321
276971,1351495,1.0,0.8230349412270616
276973,1351497,1.0,0.8157145954035254
276981,1351505,1.0,0.8002623932909846
276999,1351529,1.0,0.6372947757086651
277002,1351534,1.0,0.5047541068429917
277015,1351552,1.0,0.5110312406742548
277023,1351566,1.0,0.9345407287992534
277025,1351568,1.0,0.614578433312867
277032,1351578,1.0,0.8725885612417361
277036,1351584,1.0,0.8754018410957901
277040,1351592,1.0,0.7489072795410715
277051,1351605,1.0,0.5950314796926696
277055,1351610,1.0,0.7483984663412188
277069,1351628,1.0,0.6317219474896589
277095,1351661,1.0,0.5544799562202696
277101,1351669,1.0,0.5344681114574021
277104,1351672,1.0,0.6561874084983361
277106,1351675,1.0,0.712565323728424
277139,1351722,1.0,0.6688022488308814
277149,1351738,1.0,0.5487371929370601
277175,1351779,1.0,0.815344156293444
277190,1351800,1.0,0.8263327431788603
277195,1351805,1.0,0.5454986737676462
277196,1351807,1.0,0.6113553437357048
277200,1351813,1.0,0.6462322614318122
277202,1351823,1.0,0.5623635167987674
277204,1351829,1.0,0.6245430173542538
277220,1351849,1.0,0.6219056150966746
277222,1351852,1.0,0.5869743140113848
277235,1351873,1.0,0.7449702868211625
277246,1351893,1.0,0.5169809036422096
277313,1351980,1.0,0.6110144626395208
277359,1352027,1.0,0.6442174833079378
277395,1352066,1.0,0.5157731813761816
277447,1352123,1.0,0.7291632821126177
277478,1352157,1.0,0.5853549308640555
277527,1352219,1.0,0.6399157024966885
277558,1352253,1.0,0.8480828919056173
277565,1352260,1.0,0.7323537141340298
277569,1352264,1.0,0.5552858378278941
277637,1352341,1.0,0.5798110376544444
277656,1352360,1.0,0.6800139189646294
277713,1352422,1.0,0.7541468906110507
277738,1352448,1.0,0.5201272882909193
277744,1352454,1.0,0.5826213231659464
277766,1352478,1.0,0.5259977203690872
277868,1352591,1.0,0.6515039764791422
277904,1352634,1.0,0.8938178384860668
277911,1352655,1.0,0.6864490349276777
277983,1352734,1.0,0.8379493260194364
277984,1352735,1.0,0.6221838260768912
277992,1352745,1.0,0.6172083618281426
278046,1352810,1.0,0.5526828929134435
278057,1352823,1.0,0.6478822217228953
278069,1352836,1.0,0.5084744953431722
278076,1352846,1.0,0.5992638949331887
278082,1352854,1.0,0.5124852256963383
278084,1352856,1.0,0.6633095208793117
278090,1352863,1.0,0.5412745912440615
278092,1352867,1.0,0.8516059395492918
278100,1352879,1.0,0.7230373915484318
278105,1352884,1.0,0.5054075469953367
278108,1352888,1.0,0.8171763435147902
278113,1352897,1.0,0.5001071490612714
278171,1352964,1.0,0.8996483196479899
278180,1352974,1.0,0.9720176110908069
278398,1353204,1.0,0.5376065170508368
278410,1353217,1.0,0.5095634433666539
278464,1353275,1.0,0.5007984521937601
278493,1353313,1.0,0.7145636826358527
278496,1353316,1.0,0.8727864050547136
278506,1353326,1.0,0.7137919988085957
278530,1353357,1.0,0.6394271972804463
278695,1353537,1.0,0.5280824970542072
278737,1353588,1.0,0.7586927561501066
278739,1353590,1.0,0.6180080843583741
278742,1353594,1.0,0.5713766560150261
278745,1353601,1.0,0.7258146349566753
278746,1353602,1.0,0.5972988281928162
278751,1353611,1.0,0.5365913052746548
278759,1353619,1.0,0.7460852350886507
278820,1353685,1.0,0.5013978881422697
278860,1353731,1.0,0.577889999772732
278866,1353738,1.0,0.743535726034118
278892,1353771,1.0,0.5957238362953663
278894,1353774,1.0,0.5291765763244507
278920,1353816,1.0,0.5381854838892058
278925,1353824,1.0,0.7205699612047736
279076,1353992,1.0,0.7100292315699777
279115,1354034,1.0,0.6084992257789872
279139,1354064,1.0,0.5465016900440807
279202,1354138,1.0,0.5093702505027115
279207,1354143,1.0,0.6457267777425497
279283,1354227,1.0,0.5039522117468553
279286,1354230,1.0,0.5158207365702113
279309,1354254,1.0,0.5706733083872189
279384,1354343,1.0,0.6000613765103785
279393,1354360,1.0,0.5018208909200208
279395,1354365,1.0,0.5267454082408453
279396,1354368,1.0,0.5065037055201057
279415,1354388,1.0,0.6235291506015833
279433,1354409,1.0,0.8675873711858391
279438,1354415,1.0,0.8156214762494833
279460,1354447,1.0,0.5383577468106714
279471,1354462,1.0,0.7392348624992787
279607,1354608,1.0,0.7736082255892057
279638,1354641,1.0,0.6298105471700092
279696,1354701,1.0,0.6103769633316717
279769,1354782,1.0,0.5254844897053653
279840,1354862,1.0,0.5976887107688119
279864,1354892,1.0,0.5097238261290309
279890,1354919,1.0,0.8708353956478967
279902,1354934,1.0,0.6258749756737747
279929,1354964,1.0,0.5677941536428056
279982,1355019,1.0,0.7162525684347301
279989,1355027,1.0,0.6224503303615082
279990,1355028,1.0,0.9124605501029512
279997,1355042,1.0,0.8260617746005395
280003,1355052,1.0,0.6164406861963178
280015,1355065,1.0,0.791896026345757
280062,1355115,1.0,0.9482640311625771
280064,1355121,1.0,0.60681449742991
280107,1355180,1.0,0.6274037337043776
280116,1355194,1.0,0.5262453227498023
280119,1355199,1.0,0.5601449838058267
280128,1355208,1.0,0.5269808764019728
280142,1355232,1.0,0.5189167461601284
280148,1355242,1.0,0.5924711973475115
280150,1355245,1.0,0.530693623766191
280155,1355252,1.0,0.9156649499374848
280165,1355266,1.0,0.5418308765360315
280201,1355317,1.0,0.6480703621491697
280245,1355369,1.0,0.5758355502774345
280519,1355663,1.0,0.6179824730342235
280546,1355690,1.0,0.5397194754582622
280591,1355736,1.0,0.7885094464852784
280592,1355737,1.0,0.5847392498935851
280635,1355788,1.0,0.9459466275489467
280659,1355813,1.0,0.6166789833341264
280810,1355976,1.0,0.5443952668755637
280843,1356014,1.0,0.5429286562689634
280849,1356021,1.0,0.7866511780971793
280855,1356029,1.0,0.5919223963211834
280859,1356034,1.0,0.7901070239482025
280862,1356040,1.0,0.7023096421883861
280868,1356055,1.0,0.6074426951544803
280908,1356104,1.0,0.5512283043454683
280914,1356111,1.0,0.5500166400031571
280916,1356115,1.0,0.5724645934500656
280951,1356168,1.0,0.5229008070622758
280962,1356183,1.0,0.6168804799216063
280977,1356200,1.0,0.6941636138298284
281015,1356241,1.0,0.6065422170407183
281032,1356259,1.0,0.5032854228881873
281152,1356387,1.0,0.7301131553116192
281212,1356449,1.0,0.5280522286228193
281228,1356470,1.0,0.6064938198754365
281264,1356508,1.0,0.6613176657543293
281361,1356615,1.0,0.5103571974491229
281402,1356658,1.0,0.6241987611522204
281472,1356731,1.0,0.5613281849664207
281497,1356759,1.0,0.91227703044356
281555,1356823,1.0,0.6932706333478404
281660,1356937,1.0,0.8778982926310875
281711,1356992,1.0,0.5678397882825477
281744,1357031,1.0,0.9098379688067822
281758,1357048,1.0,0.8142678406032126
281764,1357073,1.0,0.8204308845186593
281768,1357084,1.0,0.5988375078857389
281819,1357142,1.0,0.5017835381743059
281873,1357214,1.0,0.5173367027901751
281878,1357221,1.0,0.5215200974899301
281879,1357223,1.0,0.598708152188534
282055,1357419,1.0,0.5426867653730204
282178,1357556,1.0,0.623080239986247
282181,1357559,1.0,0.50835147029868
282211,1357591,1.0,0.589966586045043
282238,1357622,1.0,0.535437972488104
282244,1357628,1.0,0.5150583025101343
282281,1357665,1.0,0.7782126843060173
282290,1357675,1.0,0.6029184690471119
282312,1357704,1.0,0.6860007038261887
282335,1357728,1.0,0.9074274941118278
282346,1357741,1.0,0.5271657696595213
282376,1357781,1.0,0.5288729075658133
282382,1357795,1.0,0.6096532792647835
282384,1357798,1.0,0.5844245474847413
282424,1357849,1.0,0.7542504144690977
282434,1357866,1.0,0.6425283397412503
282442,1357877,1.0,0.6980962328499328
282454,1357892,1.0,0.6278151931795116
282509,1357956,1.0,0.5684984114757621
282516,1357969,1.0,0.5924273548666026
282614,1358076,1.0,0.7905537290034053
282764,1358236,1.0,0.5743177532928565
282800,1358279,1.0,0.6206194980050722
282819,1358300,1.0,0.8868891031227163
282868,1358351,1.0,0.6191474391637153
282955,1358443,1.0,0.7179150781174019
282975,1358468,1.0,0.531979393323769
282999,1358497,1.0,0.9081771786035557
283031,1358533,1.0,0.7901629469884622
283035,1358539,1.0,0.7088718909424346
283037,1358544,1.0,0.8276823959630338
283060,1358577,1.0,0.6833827735736986
283112,1358636,1.0,0.5375510011962313
283136,1358664,1.0,0.7031425943849126
283157,1358686,1.0,0.6580953756328639
283166,1358696,1.0,0.8857134614107065
283182,1358712,1.0,0.5869454957667564
283203,1358734,1.0,0.6216321045937516
283212,1358745,1.0,0.6092903973842575
283295,1358838,1.0,0.9343387499170132
283325,1358871,1.0,0.5123305327495542
283334,1358881,1.0,0.9009964423522259
283577,1359146,1.0,0.840067432938638
283860,1359462,1.0,0.9075089977167683
283902,1359507,1.0,0.5533027883188061
283928,1359541,1.0,0.5967836634987363
283929,1359542,1.0,0.8143831369882842
283940,1359561,1.0,0.5974115163676148
283997,1359640,1.0,0.7334320379694022
284000,1359643,1.0,0.5393504217418834
284004,1359650,1.0,0.5252836602494213
284016,1359670,1.0,0.7133809246941016
284019,1359673,1.0,0.6221858311078874
284028,1359684,1.0,0.6229420145691386
284037,1359697,1.0,0.6272862550197592
284138,1359807,1.0,0.7950793887158576
284261,1359944,1.0,0.6314759791379405
284270,1359956,1.0,0.7800108764867019
284274,1359960,1.0,0.6540393829375262
284286,1359972,1.0,0.5185381807006938
284296,1359984,1.0,0.7819160536005146
284308,1359997,1.0,0.632829583343091
284310,1359999,1.0,0.6071028407634419
284340,1360032,1.0,0.5411943561135032
284377,1360074,1.0,0.7056632117842037
284434,1360135,1.0,0.755643746437852
284503,1360207,1.0,0.9051923303440103
284526,1360231,1.0,0.6310138380088842
284569,1360277,1.0,0.6843176891792624
284571,1360282,1.0,0.5781604306566049
284572,1360283,1.0,0.7603684561244748
284576,1360298,1.0,0.5421384622506475
284578,1360300,1.0,0.6980422679803917
284608,1360340,1.0,0.5607242571971911
284615,1360348,1.0,0.9478332083592741
284620,1360354,1.0,0.7921883685370742
284624,1360358,1.0,0.6482382320770625
284637,1360375,1.0,0.5132468329530999
284654,1360400,1.0,0.8111380420232083
284658,1360404,1.0,0.5485457692256235
284659,1360405,1.0,0.5357242298722158
284708,1360472,1.0,0.5606472617995514
284720,1360490,1.0,0.7564596497261644
284724,1360494,1.0,0.674001293942194
284762,1360543,1.0,0.7270403362319942
284780,1360564,1.0,0.8031102202562053
284822,1360610,1.0,0.507010472578356
284843,1360633,1.0,0.5011660081741216
284869,1360660,1.0,0.7442858484567808
284891,1360684,1.0,0.5742028137822709
284973,1360775,1.0,0.6575612177145429
285019,1360827,1.0,0.6322734548802659
285073,1360889,1.0,0.6287737219228662
285104,1360925,1.0,0.577968551846136
285120,1360942,1.0,0.829683537206377
285137,1360961,1.0,0.762292866199228
285146,1360978,1.0,0.5317908574876473
285221,1361084,1.0,0.6709118986951357
285260,1361138,1.0,0.6792099296314204
285273,1361155,1.0,0.5865212424381847
285347,1361247,1.0,0.7748658756844496
285384,1361286,1.0,0.7104865626469268
285417,1361323,1.0,0.6821801533987575
285426,1361333,1.0,0.7418695791787734
285623,1361547,1.0,0.8342151323608622
285733,1361670,1.0,0.5583411815129831
285824,1361769,1.0,0.7395426497701025
285880,1361848,1.0,0.5697379327269951
285897,1361866,1.0,0.5648874397718631
285974,1361958,1.0,0.6382164013785725
285986,1361975,1.0,0.77376829068246
286138,1362155,1.0,0.5876962313222353
286211,1362231,1.0,0.6649034983493409
286291,1362324,1.0,0.6620778186346359
286296,1362329,1.0,0.5704455699595193
286320,1362357,1.0,0.9607019292492931
286370,1362413,1.0,0.6128475178636776
286432,1362490,1.0,0.9523026083743069
286449,1362508,1.0,0.8137449662293857
286486,1362550,1.0,0.6091019181301092
286491,1362567,1.0,0.5989221800837843
286588,1362686,1.0,0.6856096322369769
286626,1362737,1.0,0.9232035552376607
286628,1362740,1.0,0.8121161605819525
286682,1362804,1.0,0.6125801475581811
286735,1362864,1.0,0.5463173365973227
286740,1362870,1.0,0.6891814449291785
286749,1362881,1.0,0.8605466051319253
286755,1362888,1.0,0.5895860457869632
286769,1362905,1.0,0.7824534775637826
286776,1362913,1.0,0.5699016849275952
286784,1362924,1.0,0.6293169257770695
286799,1362944,1.0,0.5042538833165935
286826,1362974,1.0,0.614237480271829
286830,1362979,1.0,0.8678267118555518
286895,1363045,1.0,0.7337352275268786
286900,1363050,1.0,0.8920627094440912
286913,1363066,1.0,0.9276879875076653
286953,1363127,1.0,0.5088364449098066
286985,1363165,1.0,0.7493616423250452
287010,1363196,1.0,0.6577854194412445
287099,1363297,1.0,0.5966177653999026
287507,1363732,1.0,0.8987730975805768
287514,1363742,1.0,0.5584653755804536
287533,1363770,1.0,0.9337787976453056
287538,1363780,1.0,0.7774470435530503
287574,1363834,1.0,0.7549594967946166
287579,1363840,1.0,0.6374751238744899
287587,1363850,1.0,0.5351172053978891
287606,1363875,1.0,0.6180167120329196
287612,1363881,1.0,0.6645798635048047
287689,1363972,1.0,0.5076819069442248
287698,1363981,1.0,0.6906305695217401
287785,1364084,1.0,0.5508776034547271
287812,1364113,1.0,0.7023254253243797
287826,1364128,1.0,0.6183871670453888
287844,1364147,1.0,0.728848982313721
287918,1364233,1.0,0.715661011607714
287978,1364301,1.0,0.7172318983231596
288002,1364330,1.0,0.6281365361670882
288013,1364347,1.0,0.7149531282741878
288029,1364372,1.0,0.8910566110343245
288044,1364389,1.0,0.8336882600265386
288057,1364407,1.0,0.7163185238260756
288064,1364418,1.0,0.506538148635883
288071,1364429,1.0,0.5139718365249765
288083,1364448,1.0,0.7950292607111573
288086,1364451,1.0,0.80346586970189
288090,1364458,1.0,0.5173616893854253
288123,1364501,1.0,0.754065356317699
288157,1364541,1.0,0.7543858702524443
288158,1364542,1.0,0.6368620198411168
288165,1364550,1.0,0.7780887990507147
288183,1364572,1.0,0.8303498229116005
288200,1364594,1.0,0.7862489514247201
288228,1364625,1.0,0.6088607321051168
288382,1364804,1.0,0.7566507618711688
288541,1365001,1.0,0.8222471747446791
288557,1365022,1.0,0.9151804354886808
288564,1365034,1.0,0.887622125008786
288569,1365040,1.0,0.9496906910489287
288585,1365060,1.0,0.7462098901972892
288589,1365066,1.0,0.8998463230605442
288598,1365078,1.0,0.5649297725793208
288603,1365084,1.0,0.5468839286152464
288649,1365139,1.0,0.9193956868473959
288670,1365163,1.0,0.8265332335183581
288671,1365164,1.0,0.6233909144938835
288759,1365270,1.0,0.7753858908459477
288801,1365318,1.0,0.9013317532922994
288825,1365348,1.0,0.9175368125889223
288961,1365503,1.0,0.7208321393974118
288968,1365514,1.0,0.5234056660789641
288983,1365533,1.0,0.7405675147235481
288984,1365534,1.0,0.8130244650426938
288986,1365536,1.0,0.7616897974323306
288990,1365597,1.0,0.5116651318291251
289000,1365610,1.0,0.807854931318529
289003,1365614,1.0,0.6066510804958827
289005,1365616,1.0,0.7360422083351218
289021,1365634,1.0,0.8709144299840698
289029,1365645,1.0,0.7422777500885859
289057,1365686,1.0,0.9492908242608454
289059,1365689,1.0,0.5003349215195579
289083,1365729,1.0,0.9269133814894034
289102,1365750,1.0,0.7167293260233547
289233,1365900,1.0,0.6546466931457341
289257,1365931,1.0,0.5847796549708975
289328,1366010,1.0,0.5885510472022679
289348,1366032,1.0,0.6965708324427977
289419,1366161,1.0,0.539106906615213
289427,1366170,1.0,0.5181889287983309
289457,1366206,1.0,0.8161726780590729
289513,1366276,1.0,0.6769544329087417
289544,1366329,1.0,0.7996975367445986
289546,1366335,1.0,0.5423599469170551
289649,1366448,1.0,0.6297057635051156
289664,1366464,1.0,0.7220135105274285
289672,1366475,1.0,0.5905012348469986
289682,1366486,1.0,0.6540272460689672
289700,1366510,1.0,0.5402437766174288
289703,1366513,1.0,0.6498944057213173
289728,1366545,1.0,0.5444232592644298
289741,1366561,1.0,0.7038384657483443
289747,1366568,1.0,0.8247809582344483
289797,1366628,1.0,0.6649388648299853
289809,1366647,1.0,0.9287355180286561
289865,1366723,1.0,0.612630605655346
289873,1366731,1.0,0.5353449095417373
289874,1366732,1.0,0.7813109801799882
289905,1366768,1.0,0.5098446155346464
289920,1366787,1.0,0.5768544702459201
289921,1366788,1.0,0.8475856058815859
289924,1366792,1.0,0.8366993543112713
289971,1366865,1.0,0.7666328309417281
289984,1366881,1.0,0.6302932865878889
289986,1366883,1.0,0.7829729202991919
289994,1366893,1.0,0.6465872835719706
290009,1366909,1.0,0.8431202637647143
290011,1366912,1.0,0.6629835716755208
290025,1366928,1.0,0.8785839742435771
290060,1366975,1.0,0.814101084316988
290069,1366989,1.0,0.764564075495137
290124,1367066,1.0,0.6329097266161288
290157,1367107,1.0,0.5974342966712786
290195,1367154,1.0,0.6167386693279782
290260,1367231,1.0,0.7106005640492146
290267,1367239,1.0,0.7157601281103816
290269,1367242,1.0,0.523484235118238
290271,1367244,1.0,0.6877575157335161
290276,1367252,1.0,0.843372992590589
290282,1367262,1.0,0.8099663919890125
290312,1367299,1.0,0.7113679604818388
290317,1367304,1.0,0.5994889647420151
290331,1367319,1.0,0.8557083581552215
290345,1367338,1.0,0.6262876145500109
290347,1367342,1.0,0.7047918515009153
290351,1367348,1.0,0.7127420050533875
290355,1367362,1.0,0.5197460748380627
290357,1367367,1.0,0.8270487049714962
290374,1367402,1.0,0.7355106385374937
290375,1367403,1.0,0.9361868972341829
290379,1367408,1.0,0.6132074348034368
290383,1367412,1.0,0.7670335182814852
290389,1367418,1.0,0.6871069067931425
290399,1367433,1.0,0.7968950623615675
290402,1367437,1.0,0.8635853490868731
290436,1367485,1.0,0.5966366333474323
290437,1367486,1.0,0.7147245270877196
290457,1367513,1.0,0.55009639019073
290458,1367514,1.0,0.8867831653143635
290468,1367526,1.0,0.690020263221548
290473,1367532,1.0,0.5499820864453066
290474,1367533,1.0,0.7222194048951222
290491,1367555,1.0,0.5394945588063949
290508,1367575,1.0,0.5128346461697242
290528,1367600,1.0,0.6187742324655224
290611,1367709,1.0,0.6720894038977372
290631,1367741,1.0,0.5657038913199764
290637,1367748,1.0,0.6401415827040355
290640,1367753,1.0,0.5850675169723323
290641,1367754,1.0,0.6023581999226293
290891,1368039,1.0,0.8892730209525762
290935,1368090,1.0,0.5430091527365581
290941,1368097,1.0,0.655283991252796
290945,1368101,1.0,0.8233414238006528
290969,1368130,1.0,0.795824119686987
290974,1368136,1.0,0.7153965874339079
291056,1368226,1.0,0.5991606490376823
291117,1368290,1.0,0.7699731433300677
291140,1368337,1.0,0.6207150911602743
291183,1368385,1.0,0.7504642837613872
291200,1368402,1.0,0.5345393293643879
291203,1368408,1.0,0.6000758762143705
291209,1368420,1.0,0.7244278975587983
291212,1368423,1.0,0.7391548768987192
291215,1368427,1.0,0.6650547294992256
291222,1368435,1.0,0.9285815065434116
291224,1368439,1.0,0.8919789544391719
291240,1368459,1.0,0.5585410445256118
291273,1368493,1.0,0.6914482930755379
291341,1368569,1.0,0.5887463004679448
291423,1368657,1.0,0.6294420072160165
291472,1368715,1.0,0.7360629205733614
291544,1368797,1.0,0.5360899810658537
291545,1368798,1.0,0.9478006248096025
291576,1368837,1.0,0.9217901640761631
291616,1368884,1.0,0.738435562135807
291623,1368891,1.0,0.7749857634381369
291676,1368951,1.0,0.695345512677858
291677,1368952,1.0,0.6367692182715816
291680,1368959,1.0,0.5821345974219451
291735,1369022,1.0,0.5155390361858
291799,1369102,1.0,0.8975514705888726
291826,1369140,1.0,0.8016865853156959
291841,1369161,1.0,0.5338460676373271
291852,1369173,1.0,0.9599352612209915
291858,1369180,1.0,0.6223148162017953
291860,1369184,1.0,0.6377726603943746
291870,1369196,1.0,0.8543602522074185
291878,1369205,1.0,0.8915833770252679
291900,1369236,1.0,0.536690901447696
292010,1369350,1.0,0.6146570636656193
292011,1369352,1.0,0.676932152664373
292012,1369353,1.0,0.634205748141156
292017,1369358,1.0,0.6696481382217494
292034,1369376,1.0,0.5555955197878149
292043,1369387,1.0,0.8352334082441342
292070,1369422,1.0,0.7214366726105585
292078,1369432,1.0,0.5943433241592716
292086,1369441,1.0,0.6527119811092852
292154,1369517,1.0,0.7762090832574732
292163,1369533,1.0,0.5777489992916577
292167,1369541,1.0,0.8939178991421624
292180,1369561,1.0,0.7917686113822441
292198,1369586,1.0,0.5493248503841865
292249,1369662,1.0,0.9033247021583009
292259,1369675,1.0,0.6115386768998691
292261,1369677,1.0,0.866283086022196
292271,1369690,1.0,0.7360317091364125
292272,1369691,1.0,0.6558374140461427
292278,1369699,1.0,0.644968912886446
292337,1369763,1.0,0.8385204443755649
292461,1369901,1.0,0.6763719292556399
292538,1369985,1.0,0.7557024466960152
292578,1370026,1.0,0.5072653789123183
292585,1370033,1.0,0.7246879848086396
292610,1370074,1.0,0.6171773674473758
292613,1370080,1.0,0.5516192718501449
292614,1370084,1.0,0.6713275112829389
292629,1370107,1.0,0.8663656202351859
292648,1370127,1.0,0.5205625625294357
292687,1370167,1.0,0.6222879384185034
292756,1370240,1.0,0.7426823008806467
292758,1370243,1.0,0.8646710938342833
292785,1370275,1.0,0.9351808388147345
292790,1370282,1.0,0.8590728965230479
292938,1370443,1.0,0.6470447502921014
292950,1370456,1.0,0.5254328910779446
292958,1370465,1.0,0.5877967812774558
292961,1370468,1.0,0.5048154510155957
292967,1370478,1.0,0.787056465041564
292969,1370480,1.0,0.6060482655260424
292970,1370481,1.0,0.5258615347385545
292982,1370495,1.0,0.576886939431093
292984,1370497,1.0,0.626910156597886
292989,1370504,1.0,0.8082334769378895
292998,1370516,1.0,0.5488472998512262
293015,1370542,1.0,0.666862932252462
293017,1370546,1.0,0.9373591107270397
293021,1370551,1.0,0.799428460238539
293032,1370564,1.0,0.6486116127887848
293033,1370565,1.0,0.7268604023257473
293060,1370606,1.0,0.5928122669835112
293078,1370631,1.0,0.8735611887382797
293079,1370632,1.0,0.89833130342365
293091,1370648,1.0,0.5992929745057632
293092,1370651,1.0,0.7862355233981148
293104,1370664,1.0,0.6802707984911298
293107,1370669,1.0,0.5066466203243047
293116,1370682,1.0,0.6399700066923649
293123,1370694,1.0,0.7195618559943833
293126,1370700,1.0,0.9160831412322975
293147,1370722,1.0,0.875513789269771
293166,1370748,1.0,0.6065548810182464
293167,1370749,1.0,0.553583784943608
293168,1370752,1.0,0.6955676264520678
293169,1370753,1.0,0.5490792354591222
293172,1370756,1.0,0.5461790949453567
293186,1370770,1.0,0.7089548358555252
293188,1370777,1.0,0.7952520530442547
293193,1370787,1.0,0.874187585689195
293201,1370795,1.0,0.5448396815726445
293222,1370826,1.0,0.6414861637832502
293228,1370834,1.0,0.5779736061480915
293273,1370885,1.0,0.7785308296688761
293279,1370891,1.0,0.6248638420182088
293284,1370896,1.0,0.6649696538002609
293288,1370900,1.0,0.6365866705603471
293299,1370913,1.0,0.5132413905483815
293302,1370918,1.0,0.5181899267067741
293311,1370928,1.0,0.878203787762576
293313,1370930,1.0,0.7529804163759776
293319,1370938,1.0,0.8102615233449241
293330,1370952,1.0,0.7748403127682957
293331,1370954,1.0,0.5625738913168493
293332,1370955,1.0,0.5277735734290003
293338,1370966,1.0,0.9852096408620801
293345,1370976,1.0,0.5617164409995882
293349,1370988,1.0,0.598075884974425
293367,1371013,1.0,0.5496559803446827
293371,1371017,1.0,0.8863673189651857
293412,1371079,1.0,0.9253019814768162
293447,1371126,1.0,0.7648203526643771
293450,1371129,1.0,0.8051435493695726
293452,1371131,1.0,0.8391991956158454
293455,1371136,1.0,0.7520004782783268
293466,1371150,1.0,0.7931429549497021
293476,1371163,1.0,0.692873097434165
293482,1371171,1.0,0.9799831648524887
293484,1371173,1.0,0.640194767386209
293493,1371188,1.0,0.5106690937205796
293528,1371238,1.0,0.78688639027671
293531,1371241,1.0,0.6934274955664046
293535,1371246,1.0,0.7864101612924206
293542,1371255,1.0,0.8692817425168426
293580,1371309,1.0,0.5260056064013714
293608,1371342,1.0,0.6101888400682219
293642,1371380,1.0,0.7819455976683893
293647,1371388,1.0,0.5803845039552527
293671,1371444,1.0,0.851574741028994
293672,1371446,1.0,0.6700126191046243
293687,1371463,1.0,0.5207932327117091
293705,1371487,1.0,0.7598897041978061
293771,1371577,1.0,0.5153665130587821
293800,1371616,1.0,0.5817578811398674
293820,1371641,1.0,0.7090470887459259
293821,1371642,1.0,0.8022401203446615
293857,1371688,1.0,0.7483325731877244
293858,1371690,1.0,0.5180752880237219
293912,1371745,1.0,0.6232813594103626
293965,1371802,1.0,0.6719037922194551
293976,1371814,1.0,0.5059297884026799
293980,1371820,1.0,0.6845905981344307
293984,1371826,1.0,0.7740015079720899
293985,1371827,1.0,0.5679726233534584
293986,1371829,1.0,0.5445483097474003
294025,1371885,1.0,0.6431452659201159
294042,1371909,1.0,0.522237630755798
294088,1371961,1.0,0.5214650798403294
294219,1372106,1.0,0.6522009071728107
294268,1372158,1.0,0.7888565912150708
294316,1372209,1.0,0.6531472339895978
294334,1372235,1.0,0.9244820428765116
294335,1372236,1.0,0.8777693825773624
294345,1372246,1.0,0.6137081057881268
294362,1372265,1.0,0.6303778246235928
294378,1372281,1.0,0.5639161316114998
294383,1372291,1.0,0.6360668877954757
294390,1372301,1.0,0.6289288149913576
294392,1372307,1.0,0.6442318789471413
294400,1372318,1.0,0.6651898212673418
294404,1372324,1.0,0.6950068248908007
294425,1372355,1.0,0.6577797820506419
294431,1372362,1.0,0.6311057898578077
294471,1372414,1.0,0.6217908201823593
294490,1372439,1.0,0.8385840964437156
294495,1372447,1.0,0.7036284481014107
294525,1372487,1.0,0.5978843354549312
294546,1372512,1.0,0.5553828099496322
294564,1372531,1.0,0.7552660554130708
294581,1372553,1.0,0.6511603406285191
294584,1372558,1.0,0.5669275377333334
294637,1372615,1.0,0.7042301782208796
294649,1372629,1.0,0.8042072164957487
294650,1372630,1.0,0.7495796401977716
294679,1372665,1.0,0.675677544241306
294696,1372690,1.0,0.7778936053992008
294701,1372697,1.0,0.6478354115181177
294720,1372723,1.0,0.6762333036204925
294729,1372735,1.0,0.6529648804346124
294776,1372806,1.0,0.5724874949458695
294792,1372826,1.0,0.7184976974512938
294811,1372853,1.0,0.5462719011016671
294821,1372869,1.0,0.5029113482985005
294839,1372893,1.0,0.8381387020247016
294862,1372924,1.0,0.5574060775128113
295060,1373145,1.0,0.5362705257430025
295092,1373189,1.0,0.7634087886532841
295125,1373241,1.0,0.817472569170604
295129,1373251,1.0,0.6071486861395613
295134,1373261,1.0,0.6043637525879022
295143,1373271,1.0,0.695954488715867
295166,1373304,1.0,0.7101453277811542
295167,1373305,1.0,0.7082879822732051
295238,1373393,1.0,0.8213591903946679
295269,1373428,1.0,0.5326992618146627
295276,1373438,1.0,0.8949292449120884
295293,1373465,1.0,0.768643885271638
295295,1373469,1.0,0.7989066334761559
295301,1373478,1.0,0.5721798981021002
295303,1373480,1.0,0.739586789202686
295306,1373484,1.0,0.8239953705243782
295307,1373485,1.0,0.7060917229317789
295308,1373486,1.0,0.764501892755546
295309,1373488,1.0,0.5619989438099253
295310,1373489,1.0,0.6875749871622552
295311,1373491,1.0,0.5812065493486885
295326,1373511,1.0,0.5440695836004517
295331,1373522,1.0,0.6533547115423375
295339,1373540,1.0,0.51437934644703
295358,1373564,1.0,0.5247545188558915
295391,1373612,1.0,0.9161454300744011
295509,1373750,1.0,0.5905576798380149
295521,1373766,1.0,0.6681411095480765
295524,1373771,1.0,0.8721601390409789
295553,1373812,1.0,0.7485114385094714
295610,1373887,1.0,0.6086741683379183
295646,1373937,1.0,0.7080106971116167
295669,1373977,1.0,0.5243969139994178
295682,1374001,1.0,0.5357369671088011
295692,1374022,1.0,0.5790136894095507
295694,1374025,1.0,0.6640059097616817
295743,1374090,1.0,0.7325468875500086
295748,1374095,1.0,0.5854651480007194
295798,1374155,1.0,0.856072207082049
295813,1374173,1.0,0.5872960852635678
295827,1374195,1.0,0.7120436493567988
295835,1374205,1.0,0.7044431698325146
295840,1374211,1.0,0.6739805450352052
295846,1374218,1.0,0.5973120925324794
295853,1374227,1.0,0.5903841221563864
295857,1374231,1.0,0.9289913597981868
295868,1374245,1.0,0.6418977103681838
295876,1374257,1.0,0.6592885778372933
295877,1374258,1.0,0.9853780295275705
295938,1374342,1.0,0.9115741781727343
295941,1374348,1.0,0.633728325963456
295948,1374359,1.0,0.797887176903173
295972,1374403,1.0,0.67396140564891
295988,1374425,1.0,0.7298677609971556
296006,1374449,1.0,0.7909879443844573
296052,1374513,1.0,0.8797761916472633
296099,1374576,1.0,0.5484820797102972
296122,1374610,1.0,0.859985413133415
296128,1374618,1.0,0.709347717602427
296145,1374643,1.0,0.5428972569768601
296155,1374658,1.0,0.5278347964685653
296168,1374682,1.0,0.6024215102576164
296195,1374719,1.0,0.7771332026545188
296252,1374818,1.0,0.638479778058041
296318,1374914,1.0,0.8108026676950053
296323,1374921,1.0,0.7366073922375919
296340,1374946,1.0,0.9132406313482498
296359,1374975,1.0,0.5502184874565893
296372,1375007,1.0,0.6428058509981486
296374,1375017,1.0,0.980578954637812
296378,1375027,1.0,0.5490867796986669
296381,1375031,1.0,0.5720602145247754
296387,1375038,1.0,0.5857079385127346
296390,1375043,1.0,0.6305485878545677
296402,1375059,1.0,0.5672300207205003
296426,1375100,1.0,0.6312063570854952
296429,1375105,1.0,0.7442397796691229
296463,1375148,1.0,0.5482539282934089
296505,1375208,1.0,0.9029296951830484
296512,1375220,1.0,0.6030353867159136
296623,1375385,1.0,0.5326816766552027
296633,1375397,1.0,0.5260281784388317
296675,1375450,1.0,0.6920311017594339
296677,1375452,1.0,0.6279105573341687
296702,1375483,1.0,0.5987515086643834
296756,1375551,1.0,0.8483888155729145
296810,1375621,1.0,0.8156737048162397
296879,1375713,1.0,0.5307181518473308
296885,1375725,1.0,0.6173796952294622
296886,1375726,1.0,0.5798766766083205
296890,1375730,1.0,0.7168106951007954
296892,1375732,1.0,0.6330813536445441
296914,1375760,1.0,0.6423198051486454
296999,1375895,1.0,0.5365240713296099
297040,1375958,1.0,0.5240066621532073
297059,1375991,1.0,0.6873772046420001
297130,1376111,1.0,0.5365465286273761
297150,1376140,1.0,0.5393154530533403
297176,1376178,1.0,0.7085743357148807
297228,1376262,1.0,0.60528442714338
297238,1376274,1.0,0.8233139506471633
297240,1376277,1.0,0.6596234041103252
297257,1376307,1.0,0.5378754372808885
297275,1376337,1.0,0.5064080683328572
297299,1376371,1.0,0.7721134599652042
297305,1376380,1.0,0.5731375513399601
297343,1376438,1.0,0.7387764222152092
297374,1376502,1.0,0.6040319206344477
297407,1376552,1.0,0.7091715278281767
297444,1376606,1.0,0.7478891850867563
297460,1376636,1.0,0.7092316671134139
297480,1376660,1.0,0.545506082503673
297639,1376906,1.0,0.8811959093790385
297684,1376973,1.0,0.5646407069627039
297730,1377032,1.0,0.8637076210079774
297736,1377042,1.0,0.7329784888329051
297754,1377082,1.0,0.9160189615763843
297770,1377113,1.0,0.688504000757221
297780,1377127,1.0,0.8363580519702191
297875,1377265,1.0,0.8863037113142319
297917,1377328,1.0,0.7162488757203211
297936,1377372,1.0,0.7675532521128475
297948,1377397,1.0,0.5869601270237973
297965,1377421,1.0,0.6044244070582425
298052,1377546,1.0,0.7062984903032016
298077,1377576,1.0,0.7415086205444361
298115,1377646,1.0,0.6792095542299701
298131,1377672,1.0,0.5212477373512818
298166,1377721,1.0,0.5077134641381809
298258,1377876,1.0,0.5214420621719238
298320,1377972,1.0,0.618664694125837
298367,1378037,1.0,0.6666283772460612
298387,1378071,1.0,0.8632657413548603
298403,1378098,1.0,0.8102973750538464
298420,1378127,1.0,0.6715032501114073
298438,1378150,1.0,0.8860058314482413
298486,1378213,1.0,0.5236577805021593
298511,1378245,1.0,0.5177270763630741
298530,1378268,1.0,0.8005542670527401
298545,1378288,1.0,0.8106850371979986
298554,1378301,1.0,0.5426658212237544
298556,1378306,1.0,0.7944491515784474
298612,1378390,1.0,0.5281792853608955
298617,1378396,1.0,0.8498503725853911
298623,1378417,1.0,0.5495583065461781
298669,1378487,1.0,0.5018692112299682
298708,1378539,1.0,0.6112058561480974
298759,1378607,1.0,0.5276284541297699
298772,1378624,1.0,0.5925973251717184
298821,1378695,1.0,0.8011972257179285
298869,1378761,1.0,0.8739238641780739
298878,1378776,1.0,0.5697736214785923
298898,1378810,1.0,0.5668062421694312
298911,1378826,1.0,0.8624068736821837
298951,1378902,1.0,0.5090700011298364
298960,1378912,1.0,0.5332121595003935
298962,1378915,1.0,0.8200837818915878
298999,1378972,1.0,0.7207253064081007
299008,1378983,1.0,0.8133676270825722
299021,1379003,1.0,0.9373844341043466
299023,1379005,1.0,0.6210146351407423
299031,1379016,1.0,0.7690172489942169
299065,1379059,1.0,0.9635272977532432
299067,1379062,1.0,0.6210593518498446
299104,1379115,1.0,0.5099587763929495
299143,1379181,1.0,0.8943307244026867
299153,1379194,1.0,0.5490793733679074
299171,1379220,1.0,0.5305981211820776
299242,1379331,1.0,0.5833024302489117
299300,1379416,1.0,0.6475966854769992
299308,1379427,1.0,0.8026017668744606
299337,1379477,1.0,0.6830692855223768
299402,1379562,1.0,0.9522608465988561
299409,1379571,1.0,0.5331792274317281
299439,1379612,1.0,0.5021929547615366
299451,1379629,1.0,0.647624565524723
299517,1379715,1.0,0.665712487192489
299571,1379780,1.0,0.6888135211290822
299681,1379942,1.0,0.687209408455944
299745,1380026,1.0,0.7652988166913838
299779,1380083,1.0,0.7385921561729882
299811,1380124,1.0,0.5379765581405829
299857,1380202,1.0,0.5856281618027482
299878,1380235,1.0,0.6138368320351569
299939,1380318,1.0,0.6251996244736369
300005,1380411,1.0,0.7005738489751143
300007,1380415,1.0,0.5601257787015047
300010,1380429,1.0,0.5080937060556469
300056,1380491,1.0,0.9615131702067315
300059,1380494,1.0,0.7540423955140633
300066,1380507,1.0,0.8609815025675105
300073,1380518,1.0,0.6096555926658885
300085,1380533,1.0,0.640096222066905
300133,1380599,1.0,0.6128968581556483
300162,1380645,1.0,0.6793017414625984
300207,1380721,1.0,0.5561635779255635
300215,1380737,1.0,0.5957330553949949
300224,1380746,1.0,0.516647829496505
300278,1380821,1.0,0.6243443600906763
300279,1380822,1.0,0.8176262210233954
300287,1380833,1.0,0.6728327827019367
300290,1380836,1.0,0.718734944160852
300309,1380859,1.0,0.8888995540006444
300313,1380863,1.0,0.5524427197073949
300358,1380924,1.0,0.6093277223326721
300436,1381083,1.0,0.8443947834533859
300438,1381085,1.0,0.7042103718874527
300524,1381200,1.0,0.6216530094735243
300525,1381201,1.0,0.8923578993299045
300570,1381264,1.0,0.891137299748527
300586,1381286,1.0,0.5589103478028061
300718,1381468,1.0,0.8636030936602392
300786,1381581,1.0,0.5709954000923134
300803,1381602,1.0,0.5508693640005584
300831,1381642,1.0,0.6090608415409716
300860,1381688,1.0,0.5194202305525604
300863,1381692,1.0,0.5495025488163422
300878,1381714,1.0,0.6854843777781048
300889,1381735,1.0,0.6820564702477113
300890,1381736,1.0,0.5329970223467448
300924,1381782,1.0,0.6774217436406809
300990,1381877,1.0,0.5578538402229353
301014,1381917,1.0,0.8336101262290769
301056,1381974,1.0,0.5540997556476327
301076,1382001,1.0,0.693098635978388
301087,1382018,1.0,0.6766402868476122
301095,1382028,1.0,0.8764206678206207
301129,1382088,1.0,0.5159122674814232
301131,1382090,1.0,0.7909232868138234
301132,1382091,1.0,0.6135329908614242
301141,1382106,1.0,0.5894014288204729
301158,1382135,1.0,0.6484453829240724
301159,1382137,1.0,0.5799908919986618
301170,1382152,1.0,0.6695570906936373
301206,1382209,1.0,0.5732808943762877
301253,1382271,1.0,0.9612961522596116
301327,1382381,1.0,0.6289673751207693
301341,1382407,1.0,0.5450432342751321
301367,1382437,1.0,0.5249189161313597
301378,1382449,1.0,0.6889013958072159
301385,1382459,1.0,0.7253347350459024
301414,1382499,1.0,0.9759916155166073
301416,1382502,1.0,0.8602373232867969
301425,1382518,1.0,0.5327229584679708
301448,1382551,1.0,0.8697947348726435
301456,1382560,1.0,0.8248678718602048
301467,1382576,1.0,0.5566462431028419
301492,1382623,1.0,0.6130415375974664
301550,1382702,1.0,0.9010106073443884
301574,1382737,1.0,0.8692026632378328
301598,1382776,1.0,0.8707025194683157
301653,1382854,1.0,0.5109746758414532
301670,1382875,1.0,0.5580229823503736
301701,1382915,1.0,0.8091057230994038
301705,1382919,1.0,0.5155271847009298
301714,1382930,1.0,0.7351975269505683
301716,1382932,1.0,0.8529838514056184
301783,1383037,1.0,0.502772667945867
301786,1383043,1.0,0.5210353013082144
301801,1383065,1.0,0.8256352500754005
301811,1383081,1.0,0.6202141347623077
301875,1383271,1.0,0.6285506254997688
301913,1383328,1.0,0.9268322855613447
301925,1383347,1.0,0.9484695012091469
301942,1383366,1.0,0.6908642871559757
301962,1383396,1.0,0.513138569093248
301985,1383427,1.0,0.513739297297608
302000,1383451,1.0,0.5397050306780009
302002,1383454,1.0,0.7000191683352056
302007,1383469,1.0,0.5468978267413638
302008,1383478,1.0,0.9649172544290151
302023,1383506,1.0,0.5200031779846764
302040,1383527,1.0,0.6093123632549401
302060,1383558,1.0,0.6754952493897725
302061,1383559,1.0,0.8881246899468697
302140,1383658,1.0,0.5278724702031595
302164,1383711,1.0,0.5011859579443542
302176,1383729,1.0,0.8823121177364814
302183,1383743,1.0,0.7158215045671167
302231,1383823,1.0,0.7071336138372529
302242,1383839,1.0,0.7618962144911697
302244,1383841,1.0,0.6898827635366862
302271,1383881,1.0,0.9644941380152426
302273,1383887,1.0,0.8626874454311699
302347,1383995,1.0,0.6820456306623705
302348,1383996,1.0,0.6861959993357313
302353,1384005,1.0,0.7336108283462816
302401,1384076,1.0,0.6443660474991524
302445,1384136,1.0,0.9154513591618986
302453,1384147,1.0,0.6754952493897725
302504,1384215,1.0,0.9085306982842575
302541,1384269,1.0,0.9643157364388638
302555,1384318,1.0,0.7126037382682345
302615,1384404,1.0,0.8661639993177567
302627,1384421,1.0,0.7973788519453605
302728,1384583,1.0,0.9345380884771809
302755,1384622,1.0,0.6827598854600703
302790,1384677,1.0,0.538703905495105
302821,1384723,1.0,0.5125539438590294
302851,1384778,1.0,0.8771392775103882
302858,1384788,1.0,0.5164749401953392
302907,1384869,1.0,0.5028798740667514
302919,1384884,1.0,0.5244225340014416
302942,1384915,1.0,0.7233060955730676
302998,1385000,1.0,0.5638836483953925
303025,1385038,1.0,0.6930871762573303
303061,1385109,1.0,0.5955117891121496
303065,1385116,1.0,0.6685604235064059
303090,1385151,1.0,0.5837147914662892
303092,1385154,1.0,0.6808973233986618
303097,1385159,1.0,0.7789628115047119
303105,1385169,1.0,0.6277542809460259
303127,1385198,1.0,0.6067226753058712
303168,1385253,1.0,0.8706217215329239
303169,1385254,1.0,0.6817716033022668
303174,1385262,1.0,0.6670239391448979
303177,1385278,1.0,0.6684343172980886
303184,1385290,1.0,0.7011709539000273
303221,1385339,1.0,0.8697717632349278
303250,1385377,1.0,0.5159488526980006
303259,1385389,1.0,0.8218552938716511
303273,1385408,1.0,0.9689733501298583
303357,1385527,1.0,0.61720459877257
303367,1385542,1.0,0.9130640863662273
303517,1385737,1.0,0.5461437736932956
303557,1385789,1.0,0.5587714074764889
303563,1385797,1.0,0.8522252319076916
303620,1385867,1.0,0.604351152818444
303630,1385881,1.0,0.6848820282623043
303634,1385889,1.0,0.7669866611834203
303637,1385900,1.0,0.7660491538979216
303705,1386001,1.0,0.7148812464733988
303708,1386008,1.0,0.9074418009906086
303727,1386033,1.0,0.582226610746872
303750,1386068,1.0,0.6099837883202746
303794,1386137,1.0,0.8152139369204386
303918,1386326,1.0,0.9551051261618758
303941,1386360,1.0,0.6318671370171968
303990,1386426,1.0,0.6741164901896142
303992,1386428,1.0,0.7774294277279437
304083,1386564,1.0,0.8379897356116257
304094,1386579,1.0,0.7780076575117768
304114,1386602,1.0,0.9134857371433072
304115,1386604,1.0,0.9084147486598265
304132,1386626,1.0,0.6458134223569859
304155,1386657,1.0,0.5796440773034158
304168,1386678,1.0,0.6383883792805111
304169,1386679,1.0,0.6879325482086736
304247,1386786,1.0,0.590411113771226
304253,1386800,1.0,0.6460456332382738
304265,1386822,1.0,0.7546054358969965
304270,1386834,1.0,0.6255067849047765
304280,1386851,1.0,0.500373253617142
304333,1386927,1.0,0.5254674444161661
304369,1386980,1.0,0.5787759128422366
304397,1387021,1.0,0.5259572220240986
304402,1387029,1.0,0.5690563037141965
304417,1387051,1.0,0.8086959365015705
304422,1387072,1.0,0.575432749301487
304445,1387104,1.0,0.5636158781082158
304530,1387215,1.0,0.7619993154624898
304586,1387306,1.0,0.6774846654351787
304675,1387441,1.0,0.661945236265432
304681,1387450,1.0,0.6106688268989088
304762,1387564,1.0,0.5357129340514677
304802,1387621,1.0,0.7154031066424977
304812,1387636,1.0,0.5162805668496167
304845,1387691,1.0,0.7310715188251765
304850,1387698,1.0,0.5912672273222502
304896,1387762,1.0,0.881399106558162
304941,1387827,1.0,0.6395899630931826
304950,1387839,1.0,0.7032989439397858
305032,1387950,1.0,0.6367479978808989
305062,1387988,1.0,0.88317586637003
305074,1388019,1.0,0.673480387471398
305120,1388087,1.0,0.953090996250492
305122,1388089,1.0,0.5620663805472942
305235,1388274,1.0,0.5673155355933999
305246,1388289,1.0,0.6965429287930669
305263,1388314,1.0,0.6941178086480071
305294,1388351,1.0,0.5123678529887983
305345,1388420,1.0,0.5638308450739271
305371,1388458,1.0,0.7519444780908812
305398,1388492,1.0,0.9673889115054556
305403,1388501,1.0,0.5211803990041275
305463,1388588,1.0,0.8106401088122378
305470,1388600,1.0,0.7069822552405768
305471,1388601,1.0,0.6126215598346244
305477,1388609,1.0,0.647326612941127
305497,1388648,1.0,0.5045726090576681
305504,1388657,1.0,0.5756300246983325
305515,1388674,1.0,0.8091433978241155
305534,1388703,1.0,0.9151127068925844
305560,1388740,1.0,0.6814163739293401
305578,1388761,1.0,0.8179173741942795
305581,1388767,1.0,0.6579050639357481
305592,1388788,1.0,0.577240797368048
305624,1388838,1.0,0.947067084901496
305713,1388965,1.0,0.7787483142836
305731,1388989,1.0,0.5618083869237638
305735,1388995,1.0,0.571468708871709
305744,1389007,1.0,0.5678789561642856
305765,1389035,1.0,0.609556273670864
305791,1389073,1.0,0.8752227848803233
305808,1389097,1.0,0.6481133092872143
305832,1389137,1.0,0.6522956498806513
305861,1389186,1.0,0.7144976075830519
305895,1389237,1.0,0.6208180379025529
305929,1389292,1.0,0.8375537572957658
305941,1389309,1.0,0.5081512861709384
305955,1389331,1.0,0.9529562123492917
305960,1389339,1.0,0.5575777108388492
305965,1389350,1.0,0.6176524689962783
305966,1389351,1.0,0.735284833500618
305973,1389362,1.0,0.8466753687618274
306020,1389436,1.0,0.6776323544610261
306036,1389461,1.0,0.5543939390911673
306041,1389468,1.0,0.6320282480644476
306059,1389488,1.0,0.5320309970101401
306082,1389516,1.0,0.7443893035583357
306099,1389545,1.0,0.6059373422582813
306112,1389570,1.0,0.7045717787371416
306113,1389573,1.0,0.9181396044294629
306114,1389574,1.0,0.709404133420567
306123,1389596,1.0,0.6092315940355263
306141,1389617,1.0,0.8127186856933477
306186,1389673,1.0,0.7181878600370978
306202,1389694,1.0,0.8090727106749123
306239,1389757,1.0,0.6678555461093543
306267,1389803,1.0,0.5492383323034411
306291,1389834,1.0,0.5817368674244084
306295,1389839,1.0,0.9166112063440788
306346,1389912,1.0,0.8158457912268288
306385,1389981,1.0,0.5094749241132785
306426,1390036,1.0,0.6088305658752067
306431,1390042,1.0,0.594527338372372
306435,1390052,1.0,0.5672790195946094
306516,1390165,1.0,0.6907384758781786
306517,1390167,1.0,0.5068209526843195
306522,1390175,1.0,0.6258366685098682
306526,1390181,1.0,0.6912837305836415
306541,1390209,1.0,0.631818345178779
306548,1390220,1.0,0.5924590346565786
306558,1390234,1.0,0.5743634739402164
306639,1390346,1.0,0.598324813086857
306651,1390369,1.0,0.6887729978788509
306684,1390417,1.0,0.5869958112622511
306691,1390428,1.0,0.5376608452869976
306764,1390529,1.0,0.5210182241085886
306794,1390572,1.0,0.5051770847344828
306813,1390594,1.0,0.910833169159698
306922,1390768,1.0,0.570782282444645
306939,1390790,1.0,0.8403256632315622
306964,1390821,1.0,0.8693703048589637
306993,1390866,1.0,0.7445498664242929
306996,1390870,1.0,0.5187578534742738
307040,1390929,1.0,0.5567066922934794
307051,1390949,1.0,0.5662061974766137
307067,1390971,1.0,0.5874363397119401
307099,1391025,1.0,0.8675898847207257
307113,1391043,1.0,0.5950643455964525
307115,1391045,1.0,0.7693392864670822
307172,1391133,1.0,0.7230520517177602
307186,1391156,1.0,0.540711795845049
307203,1391178,1.0,0.6064544758919587
307204,1391179,1.0,0.6899926596677501
307218,1391198,1.0,0.7865236152422257
307249,1391235,1.0,0.5479025668444997
307256,1391243,1.0,0.7899523036415155
307271,1391263,1.0,0.6636576072625698
307285,1391283,1.0,0.5252652344041903
307337,1391366,1.0,0.6325533357957185
307342,1391375,1.0,0.7625837085150795
307343,1391377,1.0,0.6666114497290556
307350,1391390,1.0,0.5116077936630906
307360,1391400,1.0,0.5938977468088302
307368,1391412,1.0,0.7372533616837355
307373,1391417,1.0,0.5088659780806652
307410,1391465,1.0,0.5393733983046098
307438,1391510,1.0,0.5282566892231115
307470,1391571,1.0,0.5906307443425134
307505,1391617,1.0,0.5290238277423429
307569,1391709,1.0,0.5818846755552634
307574,1391714,1.0,0.5788352777069516
307585,1391736,1.0,0.7298614908882903
307612,1391787,1.0,0.6660956213623326
307619,1391797,1.0,0.6298215134345662
307621,1391799,1.0,0.6969408513788016
307658,1391850,1.0,0.570134011847464
307692,1391902,1.0,0.6759663387833016
307726,1391951,1.0,0.6316488741498492
307772,1392020,1.0,0.8787345827639091
307821,1392101,1.0,0.6905782764497139
307830,1392113,1.0,0.5384873875588976
307834,1392118,1.0,0.9246252527870138
307847,1392158,1.0,0.7696289512204944
307850,1392161,1.0,0.5700428806389082
307868,1392187,1.0,0.5568869287668771
307930,1392278,1.0,0.5372770290734703
307942,1392298,1.0,0.6724947384108391
307946,1392303,1.0,0.6292342995867966
307950,1392312,1.0,0.8110932461605871
307951,1392313,1.0,0.7093675114169169
307952,1392315,1.0,0.6227273519012103
307963,1392338,1.0,0.5053594555810147
307975,1392355,1.0,0.5234697259189008
308031,1392437,1.0,0.616291094013787
308033,1392440,1.0,0.6805595532613913
308050,1392460,1.0,0.598771890199071
308055,1392465,1.0,0.8528904957706316
308057,1392468,1.0,0.5789875036941909
308076,1392501,1.0,0.5404903043947066
308080,1392508,1.0,0.6286905434812586
308096,1392536,1.0,0.9400032675254745
308098,1392541,1.0,0.926014653000295
308101,1392548,1.0,0.930288319793672
308119,1392580,1.0,0.6438954401237111
308159,1392641,1.0,0.6718391326737299
308162,1392645,1.0,0.8744494167335871
308202,1392701,1.0,0.6227282882158028
308233,1392749,1.0,0.6590060294209099
308240,1392759,1.0,0.6870776654636688
308266,1392795,1.0,0.5074233317981257
308271,1392802,1.0,0.5543139603124771
308292,1392829,1.0,0.6328563308954329
308341,1392890,1.0,0.6931456795645121
308344,1392893,1.0,0.5853967720085427
308350,1392904,1.0,0.6148951783785045
308358,1392922,1.0,0.5020845055427278
308362,1392929,1.0,0.6292150624365042
308379,1392958,1.0,0.5148108743676257
308428,1393026,1.0,0.6465928325367308
308432,1393030,1.0,0.7684345360882743
308435,1393034,1.0,0.6897907793512055
308437,1393036,1.0,0.8883908455848627
308440,1393041,1.0,0.6161627946887906
308455,1393063,1.0,0.6657328136967112
308461,1393071,1.0,0.7584900669769679
308496,1393115,1.0,0.5423864595631004
308506,1393127,1.0,0.5188181119469294
308522,1393150,1.0,0.6696527596543337
308534,1393169,1.0,0.6450513020420202
308545,1393183,1.0,0.6233320747042385
308546,1393184,1.0,0.6549574203923104
308560,1393210,1.0,0.6276359401263237
308569,1393223,1.0,0.6166357191946984
308578,1393236,1.0,0.7701463678643152
308585,1393250,1.0,0.5100010867726976
308594,1393263,1.0,0.5144827908424784
308628,1393312,1.0,0.6151659466339128
308650,1393349,1.0,0.6720401175060768
308688,1393421,1.0,0.6006261843505407
308691,1393427,1.0,0.594776653825614
308705,1393449,1.0,0.6127151132028275
308714,1393462,1.0,0.5410558761412199
308735,1393510,1.0,0.762708046060871
308760,1393548,1.0,0.63264746633849
308782,1393582,1.0,0.5808138868324619
308785,1393586,1.0,0.5703228172102673
308804,1393615,1.0,0.8558606102965155
308823,1393637,1.0,0.7834915851953916
308834,1393655,1.0,0.6574325015485897
308888,1393734,1.0,0.5085095372742475
308953,1393842,1.0,0.5029268218248686
308985,1393886,1.0,0.8714674847658439
308988,1393889,1.0,0.5843893948551041
309047,1393970,1.0,0.7271581043712222
309068,1394006,1.0,0.6250050650047771
309093,1394049,1.0,0.9587081589986008
309112,1394073,1.0,0.6719196350456855
309121,1394086,1.0,0.6047612782730644
309124,1394089,1.0,0.888321199339906
309164,1394149,1.0,0.6468975395111756
309194,1394193,1.0,0.6968733398468541
309195,1394195,1.0,0.7477477793672671
309207,1394217,1.0,0.6753068294028441
309216,1394232,1.0,0.5496573968110083
309225,1394242,1.0,0.5676138230215959
309241,1394264,1.0,0.5707791331452043
309291,1394343,1.0,0.8156190170125032
309292,1394344,1.0,0.7218078795052291
309320,1394394,1.0,0.7267474780629722
309324,1394398,1.0,0.570550628129552
309365,1394463,1.0,0.7380572620702098
309408,1394527,1.0,0.5408529294062536
309409,1394528,1.0,0.6196711225631355
309410,1394530,1.0,0.5957325341340958
309415,1394539,1.0,0.659680470020596
309433,1394569,1.0,0.5305169840439616
309452,1394593,1.0,0.5160949199800003
309456,1394597,1.0,0.6056619328887021
309462,1394608,1.0,0.7114898683216183
309531,1394734,1.0,0.6052935577963918
309561,1394768,1.0,0.5511334575115162
309595,1394817,1.0,0.6936689748837295
309604,1394832,1.0,0.7104134804164396
309620,1394866,1.0,0.7352325269725594
309624,1394871,1.0,0.5811201523832114
309641,1394893,1.0,0.721833012405269
309654,1394910,1.0,0.6929052767457745
309662,1394924,1.0,0.5891320624045299
309668,1394934,1.0,0.9459689707904378
309713,1395005,1.0,0.517665154431012
309738,1395050,1.0,0.5574754918982269
309741,1395054,1.0,0.5828979979635798
309764,1395099,1.0,0.550689770029823
309768,1395106,1.0,0.527013579378499
309775,1395121,1.0,0.7501721148872685
309806,1395168,1.0,0.5001683649553402
309826,1395197,1.0,0.5946499216147857
309834,1395207,1.0,0.6298978693907368
309845,1395225,1.0,0.6558151304223807
309885,1395283,1.0,0.6238478706998535
309905,1395312,1.0,0.5314371715148382
309916,1395335,1.0,0.5470250017352787
309918,1395337,1.0,0.8894191253665537
309967,1395427,1.0,0.6679869298673287
309975,1395438,1.0,0.5160153193081879
309977,1395442,1.0,0.5915932252483767
309981,1395447,1.0,0.5250885088602967
309982,1395448,1.0,0.5041265486720546
309995,1395464,1.0,0.5779662155728826
310027,1395508,1.0,0.5938846696213764
310053,1395549,1.0,0.7370493605551132
310054,1395550,1.0,0.5564484839422463
310061,1395559,1.0,0.9837645914535686
310075,1395584,1.0,0.8185409302296587
310098,1395616,1.0,0.5987001760407162
310113,1395643,1.0,0.5157179123782881
310118,1395651,1.0,0.8954257274423759
310152,1395703,1.0,0.5204155645995678
310161,1395715,1.0,0.5512018031713415
310203,1395777,1.0,0.7314670282742313
310230,1395821,1.0,0.5124373840126024
310238,1395833,1.0,0.8321518088380294
310250,1395854,1.0,0.5367902108555875
310261,1395878,1.0,0.7223697734680774
310285,1395914,1.0,0.6761786405770944
310296,1395929,1.0,0.5269021029099042
310299,1395933,1.0,0.8958195181492963
310321,1395965,1.0,0.5829593896660741
310360,1396021,1.0,0.6573258548222172
310372,1396045,1.0,0.5002619875140235
310376,1396053,1.0,0.5935950830107595
310382,1396060,1.0,0.5601851854348071
310391,1396072,1.0,0.6188424226532734
310413,1396113,1.0,0.7383138783582269
310425,1396136,1.0,0.6190861231550755
310452,1396179,1.0,0.5214219920739788
310456,1396184,1.0,0.6861098765234369
310508,1396278,1.0,0.7624586059379931
310535,1396326,1.0,0.8116970603425768
310538,1396329,1.0,0.5909988082122895
310572,1396394,1.0,0.5756965027566314
310597,1396434,1.0,0.70842372387241
310611,1396455,1.0,0.6634776969448898
310629,1396478,1.0,0.5531011548412427
310682,1396560,1.0,0.5561771347993334
310692,1396578,1.0,0.5438911075520969
310696,1396586,1.0,0.53404339494497
310697,1396588,1.0,0.9575839450486516
310700,1396602,1.0,0.6476819452413856
310711,1396621,1.0,0.5524868913469253
310717,1396629,1.0,0.776398659594002
310720,1396634,1.0,0.5093812141714777
310734,1396663,1.0,0.5064317144291296
310735,1396665,1.0,0.599461722004196
310754,1396688,1.0,0.6309434413796126
310764,1396699,1.0,0.7058275670725062
310769,1396707,1.0,0.6974763403517851
310800,1396748,1.0,0.5195197313634501
310814,1396767,1.0,0.6466144788524163
310825,1396782,1.0,0.5438389963106962
310826,1396783,1.0,0.6789508435265544
310833,1396794,1.0,0.6939565198534394
310866,1396855,1.0,0.5044116042160517
310969,1397005,1.0,0.61815174141649
310970,1397007,1.0,0.5783515445294282
310980,1397035,1.0,0.6045430832628591
310994,1397055,1.0,0.9917128544176875
311014,1397077,1.0,0.5358367781400942
311020,1397087,1.0,0.5239777292286383
311062,1397154,1.0,0.7382204985081785
311063,1397155,1.0,0.5225166209372145
311073,1397167,1.0,0.5430419838918245
311106,1397228,1.0,0.949613047197421
311119,1397247,1.0,0.5886596586321856
311121,1397249,1.0,0.5480273906553059
311188,1397355,1.0,0.8434532377068019
311219,1397415,1.0,0.507844369553894
311223,1397421,1.0,0.5388510151604461
311259,1397476,1.0,0.6247783870889801
311262,1397483,1.0,0.5161154456811248
311284,1397517,1.0,0.5589921896904769
311286,1397520,1.0,0.5243872708221257
311297,1397534,1.0,0.5841159823739298
311320,1397570,1.0,0.5079267432707807
311327,1397586,1.0,0.5067872140961613
311341,1397606,1.0,0.7448008557484219
311343,1397608,1.0,0.649426421248536
311345,1397610,1.0,0.7383173052899227
311393,1397684,1.0,0.5000581939856018
311399,1397692,1.0,0.5308974501231374
311403,1397696,1.0,0.5667339511176418
311412,1397718,1.0,0.7291141627368913
311422,1397737,1.0,0.5466731781274085
311425,1397742,1.0,0.5482615382928944
311525,1397909,1.0,0.5238501001226016
311550,1397945,1.0,0.673954043891647
311578,1397987,1.0,0.5874402428134873
311579,1397988,1.0,0.8633219046721137
311583,1397994,1.0,0.5096094959957532
311601,1398030,1.0,0.5014036884425143
311605,1398035,1.0,0.543668151543109
311611,1398042,1.0,0.9447024823377894
311625,1398059,1.0,0.5934306720658188
311634,1398071,1.0,0.6174178500758043
311643,1398083,1.0,0.7593716323142498
311659,1398114,1.0,0.5575675812609638
311670,1398134,1.0,0.515944383501955
311673,1398139,1.0,0.5806975682330945
311685,1398155,1.0,0.5597128992229663
311844,1398398,1.0,0.5481301992223951
311846,1398404,1.0,0.7417061514065916
311856,1398418,1.0,0.5897475954762926
311857,1398422,1.0,0.751045127556422
311872,1398449,1.0,0.6097664687020878
311886,1398467,1.0,0.7687650885343034
311890,1398473,1.0,0.8053875972466248
311892,1398476,1.0,0.6956994767719268
311893,1398477,1.0,0.6779739949140784
311894,1398478,1.0,0.5892663198540362
311927,1398525,1.0,0.9001439421796693
311928,1398526,1.0,0.8226186471580654
312000,1398633,1.0,0.636341832373734
312017,1398657,1.0,0.507906947878386
312037,1398686,1.0,0.8002713707250937
312039,1398688,1.0,0.8206640791613689
312046,1398696,1.0,0.5888939164885586
312067,1398729,1.0,0.788934662119602
312075,1398739,1.0,0.6726768481830137
312111,1398792,1.0,0.5817296926590972
312117,1398799,1.0,0.8500986622139977
312134,1398827,1.0,0.5083523397498539
312136,1398830,1.0,0.7363050907234023
312269,1399040,1.0,0.5724122736723192
312339,1399150,1.0,0.5081354720583212
312345,1399157,1.0,0.5843327077971624
312376,1399201,1.0,0.5382734224869269
312438,1399307,1.0,0.5031521289439208
312463,1399346,1.0,0.540095684136942
312488,1399385,1.0,0.8090600928880837
312494,1399393,1.0,0.7557618044857359
312508,1399409,1.0,0.5665272296700188
312550,1399471,1.0,0.7813158362767517
312564,1399495,1.0,0.5298316284811443
312565,1399497,1.0,0.7312012215627617
312569,1399509,1.0,0.776276154976376
312575,1399519,1.0,0.8157547180152012
312578,1399522,1.0,0.6776446071738718
312581,1399525,1.0,0.8353984151342061
312600,1399554,1.0,0.5204223583003416
312617,1399580,1.0,0.6261285727579451
312631,1399604,1.0,0.5332648441594355
312669,1399678,1.0,0.830287350304689
312672,1399685,1.0,0.6171658029780256
312673,1399687,1.0,0.8859646661459627
312678,1399694,1.0,0.5626742255291534
312682,1399698,1.0,0.7778950710109634
312698,1399722,1.0,0.6486926403184942
312703,1399727,1.0,0.7780367691707125
312715,1399752,1.0,0.5423941747229044
312740,1399784,1.0,0.7342498510591375
312763,1399813,1.0,0.8618510489737639
312828,1399903,1.0,0.5256830749283011
312829,1399904,1.0,0.5233077319888999
312830,1399905,1.0,0.7176530405505205
312835,1399917,1.0,0.5613197724047639
312840,1399925,1.0,0.7842644024910328
312857,1399957,1.0,0.6455857722788058
312862,1399965,1.0,0.5122145764071621
312871,1399978,1.0,0.50190988154451
312883,1400003,1.0,0.5330549521076661
312899,1400031,1.0,0.5240404186832344
312949,1400110,1.0,0.6749121133665865
312956,1400125,1.0,0.8193171303341676
312972,1400145,1.0,0.5607775494617705
312987,1400171,1.0,0.7160007744320234
312995,1400188,1.0,0.5137508666442651
313002,1400200,1.0,0.8156251318687717
313015,1400225,1.0,0.5482697067151595
313083,1400325,1.0,0.8253586051047471
313086,1400330,1.0,0.68022840974896
313107,1400375,1.0,0.5265304883597507
313145,1400429,1.0,0.6659323314881126
313159,1400444,1.0,0.7074289932613902
313164,1400454,1.0,0.7711681358429175
313166,1400459,1.0,0.6926756843777344
313168,1400461,1.0,0.8794449167214217
313172,1400467,1.0,0.5547931820750919
313174,1400469,1.0,0.5283294551730644
313181,1400482,1.0,0.5442653876309516
313190,1400493,1.0,0.9040698403752826
313216,1400529,1.0,0.80304906783815
313221,1400535,1.0,0.5046666085396802
313234,1400559,1.0,0.8952798680624903
313239,1400571,1.0,0.6067327960321033
313252,1400593,1.0,0.5529369721415702
313256,1400597,1.0,0.7159541220862626
313261,1400609,1.0,0.5390663083816147
313263,1400612,1.0,0.6186036399034528
313271,1400623,1.0,0.9353360694707475
313292,1400657,1.0,0.8155533679714527
313296,1400665,1.0,0.6738573928810414
313299,1400669,1.0,0.6726286507942524
313336,1400718,1.0,0.5903463470566133
313355,1400746,1.0,0.6323927064670191
313364,1400758,1.0,0.5245255732874106
313408,1400827,1.0,0.8147500384325521
313413,1400836,1.0,0.8877002250537923
313420,1400852,1.0,0.5086361877901846
313473,1400938,1.0,0.9461919432904292
313477,1400945,1.0,0.549260242509533
313530,1401022,1.0,0.7813373881092642
313538,1401037,1.0,0.5856839112566449
313551,1401062,1.0,0.5794295023298576
313563,1401078,1.0,0.6330018001519512
313571,1401087,1.0,0.5139697156233918
313578,1401095,1.0,0.7606081177865098
313622,1401158,1.0,0.6406273383313728
313643,1401194,1.0,0.6387566903974131
313654,1401214,1.0,0.5265401474872003
313664,1401236,1.0,0.6531156408089328
313672,1401251,1.0,0.5363687696312992
313701,1401288,1.0,0.8140649280046497
313712,1401302,1.0,0.6121345087286015
313716,1401306,1.0,0.5539869038086445
313720,1401311,1.0,0.5277830961019031
313734,1401334,1.0,0.5838866763799839
313740,1401344,1.0,0.5696312726379541
313751,1401363,1.0,0.826560376570726
313770,1401406,1.0,0.8709926744323883
313778,1401421,1.0,0.5216439354154391
313782,1401428,1.0,0.6014018540845254
313793,1401447,1.0,0.7384925968780521
313803,1401463,1.0,0.6001274836164822
313811,1401478,1.0,0.7253643298897776
313838,1401524,1.0,0.7348442243294451
313876,1401581,1.0,0.82029880430331
313914,1401640,1.0,0.5181141376764037
313941,1401680,1.0,0.5093117577372489
313944,1401688,1.0,0.8956670179636453
313957,1401709,1.0,0.5470989977536147
313968,1401722,1.0,0.6327544860646293
313976,1401734,1.0,0.6433789307327407
313979,1401739,1.0,0.6779229697411284
313984,1401746,1.0,0.9569606393894877
313985,1401747,1.0,0.5674058426426714
313998,1401767,1.0,0.6474457124782474
313999,1401768,1.0,0.6940748943122665
314002,1401771,1.0,0.6129686939169019
314015,1401794,1.0,0.691185836271522
314030,1401814,1.0,0.6497542944457143
314035,1401822,1.0,0.6302173063094731
314036,1401823,1.0,0.9571938074746523
314044,1401837,1.0,0.5214520266021736
314051,1401848,1.0,0.9143605517670016
314066,1401868,1.0,0.6586510539772131
314095,1401917,1.0,0.5320718886193185
314103,1401927,1.0,0.871811668770062
314116,1401947,1.0,0.7490254467861134
314120,1401951,1.0,0.7158080497343793
314137,1401983,1.0,0.6797822029630012
314164,1402023,1.0,0.5823221334785524
314280,1402202,1.0,0.6495270473197747
314300,1402235,1.0,0.7581515527969032
314330,1402293,1.0,0.5012734767275105
314340,1402307,1.0,0.7446216536330659
314346,1402317,1.0,0.7718109065864757
314350,1402327,1.0,0.576292509539232
314357,1402335,1.0,0.5512473989894054
314359,1402339,1.0,0.5602136677729018
314391,1402391,1.0,0.6667923645284168
314413,1402423,1.0,0.506432528773404
314428,1402442,1.0,0.6857614824807292
314436,1402461,1.0,0.7886997293531234
314475,1402522,1.0,0.5007085173351924
314485,1402547,1.0,0.706927624245237
314490,1402554,1.0,0.5793967753079676
314501,1402569,1.0,0.7116849454288218
314531,1402613,1.0,0.8054357570096097
314547,1402637,1.0,0.5048380389827579
314554,1402651,1.0,0.7227212106022719
314566,1402667,1.0,0.5237260083069529
314574,1402679,1.0,0.9157517874655752
314578,1402685,1.0,0.6588059223899226
314599,1402708,1.0,0.7298224951744627
314604,1402713,1.0,0.722776175904535
314610,1402720,1.0,0.5216468859954169
314615,1402734,1.0,0.5065879769063768
314627,1402754,1.0,0.508255070248902
314644,1402776,1.0,0.6631999906250264
314658,1402794,1.0,0.7037761655172742
314666,1402805,1.0,0.7870168249010012
314670,1402814,1.0,0.706738971035617
314683,1402835,1.0,0.7128355838572749
314689,1402847,1.0,0.5102477477933914
314701,1402866,1.0,0.7978443572355651
314707,1402873,1.0,0.9244806010232026
314709,1402877,1.0,0.9609294223546359
314712,1402880,1.0,0.7659558143492565
314713,1402883,1.0,0.9683767165803165
314714,1402888,1.0,0.5283961364584965
314715,1402889,1.0,0.6237050555737421
314750,1402947,1.0,0.5275804627945062
314761,1402965,1.0,0.769131816743586
314768,1402972,1.0,0.7445636248079549
314772,1402976,1.0,0.635160040723593
314779,1402987,1.0,0.7113915802072104
314794,1403005,1.0,0.663823176045838
314848,1403099,1.0,0.627919245072654
314851,1403104,1.0,0.6170218796179737
314854,1403112,1.0,0.5051412977253679
314866,1403131,1.0,0.653900700859092
314887,1403169,1.0,0.5388950324079228
314906,1403195,1.0,0.6532126158954531
314911,1403204,1.0,0.67399017748536
314912,1403205,1.0,0.8471090935975695
314933,1403239,1.0,0.5480583782254798
314966,1403293,1.0,0.5375481310424433
314989,1403326,1.0,0.5038801943473342
314992,1403329,1.0,0.7463514809961489
315010,1403356,1.0,0.6179622484661017
315036,1403391,1.0,0.5510898398032326
315055,1403420,1.0,0.7512951480812531
315056,1403421,1.0,0.570300307825879
315081,1403456,1.0,0.6697580176866141
315085,1403462,1.0,0.7368046615843672
315096,1403483,1.0,0.5263680659998183
315128,1403534,1.0,0.5996408556435063
315153,1403568,1.0,0.5501735889498225
315156,1403572,1.0,0.5714518344040468
315161,1403578,1.0,0.7816667136870372
315163,1403580,1.0,0.5766091083185562
315175,1403600,1.0,0.5611820515065981
315181,1403613,1.0,0.511316163018513
315201,1403639,1.0,0.5096427855166076
315222,1403666,1.0,0.9178735703793636
315226,1403671,1.0,0.5042469176350135
315231,1403680,1.0,0.5645041132826489
315237,1403691,1.0,0.7591166237251078
315343,1403854,1.0,0.9088557934865424
315344,1403855,1.0,0.534253535492917
315404,1403949,1.0,0.5153072468019927
315444,1404014,1.0,0.5265476077734634
315458,1404032,1.0,0.601670139105834
315472,1404047,1.0,0.5551680698674415
315473,1404049,1.0,0.5175048561264635
315499,1404087,1.0,0.5106945996609222
315516,1404114,1.0,0.5452715156792266
315522,1404121,1.0,0.5381373250438102
315523,1404122,1.0,0.8710426780718393
315535,1404138,1.0,0.5442914871042115
315544,1404155,1.0,0.5937681842333227
315548,1404161,1.0,0.5895675839241891
315551,1404168,1.0,0.5462380941447237
315565,1404188,1.0,0.8129876783675475
315573,1404197,1.0,0.7373344535409027
315577,1404202,1.0,0.6519701838717834
315579,1404206,1.0,0.5323796298628747
315595,1404234,1.0,0.6117022988679098
315598,1404238,1.0,0.6078016596243015
315600,1404240,1.0,0.7427176838172405
315606,1404248,1.0,0.6242484817151335
315608,1404250,1.0,0.5311547640220522
315614,1404260,1.0,0.5102766478695014
315621,1404270,1.0,0.7864339461874128
315625,1404276,1.0,0.629309859423216
315627,1404278,1.0,0.9569450591583617
315639,1404299,1.0,0.7363529482689307
315650,1404320,1.0,0.5718816862861587
315659,1404334,1.0,0.5497945144903817
315673,1404359,1.0,0.5063575100515074
315702,1404401,1.0,0.5587048994907567
315706,1404407,1.0,0.810677993321152
315708,1404409,1.0,0.5819169029416642
315717,1404424,1.0,0.7714619398131252
315738,1404458,1.0,0.7027889982600001
315741,1404466,1.0,0.7329370119119129
315756,1404490,1.0,0.6950787598288902
315764,1404502,1.0,0.5757585205222221
315790,1404535,1.0,0.5880676712933933
315796,1404542,1.0,0.5078131111786148
315800,1404548,1.0,0.7066901671191539
315819,1404573,1.0,0.529936691768764
315826,1404584,1.0,0.5312197091677621
315836,1404600,1.0,0.6661453388360843
315851,1404622,1.0,0.6536419347998144
315896,1404683,1.0,0.5094155590272909
315923,1404728,1.0,0.6683331017746164
315935,1404745,1.0,0.5153192255393798
315977,1404813,1.0,0.7642300668613571
315985,1404822,1.0,0.615354363405278
315995,1404835,1.0,0.5810828418046289
316002,1404846,1.0,0.5214104605677643
316030,1404883,1.0,0.5753715496188136
316039,1404899,1.0,0.6521463241273567
316042,1404904,1.0,0.510415778052555
316044,1404908,1.0,0.5300760542587253
316045,1404909,1.0,0.6444805841769187
316066,1404947,1.0,0.5179867253961659
316068,1404949,1.0,0.7308339782376928
316080,1404966,1.0,0.6066750202946035
316091,1404991,1.0,0.5205729474402407
316135,1405060,1.0,0.5214228503130588
316144,1405073,1.0,0.505172558497062
316161,1405100,1.0,0.6198088501730592
316170,1405112,1.0,0.6894654366093937
316189,1405136,1.0,0.6177413014043311
316316,1405283,1.0,0.5183334066382916
316365,1405358,1.0,0.6760208175509645
316413,1405434,1.0,0.5083831116954289
316448,1405496,1.0,0.8064670779192029
316451,1405499,1.0,0.8441547377052391
316454,1405503,1.0,0.5896480668318256
316461,1405516,1.0,0.7664785262613156
316499,1405573,1.0,0.6790636118745423
316500,1405574,1.0,0.6452127798490433
316516,1405594,1.0,0.844296450804382
316531,1405619,1.0,0.5439681690751869
316543,1405641,1.0,0.6484690577774465
316556,1405658,1.0,0.6333418752833232
316570,1405687,1.0,0.6199684892003078
316576,1405698,1.0,0.8067068356900632
316612,1405748,1.0,0.570782299658717
316615,1405752,1.0,0.7600489198374254
316646,1405788,1.0,0.6410614522080024
316657,1405801,1.0,0.7107059547963497
316658,1405802,1.0,0.6580308433090797
316680,1405834,1.0,0.6658403360794003
316716,1405881,1.0,0.540167914391424
316738,1405907,1.0,0.7314175837701321
316766,1405951,1.0,0.6459855692274648
316767,1405952,1.0,0.5229521838597949
316778,1405964,1.0,0.5755447460755214
316781,1405967,1.0,0.922506601841537
316817,1406009,1.0,0.667150285603001
316822,1406014,1.0,0.5305171277365903
316826,1406021,1.0,0.5058159650135392
316827,1406023,1.0,0.6586758545237023
316830,1406027,1.0,0.5003498346597501
316838,1406042,1.0,0.9475052328223721
316840,1406044,1.0,0.8199112460628599
316884,1406114,1.0,0.6091613493066462
316895,1406130,1.0,0.5386812286105804
316901,1406138,1.0,0.6260972020317949
316919,1406162,1.0,0.5844659393818402
316923,1406166,1.0,0.5482671012541203
316933,1406181,1.0,0.7629849533406765
316948,1406201,1.0,0.68931575249422
316991,1406257,1.0,0.5840753662953139
317012,1406286,1.0,0.5908173586744846
317027,1406308,1.0,0.5511864692835898
317028,1406309,1.0,0.8993350934971294
317061,1406371,1.0,0.6786250759047138
317070,1406383,1.0,0.572998006061164
317086,1406408,1.0,0.646541611411184
317089,1406416,1.0,0.6813569292695085
317125,1406471,1.0,0.6936342446862407
317127,1406473,1.0,0.6368752428087684
317144,1406500,1.0,0.511328823366683
317147,1406503,1.0,0.5139717099781355
317154,1406516,1.0,0.8856398717270554
317159,1406524,1.0,0.6560226718384197
317166,1406536,1.0,0.5710648014697753
317180,1406553,1.0,0.7731548086497324
317185,1406558,1.0,0.6406794362396836
317196,1406571,1.0,0.696514013346204
317203,1406581,1.0,0.6773224141606248
317207,1406586,1.0,0.6018841436226715
317293,1406696,1.0,0.545812859867035
317337,1406751,1.0,0.7334519781282446
317623,1407093,1.0,0.6529550916472063
317658,1407136,1.0,0.6021469281387337
317750,1407253,1.0,0.7309133326362109
317763,1407267,1.0,0.5798840951785155
317766,1407270,1.0,0.6517949905602843
317798,1407310,1.0,0.6418611319404389
317809,1407324,1.0,0.641335312533388
317873,1407393,1.0,0.7400677058483287
317909,1407441,1.0,0.5041972811044342
318229,1407819,1.0,0.6649523688361771
318332,1407939,1.0,0.9832383570859541
318391,1408012,1.0,0.529880628775792
318451,1408087,1.0,0.556958929523987
318454,1408091,1.0,0.6654479866197867
318470,1408113,1.0,0.6155377637009041
318497,1408146,1.0,0.8989135046729739
318513,1408169,1.0,0.5567466366825953
318516,1408174,1.0,0.613285241473031
318523,1408184,1.0,0.7138691978006743
318746,1408448,1.0,0.577308379980162
318799,1408512,1.0,0.8424446810729577
318868,1408595,1.0,0.8192555325663743
318951,1408707,1.0,0.6239906223288667
319026,1408804,1.0,0.7021643627528721
319126,1408911,1.0,0.5642489487591961
319236,1409047,1.0,0.795026595063166
319292,1409124,1.0,0.8931262162419473
319306,1409146,1.0,0.5110380939260349
319353,1409208,1.0,0.6489896641230346
319363,1409221,1.0,0.648273609152852
319424,1409290,1.0,0.6159838998934768
319449,1409322,1.0,0.5670106558858966
320235,1410246,1.0,0.7593716903080895
320317,1410347,1.0,0.6719795393127823
320442,1410489,1.0,0.6759373164620758
320508,1410575,1.0,0.7930133319964352
320799,1410943,1.0,0.7166990892106883
320812,1410962,1.0,0.5644730327803998
320946,1411119,1.0,0.6010272852849428
321090,1411282,1.0,0.5654800452780734
321177,1411384,1.0,0.507090025620212
321218,1411433,1.0,0.9529617132442814
321293,1411542,1.0,0.5758671268921733
321299,1411554,1.0,0.7789660703263442
321362,1411631,1.0,0.6653873548742748
321733,1412085,1.0,0.5921648301117981
321743,1412096,1.0,0.7904548062756389
321815,1412180,1.0,0.5408065340178513
322322,1412814,1.0,0.6235260705447782
322336,1412829,1.0,0.5305833384950881
322492,1413034,1.0,0.5793674047466052
322511,1413059,1.0,0.768315765858377
322877,1413521,1.0,0.8182078394439628
322944,1413618,1.0,0.912294020152445
323035,1413739,1.0,0.5658272956891817
323038,1413743,1.0,0.5838989169220887
323057,1413765,1.0,0.6594619989049174
323072,1413784,1.0,0.5212710044522931
323145,1413889,1.0,0.7373310619194897
323640,1414499,1.0,0.5833818405101824
323736,1414623,1.0,0.6077621649283572
323794,1414689,1.0,0.5527381851101671
324005,1414939,1.0,0.5568749112825782
324022,1414962,1.0,0.6327917414747851
324150,1415101,1.0,0.5723597364758427
324453,1415450,1.0,0.7046186908796738
325811,1417022,1.0,0.5775754640886495
325881,1417125,1.0,0.5222645856171678
325890,1417135,1.0,0.6989097091914004
325893,1417139,1.0,0.5034813909390089
325899,1417146,1.0,0.7822553881198824
325905,1417153,1.0,0.7785256796599895
325911,1417160,1.0,0.549193902874922
325913,1417165,1.0,0.5331810834508895
325915,1417167,1.0,0.6735311951481686
325922,1417175,1.0,0.5018584519737
325935,1417190,1.0,0.8121441874936963
326008,1417278,1.0,0.5085281096175535
326158,1417474,1.0,0.7154690996179197
326298,1417646,1.0,0.5325666711247535
326383,1417746,1.0,0.5256250081995703
326460,1417846,1.0,0.6343514318872605
326655,1418083,1.0,0.6920287328911248
326912,1418401,1.0,0.6097031641609626
326921,1418413,1.0,0.5418803907499984
327086,1418616,1.0,0.6552522915765759
327099,1418631,1.0,0.526354410296579
327136,1418679,1.0,0.5994390069856944
327495,1419147,1.0,0.7462399543382694
327525,1419188,1.0,0.7134530433209412
327526,1419189,1.0,0.8722112820913172
327548,1419215,1.0,0.594508280816442
327894,1419610,1.0,0.5814853360581907
327995,1419728,1.0,0.6466888877749624
328069,1419830,1.0,0.5721849436613731
328074,1419836,1.0,0.7912111703840496
328090,1419857,1.0,0.5696452403995668
328111,1419882,1.0,0.5033950625831706
328146,1419923,1.0,0.5273809469300332
328580,1420448,1.0,0.5889407862690903
328661,1420535,1.0,0.7502779584018872
328669,1420544,1.0,0.6098945630672629
328976,1420905,1.0,0.5525479405798489
329106,1421066,1.0,0.5766811204870879
329141,1421103,1.0,0.6618646943834925
329162,1421135,1.0,0.6717536252496736
329217,1421214,1.0,0.628181796890206
329491,1421551,1.0,0.761377081331814
329527,1421593,1.0,0.6186927706468007
329554,1421628,1.0,0.5255520014963088
329566,1421643,1.0,0.5746747796544225
329599,1421687,1.0,0.719811658672848
329645,1421759,1.0,0.610972263959891
329687,1421822,1.0,0.5003132254080506
329745,1421897,1.0,0.5260178606996418
329810,1421979,1.0,0.5836494668585329
329954,1422145,1.0,0.6944086461527121
330012,1422216,1.0,0.7096431836629128
330028,1422239,1.0,0.6308939928139357
330044,1422263,1.0,0.6808805694185981
330048,1422269,1.0,0.5651243465163964
330063,1422293,1.0,0.7362567966475451
330117,1422368,1.0,0.5524627585806656
330119,1422371,1.0,0.7418743339574999
330149,1422406,1.0,0.6901032859101565
330157,1422423,1.0,0.6350847271907993
330175,1422441,1.0,0.8046149815164135
330176,1422442,1.0,0.836727543446071
330203,1422478,1.0,0.5789165383030844
330327,1422632,1.0,0.5248535786760888
330354,1422662,1.0,0.5460911204512027
330576,1422926,1.0,0.5261548329972767
330618,1422974,1.0,0.5007451160970932
330990,1423401,1.0,0.5029958589825204
331047,1423468,1.0,0.809225144103585
331162,1423617,1.0,0.5191704067394746
331565,1424106,1.0,0.5041876616184031
332215,1424865,1.0,0.5464947259328702
332971,1425739,1.0,0.5941580030221824
332980,1425752,1.0,0.5740888488853375
332986,1425761,1.0,0.609902630100507
332989,1425765,1.0,0.5571681052098255
332991,1425768,1.0,0.5274195662480117
332996,1425774,1.0,0.5646948848691558
333002,1425785,1.0,0.5742008108519502
333016,1425802,1.0,0.6157889452868041
333020,1425808,1.0,0.6969114146081872
333025,1425816,1.0,0.5914295150058848
333032,1425825,1.0,0.6878282033698555
333133,1425948,1.0,0.6467139847632705
333174,1425997,1.0,0.6980502307784006
333217,1426054,1.0,0.6121625279230276
333271,1426128,1.0,0.8524975122362822
333296,1426160,1.0,0.9872721140527925
333301,1426166,1.0,0.977909939873835
333321,1426191,1.0,0.580976755487199
333322,1426192,1.0,0.5752983610006362
333388,1426279,1.0,0.5143459604542692
333704,1426647,1.0,0.6688431792478042
333716,1426665,1.0,0.5148844143680186
333780,1426753,1.0,0.8295187992532853
333841,1426818,1.0,0.7756712517781399
334168,1427198,1.0,0.7026395558303333
334203,1427241,1.0,0.76233745092766
334212,1427251,1.0,0.5531786663089417
334264,1427309,1.0,0.8010976233489165
334266,1427311,1.0,0.5814710391038076
334324,1427383,1.0,0.6380806037679915
334345,1427408,1.0,0.6281647892353014
334382,1427449,1.0,0.7284439177239517
334628,1427732,1.0,0.5302630873937255
334710,1427832,1.0,0.5924988085729217
334723,1427850,1.0,0.7280341612827811
334885,1428059,1.0,0.5074615668030276
334906,1428089,1.0,0.6395170816765742
334913,1428100,1.0,0.7765131452396902
335031,1428248,1.0,0.5920171157733002
335116,1428349,1.0,0.5383153840482002
335180,1428430,1.0,0.6936519163870823
335217,1428473,1.0,0.8118762965788485
335327,1428608,1.0,0.6255437429772334
335357,1428643,1.0,0.5392339433120747
335456,1428768,1.0,0.507205903131342
335557,1428889,1.0,0.5713636080740742
335666,1429019,1.0,0.5925872121779965
335696,1429056,1.0,0.5405255415690844
335771,1429148,1.0,0.7676062564035984
335789,1429172,1.0,0.6518529014227188
335853,1429247,1.0,0.7564671789664001
335902,1429309,1.0,0.7638449918179124
335930,1429342,1.0,0.710643578119649
335992,1429423,1.0,0.7253131033190399
336026,1429467,1.0,0.5510909028895553
336060,1429507,1.0,0.584978908238284
336172,1429658,1.0,0.6078385229034275
336248,1429779,1.0,0.55863583518215
336254,1429790,1.0,0.5262599364269533
336288,1429835,1.0,0.660795214538822
336343,1429908,1.0,0.5725079447865659
336507,1430112,1.0,0.5826581265710441
336795,1430461,1.0,0.5420789207112127
336799,1430466,1.0,0.7059559912753336
336810,1430479,1.0,0.592249494908912
336838,1430510,1.0,0.5964766366559434
337107,1430814,1.0,0.5720104957978465
337149,1430862,1.0,0.5933605184829372
337230,1430971,1.0,0.5429346132564143
337237,1430984,1.0,0.6202804935711932
337261,1431026,1.0,0.5829889718779836
337361,1431178,1.0,0.6188849519779762
337384,1431213,1.0,0.8118961290019372
337388,1431218,1.0,0.7286218614627546
337438,1431279,1.0,0.9019027828981702
337445,1431290,1.0,0.6624670696290187
337452,1431302,1.0,0.6266719271737737
337456,1431307,1.0,0.7339479895300035
337623,1431503,1.0,0.6139860725343309
337669,1431561,1.0,0.8722067044245055
337933,1431869,1.0,0.6862670551817006
337936,1431872,1.0,0.5147132596238829
338006,1431958,1.0,0.5838927139071344
338040,1432001,1.0,0.8059449310091419
338184,1432184,1.0,0.6039054387970075
338185,1432185,1.0,0.5548997538057916
338414,1432473,1.0,0.5337386350377848
338431,1432498,1.0,0.5314835404936987
338433,1432502,1.0,0.633345886620465
338435,1432505,1.0,0.5930676922133986
338452,1432530,1.0,0.7375550947123084
338630,1432745,1.0,0.5524754711710246
338715,1432852,1.0,0.747892453448041
338745,1432889,1.0,0.6675807885955813
338795,1432941,1.0,0.6882493125688299
338836,1432993,1.0,0.5006583724492115
338894,1433061,1.0,0.5913917081614702
339024,1433212,1.0,0.5813174847958273
339113,1433317,1.0,0.6877749819341031
339134,1433346,1.0,0.7086576260843034
339153,1433373,1.0,0.6296480305767869
339164,1433395,1.0,0.5088991273596635
339170,1433403,1.0,0.5404991512026226
339178,1433415,1.0,0.9315696871795576
339208,1433454,1.0,0.5065555028073468
339416,1433705,1.0,0.5278958630367132
339483,1433794,1.0,0.8091521497807327
339611,1433951,1.0,0.8510503480676013
339706,1434095,1.0,0.6625486460262677
339770,1434188,1.0,0.6158635634669287
339824,1434257,1.0,0.508346399435402
339996,1434484,1.0,0.7681613807693859
340017,1434508,1.0,0.9822469393490408
340019,1434510,1.0,0.5120521829094783
340330,1434879,1.0,0.954476890366354
340383,1434941,1.0,0.6774145073161836
340493,1435067,1.0,0.6790350737008017
340546,1435127,1.0,0.7788851331396123
340574,1435164,1.0,0.625805193932952
340609,1435219,1.0,0.6605095407119188
340652,1435275,1.0,0.5580903103446357
340664,1435292,1.0,0.5791297205219821
340676,1435310,1.0,0.5082030945047856
340680,1435318,1.0,0.5411208747155285
340700,1435351,1.0,0.7255904506099422
340710,1435373,1.0,0.6548711825886935
340712,1435375,1.0,0.6416027987810501
340734,1435414,1.0,0.5364007183497099
340736,1435417,1.0,0.5457299437406598
340741,1435424,1.0,0.5306797363639082
340746,1435431,1.0,0.6584409137138423
340756,1435446,1.0,0.5468656332727745
340761,1435451,1.0,0.7735838871606615
340768,1435464,1.0,0.6083349651293423
340769,1435466,1.0,0.6395332717708022
340791,1435501,1.0,0.6455247810386426
340799,1435513,1.0,0.5326813394607822
340817,1435541,1.0,0.9011665606765885
340826,1435553,1.0,0.6034549584465362
340835,1435569,1.0,0.5349200850777305
340849,1435589,1.0,0.8021174953659982
340860,1435604,1.0,0.5451965058860752
340862,1435610,1.0,0.58603751857798
340900,1435680,1.0,0.5429375629626257
340907,1435692,1.0,0.870553288799296
340910,1435695,1.0,0.7877616572892643
340913,1435698,1.0,0.567231975753484
340917,1435703,1.0,0.6865672977745505
340931,1435722,1.0,0.5010609410438401
340944,1435740,1.0,0.6207157728726852
340946,1435743,1.0,0.6485359468856786
340956,1435757,1.0,0.6386301214426711
340964,1435768,1.0,0.5300011293648383
340969,1435778,1.0,0.6443418925117542
340987,1435800,1.0,0.8345698767859047
341000,1435819,1.0,0.6853925685573524
341008,1435828,1.0,0.6551505306547016
341015,1435842,1.0,0.5466499902057121
341053,1435901,1.0,0.6358305601950598
341063,1435914,1.0,0.797802930612778
341076,1435937,1.0,0.62527631268798
341080,1435941,1.0,0.6002987671934821
341089,1435953,1.0,0.6740716963531248
341094,1435958,1.0,0.5435529044598795
341102,1435969,1.0,0.6438146617956833
341106,1435974,1.0,0.660415075060303
341113,1435985,1.0,0.5207692362058263
341116,1435989,1.0,0.6748086128435642
341132,1436011,1.0,0.6395797640551338
341177,1436070,1.0,0.746331704108171
341183,1436077,1.0,0.6749283118344628
341244,1436163,1.0,0.5550918876039092
341245,1436164,1.0,0.5574544832338822
341292,1436220,1.0,0.5291997912149269
341391,1436344,1.0,0.5382322230939264
341402,1436357,1.0,0.574174006712812
341410,1436365,1.0,0.5303052660611083
341452,1436421,1.0,0.6183567910069903
341458,1436432,1.0,0.6380071713123622
341459,1436434,1.0,0.539838868966705
341465,1436444,1.0,0.6619639604709247
341480,1436463,1.0,0.5280567753287464
341489,1436476,1.0,0.5566775197740146
341556,1436565,1.0,0.5544908551130847
341558,1436567,1.0,0.7249606890122929
341613,1436658,1.0,0.5038680082229163
341614,1436659,1.0,0.505292311247249
341624,1436671,1.0,0.5646159013952476
341630,1436678,1.0,0.5044857438229756
341639,1436693,1.0,0.6704607736134494
341652,1436715,1.0,0.5005178970175955
341653,1436716,1.0,0.834730901750769
341668,1436736,1.0,0.5554945716814567
341706,1436798,1.0,0.8076089907231282
341730,1436837,1.0,0.5509278168137798
341742,1436852,1.0,0.6639763517038281
341837,1436964,1.0,0.5434380372339632
341924,1437073,1.0,0.8042297134661003
341990,1437162,1.0,0.627100644770942
342027,1437214,1.0,0.8260126726452588
342030,1437218,1.0,0.7066370404065643
342052,1437249,1.0,0.6999916792599055
342055,1437254,1.0,0.5784367045307377
342058,1437258,1.0,0.6954360281047438
342092,1437312,1.0,0.543300222812655
342093,1437313,1.0,0.6212776132175737
342114,1437344,1.0,0.5203949270615358
342121,1437351,1.0,0.7529918366015451
342124,1437354,1.0,0.517708080079341
342199,1437459,1.0,0.6499245210873046
342217,1437486,1.0,0.5223772135003872
342270,1437565,1.0,0.5346909341778436
342283,1437586,1.0,0.7416313824471719
342297,1437604,1.0,0.762228986429624
342331,1437655,1.0,0.6179105498081692
342471,1437819,1.0,0.5317617692128948
342511,1437862,1.0,0.7407024741085909
342552,1437917,1.0,0.5862709157605677
342624,1438002,1.0,0.5374825189740325
342626,1438005,1.0,0.6106110437539122
342627,1438006,1.0,0.7340944392480109
342631,1438013,1.0,0.6432230243095652
342706,1438097,1.0,0.9302320660370802
342711,1438105,1.0,0.8643216398089758
342732,1438129,1.0,0.7478235136885367
342811,1438225,1.0,0.560360686849032
342834,1438249,1.0,0.522816265888131
342892,1438313,1.0,0.5815092225370587
342894,1438317,1.0,0.6384958041148303
342903,1438331,1.0,0.5241887883877551
343009,1438461,1.0,0.610447326105962
343017,1438471,1.0,0.8031201619341573
343055,1438520,1.0,0.5801827176218615
343091,1438574,1.0,0.5537079884584654
343113,1438603,1.0,0.6719172269985658
343117,1438608,1.0,0.9756277882197855
343131,1438630,1.0,0.6112137090929063
343144,1438650,1.0,0.6428469801731943
343162,1438672,1.0,0.7511720814863662
343185,1438701,1.0,0.7957331000513262
343186,1438702,1.0,0.6072674947837597
343188,1438704,1.0,0.751517648621181
343192,1438709,1.0,0.7373907267534415
343268,1438799,1.0,0.7330492690872206
343272,1438804,1.0,0.578381739320737
343327,1438874,1.0,0.6096140647787691
343347,1438912,1.0,0.6034222662802811
343348,1438913,1.0,0.7197379024202585
343368,1438946,1.0,0.5558614255560378
343425,1439016,1.0,0.5200474219464303
343444,1439039,1.0,0.7046096854431968
343454,1439050,1.0,0.5487448951393128
343554,1439168,1.0,0.5653845890243621
343593,1439213,1.0,0.7680612915218458
343732,1439383,1.0,0.5015896644275111
343840,1439523,1.0,0.755046340069239
343848,1439532,1.0,0.7901857018615666
343864,1439554,1.0,0.686780681396101
343947,1439657,1.0,0.6549882667366128
344061,1439815,1.0,0.609437109898568
344073,1439831,1.0,0.6454312143630366
344085,1439849,1.0,0.6325673265516165
344118,1439897,1.0,0.8625887905760049
344120,1439900,1.0,0.6444488576689589
344136,1439926,1.0,0.6151407330198826
344149,1439943,1.0,0.5609332949042523
344160,1439967,1.0,0.6595140427775237
344207,1440037,1.0,0.5807463745393896
344253,1440092,1.0,0.7148812073237971
344291,1440141,1.0,0.6295908491324104
344300,1440152,1.0,0.5078989438355153
344303,1440157,1.0,0.639484019795009
344350,1440226,1.0,0.6658907867731086
344370,1440252,1.0,0.5766901203542751
344395,1440287,1.0,0.5777222200156641
344409,1440306,1.0,0.5145013764583422
344412,1440309,1.0,0.806393004173332
344450,1440364,1.0,0.6410241907873957
344455,1440371,1.0,0.8000300694457452
344531,1440479,1.0,0.5388849678321802
344534,1440484,1.0,0.6502618097666873
344539,1440493,1.0,0.5777177103439526
344646,1440628,1.0,0.7275121732631332
344671,1440667,1.0,0.5004800574136935
344691,1440693,1.0,0.5411046562422712
344711,1440724,1.0,0.8515543352959041
344791,1440819,1.0,0.9248891264071131
344869,1440909,1.0,0.613693444682852
344879,1440921,1.0,0.6090549670553805
344901,1440952,1.0,0.5175023682837907
344920,1440979,1.0,0.607407870941289
344944,1441011,1.0,0.5267354188766828
344951,1441018,1.0,0.9594029751090863
344989,1441060,1.0,0.7118940194679623
345091,1441213,1.0,0.7797127415966548
345100,1441226,1.0,0.6640390120538473
345109,1441239,1.0,0.7287763909677789
345120,1441256,1.0,0.6210406567108328
345136,1441275,1.0,0.5058299181173109
345142,1441289,1.0,0.6144651662975886
345160,1441321,1.0,0.8267989215912657
345191,1441369,1.0,0.5849076353547393
345196,1441376,1.0,0.6181539088345104
345202,1441385,1.0,0.6588063573928012
345204,1441390,1.0,0.5840295792043209
345330,1441548,1.0,0.5659475317842406
345398,1441641,1.0,0.5339925426770119
345440,1441695,1.0,0.5108002810273077
345465,1441731,1.0,0.5098071577707798
345510,1441787,1.0,0.8231498379858488
345512,1441791,1.0,0.5199697294521981
345539,1441834,1.0,0.6239351755036635
345564,1441864,1.0,0.5545323287716813
345630,1441959,1.0,0.6901817448535612
345632,1441962,1.0,0.549014918963039
345654,1441999,1.0,0.5242982775008114
345930,1442343,1.0,0.6977838776504046
345973,1442393,1.0,0.5386794797442734
346048,1442514,1.0,0.5184509074626463
346053,1442523,1.0,0.5399437183155246
346055,1442527,1.0,0.519695218641485
346058,1442530,1.0,0.6309682033357431
346066,1442538,1.0,0.5124934845499372
346076,1442551,1.0,0.5589416148589781
346083,1442561,1.0,0.7049033047971487
346086,1442565,1.0,0.7417053548431355
346108,1442593,1.0,0.9390602515485236
346137,1442630,1.0,0.8286519975053289
346417,1442944,1.0,0.6718872533373663
346418,1442945,1.0,0.8395818062355997
346459,1442991,1.0,0.6579766252629641
346514,1443059,1.0,0.8280506895389292
346741,1443318,1.0,0.7555273485255948
346897,1443538,1.0,0.5743586031222819
346937,1443600,1.0,0.8627947377589531
346941,1443608,1.0,0.6190482750669596
347088,1443786,1.0,0.7083994290263669
347201,1443933,1.0,0.7121377158380533
347217,1443954,1.0,0.7756518421489247
347230,1443970,1.0,0.7150115457916772
347259,1444003,1.0,0.8822091943118163
347391,1444188,1.0,0.547688227835799
347404,1444210,1.0,0.5332778605703308
347426,1444240,1.0,0.5567636902396199
347434,1444250,1.0,0.5318409941602018
347447,1444267,1.0,0.8293696015621982
347452,1444274,1.0,0.507876839549705
347459,1444283,1.0,0.5137221555431172
347536,1444374,1.0,0.7055792070217844
347642,1444497,1.0,0.6300267792126357
347724,1444591,1.0,0.5338991490839989
347787,1444663,1.0,0.5729410346638331
347808,1444686,1.0,0.5936210237423474
348025,1444931,1.0,0.5260643089377511
348206,1445152,1.0,0.7367693993497807
348210,1445158,1.0,0.6100847940687819
348301,1445254,1.0,0.7253556560168414
348305,1445262,1.0,0.5584747829427437
348306,1445263,1.0,0.7351774075154293
348350,1445313,1.0,0.6678417908532677
348359,1445323,1.0,0.6967193124867865
348361,1445325,1.0,0.5398438423995278
348445,1445429,1.0,0.6124924651214595
348466,1445456,1.0,0.5218455335883283
348865,1445909,1.0,0.6520594590356237
349042,1446108,1.0,0.6382811653180811
349271,1446369,1.0,0.5635899487950397
349347,1446457,1.0,0.5509024307584734
349389,1446509,1.0,0.5114162649825471
349409,1446542,1.0,0.8010886396790349
349480,1446627,1.0,0.5654387645450338
349487,1446635,1.0,0.6648111892757149
349561,1446719,1.0,0.627994655849824
349565,1446724,1.0,0.5800976521458301
349589,1446748,1.0,0.5159445503848187
349695,1446862,1.0,0.6620113147460097
349728,1446897,1.0,0.6166220795333256
349742,1446915,1.0,0.6343237204297435
350074,1447276,1.0,0.7503787175196182
350130,1447345,1.0,0.6633214663739029
350357,1447618,1.0,0.8430417020889898
350361,1447622,1.0,0.5428384572748127
350384,1447658,1.0,0.7689863039300199
350429,1447726,1.0,0.6815196079980751
350450,1447750,1.0,0.6829553624189522
350455,1447758,1.0,0.6418769885095384
350457,1447760,1.0,0.5848045240893959
350465,1447771,1.0,0.523371742490333
350488,1447798,1.0,0.8619669909501608
350650,1447977,1.0,0.5522045176158669
350702,1448036,1.0,0.6525418654186056
350776,1448123,1.0,0.8180991037164611
350797,1448146,1.0,0.5339811628604801
350863,1448224,1.0,0.6868253328581283
351031,1448414,1.0,0.5596448617764731
351036,1448419,1.0,0.782386051885698
351171,1448568,1.0,0.546178678723576
351235,1448637,1.0,0.6415349584294375
351283,1448690,1.0,0.8258340728802065
351488,1448923,1.0,0.9308718254688775
351545,1448992,1.0,0.5970280626435344
351560,1449017,1.0,0.7498890640705301
351855,1449357,1.0,0.5790978224056439
352010,1449527,1.0,0.7744179136687058
352115,1449643,1.0,0.5079330390304928
352266,1449808,1.0,0.5196244018717039
352393,1449946,1.0,0.5141325883205076
352454,1450016,1.0,0.6407446864875256
352908,1450513,1.0,0.5368764638814991
352921,1450527,1.0,0.6477957877384559
352965,1450584,1.0,0.5231993119818213
353006,1450637,1.0,0.5958528796113883
353011,1450643,1.0,0.5086546922973161
353012,1450644,1.0,0.5208731884687234
353050,1450696,1.0,0.5253274123461488
353251,1450921,1.0,0.5470545796246261
353301,1450976,1.0,0.6078045695618526
353326,1451007,1.0,0.648522690468581
353513,1451218,1.0,0.5067785941635714
353548,1451257,1.0,0.7038910407486831
353623,1451339,1.0,0.7098395862081213
354245,1452019,1.0,0.8045413607022902
354264,1452042,1.0,0.8433321911334023
354423,1452228,1.0,0.6148329733250266
354439,1452245,1.0,0.6775204049800194
354481,1452300,1.0,0.6401752240786863
354486,1452309,1.0,0.6495120772501259
354489,1452312,1.0,0.5884774659496569
354705,1452551,1.0,0.6731044556289035
354722,1452568,1.0,0.7141658123095628
354768,1452618,1.0,0.5173901063833399
354777,1452628,1.0,0.5716192457159678
354885,1452745,1.0,0.6548013037967048
354891,1452752,1.0,0.6023513920609849
354926,1452792,1.0,0.5159275691731716
354950,1452820,1.0,0.5691567851368229
354989,1452864,1.0,0.5028933994018558
355120,1453006,1.0,0.7680280517053377
355130,1453016,1.0,0.9379164260756971
355324,1453232,1.0,0.6966017783458359
355429,1453354,1.0,0.6126496351594447
355517,1453459,1.0,0.542272553263652
355557,1453504,1.0,0.6250366054453841
355622,1453576,1.0,0.5177818073098662
355636,1453592,1.0,0.6467863845562529
355642,1453601,1.0,0.5296760588387965
355854,1453832,1.0,0.6707094384082989
355927,1453915,1.0,0.6226785335500473
355967,1453962,1.0,0.5484749731545095
355995,1453991,1.0,0.8058515453122562
356053,1454053,1.0,0.599221343433808
356290,1454326,1.0,0.5792433145178622
356293,1454330,1.0,0.8960898926141994
356295,1454332,1.0,0.614528839139857
356452,1454509,1.0,0.6331707738070477
356462,1454519,1.0,0.5006587454832107
356543,1454607,1.0,0.6602579635858217
357492,1455721,1.0,0.7349041829608896
357862,1456152,1.0,0.512752979933756
359921,1458408,1.0,0.8869525503980537
362007,1460758,1.0,0.6517634758924983
362192,1460969,1.0,0.5272482552559975
362707,1461561,1.0,0.7097939580232077
363025,1461926,1.0,0.5283607473037943
363119,1462064,1.0,0.9850031439545618
366416,1465807,1.0,0.5027393939753684
366460,1465857,1.0,0.6142516456270157
368799,1468495,1.0,0.863586831387168
370027,1469935,1.0,0.555356479348351
370559,1470515,1.0,0.9830626327036045
371105,1471140,1.0,0.9264074812793887
371133,1471178,1.0,0.5212662381564851
373045,1473308,1.0,0.7852525732032799
374721,1475180,1.0,0.7185337621568268
377728,1478473,1.0,0.7069031472648009
377905,1478668,1.0,0.5146537175052397
378338,1479142,1.0,0.5212256337788352
378644,1479480,1.0,0.5979075400289082
382860,1484257,1.0,0.7532131145049185
383134,1484560,1.0,0.8287237026677579
385725,1487438,1.0,0.5863996787958099
386756,1488605,1.0,0.524232890091973
392856,1495510,1.0,0.5773588200718507
392887,1495544,1.0,0.639830052064731
396533,1499656,1.0,0.5596298744190648
396548,1499673,1.0,0.9417860723262829
397053,1500307,1.0,0.9278408079764262
398042,1501493,1.0,0.6894943387546427
400169,1503897,1.0,0.5100675682952097
402042,1506053,1.0,0.669007705072935
402592,1506665,1.0,0.5869231976338611
403093,1507221,1.0,0.572372951757666
406446,1511194,1.0,0.5407583343242851
407094,1511909,1.0,0.5500089059580129
407155,1511978,1.0,0.952329395854738
407177,1512011,1.0,0.7745131734797631
407520,1512425,1.0,0.7841670547246257
408609,1513745,1.0,0.584178464119299
408682,1513829,1.0,0.5916500282884736
408810,1513982,1.0,0.7055029921639879
408823,1513999,1.0,0.5106719997477376
409985,1515502,1.0,0.6939684151432228
410069,1515624,1.0,0.8791764549918888
410244,1515855,1.0,0.521089231429245
410497,1516194,1.0,0.8103621324667013
410542,1516259,1.0,0.5385495409801622
410786,1516537,1.0,0.6669373340229006
410807,1516568,1.0,0.6677189696777117
411208,1517091,1.0,0.6614074976340844
411289,1517191,1.0,0.6289665857359882
411293,1517195,1.0,0.569508865383843
411548,1517526,1.0,0.5956386140975989
411574,1517558,1.0,0.6625069972706259
411580,1517567,1.0,0.6989018254571397
411837,1517910,1.0,0.6485418546805156
411909,1518011,1.0,0.523287335223327
412117,1518249,1.0,0.7459588838685713
412288,1518481,1.0,0.5023584952369726
412294,1518490,1.0,0.5426036062176548
412517,1518782,1.0,0.7079124776652835
412838,1519215,1.0,0.6395579540076881
412859,1519249,1.0,0.6337893945492159
413265,1519801,1.0,0.5620475504793642
413406,1519983,1.0,0.502098076480778
413589,1520239,1.0,0.5854237574856713
413667,1520345,1.0,0.6020272279417463
413694,1520379,1.0,0.7471159223081328
413695,1520381,1.0,0.7404931125621396
413939,1520698,1.0,0.7373343557207539
413984,1520762,1.0,0.9285087104581204
413994,1520773,1.0,0.5075118915151543
414021,1520812,1.0,0.6060744972145019
414209,1521065,1.0,0.6154429354800511
414432,1521374,1.0,0.5552678810337851
414677,1521691,1.0,0.579195632702528
414693,1521711,1.0,0.7543577921222014
414705,1521725,1.0,0.6833851735128115
414722,1521751,1.0,0.5876188753854683
414755,1521799,1.0,0.5037187973938705
414914,1522006,1.0,0.5098958275186958
415274,1522489,1.0,0.5996363518200873
415447,1522721,1.0,0.5990464494704345
415455,1522736,1.0,0.5988271437565812
415605,1522950,1.0,0.6239356638578815
415697,1523079,1.0,0.5126178901396256
415723,1523113,1.0,0.5044082927245718
415764,1523168,1.0,0.5018796537316108
415881,1523331,1.0,0.5297870979138767
416290,1523889,1.0,0.5378007488178386
416359,1523980,1.0,0.5256160210513349
416446,1524107,1.0,0.6418144770716251
416559,1524292,1.0,0.5281513445032049
416590,1524334,1.0,0.5151009410556224
416705,1524486,1.0,0.567958853595621
416734,1524529,1.0,0.596121670286023
416788,1524600,1.0,0.58387964605808
416882,1524749,1.0,0.8932880204878643
416957,1524867,1.0,0.5148499492993032
416964,1524877,1.0,0.8995642535749468
416987,1524904,1.0,0.5379579157138218
417002,1524931,1.0,0.6662517364066652
417003,1524932,1.0,0.5474609103516461
417023,1524956,1.0,0.5394424900411456
417402,1525477,1.0,0.7090479285181834
417476,1525575,1.0,0.7309701707496634
417871,1526143,1.0,0.5376026196000236
417889,1526167,1.0,0.5398347550097697
417897,1526178,1.0,0.5796153509719393
418107,1526466,1.0,0.748134399097866
418153,1526533,1.0,0.633963064243225
418180,1526569,1.0,0.5064858804561014
418324,1526754,1.0,0.5332574487065931
418506,1526992,1.0,0.6200460228673592
418604,1527131,1.0,0.5513523603635219
418806,1527435,1.0,0.5118482915205875
418927,1527608,1.0,0.5055071476637922
418980,1527682,1.0,0.9629119330722552
418982,1527684,1.0,0.5000157198617238
418988,1527693,1.0,0.5881369733511915
419168,1527938,1.0,0.6144170903919948
419171,1527943,1.0,0.7579109429281198
419179,1527953,1.0,0.6270653203340636
419295,1528126,1.0,0.5419498448450143
419423,1528329,1.0,0.5212477373512818
419436,1528348,1.0,0.7397777878778539
419508,1528447,1.0,0.6958110455954715
419516,1528456,1.0,0.8064926232926203
419531,1528480,1.0,0.5212477373512818
419613,1528601,1.0,0.943136141948781
419614,1528602,1.0,0.8877427266533079
419616,1528605,1.0,0.8283122836670935
419619,1528609,1.0,0.865770753595872
419621,1528613,1.0,0.8292794279914087
419626,1528622,1.0,0.8581834257622377
419628,1528626,1.0,0.87232992409619
419629,1528628,1.0,0.7896765576033534
419630,1528629,1.0,0.8292794279914087
419633,1528632,1.0,0.7256424014699975
419636,1528635,1.0,0.8645758818492222
419637,1528636,1.0,0.678540891386421
419684,1528727,1.0,0.5646505799660666
419781,1528866,1.0,0.50863177635899
419995,1529167,1.0,0.8133577532946528
420008,1529183,1.0,0.5839474553828289
420109,1529327,1.0,0.6702055640619189
420137,1529360,1.0,0.5320370182014694
420143,1529367,1.0,0.542571968156381
420151,1529377,1.0,0.5500615429197687
420296,1529593,1.0,0.5612556512814127
420325,1529627,1.0,0.6357086424293
420478,1529854,1.0,0.5314719524693803
420593,1529998,1.0,0.517387780983768
420613,1530034,1.0,0.5804498880772356
420614,1530035,1.0,0.6717217420248409
420747,1530216,1.0,0.5503444160084429
420781,1530266,1.0,0.5005240745710626
420796,1530287,1.0,0.5494419761608824
420869,1530382,1.0,0.5108114395886795
420881,1530397,1.0,0.6185545740488189
420927,1530457,1.0,0.5183139955352777
420947,1530485,1.0,0.524613745574276
420999,1530548,1.0,0.6089850798215943
421025,1530580,1.0,0.5087358043215098
421081,1530654,1.0,0.6168972779756532
421097,1530673,1.0,0.6583152425663048
421219,1530848,1.0,0.6340908619367384
421232,1530868,1.0,0.5302659310006598
421298,1530965,1.0,0.6241652306935923
421308,1530980,1.0,0.5246295289065629
421325,1531003,1.0,0.7136695454496615
421364,1531058,1.0,0.5864512461700429
421441,1531160,1.0,0.7258205276827132
421499,1531247,1.0,0.5898807325846204
421520,1531274,1.0,0.5100116737704548
421545,1531309,1.0,0.5249573798648648
421552,1531319,1.0,0.6461640832609109
421586,1531364,1.0,0.6329593017408041
421724,1531582,1.0,0.748621128942856
421828,1531742,1.0,0.5065769000811702
421843,1531762,1.0,0.5497621229995691
421920,1531882,1.0,0.7307671572423307
421942,1531917,1.0,0.8605157709553757
422021,1532022,1.0,0.752456769115438
422022,1532023,1.0,0.7491386522601464
422072,1532092,1.0,0.7988398101556281
422092,1532122,1.0,0.5179778037269239
422150,1532192,1.0,0.5567648568662632
422179,1532235,1.0,0.6965368513847633
422342,1532463,1.0,0.539863303033598
422404,1532551,1.0,0.5362499993459027
422413,1532561,1.0,0.5881996880254916
422442,1532608,1.0,0.5387732681232918
422483,1532659,1.0,0.9294725656476215
422527,1532722,1.0,0.5062301431794084
422591,1532837,1.0,0.5271491371838513
422628,1532889,1.0,0.5131365892011094
422729,1533039,1.0,0.5499942836817617
422834,1533176,1.0,0.8883857676952481
422845,1533194,1.0,0.6242149013216122
422878,1533244,1.0,0.5889050093810753
422978,1533383,1.0,0.6608350052665455
422979,1533384,1.0,0.5446784161309725
423002,1533428,1.0,0.5922080930341792
423046,1533494,1.0,0.5066059437577872
423153,1533642,1.0,0.9647206989027473
423297,1533854,1.0,0.8721131226149842
423325,1533904,1.0,0.5047315430663776
423391,1533994,1.0,0.5136900114079836
423396,1534001,1.0,0.7337343337193013
423424,1534042,1.0,0.721786739963524
423426,1534044,1.0,0.59753473145823
423429,1534049,1.0,0.6299236648596344
423487,1534133,1.0,0.596106463843955
423581,1534261,1.0,0.5781909967493281
423645,1534350,1.0,0.6069346923208292
423694,1534428,1.0,0.5584901408626529
423712,1534454,1.0,0.6708662259568857
423727,1534473,1.0,0.6215401452464328
423753,1534510,1.0,0.7917265526904226
423762,1534520,1.0,0.6284634908058292
423765,1534524,1.0,0.5275478214338876
423796,1534571,1.0,0.5162842129402421
423817,1534604,1.0,0.5107480394849756
423823,1534611,1.0,0.5089855044924534
423826,1534615,1.0,0.531687200752115
423828,1534617,1.0,0.8649992092510894
423861,1534663,1.0,0.552277495405542
423883,1534698,1.0,0.7290799151380639
423931,1534775,1.0,0.6666022169770202
423947,1534801,1.0,0.5535194487273503
424074,1534981,1.0,0.5517902095447657
424118,1535042,1.0,0.6054062639259293
424128,1535053,1.0,0.5705685328193821
424135,1535062,1.0,0.6915128402412467
424154,1536520,1.0,0.5308904746557356
424164,1536537,1.0,0.5740902029750216
424193,1536575,1.0,0.7820084605837244
424195,1536577,1.0,0.6012604403420789
424197,1536580,1.0,0.5175134003078017
424199,1536582,1.0,0.7299204449943963
424221,1536608,1.0,0.604606961922102
424230,1536620,1.0,0.6718097146854108
424239,1536629,1.0,0.7299204449943963
424246,1536640,1.0,0.5998988416546825
424308,1536734,1.0,0.6841863177106813
424314,1536742,1.0,0.5444976079860608
424325,1536766,1.0,0.6858115191844645
424329,1536771,1.0,0.5137650128892408
424332,1536775,1.0,0.8885638670540064
424364,1536819,1.0,0.5027690580940207
424370,1536827,1.0,0.6244420361973999
424371,1536829,1.0,0.6275189366082695
424388,1536851,1.0,0.6527407659795399
424391,1536855,1.0,0.5507284950511963
424458,1536955,1.0,0.5918665701412184
424473,1536977,1.0,0.510648408019181
424493,1537005,1.0,0.5117847575817649
424503,1537019,1.0,0.589408356267785
424535,1537064,1.0,0.5967954066923976
424551,1537089,1.0,0.5643999085210186
424581,1537128,1.0,0.5200315337649888
424584,1537131,1.0,0.5387888536625467
424605,1537157,1.0,0.8330725031130699
424632,1537197,1.0,0.5068878517084415
424672,1537242,1.0,0.6681515260385377
424674,1537245,1.0,0.6623414145817426
424730,1537333,1.0,0.5067923792688506
424734,1537340,1.0,0.6195281826036938
424770,1537390,1.0,0.6940367061852357
424779,1537403,1.0,0.5483079639131807
424793,1537430,1.0,0.8738875007848239
424825,1537492,1.0,0.5244280501976226
424847,1537524,1.0,0.6430540327713199
424855,1537535,1.0,0.5676791120605732
424859,1537541,1.0,0.6807889343530898
424864,1537557,1.0,0.7278714763418559
424886,1537590,1.0,0.5215910660617006
424902,1537609,1.0,0.6939964917735664
424910,1537617,1.0,0.5640084261772731
424928,1537637,1.0,0.5355149808546135
424990,1537720,1.0,0.7003863735561872
425023,1537766,1.0,0.816471470886725
425031,1537777,1.0,0.5359882187821101
425047,1537801,1.0,0.5051347305184899
425079,1537844,1.0,0.7671523496974234
425082,1537848,1.0,0.9122638790393466
425124,1537910,1.0,0.5419313547656212
425194,1538003,1.0,0.8901935318469522
425199,1538009,1.0,0.7352916082451978
425219,1538034,1.0,0.5435917896622311
425248,1538082,1.0,0.5801838142683047
425250,1538085,1.0,0.531111934239109
425261,1538098,1.0,0.5399293453336135
425267,1538106,1.0,0.5104456058159565
425275,1538119,1.0,0.5210583958847211
425300,1538167,1.0,0.5750912815768459
425306,1538173,1.0,0.7369959861867985
425309,1538176,1.0,0.6613253989051362
425314,1538182,1.0,0.6888069896376435
425320,1538189,1.0,0.5413236481758968
425349,1538230,1.0,0.5996507115714481
425370,1538263,1.0,0.6734346720567511
425375,1538272,1.0,0.6192616199461284
425386,1538288,1.0,0.5924433761017462
425403,1538311,1.0,0.8008402799126589
425411,1538326,1.0,0.7033342711810946
425436,1538364,1.0,0.5604177508678294
425460,1538398,1.0,0.5084946573660954
425467,1538410,1.0,0.6430589278054472
425477,1538424,1.0,0.5257012399830544
425500,1538455,1.0,0.7084324354170465
425510,1538467,1.0,0.5553332760263812
425521,1538480,1.0,0.8326689751394175
425529,1538491,1.0,0.8498105435081298
425534,1538497,1.0,0.5908700540761652
425535,1538498,1.0,0.5048260153129768
425537,1538500,1.0,0.5812341047312458
425543,1538512,1.0,0.5868660931219262
425557,1538542,1.0,0.6018876955933419
425583,1538578,1.0,0.7975555830264314
425596,1538593,1.0,0.5882070670142335
425598,1538595,1.0,0.5139855119415903
425602,1538601,1.0,0.6789308227930597
425615,1538619,1.0,0.9060003113219963
425621,1538626,1.0,0.526395649468378
425637,1538648,1.0,0.8111562008451084
425638,1538649,1.0,0.6171235137883184
425664,1538687,1.0,0.6313251050652752
425668,1538693,1.0,0.7992612218916825
425670,1538696,1.0,0.6998544379153827
425680,1538709,1.0,0.6192616199461284
425682,1538711,1.0,0.5517314879098683
425687,1538717,1.0,0.5822642849331633
425691,1538722,1.0,0.7492439414132935
425717,1538750,1.0,0.7075611316433745
425738,1538779,1.0,0.5391595628891954
425741,1538785,1.0,0.655836737227416
425750,1538798,1.0,0.8028254519578862
425760,1538813,1.0,0.7743146354292102
425764,1538819,1.0,0.9117407929204768
425785,1538847,1.0,0.6161515660250403
425793,1538860,1.0,0.570540683160812
425798,1538869,1.0,0.6062431636389359
425804,1538881,1.0,0.5716546506482573
425837,1538937,1.0,0.6017319364109102
425843,1538945,1.0,0.7355439027184542
425854,1538956,1.0,0.8597194020759278
425874,1538982,1.0,0.6472929811617586
425896,1539013,1.0,0.8608505437698388
425897,1539014,1.0,0.5963276392918417
425901,1539023,1.0,0.7183732031361763
425912,1539036,1.0,0.5670004533163726
425917,1539042,1.0,0.7530477360596011
425935,1539065,1.0,0.7017794526854471
425971,1539120,1.0,0.5781491452384195
425973,1539124,1.0,0.7747426265936083
425980,1539136,1.0,0.6137880670759859
426012,1539193,1.0,0.7794734122047361
426015,1539196,1.0,0.5660328722888573
426020,1539206,1.0,0.7260464245007333
426035,1539230,1.0,0.6783861335824736
426121,1539352,1.0,0.7794734122047361
426142,1539381,1.0,0.6138044496272257
426183,1539431,1.0,0.5520613303614191
426214,1539474,1.0,0.681862979630564
426228,1539491,1.0,0.6092887340131786
426229,1539492,1.0,0.76323719077858
426232,1539495,1.0,0.5549781273603674
426237,1539500,1.0,0.6863540254585379
426268,1539547,1.0,0.5651193240167605
426294,1539588,1.0,0.7007771826968486
426320,1539623,1.0,0.5197064782452753
426321,1539624,1.0,0.6841679717510153
426328,1539633,1.0,0.5082900440832578
426329,1539634,1.0,0.812794630756563
426339,1539651,1.0,0.7614105412702131
426354,1539670,1.0,0.621675019254324
426355,1539672,1.0,0.5536156019192973
426382,1539714,1.0,0.6544413615312076
426402,1539745,1.0,0.5287767021167665
426444,1539812,1.0,0.7529397243745285
426446,1539814,1.0,0.5278648196273928
426447,1539815,1.0,0.7403922081149692
426463,1539836,1.0,0.7739840702732951
426465,1539838,1.0,0.6609834559383431
426479,1539854,1.0,0.5015517463148761
426482,1539859,1.0,0.6920635472807487
426504,1539888,1.0,0.5269236988628341
426510,1539897,1.0,0.5172049459869826
426527,1539923,1.0,0.7215233283161394
426544,1539951,1.0,0.7523839907211245
426554,1539966,1.0,0.6653519308898852
426583,1540014,1.0,0.7037502047502926
426632,1540084,1.0,0.5015517463148761
426645,1540102,1.0,0.6427622369130758
426684,1540162,1.0,0.6332906457879894
426696,1540180,1.0,0.6814413615261758
426703,1540192,1.0,0.7904960183743994
426719,1540218,1.0,0.5140726026785456
426722,1540223,1.0,0.8478725260962531
426739,1540252,1.0,0.5670447443459998
426766,1540287,1.0,0.5996080592275865
426776,1540299,1.0,0.6432320049068161
426777,1540300,1.0,0.559178032540403
426802,1540329,1.0,0.943809695368129
426811,1540340,1.0,0.5058086301664693
426813,1540342,1.0,0.5895676748854376
426818,1540348,1.0,0.6898261805198266
426874,1540426,1.0,0.5850851524239208
426877,1540429,1.0,0.5727416565747053
426878,1540430,1.0,0.7633057256573023
426879,1540431,1.0,0.8401842757558857
426889,1540447,1.0,0.5994895804961125
426908,1540474,1.0,0.5663853585821711
426927,1540498,1.0,0.8917390002231866
426965,1540550,1.0,0.6427493394110058
426988,1540580,1.0,0.7667267387701714
427008,1540608,1.0,0.7727394551194223
427015,1540616,1.0,0.6463718430640669
427027,1540633,1.0,0.5500747851043414
427064,1540690,1.0,0.657840150828403
427091,1540729,1.0,0.5194721352911614
427102,1540741,1.0,0.797339153769221
427148,1540807,1.0,0.6882035937631815
427180,1540860,1.0,0.6022329221359075
427185,1540867,1.0,0.655940863779007
427187,1540869,1.0,0.741377357180286
427220,1540930,1.0,0.5011390212269435
427221,1540931,1.0,0.8085289753402675
427233,1540949,1.0,0.6855839139555444
427242,1540962,1.0,0.7144753659742529
427312,1541065,1.0,0.6546323989388925
427313,1541067,1.0,0.6031276666750817
427335,1541092,1.0,0.7381265552072853
427390,1541168,1.0,0.6056562423562313
427402,1541184,1.0,0.7333352843504904
427414,1541200,1.0,0.6197780009552687
427437,1541245,1.0,0.6710366811677925
427448,1541264,1.0,0.6202890046508176
427477,1541320,1.0,0.5001824382394532
427479,1541322,1.0,0.6158869732934528
427513,1541363,1.0,0.730308967098875
427525,1541376,1.0,0.7950188823718385
427537,1541390,1.0,0.5878924386661866
427563,1541421,1.0,0.500237206378363
427596,1541461,1.0,0.7931018184103195
427600,1541465,1.0,0.6183525564013462
427618,1541484,1.0,0.8137081883291364
427647,1541519,1.0,0.5001824382394532
427649,1541524,1.0,0.7245991510134521
427657,1541535,1.0,0.8602600405099506
427676,1541562,1.0,0.711178086760249
427708,1541609,1.0,0.7423787339433651
427712,1541617,1.0,0.5651375257939594
427721,1541629,1.0,0.9658838767742095
427769,1541695,1.0,0.733033883377451
427770,1541696,1.0,0.5384456517294903
427783,1541711,1.0,0.5307646065672993
427784,1541712,1.0,0.547105633466752
427794,1541724,1.0,0.5639135209333166
427812,1541747,1.0,0.7454370489079448
427832,1541775,1.0,0.5130572458899055
427836,1541781,1.0,0.7013149091235049
427856,1541812,1.0,0.5213743988730394
427867,1541825,1.0,0.7308987696264165
427902,1541875,1.0,0.5650876550940847
427912,1541888,1.0,0.7154175236117614
427926,1541906,1.0,0.5985118363015314
427931,1541918,1.0,0.7157068037674382
427944,1541939,1.0,0.6113918307356762
427989,1542009,1.0,0.6803115590084613
428021,1542070,1.0,0.8442411094174912
428022,1542071,1.0,0.8328224618873523
428027,1542079,1.0,0.7462611586633343
428090,1542164,1.0,0.7537580465601773
428097,1542171,1.0,0.575222219095429
428110,1542186,1.0,0.7555054135825472
428111,1542188,1.0,0.5579393112552652
428120,1542202,1.0,0.8376173569340165
428132,1542224,1.0,0.5769988188489498
428143,1542239,1.0,0.7393074258236229
428162,1542261,1.0,0.8153383452687031
428177,1542289,1.0,0.6846454008863891
428225,1542362,1.0,0.5749596024775557
428263,1542422,1.0,0.8108767627676854
428264,1542423,1.0,0.7395788656027318
428268,1542427,1.0,0.9748963664414549
428286,1542451,1.0,0.7944261378987183
428294,1542460,1.0,0.6465409230749314
428339,1542516,1.0,0.5802411620042199
428375,1542573,1.0,0.8763095437060183
428381,1542586,1.0,0.9274329618450693
428407,1542616,1.0,0.5249884551386235
428425,1542639,1.0,0.5461907474051929
428444,1542663,1.0,0.7571846531111545
428445,1542664,1.0,0.5207852980794491
428446,1542665,1.0,0.890491537635013
428447,1542666,1.0,0.8522145608502407
428448,1542668,1.0,0.9747564301186301
428449,1542669,1.0,0.9043748241772527
428451,1542671,1.0,0.9699172310060447
428452,1542672,1.0,0.8722911527670885
428453,1542673,1.0,0.9654193554185719
428454,1542674,1.0,0.9832799315716022
428455,1542675,1.0,0.8261505193041428
428456,1542676,1.0,0.9337015617143166
428458,1542678,1.0,0.8664743669983616
428460,1542681,1.0,0.5171351951501845
428462,1542683,1.0,0.5742490200331326
428465,1542687,1.0,0.8619226814296512
428467,1542689,1.0,0.6528207018836255
428468,1542691,1.0,0.5814859801518932
428469,1542692,1.0,0.7376501026180343
428471,1542695,1.0,0.9714153942416509
428473,1542697,1.0,0.864357796775473
428474,1542698,1.0,0.9175884880416619
428475,1542699,1.0,0.7060612859706963
428476,1542700,1.0,0.9434303610197683
428477,1542701,1.0,0.6465404982821709
428482,1542709,1.0,0.9016402491999255
428484,1542711,1.0,0.9184727940025754
428485,1542712,1.0,0.7303154809309589
428487,1542714,1.0,0.9209451266074926
428492,1542719,1.0,0.890491537635013
428493,1542720,1.0,0.922389965271159
428494,1542721,1.0,0.9211925647281717
428495,1542723,1.0,0.8649978910075208
428497,1542727,1.0,0.6896491949919836
428499,1542729,1.0,0.6729925184838557
428538,1542780,1.0,0.7251980858398188
428552,1542800,1.0,0.8065739796033585
428554,1542802,1.0,0.6364956287082135
428575,1542832,1.0,0.944875721406459
428590,1542853,1.0,0.5314331981907788
428595,1542858,1.0,0.70067355052307
428605,1542872,1.0,0.9232660925386597
428606,1542873,1.0,0.5968298209882165
428611,1542878,1.0,0.9047180475376374
428625,1542900,1.0,0.8822944970454714
428626,1542901,1.0,0.6512233616171283
428635,1542922,1.0,0.524775704047675
428665,1542965,1.0,0.5661787634260664
428680,1542988,1.0,0.5328190802207601
428681,1542989,1.0,0.6096603927145667
428694,1543007,1.0,0.7707198557022708
428700,1543016,1.0,0.607750655313391
428703,1543021,1.0,0.7853720460081727
428712,1543035,1.0,0.5596107491620765
428713,1543036,1.0,0.8881293093514121
428714,1543037,1.0,0.7473004502547849
428726,1543049,1.0,0.5697080476050534
428740,1543069,1.0,0.5037911419626863
428743,1543073,1.0,0.8482870923303502
428749,1543079,1.0,0.690660336045045
428773,1543108,1.0,0.8106817382018485
428799,1543141,1.0,0.7292741440887115
428803,1543146,1.0,0.6000450037471634
428824,1543176,1.0,0.5740437040572937
428851,1543210,1.0,0.5021030968220583
428869,1543230,1.0,0.708154625123172
428875,1543241,1.0,0.8100074082861171
428883,1543254,1.0,0.6700168320030178
428891,1543266,1.0,0.6805382992617196
428935,1543324,1.0,0.6747473607957536
428952,1543348,1.0,0.5802102890911264
428961,1543360,1.0,0.5876142924581566
428980,1543385,1.0,0.88317586637003
428983,1543388,1.0,0.6909083191554349
428987,1543394,1.0,0.8416835847786724
429001,1543413,1.0,0.5345814543121747
429046,1543488,1.0,0.8011085286211963
429053,1543499,1.0,0.6981132512299518
429060,1543510,1.0,0.5592889041854382
429073,1543528,1.0,0.8655994848480941
429076,1543532,1.0,0.6651685283857646
429092,1543553,1.0,0.9482397613847581
429096,1543559,1.0,0.7759464214416437
429101,1543566,1.0,0.6276572846714299
429114,1543582,1.0,0.8655994848480941
429117,1543586,1.0,0.7079783899350545
429126,1543598,1.0,0.6133613254244374
429127,1543601,1.0,0.6992617840913463
429137,1543615,1.0,0.7556329641150266
429148,1543631,1.0,0.8753401692369566
429153,1543639,1.0,0.5489914070492536
429161,1543656,1.0,0.6096603927145667
429162,1543657,1.0,0.5506382567206546
429183,1543688,1.0,0.853520645076943
429184,1543690,1.0,0.9444689457622334
429196,1543708,1.0,0.5086104404980374
429223,1543746,1.0,0.5573781515314188
429225,1543749,1.0,0.5221969594809187
429228,1543755,1.0,0.7146993711495473
429251,1543793,1.0,0.5077726658038144
429253,1543796,1.0,0.8912930495867072
429264,1543810,1.0,0.5506382567206546
429292,1543846,1.0,0.826655128737747
429303,1543858,1.0,0.8619842869068178
429310,1543869,1.0,0.8108460877447958
429321,1543885,1.0,0.7602652297356791
429330,1543901,1.0,0.7273353857883103
429331,1543902,1.0,0.5086104404980374
429357,1543936,1.0,0.6805382992617196
429359,1543939,1.0,0.8970162840723653
429362,1543942,1.0,0.6786990045330078
429370,1543954,1.0,0.6965538926652023
429372,1543956,1.0,0.7830133987188624
429376,1543962,1.0,0.5067486406589223
429383,1543971,1.0,0.5245859053996326
429389,1543978,1.0,0.5528248929406716
429400,1543997,1.0,0.808620920477657
429402,1543999,1.0,0.5327021125607152
429420,1544029,1.0,0.5755657577514905
429450,1544070,1.0,0.5483841211331064
429465,1544088,1.0,0.8686397987596481
429484,1544114,1.0,0.7773545783831992
429521,1544160,1.0,0.6267742880967618
429527,1544167,1.0,0.9053796795285132
429535,1544180,1.0,0.7724569290439345
429536,1544181,1.0,0.5124433823015186
429537,1544182,1.0,0.8724070161047529
429539,1544184,1.0,0.7737522739101931
429549,1544201,1.0,0.8581866996818437
429575,1544241,1.0,0.582832222303452
429591,1544260,1.0,0.85098703485724
429599,1544271,1.0,0.7343985367938339
429602,1544276,1.0,0.5317977204445211
429603,1544277,1.0,0.710174032245501
429630,1544313,1.0,0.5639094567443
429641,1544332,1.0,0.5970097248503339
429652,1544349,1.0,0.7548121569824584
429706,1544446,1.0,0.5157947019405613
429724,1544471,1.0,0.806030450266533
429728,1544478,1.0,0.8694858862261856
429733,1544483,1.0,0.7128850537545558
429746,1544500,1.0,0.5286156816666948
429762,1544525,1.0,0.6716389202851245
429778,1544546,1.0,0.5950731537674206
429796,1544569,1.0,0.6158971597737626
429813,1544598,1.0,0.927845166122274
429816,1544602,1.0,0.5302165917444418
429820,1544606,1.0,0.5124433823015186
429833,1544623,1.0,0.7607479103203493
429848,1544643,1.0,0.5697042172359211
429856,1544652,1.0,0.6151381901014548
429861,1544660,1.0,0.6958724606939555
429863,1544663,1.0,0.5235026922375198
429873,1544674,1.0,0.5270314474965554
429875,1544677,1.0,0.8791764549918888
429884,1544691,1.0,0.5842836674218088
429890,1544699,1.0,0.7024304693536791
429896,1544706,1.0,0.5425331245770295
429911,1544732,1.0,0.6910661017061737
429920,1544745,1.0,0.5317977204445211
429927,1544756,1.0,0.8079266306553604
429932,1544764,1.0,0.5687844911912816
429941,1544780,1.0,0.686398673845809
429946,1544788,1.0,0.5281197371163595
430007,1544872,1.0,0.8742328712771251
430028,1544905,1.0,0.7900747580704857
430040,1544920,1.0,0.5550044513430237
430043,1544929,1.0,0.5595116710294449
430048,1544935,1.0,0.5611709818017482
430059,1544950,1.0,0.660569636977709
430069,1544963,1.0,0.7574807119820175
430086,1544987,1.0,0.6738682154253002
430098,1545004,1.0,0.6396572207223935
430111,1545022,1.0,0.6251834391305945
430128,1545051,1.0,0.6685801337955708
430129,1545053,1.0,0.6160874941632132
430131,1545056,1.0,0.6942400814204124
430142,1545072,1.0,0.6324564476954643
430163,1545108,1.0,0.5970097248503339
430194,1545150,1.0,0.9189925909929882
430217,1545184,1.0,0.7178444499815648
430218,1545186,1.0,0.6575839405096228
430238,1545215,1.0,0.5099941054114152
430278,1545272,1.0,0.9021393115732422
430285,1545284,1.0,0.7247107286763625
430289,1545291,1.0,0.8752761886875082
430296,1545305,1.0,0.6416076993799774
430306,1545322,1.0,0.53121631553188
430323,1545347,1.0,0.5941627523032534
430324,1545348,1.0,0.9671605373695464
430331,1545356,1.0,0.7930928798518743
430334,1545359,1.0,0.7024304693536791
430338,1545367,1.0,0.8788103115377295
430357,1545394,1.0,0.7060175153071756
430375,1545418,1.0,0.5483174902088619
430410,1545466,1.0,0.8069581406063898
430445,1545510,1.0,0.829377385805981
430446,1545512,1.0,0.9447591523760974
430453,1545521,1.0,0.8833852821890162
430460,1545529,1.0,0.790758177781853
430472,1545544,1.0,0.5306778838790759
430483,1545555,1.0,0.6311060526591826
430496,1545572,1.0,0.7289177971722135
430498,1545574,1.0,0.9231349932341376
430527,1545611,1.0,0.6080259442865322
430530,1545615,1.0,0.7660920647402204
430548,1545637,1.0,0.8124356105636094
430554,1545644,1.0,0.7680612037942873
430556,1545646,1.0,0.7358318458830372
430571,1545664,1.0,0.6869363134506691
430575,1545672,1.0,0.6171043043737353
430579,1545679,1.0,0.914266624719255
430596,1545707,1.0,0.5473686153203957
430605,1545719,1.0,0.7479989680288984
430608,1545724,1.0,0.8495339374672315
430627,1545748,1.0,0.5595807349048734
430661,1545791,1.0,0.8614922915905723
430662,1545792,1.0,0.8406799468559535
430683,1545821,1.0,0.7479989680288984
430698,1545843,1.0,0.9311570211271138
430738,1545899,1.0,0.7415461362903785
430744,1545910,1.0,0.8539039921827472
430746,1545913,1.0,0.5216416194602377
430777,1545953,1.0,0.5972401601609375
430791,1545971,1.0,0.816005601009314
430804,1545986,1.0,0.6869363134506691
430812,1545997,1.0,0.927372199540643
430864,1546081,1.0,0.9214340122271104
430865,1546082,1.0,0.9294758302677892
430897,1546130,1.0,0.5190199466204146
430906,1546143,1.0,0.6971720776987587
430926,1546171,1.0,0.9293521169921151
430981,1546245,1.0,0.523638982712794
431000,1546271,1.0,0.5344468279688769
431031,1546315,1.0,0.5681279324723546
431070,1546379,1.0,0.7738260219489984
431072,1546382,1.0,0.8025666388596803
431079,1546396,1.0,0.8020580493582647
431092,1546412,1.0,0.5424668967517291
431100,1546422,1.0,0.7594085669263583
431103,1546425,1.0,0.5700167366135604
431105,1546427,1.0,0.6252664784841706
431111,1546434,1.0,0.5318137263760113
431123,1546457,1.0,0.560520573554981
431125,1546460,1.0,0.5150474223798944
431131,1546469,1.0,0.627650753340093
431147,1546492,1.0,0.549704010154845
431204,1546583,1.0,0.7681475447738949
431212,1546591,1.0,0.6307973318634271
431215,1546596,1.0,0.6238061765219741
431224,1546608,1.0,0.7479989680288984
431229,1546613,1.0,0.6068514412449729
431264,1546660,1.0,0.7848651247999284
431268,1546666,1.0,0.9406644978318219
431280,1546685,1.0,0.5673335065231293
431289,1546698,1.0,0.5965029224115569
431292,1546702,1.0,0.6650923780168453
431296,1546707,1.0,0.6971720776987587
431314,1546735,1.0,0.5876466323766715
431329,1546756,1.0,0.5729735329609464
431330,1546758,1.0,0.8622950466715452
431342,1546773,1.0,0.7139042429534166
431357,1546794,1.0,0.8101500800311904
431358,1546796,1.0,0.5857086050116113
431364,1546803,1.0,0.6581658901731976
431366,1546807,1.0,0.5473195537668338
431368,1546810,1.0,0.5191500196334471
431413,1546880,1.0,0.5857086050116113
431450,1546941,1.0,0.6633472520270952
431484,1546993,1.0,0.5608481715890403
431511,1547023,1.0,0.8965315692975395
431513,1547027,1.0,0.6405632226746408
431536,1547057,1.0,0.5663287928307538
431544,1547068,1.0,0.8832166991850633
431576,1547104,1.0,0.6843360026943531
431585,1547114,1.0,0.9127933251460318
431628,1547177,1.0,0.8386039666914402
431637,1547189,1.0,0.6542736813230725
431670,1547241,1.0,0.8777108802841868
431671,1547242,1.0,0.8745681673842232
431690,1547264,1.0,0.8386039666914402
431703,1547282,1.0,0.525791240474974
431704,1547284,1.0,0.8223138015394384
431712,1547294,1.0,0.5939158593424185
431721,1547304,1.0,0.6146903074691054
431725,1547308,1.0,0.961935649041892
431742,1547339,1.0,0.5295545443777222
431745,1547343,1.0,0.8859623412249168
431747,1547346,1.0,0.8090383903124706
431757,1547361,1.0,0.5856219056955962
431762,1547369,1.0,0.5521632148157577
431775,1547387,1.0,0.9732106328166593
431793,1547409,1.0,0.7045804986175437
431807,1547429,1.0,0.5059524601266606
431809,1547431,1.0,0.5917008945645374
431828,1547456,1.0,0.6049787007897139
431854,1547491,1.0,0.8919704419985812
431889,1547537,1.0,0.5249022505704274
431895,1547544,1.0,0.5401423286846293
431899,1547548,1.0,0.5595354662166736
431909,1547561,1.0,0.6338117627099632
431911,1547563,1.0,0.7122655990255973
431921,1547580,1.0,0.7200878923754357
431926,1547585,1.0,0.5388492040787238
431930,1547594,1.0,0.5115087934618587
431933,1547598,1.0,0.6210433825349457
431950,1547624,1.0,0.6146377011464791
431957,1547634,1.0,0.5048162944960127
431969,1547648,1.0,0.5208181186506415
431978,1547660,1.0,0.6957954571365131
432003,1547703,1.0,0.6210433825349457
432007,1547708,1.0,0.5043432310444116
432021,1547730,1.0,0.9145615259516827
432029,1547739,1.0,0.6862406308655198
432031,1547743,1.0,0.5232717885893329
432034,1547750,1.0,0.5714051511838731
432081,1547817,1.0,0.7045804986175437
432082,1547818,1.0,0.7272974415479625
432093,1547831,1.0,0.5188129320470631
432103,1547842,1.0,0.5379031137830296
432141,1547890,1.0,0.8719022617045686
432160,1547913,1.0,0.6549842815911212
432188,1547950,1.0,0.5401423286846293
432237,1548025,1.0,0.6167894877191851
432252,1548045,1.0,0.5126136197207661
432301,1548105,1.0,0.5974318344497817
432308,1548116,1.0,0.5388492040787238
432321,1548129,1.0,0.9892214786006932
432331,1548139,1.0,0.9185978703012025
432368,1548186,1.0,0.80586498811424
432376,1548197,1.0,0.7640232444798886
432384,1548208,1.0,0.9428853088396835
432385,1548210,1.0,0.8495607773401473
432386,1548211,1.0,0.7650100488307191
432388,1548214,1.0,0.660929146227571
432389,1548215,1.0,0.9801797212011982
432391,1548217,1.0,0.7843633624371847
432392,1548219,1.0,0.5424574318422747
432397,1548225,1.0,0.5148520480742879
432425,1548259,1.0,0.5313092490720468
432427,1548261,1.0,0.7424402156616852
432446,1548284,1.0,0.5869784485336348
432460,1548302,1.0,0.6060306800924228
432494,1548344,1.0,0.5199608722420214
432502,1548355,1.0,0.638576608047368
432504,1548357,1.0,0.6060306800924228
432513,1548369,1.0,0.8335786282859804
432522,1548379,1.0,0.8306059141625035
432535,1548396,1.0,0.6280782959258745
432537,1548398,1.0,0.6793336002141237
432578,1548454,1.0,0.6044232147025013
432586,1548464,1.0,0.6055580198120257
432606,1548491,1.0,0.7388772393363582
432617,1548502,1.0,0.545168220652519
432662,1548558,1.0,0.8076235937763964
432669,1548566,1.0,0.8166736364449445
432692,1548596,1.0,0.6426140346301399
432701,1548608,1.0,0.5864985266157009
432706,1548616,1.0,0.5864985266157009
432709,1548619,1.0,0.6371674128199334
432718,1548629,1.0,0.8799287713641875
432719,1548630,1.0,0.8844449505721846
432751,1548668,1.0,0.7089278310174737
432753,1548670,1.0,0.798682338455238
432769,1548696,1.0,0.6333272661367726
432794,1548730,1.0,0.5365427052135784
432813,1548757,1.0,0.633161861863147
432816,1548760,1.0,0.6588375830470112
432820,1548766,1.0,0.8545064798171711
432823,1548770,1.0,0.8014270487690989
432824,1548771,1.0,0.6551873490376819
432831,1548783,1.0,0.7277292371323819
432832,1548784,1.0,0.5308163458958758
432881,1548847,1.0,0.7036302593355013
432888,1548858,1.0,0.5546300033695425
432892,1548863,1.0,0.5030772811897917
432897,1548870,1.0,0.6840412162804383
432904,1548880,1.0,0.6560928429991125
432924,1548907,1.0,0.5022196435787636
432930,1548914,1.0,0.5703543165606736
432942,1548930,1.0,0.7891102457572892
432965,1548960,1.0,0.5839904873799233
432969,1548966,1.0,0.8697149488506565
432982,1548983,1.0,0.778017199597004
433011,1549020,1.0,0.6075201852320238
433034,1549052,1.0,0.5864985266157009
433040,1549061,1.0,0.8237239138825772
433047,1549070,1.0,0.8520516697237389
433055,1549079,1.0,0.5864985266157009
433068,1549096,1.0,0.6828185482616606
433069,1549097,1.0,0.8220574662223167
433071,1549100,1.0,0.6055580198120257
433088,1549127,1.0,0.7647507781401277
433106,1549150,1.0,0.5864985266157009
433157,1549210,1.0,0.5995424483386753
433177,1549234,1.0,0.9194251586782249
433220,1549296,1.0,0.5308163458958758
433225,1549302,1.0,0.8504925818969574
433228,1549306,1.0,0.5643519221056897
433247,1549338,1.0,0.619218861369101
433255,1549351,1.0,0.5678644046416376
433293,1549396,1.0,0.5353171965941785
433303,1549408,1.0,0.619218861369101
433310,1549418,1.0,0.7973464074124177
433326,1549439,1.0,0.5566956898434267
433354,1549474,1.0,0.6055580198120257
433370,1549493,1.0,0.563249006794736
433376,1549502,1.0,0.5434466444255177
433383,1549511,1.0,0.6127373186460284
433424,1549563,1.0,0.5367745113682298
433428,1549567,1.0,0.559562734166316
433448,1549593,1.0,0.7238901343109165
433485,1549639,1.0,0.6190971539172443
433522,1549685,1.0,0.5252279079409392
433525,1549689,1.0,0.9065854101079491
433532,1549700,1.0,0.592619552136149
433546,1549724,1.0,0.8534576639283566
433549,1549728,1.0,0.9610274982433805
433553,1549732,1.0,0.8254934305195987
433574,1549763,1.0,0.5062368040702084
433587,1549780,1.0,0.5683204518711196
433588,1549781,1.0,0.7006268218146401
433591,1549785,1.0,0.918676993773189
433595,1549789,1.0,0.789654912346098
433599,1549794,1.0,0.5496522134657521
433607,1549804,1.0,0.5367745113682298
433617,1549817,1.0,0.5838089471668275
433637,1549840,1.0,0.5510514382651762
433644,1549850,1.0,0.6580282592537557
433647,1549853,1.0,0.6529491319409558
433680,1549892,1.0,0.5803767006760371
433709,1549933,1.0,0.5203203570202638
433716,1549943,1.0,0.9635451167017489
433717,1549945,1.0,0.560108549635635
433732,1549964,1.0,0.9779532500845387
433754,1549991,1.0,0.5303602491168016
433756,1549993,1.0,0.8757013556631689
433759,1549996,1.0,0.5405455865158754
433761,1549998,1.0,0.7824294477399427
433780,1550023,1.0,0.5327243905783402
433799,1550051,1.0,0.6601043184941914
433801,1550053,1.0,0.7737378018831094
433810,1550066,1.0,0.6310117618253117
433824,1550086,1.0,0.6483819286950283
433854,1550127,1.0,0.834062748548187
433863,1550141,1.0,0.7113205646347979
433887,1550176,1.0,0.5408737093446814
433908,1550206,1.0,0.5367745113682298
433932,1550239,1.0,0.7654395316081376
433947,1550260,1.0,0.7208031033962626
433953,1550270,1.0,0.5175032242166939
433957,1550274,1.0,0.7289419550554338
433982,1550306,1.0,0.5510514382651762
434030,1550359,1.0,0.5347420063839659
434068,1550413,1.0,0.6470346994819275
434073,1550418,1.0,0.528673828202377
434074,1550420,1.0,0.5681321488652322
434079,1550426,1.0,0.7799124117878911
434092,1550443,1.0,0.5966283477674011
434103,1550455,1.0,0.592619552136149
434106,1550458,1.0,0.8531908238292563
434127,1550484,1.0,0.5857422525099727
434147,1550510,1.0,0.6922052246253795
434149,1550513,1.0,0.739665668822888
434153,1550518,1.0,0.821627969903625
434173,1550543,1.0,0.8013323554449584
434199,1550579,1.0,0.5078983834762573
434203,1550585,1.0,0.7572312439488521
434209,1550591,1.0,0.6250806199983536
434214,1550596,1.0,0.5295268503194149
434226,1550613,1.0,0.8194552350439749
434229,1550619,1.0,0.8317952108085155
434238,1550630,1.0,0.6635135273284739
434239,1550631,1.0,0.6047537891677169
434241,1550635,1.0,0.6246336978811621
434248,1550645,1.0,0.5264677937613327
434291,1550703,1.0,0.7169296612354585
434311,1550725,1.0,0.5078983834762573
434321,1550739,1.0,0.635547268362143
434326,1550745,1.0,0.6406464506332468
434352,1550777,1.0,0.7164512120203348
434363,1550791,1.0,0.7313394205836258
434388,1550823,1.0,0.5033785119921199
434413,1550854,1.0,0.5440772253097451
434418,1550861,1.0,0.8194552350439749
434443,1550894,1.0,0.7638264933089838
434444,1550895,1.0,0.7001068271347374
434448,1550901,1.0,0.7983485457813827
434452,1550906,1.0,0.5510514382651762
434455,1550909,1.0,0.6006253963019499
434460,1550920,1.0,0.5539003269375588
434461,1550922,1.0,0.5208355377718759
434468,1550931,1.0,0.5187229779229813
434494,1550961,1.0,0.6618354327830158
434499,1550969,1.0,0.5783617617997544
434500,1550970,1.0,0.7022895370592285
434515,1550988,1.0,0.5737334916206022
434518,1550991,1.0,0.8843106876377472
434532,1551008,1.0,0.5682687397560661
434537,1551017,1.0,0.8934369993010185
434543,1551023,1.0,0.6370183635031037
434545,1551025,1.0,0.821627969903625
434558,1551045,1.0,0.6111891407666038
434568,1551056,1.0,0.5408737093446814
434599,1551094,1.0,0.5609881099647788
434648,1551160,1.0,0.6240998071104105
434659,1551175,1.0,0.5539003269375588
434669,1551187,1.0,0.5335904059157881
434676,1551194,1.0,0.696804940686445
434687,1551207,1.0,0.7173073588467144
434721,1551248,1.0,0.5613636137089522
434723,1551251,1.0,0.6247529042934284
434786,1551333,1.0,0.8096796774737074
434792,1551341,1.0,0.5993239749626378
434814,1551371,1.0,0.5864599860028817
434837,1551398,1.0,0.6862781253568239
434857,1551424,1.0,0.7611221496136727
434860,1551427,1.0,0.5510514382651762
434883,1551460,1.0,0.5250230968121998
434890,1551470,1.0,0.7975207662976225
434894,1551475,1.0,0.5132316467635925
434897,1551478,1.0,0.5011406664584258
434899,1551480,1.0,0.6289348874217093
434919,1551503,1.0,0.7508107130897446
434950,1551547,1.0,0.6684445500069285
434951,1551548,1.0,0.6190971539172443
434965,1551562,1.0,0.7784508238998087
434968,1551565,1.0,0.6678213133580824
434988,1551597,1.0,0.6863801252989528
434996,1551608,1.0,0.6047537891677169
435074,1551712,1.0,0.5490294228248614
435079,1551717,1.0,0.8595827395153555
435100,1551745,1.0,0.7228854651757093
435110,1551755,1.0,0.5790911433603958
435135,1551790,1.0,0.7641319163288434
435151,1551815,1.0,0.551551603746792
435163,1551831,1.0,0.6047537891677169
435164,1551832,1.0,0.7930712510101584
435165,1551833,1.0,0.5250230968121998
435267,1551962,1.0,0.5496522134657521
435341,1552055,1.0,0.9375424113196613
435359,1552077,1.0,0.7237765556719946
435361,1552080,1.0,0.592619552136149
435394,1552124,1.0,0.7173073588467144
435423,1552164,1.0,0.5182089653998708
435439,1552192,1.0,0.712537001833042
435476,1552242,1.0,0.5510514382651762
435511,1552288,1.0,0.6728777955893501
435587,1552380,1.0,0.5203203570202638
435641,1552448,1.0,0.5790911433603958
435662,1552474,1.0,0.5175032242166939
435684,1552502,1.0,0.5510514382651762
435708,1552537,1.0,0.6047537891677169
435721,1552556,1.0,0.6310117618253117
435730,1552567,1.0,0.6272683096364375
435768,1552614,1.0,0.7339315274865611
435807,1552663,1.0,0.5250230968121998
435847,1552716,1.0,0.6017681920210285
435870,1552749,1.0,0.7026734677546236
435896,1552778,1.0,0.5510514382651762
435921,1552813,1.0,0.7343466235316426
436020,1552950,1.0,0.5277698568200141
436404,1553436,1.0,0.6246336978811621
436481,1553541,1.0,0.7719430492771516
