,Customer_ID,prediccion,%_proba
13,20333,1.0,0.5211080912273299
17,21719,1.0,0.6381021630907158
32,29008,1.0,0.6482839187050051
53,35843,1.0,0.9227722050325762
56,36148,1.0,0.7750452913985513
61,38433,1.0,0.65184327010297
68,41264,1.0,0.7343331232802609
116,60679,1.0,0.9450423977519191
119,61578,1.0,0.6467117472798668
124,64535,1.0,0.5184350937025439
128,64859,1.0,0.6242481231467651
160,76895,1.0,0.7923967705228794
161,77018,1.0,0.7170087802473522
173,79841,1.0,0.5847561260878305
189,85045,1.0,0.8266812577914897
201,88643,1.0,0.7438938430840228
213,91532,1.0,0.8393835770970917
239,102451,1.0,0.6153464431919341
247,103929,1.0,0.7194215984530347
267,110140,1.0,0.8724053941505541
272,111201,1.0,0.5911181724039426
275,112379,1.0,0.5454795557855686
287,115529,1.0,0.5576617320855267
303,118094,1.0,0.7984624838796729
307,119776,1.0,0.5728949622444598
335,125050,1.0,0.710436084988938
347,129077,1.0,0.7550960977913103
349,130522,1.0,0.8862532454550875
359,133108,1.0,0.6880023857104115
363,133490,1.0,0.9464474662172909
365,133933,1.0,0.9390802895075537
375,137345,1.0,0.8914561967152925
386,140021,1.0,0.7042802819204735
407,145807,1.0,0.7077649656574698
410,147454,1.0,0.8326179922014388
415,148997,1.0,0.5182685595369199
422,150764,1.0,0.8847845974376539
441,154399,1.0,0.8081375114557032
453,158366,1.0,0.6374440821456304
465,161739,1.0,0.5021283454839117
496,170303,1.0,0.7063670352240993
504,173293,1.0,0.5713671640226933
505,173663,1.0,0.7092797715633299
514,175429,1.0,0.8829928640883247
538,180438,1.0,0.7669694048430725
543,183536,1.0,0.7873527335332089
552,186143,1.0,0.5383689089713677
555,186486,1.0,0.5528627736141156
565,188462,1.0,0.5278665160018539
591,195183,1.0,0.6438942520197664
592,196037,1.0,0.5553374258688643
613,200977,1.0,0.5324206145720204
617,201633,1.0,0.800487961289339
620,201782,1.0,0.8077310397674899
623,202017,1.0,0.732737548869883
633,204409,1.0,0.6713185075538141
640,206103,1.0,0.9636236778331376
657,209882,1.0,0.5617914047292033
665,212284,1.0,0.7510691817017564
671,215680,1.0,0.5027491713583514
672,215847,1.0,0.5683035012917133
681,218007,1.0,0.7225117439042139
685,218527,1.0,0.5721456036048959
694,220804,1.0,0.6178635933135848
705,223524,1.0,0.6407521129988936
706,223640,1.0,0.9304618084090202
708,223933,1.0,0.7922393565578476
719,227471,1.0,0.5470176503286679
729,231986,1.0,0.6758127544780355
778,253237,1.0,0.5397322499137763
792,259126,1.0,0.5116275093936923
799,260206,1.0,0.7099178885871846
816,263685,1.0,0.642977078756202
817,263977,1.0,0.7834578751070149
821,265377,1.0,0.6697062218493008
824,265726,1.0,0.8022667518669823
825,265767,1.0,0.7512163636865866
844,273750,1.0,0.6907351950308563
845,273907,1.0,0.7230897410331705
847,274360,1.0,0.9678878134684636
850,276033,1.0,0.5768424344125468
855,279050,1.0,0.5981276434030124
884,292356,1.0,0.5692184122152443
887,292537,1.0,0.6604790120637484
940,310852,1.0,0.6613967615133745
968,319379,1.0,0.7271251368419707
971,320576,1.0,0.6302187203954864
972,320690,1.0,0.8358950168948639
989,326267,1.0,0.6773336287912342
993,327445,1.0,0.865121178597169
1004,330108,1.0,0.7680442789422413
1007,330595,1.0,0.7461044961980331
1014,331251,1.0,0.7647836355052952
1016,332532,1.0,0.7645554822866644
1028,335639,1.0,0.5867401128364554
1053,345342,1.0,0.5095187797950868
1069,349777,1.0,0.7036273966822086
1082,354111,1.0,0.6024980783366162
1083,354115,1.0,0.5507884233070548
1100,361517,1.0,0.7308267035420374
1103,362277,1.0,0.8187580209454832
1107,363203,1.0,0.7144661961827172
1110,364808,1.0,0.6558938001606083
1116,366748,1.0,0.6608519905606184
1142,376562,1.0,0.7639154529040767
1155,380145,1.0,0.6345286831186981
1164,384337,1.0,0.5724587946481481
1178,386979,1.0,0.5322690853616538
1184,389204,1.0,0.7213513287782141
1205,395110,1.0,0.6389885635795021
1223,400368,1.0,0.8045480856497901
1227,401103,1.0,0.7198988240879267
1237,404481,1.0,0.7548854229394587
1240,405205,1.0,0.5759485105918348
1242,405567,1.0,0.6981404685026101
1243,405786,1.0,0.6614042912658266
1269,411946,1.0,0.9759260925036215
1270,411975,1.0,0.7729404906944175
1277,414209,1.0,0.5806859959019915
1281,414951,1.0,0.9376985729420699
1294,420310,1.0,0.9363106729327296
1302,422761,1.0,0.6423344764949599
1321,428589,1.0,0.8179191077309125
1325,429591,1.0,0.6682750924712652
1339,433693,1.0,0.7843383918606875
1346,436099,1.0,0.6857395619881987
1366,443299,1.0,0.8875677490243489
1375,445586,1.0,0.5819266717337469
1385,449843,1.0,0.8627029979098114
1402,454294,1.0,0.5501454694514746
1404,454675,1.0,0.5717323380023454
1405,455178,1.0,0.8478703031532562
1435,464248,1.0,0.781980214407922
1448,469575,1.0,0.7162669513547034
1454,470616,1.0,0.8507030446550258
1468,474851,1.0,0.5743195375876777
1471,475608,1.0,0.8919603843880939
1499,486432,1.0,0.681989504310419
1540,495654,1.0,0.6898271147855849
1555,498374,1.0,0.5687081662169006
1562,499519,1.0,0.9672786735155768
1571,502038,1.0,0.7452126105666668
1580,504911,1.0,0.7070573887137764
1583,505585,1.0,0.801607960291445
1585,505788,1.0,0.6116223713759885
1599,509717,1.0,0.5247128383652688
1602,510289,1.0,0.5566009493622892
1616,513508,1.0,0.7883026895308343
1644,520677,1.0,0.8103175746231819
1649,522331,1.0,0.7223626381959349
1654,523748,1.0,0.6120396255461227
1664,526015,1.0,0.578513330689203
1665,526060,1.0,0.7964862778372251
1666,526294,1.0,0.9657866128961333
1667,527796,1.0,0.5418883444370581
1668,527860,1.0,0.8338636485988875
1693,533823,1.0,0.5950654083306071
1695,534337,1.0,0.5002165086101019
1703,536169,1.0,0.6746704530664284
1758,550960,1.0,0.505442637990626
1773,552625,1.0,0.8000873880134197
1778,553941,1.0,0.6574772922487488
1790,556218,1.0,0.5406275136552234
1792,556543,1.0,0.8623925939472807
1806,560399,1.0,0.636865587268545
1825,565459,1.0,0.5556978280113581
1836,572245,1.0,0.6287286945242415
1842,574212,1.0,0.8069110998169139
1847,575374,1.0,0.5464847001452352
1848,575673,1.0,0.8082279287483132
1849,575715,1.0,0.6738641746244083
1869,578326,1.0,0.6966360123115583
1877,581292,1.0,0.7566715333862282
1879,581332,1.0,0.7163724086481269
1923,593817,1.0,0.6710314359601917
1938,597778,1.0,0.9006536107589885
1946,600525,1.0,0.777012773256352
1959,602910,1.0,0.89022871383035
1961,603198,1.0,0.8341311133706585
1979,606571,1.0,0.5612848346650957
2003,611428,1.0,0.7056840161728657
2007,613582,1.0,0.6481866611599564
2018,615239,1.0,0.5535119202712231
2036,620923,1.0,0.6334805898031495
2067,626474,1.0,0.8484077077031078
2073,627278,1.0,0.5154474414526481
2082,631189,1.0,0.5062582917660071
2115,641082,1.0,0.518756091695337
2123,643263,1.0,0.5293555775134461
2128,644390,1.0,0.6661697734965537
2139,647070,1.0,0.5141218619552956
2141,647775,1.0,0.7907097492974687
2148,649919,1.0,0.9521461336111824
2160,654647,1.0,0.7458179268311814
2162,655682,1.0,0.8413168344997541
2164,656163,1.0,0.7389661345540064
2170,657336,1.0,0.6142123215604859
2177,660317,1.0,0.6550368667156014
2188,664089,1.0,0.7247279950017238
2198,666249,1.0,0.543402063454514
2211,671445,1.0,0.8178874342646095
2227,676016,1.0,0.9498306932032705
2238,678711,1.0,0.7598564801589226
2249,679895,1.0,0.757538777144288
2273,684889,1.0,0.5361553311928043
2286,688656,1.0,0.8215806671758155
2310,694191,1.0,0.7107413386674759
2331,700221,1.0,0.6193793550542628
2332,700371,1.0,0.6765553210204527
2340,703089,1.0,0.6028481892312015
2378,717769,1.0,0.6515102868169698
2379,718182,1.0,0.5075135156075035
2381,720560,1.0,0.871036329012259
2405,726941,1.0,0.9110740560557956
2424,733808,1.0,0.618547973597597
2443,741687,1.0,0.5339162926257428
2459,744920,1.0,0.5428328763519519
2468,747669,1.0,0.8761002837436698
2479,753246,1.0,0.5669715333652336
2499,760329,1.0,0.6002870461412474
2500,760525,1.0,0.7681908371661412
2502,760843,1.0,0.6197515648788039
2517,764430,1.0,0.721330822142942
2523,766678,1.0,0.7504809335556503
2527,768129,1.0,0.5373437177689027
2535,769591,1.0,0.5251506096584069
2538,769848,1.0,0.8952235770141759
2541,770371,1.0,0.6871820605948312
2582,778639,1.0,0.5897561258202998
2586,779181,1.0,0.5957291818673898
2599,783305,1.0,0.7827413150048399
2631,787713,1.0,0.7240521895522483
2652,795391,1.0,0.5617869376112448
2667,797955,1.0,0.5173419695753722
2681,800793,1.0,0.7865713926254226
2686,801414,1.0,0.6128975144109093
2706,804650,1.0,0.5648919081323874
2722,806451,1.0,0.7764144854645973
2737,808787,1.0,0.5987457501543966
2745,810334,1.0,0.6259388808992061
2755,811211,1.0,0.7398544151173656
2763,812049,1.0,0.7205799762601682
2770,813279,1.0,0.5411899170980203
2773,813790,1.0,0.6209299793284992
2811,820964,1.0,0.6007441344172191
2813,821201,1.0,0.6639606026805114
2816,821485,1.0,0.5754961329436495
2827,823257,1.0,0.7640440294082194
2832,823711,1.0,0.7639286426194013
2841,825037,1.0,0.6154147236456518
2847,825523,1.0,0.6856305767232312
2888,832680,1.0,0.5239577759191337
2942,839569,1.0,0.6714624614393285
2950,840165,1.0,0.591427339709109
2980,843747,1.0,0.6005079333795831
2982,843938,1.0,0.5901006875822697
3012,848438,1.0,0.8372320370505988
3026,850692,1.0,0.5304651449598239
3030,851364,1.0,0.7778877938612591
3038,851844,1.0,0.5928548644580952
3046,852572,1.0,0.5746429940682326
3056,853468,1.0,0.64705754654235
3072,854994,1.0,0.6314935534072683
3080,855512,1.0,0.6136220053172569
3088,855851,1.0,0.9442747049026237
3094,856251,1.0,0.5030695591105733
3115,858641,1.0,0.7135844435701693
3116,858665,1.0,0.7272672957211018
3132,860493,1.0,0.7361461488333544
3137,860850,1.0,0.6562196532698208
3142,861198,1.0,0.6021382936024068
3158,862963,1.0,0.8327177161561347
3186,865227,1.0,0.7237966717476048
3222,870422,1.0,0.7093373464006847
3225,870553,1.0,0.6656998459130851
3226,871010,1.0,0.5452929322807898
3245,873228,1.0,0.5447799173035691
3247,873277,1.0,0.6967705398300074
3250,873806,1.0,0.8707921028538792
3256,874547,1.0,0.615815335424933
3260,874910,1.0,0.8932075423926106
3261,875034,1.0,0.5848980395744315
3277,876842,1.0,0.785238396691864
3292,878497,1.0,0.5035779333860196
3298,879036,1.0,0.6188308022518191
3300,879341,1.0,0.7756614370766594
3328,882319,1.0,0.7873975590923584
3333,882865,1.0,0.840161335881764
3335,883051,1.0,0.5274151934231269
3338,883277,1.0,0.611683573514286
3339,883425,1.0,0.7398658054768052
3346,884477,1.0,0.5630667833764557
3348,884528,1.0,0.5882941205795469
3373,887990,1.0,0.7386248318126427
3378,888803,1.0,0.7994861931120143
3402,891342,1.0,0.6563786298834186
3406,891729,1.0,0.8639751093011803
3415,892783,1.0,0.5024094441873105
3425,894097,1.0,0.508858306322641
3433,895634,1.0,0.5355298562380773
3440,896451,1.0,0.7698761920984218
3447,897229,1.0,0.5092490935549822
3462,898430,1.0,0.5051864962138262
3471,899683,1.0,0.7027923311694935
3475,900126,1.0,0.811861322842163
3484,901163,1.0,0.8062214076745103
3509,904582,1.0,0.8879150754323547
3523,906771,1.0,0.7571558766392662
3532,908259,1.0,0.7345775003230731
3545,911038,1.0,0.8094788182398871
3548,911233,1.0,0.7972550542254193
3553,911654,1.0,0.8036298303147422
3554,911836,1.0,0.6646349912823537
3557,911985,1.0,0.7598031731472857
3564,912714,1.0,0.8385148707925204
3568,913285,1.0,0.8256411381422079
3570,913737,1.0,0.6601787816734604
3576,914517,1.0,0.7548534933725726
3579,914895,1.0,0.8142098720424024
3605,917373,1.0,0.6553318956246063
3609,917783,1.0,0.581374435945561
3631,925623,1.0,0.5201419276700736
3652,935710,1.0,0.6857618529078522
3655,935932,1.0,0.5144222306549184
3656,936080,1.0,0.8285198402533399
3664,937623,1.0,0.8028193146482512
3666,937681,1.0,0.6427858761091135
3673,938657,1.0,0.7044203690814445
3675,939616,1.0,0.5198324014101053
3681,941336,1.0,0.8228896950597785
3682,941352,1.0,0.9167444386563576
3690,945453,1.0,0.68170956301264
3698,949560,1.0,0.7687949126237305
3722,966080,1.0,0.5061845080860099
3725,966906,1.0,0.9166736457168991
3739,973689,1.0,0.5136821357626077
3753,979007,1.0,0.7739002937607594
3754,980052,1.0,0.7062590105996251
3770,985579,1.0,0.5318939220991338
3796,993400,1.0,0.5092944648741136
3797,993490,1.0,0.8903843023632777
3818,998837,1.0,0.7372213302944809
3821,999892,1.0,0.753546460706311
4726,1001965,1.0,0.515470715155937
4939,1002360,1.0,0.5558261457486535
5190,1003149,1.0,0.6814269631813981
7796,1008414,1.0,0.532637012064683
9127,1010926,1.0,0.7748263293989427
9378,1011388,1.0,0.6001299237600081
9944,1012368,1.0,0.6513269475767
10119,1012673,1.0,0.5696860776216662
10381,1013093,1.0,0.6128923317229203
10775,1013650,1.0,0.6298833649629964
11252,1014367,1.0,0.5960733440965202
11258,1014378,1.0,0.6725764676155409
11625,1015026,1.0,0.6498024465327173
11738,1015234,1.0,0.6220559802092224
11757,1015267,1.0,0.8090971545011624
11943,1015623,1.0,0.5018228320828206
12520,1016738,1.0,0.5622977058315207
12548,1016789,1.0,0.7873882532207483
12734,1017134,1.0,0.5582572127674658
12931,1017524,1.0,0.6275276672952167
12967,1017580,1.0,0.6034041523226916
13004,1017641,1.0,0.6291138972334229
13068,1017777,1.0,0.6753291205470271
13132,1017875,1.0,0.77816483359836
13419,1018448,1.0,0.5085307237879637
13459,1018527,1.0,0.7355919655378081
13573,1018783,1.0,0.5470327416009173
13577,1018798,1.0,0.6247560426590069
13635,1018912,1.0,0.5739456877778297
13913,1019435,1.0,0.5575033703295007
13923,1019457,1.0,0.536242686716625
13924,1019458,1.0,0.5952535190149616
13965,1019532,1.0,0.5043492948761389
13972,1019547,1.0,0.6357249575668563
14164,1019906,1.0,0.5999662842195375
14337,1020257,1.0,0.7773332491353492
14348,1020286,1.0,0.6310223694314556
14408,1020404,1.0,0.6119421520571804
14442,1020472,1.0,0.533366355613705
14450,1020485,1.0,0.6143899274231922
14451,1020486,1.0,0.5079592781850875
15242,1021856,1.0,0.7641874425820433
15259,1021890,1.0,0.6935613170417486
15274,1021918,1.0,0.6150828915865234
15315,1022006,1.0,0.6500723310567302
15574,1022404,1.0,0.5505706929439386
15610,1022455,1.0,0.5478728598150484
15708,1022623,1.0,0.6675990623775498
15814,1022820,1.0,0.8105171359971368
16002,1023121,1.0,0.7417731473416951
16012,1023137,1.0,0.5110343652519119
16050,1023205,1.0,0.586900345621445
16165,1023344,1.0,0.5017316385295143
16414,1023710,1.0,0.5009438461981157
16500,1023825,1.0,0.7497975258241273
16650,1024021,1.0,0.5134575035425795
17504,1025022,1.0,0.6733640316711466
18658,1026306,1.0,0.50559234433643
18796,1026503,1.0,0.6126130977647269
19656,1027502,1.0,0.6427120181736851
22952,1031410,1.0,0.8536405936450128
24051,1032751,1.0,0.6037342792373276
26393,1035881,1.0,0.5943842044007649
26398,1035886,1.0,0.5438483389705194
27698,1037501,1.0,0.8902254457536317
28979,1039129,1.0,0.5385280654511545
30483,1040997,1.0,0.5344351797969236
31987,1042758,1.0,0.6638940464840953
34688,1045978,1.0,0.6905291903777723
35856,1047410,1.0,0.5004682530150036
38896,1051269,1.0,0.5767015781396989
38953,1051372,1.0,0.8493478504657558
39363,1052129,1.0,0.6708044755230508
39416,1052217,1.0,0.5431906019250612
39474,1052297,1.0,0.6067784047134422
39478,1052301,1.0,0.790283810070315
39847,1052875,1.0,0.5723870975982053
39859,1052893,1.0,0.5165959853424514
39883,1052930,1.0,0.5072199503254564
39982,1053126,1.0,0.5805758457444196
40001,1053156,1.0,0.650809287926746
40057,1053265,1.0,0.8070557349896288
40181,1053441,1.0,0.7289199671543154
40316,1053696,1.0,0.7322727326812307
40386,1053826,1.0,0.7066442035230474
40404,1053857,1.0,0.5456545773545768
40422,1053895,1.0,0.6724342650284459
40485,1054018,1.0,0.5796148232750269
40535,1054135,1.0,0.5482825516630092
40669,1054398,1.0,0.7363165977004477
40693,1054446,1.0,0.7840754967572842
40822,1054671,1.0,0.525369666619238
41072,1055053,1.0,0.6292404937612612
41080,1055071,1.0,0.5555859689131815
41146,1055197,1.0,0.5424160961438037
41150,1055204,1.0,0.5820458112107054
41158,1055214,1.0,0.529049353658217
41165,1055225,1.0,0.6798913299676671
41268,1055400,1.0,0.5281828933347517
41297,1055453,1.0,0.8131018202502205
41332,1055512,1.0,0.5031413744708354
41439,1055689,1.0,0.6985388459080365
41444,1055698,1.0,0.5140302729948829
41453,1055721,1.0,0.5592030842430757
41747,1056116,1.0,0.5258797568330643
41752,1056130,1.0,0.8001336478509589
42085,1056549,1.0,0.6255896392099729
42097,1056566,1.0,0.8067068832093264
42445,1057014,1.0,0.6019213758715887
43009,1057749,1.0,0.6782986516195518
43021,1057768,1.0,0.5115771387448875
43453,1058319,1.0,0.7098234663008317
43459,1058329,1.0,0.602257772752631
43468,1058353,1.0,0.6367413623925502
43472,1058363,1.0,0.6077578129695592
44153,1059127,1.0,0.6580646391916518
45287,1060492,1.0,0.5105253603636053
45537,1060788,1.0,0.8267650383669586
45766,1061035,1.0,0.5966709027870691
46007,1061309,1.0,0.5416510304466515
46260,1061621,1.0,0.75905594773054
46261,1061622,1.0,0.589824809865568
46277,1061656,1.0,0.5441605053909436
46307,1061698,1.0,0.5448313031606355
46892,1062365,1.0,0.8452454139451424
46936,1062437,1.0,0.5460032867881405
46938,1062439,1.0,0.7443752390480942
47645,1063253,1.0,0.6526547109086432
47651,1063262,1.0,0.5510514555781436
47676,1063301,1.0,0.5415226910978997
47692,1063331,1.0,0.7073194691508176
47700,1063346,1.0,0.6204325747449975
47701,1063347,1.0,0.6440191842735323
48363,1064080,1.0,0.63557024218123
48411,1064147,1.0,0.5592687623785398
48431,1064183,1.0,0.6139292061196236
48458,1064217,1.0,0.5614966040973708
50308,1066355,1.0,0.5345507392450352
51154,1067351,1.0,0.5877647220315938
52030,1068401,1.0,0.5955467356471198
53782,1070430,1.0,0.6084051808381424
54937,1071774,1.0,0.6734094276602335
54994,1071864,1.0,0.8303273218018208
56034,1073080,1.0,0.520795300495856
56872,1074022,1.0,0.6027220080911432
57063,1074226,1.0,0.609697100062146
57083,1074262,1.0,0.5174580020468478
57108,1074303,1.0,0.5413288029469973
57199,1074411,1.0,0.5320061436378731
58117,1075471,1.0,0.6499448676348955
58144,1075515,1.0,0.5090431072654673
58940,1076423,1.0,0.5143130809111341
59745,1077389,1.0,0.541608648276369
59760,1077413,1.0,0.7558475619853542
59764,1077419,1.0,0.5370483770459554
59813,1077511,1.0,0.6870287330597645
59889,1077613,1.0,0.5699745069585556
60387,1078172,1.0,0.5758332020014292
60393,1078184,1.0,0.7004386433092143
60418,1078232,1.0,0.5493665759313267
60451,1078284,1.0,0.5302110630806538
60466,1078303,1.0,0.5935839409694573
60483,1078325,1.0,0.5135461984034371
60827,1078699,1.0,0.6043201947359633
61725,1079793,1.0,0.7174715440026125
61730,1079800,1.0,0.5973200364593881
61735,1079805,1.0,0.5703533324616276
62524,1080722,1.0,0.5018247144567005
62525,1080724,1.0,0.5081195603421759
62546,1080761,1.0,0.5055249880830573
62551,1080766,1.0,0.5088022928558171
62590,1080837,1.0,0.605734857886531
62603,1080858,1.0,0.5952698796287635
63280,1081685,1.0,0.5954937142774613
63436,1081892,1.0,0.581154824138959
64373,1082967,1.0,0.5519049253495383
64377,1082971,1.0,0.7478984563252479
64411,1083026,1.0,0.5908266103630802
65037,1083770,1.0,0.7009268246407911
65082,1083837,1.0,0.5402901059140319
66249,1085353,1.0,0.721644491180778
66799,1085981,1.0,0.542500187183631
66810,1085997,1.0,0.6315162317684059
66811,1085999,1.0,0.5451363093116418
66822,1086030,1.0,0.5593981346134537
67577,1086961,1.0,0.5342557915948162
67714,1087135,1.0,0.7483595643374626
68407,1087899,1.0,0.5842000924422955
68448,1087972,1.0,0.5266125599432833
68579,1088141,1.0,0.5000680894371751
69286,1088927,1.0,0.5937545034128723
69327,1088977,1.0,0.5571711692301847
69356,1089029,1.0,0.5642817917195613
69380,1089072,1.0,0.5493928504412696
70036,1089854,1.0,0.579311393751419
70041,1089859,1.0,0.5162299579768557
70774,1090685,1.0,0.76955777808387
70801,1090720,1.0,0.6339672231234343
70825,1090755,1.0,0.8485885715353519
70827,1090757,1.0,0.9748843115022128
70856,1090813,1.0,0.7235555909063514
70857,1090814,1.0,0.6692376440450178
72538,1093652,1.0,0.5537305515675819
73042,1094227,1.0,0.5222404364389548
73108,1094339,1.0,0.7392934364819134
73151,1094398,1.0,0.500929178911352
73510,1094810,1.0,0.5417010142737769
74190,1095599,1.0,0.5535181123706244
74209,1095623,1.0,0.6272006967831203
74803,1096328,1.0,0.5197708790007076
74861,1096411,1.0,0.5424928534192212
74929,1096493,1.0,0.5641183388833794
75607,1097240,1.0,0.6088801779146482
75608,1097242,1.0,0.6090708985921616
75646,1097312,1.0,0.5046705182474515
76126,1097877,1.0,0.6508109007002337
76130,1097883,1.0,0.5226292035457241
76237,1098045,1.0,0.5421622532938202
76249,1098067,1.0,0.6162155226956907
76252,1098072,1.0,0.8189416100083593
76256,1098078,1.0,0.7390719732210086
76265,1098094,1.0,0.7312479783431092
76271,1098105,1.0,0.7595692041603256
76657,1098541,1.0,0.59068316500368
76992,1098913,1.0,0.7081003001131304
77014,1098941,1.0,0.6009535340586467
77069,1099037,1.0,0.5643767933708153
77960,1100053,1.0,0.6241720898010131
77961,1100054,1.0,0.7357494368810966
77981,1100088,1.0,0.5428721108148887
78019,1100156,1.0,0.5773525303892816
78730,1100976,1.0,0.5154835266275642
80122,1102685,1.0,0.6742888606391708
80142,1102724,1.0,0.5710263202196715
80171,1102767,1.0,0.523248447135035
80190,1102801,1.0,0.509282354217183
80196,1102808,1.0,0.604523889335519
80239,1102891,1.0,0.5899435567089246
80349,1103017,1.0,0.7372910719443705
80841,1103572,1.0,0.5962846105808467
81215,1103999,1.0,0.7474338285864793
82218,1105195,1.0,0.5425862258202026
82223,1105204,1.0,0.5152428727073575
82235,1105223,1.0,0.6700991950256955
82249,1105260,1.0,0.6479614000567463
82254,1105267,1.0,0.5533922357650324
82630,1105721,1.0,0.6329262924401924
82720,1105865,1.0,0.6815524747278672
82726,1105875,1.0,0.5146982725569129
82732,1105888,1.0,0.6342126462195369
82815,1106022,1.0,0.7313535352396066
83306,1106586,1.0,0.5535742511061738
83345,1106646,1.0,0.5707617615346509
83885,1107334,1.0,0.6082954957573002
83971,1107440,1.0,0.634637885646952
84334,1107880,1.0,0.6895938225724485
84824,1108458,1.0,0.5975442329594702
84839,1108481,1.0,0.5397397161265396
84887,1108549,1.0,0.7850724941293683
85322,1109035,1.0,0.6406021205772504
85347,1109073,1.0,0.5707130928927368
85760,1109649,1.0,0.5653121646011804
86662,1110744,1.0,0.5928366855519684
86698,1110802,1.0,0.6850263752845149
87204,1111407,1.0,0.5470673565222569
87443,1111806,1.0,0.670257912898149
87455,1111827,1.0,0.5232633068658217
87722,1112187,1.0,0.6807999209217548
88070,1112620,1.0,0.7744825747148568
88072,1112624,1.0,0.5395269689230908
88088,1112659,1.0,0.6295206383746943
88105,1112684,1.0,0.5655796171685128
88123,1112713,1.0,0.6584448949794818
88341,1112968,1.0,0.6509493546409768
88747,1113483,1.0,0.511409598335035
88774,1113531,1.0,0.639720624866816
88788,1113559,1.0,0.581443724521708
88964,1113806,1.0,0.7299409907327055
88965,1113808,1.0,0.7631346430319533
88977,1113829,1.0,0.605732662785607
88983,1113837,1.0,0.5494643621170674
88985,1113839,1.0,0.5218162744959086
89010,1113899,1.0,0.6664150024881232
89015,1113904,1.0,0.6408309709301204
89022,1113919,1.0,0.6712917395973024
89028,1113930,1.0,0.539616309595832
89032,1113941,1.0,0.5455272698583354
89138,1114089,1.0,0.6311688147259796
89144,1114097,1.0,0.629372651194323
89162,1114122,1.0,0.7904138201152853
89167,1114132,1.0,0.6532329717533635
89183,1114161,1.0,0.5348501901836133
89239,1114270,1.0,0.5557379872667436
89280,1114346,1.0,0.8638728066501725
89359,1114496,1.0,0.6477571621525434
89363,1114505,1.0,0.6587240353385959
89382,1114549,1.0,0.6893125161575451
89388,1114556,1.0,0.5187684887393766
89389,1114557,1.0,0.5811563322498318
89393,1114567,1.0,0.7208640585026619
89427,1114639,1.0,0.6290478988999518
89452,1114690,1.0,0.5066363744997285
89455,1114695,1.0,0.9037563756573336
89468,1114720,1.0,0.5113801056984726
89512,1114803,1.0,0.6886342974197496
89523,1114823,1.0,0.6595431947199193
89550,1114872,1.0,0.6738644716881975
89560,1114892,1.0,0.73461632550989
89567,1114902,1.0,0.6030465146174278
89584,1114929,1.0,0.5636756128145934
89586,1114934,1.0,0.5198678659682402
89600,1114959,1.0,0.5866014517724358
89626,1115012,1.0,0.5271452438231413
89629,1115020,1.0,0.8837887594582264
89681,1115127,1.0,0.5507906820248749
89683,1115133,1.0,0.6010366833989983
89687,1115140,1.0,0.6629231227922866
89720,1115201,1.0,0.5306632712023798
89729,1115214,1.0,0.7092630718737939
89734,1115220,1.0,0.7326273163239333
89743,1115234,1.0,0.7099629730218016
89759,1115266,1.0,0.5890202336033521
89760,1115269,1.0,0.5868542651550374
89792,1115326,1.0,0.7904892973668549
89803,1115345,1.0,0.7954306704195866
89824,1115382,1.0,0.7812918593206233
89839,1115403,1.0,0.539332717606266
89840,1115404,1.0,0.8548361663156423
89856,1115438,1.0,0.6001222442888143
89874,1115468,1.0,0.6747150192775527
90001,1115642,1.0,0.6120331447098416
90057,1115728,1.0,0.662885796097152
90124,1115807,1.0,0.9217794809926361
90191,1115902,1.0,0.6830303916817927
90200,1115914,1.0,0.6591079722511749
90204,1115924,1.0,0.5126630063037405
90284,1116019,1.0,0.5953960170598857
90315,1116058,1.0,0.6957601753638026
90347,1116120,1.0,0.7327961042944374
90360,1116148,1.0,0.7495692452489121
90659,1116482,1.0,0.728647972269302
90821,1116701,1.0,0.631265839423619
90823,1116703,1.0,0.552182890792902
91050,1116968,1.0,0.8475073924526909
91167,1117112,1.0,0.6157588610809205
91193,1117159,1.0,0.5808954754915341
91478,1117524,1.0,0.6207075498157408
91498,1117550,1.0,0.7735089710042622
91565,1117673,1.0,0.6555001596635972
91577,1117693,1.0,0.6770327083953194
91596,1117733,1.0,0.8077890338184779
91598,1117736,1.0,0.6240188348134155
91610,1117754,1.0,0.7591459974764608
91624,1117780,1.0,0.7009813746765204
91625,1117783,1.0,0.548983928116252
91641,1117810,1.0,0.8487312634854268
91677,1117876,1.0,0.5484414450498
91678,1117878,1.0,0.5246550423844512
91680,1117882,1.0,0.544311750798576
91696,1117910,1.0,0.8635190855061735
91712,1117944,1.0,0.6185021789970094
91715,1117948,1.0,0.5440106618068611
91722,1117965,1.0,0.640548358283393
91728,1117975,1.0,0.6232577172790105
91765,1118035,1.0,0.5372337953987988
91792,1118091,1.0,0.6003613974789067
91821,1118144,1.0,0.8302953180808758
91837,1118175,1.0,0.508950068780299
91860,1118228,1.0,0.6339202108934004
91867,1118240,1.0,0.6698464040717756
91878,1118257,1.0,0.6474467408653507
91908,1118311,1.0,0.5784760509170187
91912,1118315,1.0,0.7084299909304042
91963,1118412,1.0,0.5869620486654551
91998,1118469,1.0,0.6897821936864742
92002,1118478,1.0,0.5713829690914486
92018,1118507,1.0,0.5439776314763033
92024,1118517,1.0,0.5497719596860275
92027,1118521,1.0,0.5410047006535962
92032,1118532,1.0,0.7361393073000959
92045,1118556,1.0,0.7301143152549624
92060,1118585,1.0,0.7760843538216233
92064,1118592,1.0,0.7933153497234254
92081,1118622,1.0,0.5621976001380581
92088,1118634,1.0,0.6086998524875787
92095,1118648,1.0,0.6143035778520459
92109,1118669,1.0,0.5145393391100954
92127,1118700,1.0,0.6427929399799251
92143,1118729,1.0,0.5595711871123374
92145,1118731,1.0,0.513331979765789
92146,1118732,1.0,0.5141592478969166
92159,1118752,1.0,0.7785566020577912
92176,1118794,1.0,0.8670955442136278
92178,1118796,1.0,0.6313122064529831
92182,1118803,1.0,0.628030840286762
92185,1118806,1.0,0.8091606989605412
92190,1118819,1.0,0.7227358608063881
92199,1118834,1.0,0.50921871507131
92235,1118909,1.0,0.6288518813886536
92243,1118922,1.0,0.7195782648095219
92244,1118923,1.0,0.576949785256043
92249,1118929,1.0,0.5780046772010887
92265,1118966,1.0,0.7975876845464969
92283,1118995,1.0,0.5987454426459055
92299,1119044,1.0,0.5428009820914232
92321,1119076,1.0,0.5510062700701949
92332,1119101,1.0,0.5124808367974415
92337,1119116,1.0,0.6191631298693019
92342,1119122,1.0,0.6760080464709164
92373,1119184,1.0,0.7789078706572929
92388,1119218,1.0,0.9146918656818425
92394,1119233,1.0,0.7809896438899288
92395,1119235,1.0,0.6887583253574757
92396,1119237,1.0,0.6669689270736134
92431,1119315,1.0,0.613276118158122
92438,1119326,1.0,0.5327481198911405
92450,1119345,1.0,0.6318005878163006
92474,1119385,1.0,0.6072375860782399
92479,1119397,1.0,0.5864957950876174
92483,1119564,1.0,0.5134167883755837
92490,1119577,1.0,0.5267116779823587
92504,1119608,1.0,0.626142757597579
92507,1119620,1.0,0.6953601541762066
92525,1119648,1.0,0.5207798814949186
92553,1119709,1.0,0.5590425468538317
92561,1119728,1.0,0.5545827978602997
92578,1119768,1.0,0.6450568732498916
92588,1119786,1.0,0.5512492866358727
92591,1119794,1.0,0.5944916173709531
92605,1119826,1.0,0.7851051804699707
92611,1119834,1.0,0.895277758679722
92618,1119850,1.0,0.9139950935398233
92666,1119944,1.0,0.6050660466440462
92680,1119962,1.0,0.5344291253216771
92690,1119979,1.0,0.623392247462503
92691,1119980,1.0,0.7029765577884678
92693,1119987,1.0,0.8157787607122717
92696,1119991,1.0,0.7785466359721488
92715,1120045,1.0,0.529455807921152
92717,1120051,1.0,0.6626939932118593
92729,1120079,1.0,0.5515386023664746
92733,1120093,1.0,0.6719757855514984
92735,1120096,1.0,0.6391688931723313
92742,1120106,1.0,0.6376542301813997
92755,1120131,1.0,0.6119231354791456
92777,1120177,1.0,0.7223132317184814
92791,1120208,1.0,0.5588457421285915
92807,1120243,1.0,0.6191734546607671
92816,1120256,1.0,0.5309462613906566
92825,1120272,1.0,0.5894583322914161
92853,1120330,1.0,0.8181026712032444
92856,1120340,1.0,0.51035077092882
92866,1120364,1.0,0.6593802936871773
92889,1120406,1.0,0.6671040983616533
92897,1120417,1.0,0.5870705242047508
92924,1120467,1.0,0.5492306008312837
92929,1120474,1.0,0.5822905419108626
92943,1120502,1.0,0.8320970173005412
92966,1120550,1.0,0.5963014273290391
92970,1120557,1.0,0.7658394654996082
93006,1120639,1.0,0.5974981514238806
93022,1120667,1.0,0.6559191460051658
93027,1120677,1.0,0.5960874000160017
93040,1120699,1.0,0.5610923107156697
93068,1120767,1.0,0.7734748448236484
93090,1120812,1.0,0.7685430047694221
93124,1120865,1.0,0.5769453917912848
93182,1120986,1.0,0.6033488496448846
93192,1121015,1.0,0.672828625774968
93193,1121017,1.0,0.7316168653575638
93205,1121057,1.0,0.6212925918780563
93214,1121072,1.0,0.631020713796729
93225,1121098,1.0,0.6801490973190604
93233,1121114,1.0,0.6875000509117228
93261,1121172,1.0,0.8000655667720745
93281,1121205,1.0,0.877131238302782
93289,1121213,1.0,0.5449363099613752
93313,1121257,1.0,0.648059462661281
93316,1121263,1.0,0.5544778374981355
93335,1121300,1.0,0.573184143751059
93342,1121314,1.0,0.6094717964953686
93366,1121368,1.0,0.602870123302609
93411,1121453,1.0,0.5582836463300583
93423,1121480,1.0,0.6245381381046754
93447,1121516,1.0,0.5511820117727857
93460,1121556,1.0,0.5012166567065306
93464,1121567,1.0,0.6176393494977254
93476,1121589,1.0,0.566777940990125
93485,1121599,1.0,0.6558968428022154
93552,1121735,1.0,0.568083068529242
93580,1121806,1.0,0.7805798628899598
93583,1121811,1.0,0.5305785450580838
93586,1121814,1.0,0.5431560853389327
93596,1121832,1.0,0.7562273452814666
93598,1121836,1.0,0.6764327216951075
93651,1121952,1.0,0.5822010902960855
93657,1121961,1.0,0.502555896315043
93664,1121978,1.0,0.5036762500715212
93672,1121990,1.0,0.8499604675403725
93680,1122009,1.0,0.5037810095504273
93688,1122029,1.0,0.5006155460581936
93689,1122031,1.0,0.50917971610799
93710,1122068,1.0,0.6002054448378429
93716,1122076,1.0,0.5766358831163801
93744,1122134,1.0,0.5992208926116779
93770,1122172,1.0,0.5722028011100768
93774,1122177,1.0,0.6719692705351615
93776,1122180,1.0,0.6164164855489516
93777,1122182,1.0,0.5874533939103478
93795,1122230,1.0,0.5301774253383131
93798,1122236,1.0,0.6298938306105283
93800,1122240,1.0,0.5589781934441423
93820,1122281,1.0,0.5804866767054949
93837,1122330,1.0,0.6734334952045007
93839,1122334,1.0,0.7295366129867826
93862,1122388,1.0,0.640787520714802
93885,1122429,1.0,0.6140474585296485
93889,1122437,1.0,0.6537200569419641
93890,1122441,1.0,0.7791540365382489
93895,1122452,1.0,0.7747965383907605
93901,1122472,1.0,0.5432142465971237
93909,1122492,1.0,0.6649069526109275
93911,1122507,1.0,0.5022878545667143
93912,1122508,1.0,0.6122414299819724
93919,1122518,1.0,0.6237501102643218
93932,1122541,1.0,0.5079384300926854
93990,1122674,1.0,0.5233651140607009
93996,1122684,1.0,0.5586130114579665
94005,1122696,1.0,0.7672244191125156
94025,1122726,1.0,0.7619096785920305
94035,1122743,1.0,0.5106981517841783
94051,1122768,1.0,0.5587692262911949
94066,1122790,1.0,0.5962796535344558
94084,1122817,1.0,0.6012878964950984
94091,1122838,1.0,0.8692864807189925
94093,1122840,1.0,0.5458710323901759
94131,1122909,1.0,0.7632875687959041
94138,1122919,1.0,0.5349360149264427
94157,1122947,1.0,0.8555441801499657
94159,1122949,1.0,0.7119862714043115
94160,1122956,1.0,0.5040951220514366
94162,1122960,1.0,0.5659703294488136
94165,1122965,1.0,0.5098190151213459
94185,1123035,1.0,0.5831890154599723
94188,1123039,1.0,0.8762814210046703
94202,1123064,1.0,0.7339847102643227
94207,1123077,1.0,0.6068678728957768
94214,1123089,1.0,0.644154189496126
94230,1123126,1.0,0.7871166393433223
94231,1123127,1.0,0.6402338297530058
94238,1123141,1.0,0.6007510770963358
94243,1123151,1.0,0.5280980527709734
94267,1123195,1.0,0.7536579561230912
94270,1123204,1.0,0.5844564146728269
94298,1123260,1.0,0.5459013196825292
94300,1123266,1.0,0.6304458767025902
94347,1123369,1.0,0.69291467171473
94372,1123417,1.0,0.5977311725474902
94405,1123473,1.0,0.6302086162185183
94412,1123490,1.0,0.5091303710904471
94427,1123516,1.0,0.551758783170344
94444,1123556,1.0,0.7083244577261983
94446,1123558,1.0,0.6519081523985184
94449,1123568,1.0,0.538604904040664
94454,1123578,1.0,0.6163942634769608
94459,1123585,1.0,0.7507853604712038
94489,1123652,1.0,0.7070765852215007
94501,1123673,1.0,0.7146283241453585
94506,1123726,1.0,0.5487206576211567
94515,1123741,1.0,0.5587702686358621
94522,1123756,1.0,0.6133129174504219
94572,1123859,1.0,0.5569300922912376
94576,1123865,1.0,0.8394008297811403
94589,1123896,1.0,0.5016485926353681
94607,1123934,1.0,0.8683625540697995
94673,1124066,1.0,0.6072442605390995
94695,1124125,1.0,0.7559840835223395
94704,1124147,1.0,0.6759898826043319
94728,1124180,1.0,0.6346677184256775
94730,1124185,1.0,0.5409460350789865
94735,1124195,1.0,0.5615257304117316
94743,1124211,1.0,0.6442468253005458
94745,1124217,1.0,0.5990794431858003
94747,1124220,1.0,0.5538609390921468
94751,1124227,1.0,0.6474482437462702
94764,1124244,1.0,0.5883586502613452
94771,1124261,1.0,0.752820146952814
94782,1124282,1.0,0.5654879161490053
94796,1124310,1.0,0.7990545223243842
94799,1124318,1.0,0.6914389117362356
94823,1124369,1.0,0.6455700848453075
94824,1124370,1.0,0.8218497419583639
94825,1124371,1.0,0.6708554569791222
94830,1124379,1.0,0.654829880776412
94832,1124382,1.0,0.6394435184438972
94860,1124433,1.0,0.5062370481091105
94871,1124457,1.0,0.6592189148503409
94885,1124484,1.0,0.9501184583251362
94920,1124541,1.0,0.5166795549900697
94930,1124556,1.0,0.7839620918132635
94932,1124558,1.0,0.5072578889223859
94942,1124584,1.0,0.7603838117452629
94967,1124633,1.0,0.500261350777984
94968,1124634,1.0,0.6572057090399475
94999,1124689,1.0,0.7909662428174845
95013,1124728,1.0,0.60433348347219
95019,1124739,1.0,0.5458340138259563
95030,1124762,1.0,0.5047208272864874
95044,1124791,1.0,0.7039757737628488
95046,1124795,1.0,0.8530182653062925
95052,1124804,1.0,0.6905314044985982
95126,1124936,1.0,0.552783830729117
95129,1124941,1.0,0.6077598549484466
95136,1124963,1.0,0.658576660874911
95143,1124978,1.0,0.6111667424201006
95152,1124993,1.0,0.557260912152479
95186,1125064,1.0,0.7513911932368992
95190,1125075,1.0,0.5865749256976064
95199,1125089,1.0,0.6691468336986864
95208,1125124,1.0,0.823825775196868
95221,1125152,1.0,0.5569592152955096
95230,1125168,1.0,0.5397818525428763
95242,1125186,1.0,0.5706054040582237
95253,1125201,1.0,0.611331603973726
95259,1125210,1.0,0.720501849548151
95261,1125213,1.0,0.6015956365154814
95303,1125303,1.0,0.5432863704429785
95335,1125366,1.0,0.736290940220827
95337,1125379,1.0,0.6071205333849568
95353,1125414,1.0,0.5056721419738761
95358,1125422,1.0,0.5311921068324488
95362,1125428,1.0,0.5920325127219629
95371,1125445,1.0,0.6492576383930927
95381,1125469,1.0,0.5865069860476128
95382,1125472,1.0,0.6579135485968208
95428,1125542,1.0,0.6620157970209707
95430,1125545,1.0,0.5494697793228379
95450,1125585,1.0,0.5165546007810138
95466,1125613,1.0,0.6359270849800422
95472,1125624,1.0,0.5467993645707913
95475,1125628,1.0,0.6273324891857663
95488,1125662,1.0,0.5996790252274788
95489,1125663,1.0,0.7722177654842948
95498,1125702,1.0,0.618607833396464
95500,1125707,1.0,0.6397060181076365
95519,1125741,1.0,0.5236088632016224
95522,1125746,1.0,0.8714525877053919
95539,1125781,1.0,0.6524214517142539
95548,1125798,1.0,0.5214716720085196
95570,1125846,1.0,0.6582017882427879
95578,1125867,1.0,0.5303302943129351
95593,1125896,1.0,0.6737342939230863
95604,1125913,1.0,0.6630797084023459
95609,1125924,1.0,0.5351300803621819
95619,1125953,1.0,0.5072411262706423
95652,1126026,1.0,0.6928508882913874
95661,1126046,1.0,0.8608377512802782
95682,1126083,1.0,0.8234378087028899
95691,1126096,1.0,0.6731047341381782
95695,1126105,1.0,0.5461902656186631
95703,1126116,1.0,0.6890396260876053
95714,1126140,1.0,0.5031969403061397
95724,1126164,1.0,0.6247985027223891
95727,1126168,1.0,0.6012506172424489
95730,1126172,1.0,0.5067426074785155
95738,1126188,1.0,0.6879572634360558
95742,1126196,1.0,0.5103560869702652
95743,1126197,1.0,0.6122002941806379
95745,1126199,1.0,0.5584248112534944
95751,1126210,1.0,0.6282683129651855
95762,1126231,1.0,0.9075163124189344
95770,1126244,1.0,0.8686086939699541
95794,1126294,1.0,0.5481367547022297
95840,1126400,1.0,0.5293439659568788
95849,1126410,1.0,0.7209845710059082
95853,1126417,1.0,0.606561369153798
95864,1126437,1.0,0.6258594658966379
95867,1126443,1.0,0.6012498220810086
95880,1126465,1.0,0.8153891650011805
95909,1126536,1.0,0.5194727904845083
95912,1126542,1.0,0.6210946826012617
95917,1126552,1.0,0.7021986715045482
95927,1126573,1.0,0.6118696232334837
95930,1126576,1.0,0.8323161025869841
95956,1126619,1.0,0.8063101933822605
95998,1126700,1.0,0.6564968426528621
96002,1126714,1.0,0.5061861159191658
96012,1126726,1.0,0.6304845560912465
96016,1126733,1.0,0.6247139045787113
96048,1126793,1.0,0.9062764537027069
96059,1126811,1.0,0.6560238919902394
96070,1126835,1.0,0.5856522455577563
96076,1126852,1.0,0.6555633846073251
96078,1126855,1.0,0.6063108481427911
96088,1126876,1.0,0.5827268594022982
96091,1126882,1.0,0.7372588374632175
96097,1126897,1.0,0.5319788837243448
96100,1126903,1.0,0.5442222200241433
96123,1126939,1.0,0.9005672680595472
96128,1126946,1.0,0.5789547176252876
96141,1126964,1.0,0.5306990817156064
96153,1126992,1.0,0.7520584713088799
96156,1126997,1.0,0.5547703307387793
96159,1127003,1.0,0.5477177611844015
96166,1127018,1.0,0.5746593840319404
96173,1127039,1.0,0.8646525951827644
96185,1127060,1.0,0.5845920902499648
96190,1127066,1.0,0.5523019143762832
96201,1127090,1.0,0.7442471850227562
96206,1127099,1.0,0.5320503222478651
96209,1127106,1.0,0.5755753616258432
96226,1127152,1.0,0.6342709901970639
96234,1127166,1.0,0.6450596168962633
96244,1127185,1.0,0.5456686172373114
96245,1127186,1.0,0.6652480090178104
96246,1127188,1.0,0.9068564096146466
96249,1127192,1.0,0.5517168994842423
96264,1127221,1.0,0.5946161429035481
96269,1127236,1.0,0.6170099024096906
96271,1127240,1.0,0.5900581135950896
96281,1127256,1.0,0.5362551239096688
96293,1127271,1.0,0.8499151173206042
96296,1127277,1.0,0.5802243440430083
96297,1127279,1.0,0.6391878339145396
96298,1127281,1.0,0.6656636847738151
96299,1127282,1.0,0.8035109084765537
96311,1127302,1.0,0.6045216952396502
96319,1127318,1.0,0.5043732319696979
96327,1127331,1.0,0.5592854596156033
96338,1127352,1.0,0.6414789400889757
96347,1127378,1.0,0.68028888520396
96348,1127380,1.0,0.8209892934442428
96368,1127424,1.0,0.7890965047188031
96375,1127434,1.0,0.6521299952558769
96393,1127463,1.0,0.6534298150345261
96406,1127492,1.0,0.6524246396819362
96442,1127578,1.0,0.5470836907334782
96464,1127619,1.0,0.8913656845289377
96479,1127642,1.0,0.6651404529446426
96492,1127665,1.0,0.6147654325446075
96508,1127713,1.0,0.6831082344900321
96509,1127714,1.0,0.7564397143793863
96530,1127757,1.0,0.6317592724922713
96534,1127766,1.0,0.5505754486197368
96548,1127799,1.0,0.6154364699035433
96565,1127837,1.0,0.9012345163304173
96588,1127883,1.0,0.6665490481466895
96589,1127884,1.0,0.7159215155544616
96595,1127892,1.0,0.5416843260252391
96596,1127894,1.0,0.6695514476313886
96619,1127939,1.0,0.5160987557501049
96628,1127951,1.0,0.5187649240023929
96636,1127967,1.0,0.6945616744430753
96641,1127976,1.0,0.6307287268742328
96642,1127977,1.0,0.5245093073795156
96645,1127986,1.0,0.9269476732757268
96647,1127989,1.0,0.6779251169550701
96653,1128004,1.0,0.8960641040751335
96666,1128043,1.0,0.6352398871744094
96675,1128060,1.0,0.5446697135704455
96732,1128189,1.0,0.834727302991662
96738,1128198,1.0,0.8374408248214142
96787,1128287,1.0,0.6892789189551207
96788,1128288,1.0,0.5163689979343936
96789,1128289,1.0,0.6375195565057054
96792,1128295,1.0,0.7471244163683608
96793,1128296,1.0,0.7724265278002419
96833,1128380,1.0,0.5412683357333895
96841,1128395,1.0,0.7894382695125066
96858,1128434,1.0,0.731961796410136
96865,1128453,1.0,0.5532753639645827
96895,1128511,1.0,0.8880130308667262
96904,1128524,1.0,0.8056403181858186
96910,1128537,1.0,0.6401186202411832
96915,1128552,1.0,0.5343864088091024
96933,1128593,1.0,0.568240241983166
96952,1128629,1.0,0.6454911636421277
96956,1128636,1.0,0.5413456388819389
96964,1128648,1.0,0.687641931761598
96973,1128663,1.0,0.5753428380942269
96978,1128672,1.0,0.5270182829216712
97002,1128718,1.0,0.6557505341727411
97008,1128733,1.0,0.610780975263502
97010,1128738,1.0,0.5426075267402316
97064,1131410,1.0,0.703671231107293
97078,1131431,1.0,0.7098752173584836
97084,1131440,1.0,0.5596252902372635
97086,1131448,1.0,0.5478666883416663
97090,1131457,1.0,0.8513339871725089
97103,1131507,1.0,0.6323163917657939
97111,1131519,1.0,0.7579073917917052
97120,1131531,1.0,0.7882559241978594
97121,1131533,1.0,0.9092541333351748
97131,1131554,1.0,0.6358366549709797
97144,1131577,1.0,0.7037795472723296
97150,1131585,1.0,0.7036582799658476
97175,1131641,1.0,0.6270230447177485
97183,1131652,1.0,0.8334371457091554
97185,1131655,1.0,0.7322512131555853
97187,1131657,1.0,0.8511985539740214
97190,1131666,1.0,0.6200200673790232
97200,1131679,1.0,0.7914839240493087
97219,1131708,1.0,0.7654286281240692
97224,1131715,1.0,0.6902950844845477
97225,1131716,1.0,0.6768486723546294
97237,1131753,1.0,0.5827624479498739
97240,1131760,1.0,0.7003561726880295
97259,1131795,1.0,0.6578133044320349
97273,1131824,1.0,0.8565616565062472
97279,1131834,1.0,0.9021026862156714
97311,1131910,1.0,0.9778400279607412
97317,1131920,1.0,0.6139608956527951
97320,1131931,1.0,0.5272746400109435
97323,1131935,1.0,0.7016495465877618
97359,1132004,1.0,0.5520586235846493
97368,1132019,1.0,0.8246702915741891
97371,1132023,1.0,0.8154659810030885
97383,1132050,1.0,0.6689756808121522
97389,1132057,1.0,0.6178301596962843
97430,1132599,1.0,0.6605046330323447
97444,1132616,1.0,0.586646216167423
97453,1132630,1.0,0.661772533341269
97472,1132676,1.0,0.7659980101119195
97473,1132678,1.0,0.5907429671021237
97478,1132690,1.0,0.532206701031012
97482,1132696,1.0,0.6975975271221502
97488,1132705,1.0,0.6416948869191279
97491,1132712,1.0,0.5234083670768356
97506,1132741,1.0,0.5653855409063653
97516,1132765,1.0,0.5955638865914058
97517,1132766,1.0,0.8330962987019306
97526,1132780,1.0,0.5074872400126882
97530,1132792,1.0,0.5226575892471645
97533,1132795,1.0,0.7256128285452051
97539,1132811,1.0,0.8404801814078886
97554,1132847,1.0,0.597504295064215
97572,1132885,1.0,0.5874070571964883
97605,1132995,1.0,0.6259975327250323
97611,1133010,1.0,0.5083016358064283
97618,1133023,1.0,0.6966252323377881
97647,1133075,1.0,0.5892894621199172
97649,1133079,1.0,0.5675045569140144
97653,1133088,1.0,0.5345345824204815
97696,1133159,1.0,0.5256523904553255
97700,1133164,1.0,0.5341491923606857
97701,1133166,1.0,0.5806623822597364
97738,1133244,1.0,0.6457558367305433
97741,1133252,1.0,0.8024275863808799
97761,1133294,1.0,0.5214857881046229
97762,1133295,1.0,0.6200015267406704
97768,1133305,1.0,0.5326065020682361
97772,1133311,1.0,0.5958637953813428
97779,1133323,1.0,0.689192951127715
97783,1133334,1.0,0.5464892698553196
97795,1133363,1.0,0.8142164271027351
97797,1133371,1.0,0.5587699794837677
97798,1133374,1.0,0.6614967231783345
97799,1133383,1.0,0.6963691519254361
97801,1133385,1.0,0.7003231759466374
97830,1133438,1.0,0.9252321635355961
97836,1133451,1.0,0.581230494661362
97847,1133468,1.0,0.8641887004333141
97866,1133511,1.0,0.537957418218636
97869,1133522,1.0,0.7684975596309068
97872,1133533,1.0,0.713173782927468
97884,1133558,1.0,0.5627065954003431
97885,1133561,1.0,0.6922163754833329
97889,1133567,1.0,0.863207877093962
97893,1133573,1.0,0.6565798240136651
97900,1133584,1.0,0.5517419241171262
97910,1133603,1.0,0.6612764631983318
97920,1133622,1.0,0.5289798004674822
97928,1133636,1.0,0.5405291771354033
97954,1133684,1.0,0.8476209910322989
97958,1133692,1.0,0.7325118208090239
97959,1133694,1.0,0.5225965364787379
97961,1133697,1.0,0.7490688486978135
97982,1133744,1.0,0.712027849350072
97984,1133747,1.0,0.7132237547047243
97988,1133754,1.0,0.7074026760203159
97991,1133761,1.0,0.6254605917093121
97992,1133762,1.0,0.5587426505272647
98041,1133864,1.0,0.6295431928178938
98042,1133868,1.0,0.8332648361203004
98043,1133869,1.0,0.6821608587827326
98049,1133877,1.0,0.5331324587408651
98050,1133878,1.0,0.5955061030653245
98055,1133889,1.0,0.6369039118989384
98060,1133899,1.0,0.814345813398309
98074,1133924,1.0,0.7932280464512791
98077,1133929,1.0,0.7180979195051189
98078,1133932,1.0,0.505109973658068
98080,1133935,1.0,0.6249552089482817
98082,1133940,1.0,0.6143548593371221
98130,1134042,1.0,0.8750940689369543
98137,1134072,1.0,0.6804432406810101
98138,1134077,1.0,0.5440549369849432
98139,1134080,1.0,0.5041221392968614
98140,1134083,1.0,0.8554125265275029
98144,1134088,1.0,0.5144201253855194
98212,1134223,1.0,0.6304302474360162
98238,1134268,1.0,0.8624682165316502
98242,1134274,1.0,0.6176319750873982
98265,1134323,1.0,0.5541281943490226
98267,1134339,1.0,0.6305978519974752
98276,1134362,1.0,0.5127948885211329
98287,1134380,1.0,0.6791654105126085
98303,1134403,1.0,0.6329788635302076
98306,1134415,1.0,0.5466395529373281
98310,1134426,1.0,0.6624505460675777
98311,1134428,1.0,0.6460267045396846
98314,1134434,1.0,0.573364323611488
98339,1134481,1.0,0.6499992650011562
98378,1134560,1.0,0.6509472692065591
98389,1134578,1.0,0.8699218101094015
98395,1134585,1.0,0.5612197812365846
98411,1134619,1.0,0.5513359967742543
98428,1134657,1.0,0.5084042299674506
98440,1134680,1.0,0.5702473419445749
98446,1134693,1.0,0.7721338949092597
98454,1134704,1.0,0.5665663765751902
98455,1134705,1.0,0.6486539038862293
98472,1134735,1.0,0.5309659730418015
98489,1134794,1.0,0.5849080547574881
98491,1134797,1.0,0.6224343482688063
98494,1134800,1.0,0.5238748360662638
98514,1134842,1.0,0.8569035887490277
98516,1134844,1.0,0.547882419322376
98520,1134854,1.0,0.5436669584688576
98532,1134873,1.0,0.6193488442130662
98534,1134875,1.0,0.5933288666941435
98540,1134908,1.0,0.6197678985568471
98551,1134927,1.0,0.5725291938980542
98554,1134930,1.0,0.5756464659140301
98557,1134933,1.0,0.6491219234329402
98563,1134939,1.0,0.5978680325370946
98570,1134952,1.0,0.6292351293284135
98577,1134963,1.0,0.5441501307052545
98578,1134964,1.0,0.6949228419564337
98586,1134979,1.0,0.6382647638917711
98595,1134998,1.0,0.8151870583131312
98597,1135001,1.0,0.6515187944300643
98605,1135021,1.0,0.6532576406479972
98612,1135046,1.0,0.7315021881899144
98614,1135051,1.0,0.7104890065850813
98616,1135053,1.0,0.6646223990684137
98621,1135065,1.0,0.5362356327048007
98623,1135070,1.0,0.6360808868035653
98633,1135085,1.0,0.6088025091865469
98640,1135095,1.0,0.6431445776413295
98642,1135097,1.0,0.6094577934005764
98657,1135120,1.0,0.6620721327128837
98692,1135191,1.0,0.5213968480038496
98698,1135207,1.0,0.6022937361471178
98700,1135213,1.0,0.8148995457357512
98712,1135233,1.0,0.736877508387007
98713,1135234,1.0,0.5828127468238574
98756,1135320,1.0,0.6531498242414419
98763,1135336,1.0,0.8131003955005254
98775,1135354,1.0,0.6483311642705697
98783,1135366,1.0,0.6142917854527035
98802,1135415,1.0,0.615779619175689
98810,1135438,1.0,0.5371412017857186
98813,1135443,1.0,0.6711121417642244
98814,1135445,1.0,0.62192466547124
98824,1135461,1.0,0.6716273391789606
98828,1135470,1.0,0.6327217306290766
98838,1135493,1.0,0.5348661837606484
98839,1135495,1.0,0.5121527877993528
98840,1135497,1.0,0.6340934303789919
98848,1135520,1.0,0.6137555574679259
98859,1135544,1.0,0.5865900314853373
98862,1135551,1.0,0.5471274686911886
98874,1135577,1.0,0.7525776841488633
98875,1135578,1.0,0.6641721830280239
98887,1135621,1.0,0.7481882736829807
98890,1135627,1.0,0.719098406496904
98895,1135632,1.0,0.6828297483665248
98896,1135635,1.0,0.7997406813056619
98903,1135648,1.0,0.710191016588715
98920,1135678,1.0,0.6559683163086384
98924,1135684,1.0,0.6740255187174238
98926,1135688,1.0,0.8189015960304267
98932,1135701,1.0,0.5868098626671242
98936,1135706,1.0,0.7369212211504521
98942,1135714,1.0,0.6512068706817713
98951,1135726,1.0,0.8053969813244324
98956,1135742,1.0,0.6900726985219813
98980,1135796,1.0,0.6501095148770708
98982,1135801,1.0,0.6818405332626807
98997,1135820,1.0,0.6692511516531121
99010,1135840,1.0,0.8198450025583913
99012,1135842,1.0,0.5390273034810771
99018,1135854,1.0,0.6227847265500132
99019,1135856,1.0,0.6982583657464475
99025,1135881,1.0,0.5133360680457102
99039,1135908,1.0,0.6665889030979955
99042,1135914,1.0,0.6043251882253035
99056,1135942,1.0,0.7718760785378855
99063,1135952,1.0,0.9010907816275274
99071,1135968,1.0,0.6338295533108754
99077,1135983,1.0,0.6991357479979098
99084,1135996,1.0,0.8660821857002893
99103,1136033,1.0,0.6003060726141732
99121,1136062,1.0,0.6512546452819475
99135,1136085,1.0,0.5374098191569179
99157,1136124,1.0,0.6612453231075793
99166,1136139,1.0,0.6818387341355078
99172,1136150,1.0,0.766922016369964
99179,1136168,1.0,0.6089761469696587
99182,1136172,1.0,0.8676780349464661
99183,1136174,1.0,0.8893600769899263
99189,1136186,1.0,0.7239984439562199
99198,1136206,1.0,0.5120223547814737
99203,1136218,1.0,0.6073838063378283
99221,1136248,1.0,0.6680941222047159
99224,1136253,1.0,0.6523539734893085
99259,1136312,1.0,0.6107215070948105
99265,1136326,1.0,0.6974618570514042
99266,1136327,1.0,0.7032290824526138
99279,1136364,1.0,0.5042150853255343
99282,1136370,1.0,0.8916311467156038
99285,1136380,1.0,0.50555302937144
99287,1136383,1.0,0.5783577431237912
99288,1136384,1.0,0.5712415578644499
99291,1136392,1.0,0.7370912426129113
99292,1136393,1.0,0.6113714087402835
99300,1136404,1.0,0.6983968395658398
99314,1136427,1.0,0.6628609006487017
99315,1136430,1.0,0.7073572072106717
99318,1136435,1.0,0.6107807692134641
99320,1136438,1.0,0.5384224131778023
99330,1136454,1.0,0.5325019539566982
99365,1136523,1.0,0.6392116143725072
99378,1136542,1.0,0.561193671456731
99380,1136544,1.0,0.7847348844401084
99386,1136553,1.0,0.9191396202460731
99390,1136560,1.0,0.6043082750635799
99408,1136595,1.0,0.605066310625629
99417,1136609,1.0,0.765351618351744
99419,1136612,1.0,0.5141050739540557
99420,1136613,1.0,0.6327023746699654
99426,1136654,1.0,0.5647433112777095
99427,1136655,1.0,0.5973925951995483
99439,1136683,1.0,0.7370084494392621
99465,1136726,1.0,0.6479158785260558
99466,1136728,1.0,0.7789277854881563
99468,1136733,1.0,0.7805907348667784
99476,1136747,1.0,0.5505836930010334
99480,1136762,1.0,0.8860684492323067
99485,1136769,1.0,0.7748203266682995
99490,1136775,1.0,0.5503552503451349
99493,1136781,1.0,0.6313750001789495
99512,1136809,1.0,0.5709701952321923
99517,1136815,1.0,0.5507203853582285
99543,1136865,1.0,0.5717128123206089
99550,1136881,1.0,0.5967030161542053
99564,1136908,1.0,0.8112713300712114
99572,1136920,1.0,0.5518874892104015
99581,1136931,1.0,0.5481804720725105
99591,1136947,1.0,0.5853385643429685
99599,1136964,1.0,0.5978984055184081
99601,1136968,1.0,0.643079604942301
99611,1136988,1.0,0.5081420802548479
99614,1136992,1.0,0.5015374179270436
99620,1137001,1.0,0.7004498444452077
99636,1137029,1.0,0.5744409658736647
99639,1137034,1.0,0.5380564509115814
99646,1137042,1.0,0.5151412161040057
99648,1137044,1.0,0.8974073088656268
99649,1137046,1.0,0.5507905431775165
99657,1137062,1.0,0.8028266369601119
99667,1137087,1.0,0.5821963438988373
99669,1137092,1.0,0.7402967155824994
99673,1137103,1.0,0.5486752666598802
99681,1137126,1.0,0.6174887602617471
99691,1137152,1.0,0.7102347200511209
99700,1137167,1.0,0.6886502731342135
99701,1137169,1.0,0.6900264656706483
99702,1137171,1.0,0.556753662246463
99710,1137183,1.0,0.5701963326487858
99743,1137273,1.0,0.7537239570594024
99755,1137298,1.0,0.6461058273457473
99762,1137311,1.0,0.8149276186152349
99774,1137333,1.0,0.5033467607765711
99779,1137347,1.0,0.5851251915069012
99783,1137363,1.0,0.8664518441934529
99795,1137387,1.0,0.8762102668831778
99809,1137412,1.0,0.8013677096980238
99810,1137413,1.0,0.6293155259443324
99819,1137425,1.0,0.6514567395480653
99820,1137428,1.0,0.6067035618691288
99835,1137453,1.0,0.5465381791739866
99849,1137502,1.0,0.8079050779762171
99850,1137506,1.0,0.7044255719045949
99853,1137510,1.0,0.6774061610973763
99862,1137526,1.0,0.9073684225282505
99864,1137528,1.0,0.5353544698875384
99871,1137540,1.0,0.6049335237904837
99874,1137546,1.0,0.7141754814907735
99888,1137572,1.0,0.6290959004175408
99892,1137581,1.0,0.6141701107371638
99894,1137584,1.0,0.6843679336517463
99896,1137587,1.0,0.5847678712457821
99902,1137596,1.0,0.9237264868653328
99904,1137601,1.0,0.711851286986549
99905,1137602,1.0,0.5964069847770072
99921,1137632,1.0,0.8613804801449707
99923,1137636,1.0,0.6524419070226153
99924,1137641,1.0,0.6611616321467094
99925,1137643,1.0,0.6239162075166588
99927,1137656,1.0,0.7381995299062597
99938,1137684,1.0,0.610136554000196
99942,1137690,1.0,0.5037728809820056
99953,1137705,1.0,0.9144643090646933
99959,1137717,1.0,0.545275471037383
99963,1137723,1.0,0.632909604029176
99964,1137724,1.0,0.624011119787181
99965,1137725,1.0,0.5087247821424898
99971,1137734,1.0,0.5193735411168734
99993,1137787,1.0,0.6938593663743233
99995,1137796,1.0,0.7210024959086592
99998,1137799,1.0,0.8891189308842883
100016,1137833,1.0,0.6245313528713231
100024,1137842,1.0,0.5093893469758967
100026,1137844,1.0,0.7455258321444943
100036,1137857,1.0,0.8725344543204467
100048,1137873,1.0,0.7671340640340132
100054,1137886,1.0,0.6084270070243494
100063,1137906,1.0,0.6014935734297644
100065,1137913,1.0,0.549469909275325
100076,1137943,1.0,0.8361625593457411
100078,1137946,1.0,0.5305620365541504
100083,1137956,1.0,0.6018051295951387
100101,1137983,1.0,0.676351162998509
100117,1138009,1.0,0.5644070223667638
100121,1138015,1.0,0.6721970597359463
100122,1138016,1.0,0.599715647654981
100130,1138032,1.0,0.8528541509414334
100136,1138042,1.0,0.6695238043043562
100138,1138046,1.0,0.6583411459066705
100140,1138055,1.0,0.6224652796382871
100158,1138081,1.0,0.7369625857206575
100173,1138102,1.0,0.6828520024640131
100174,1138103,1.0,0.623321770299695
100200,1138159,1.0,0.5356861727359349
100213,1138182,1.0,0.8666867991977004
100214,1138185,1.0,0.6200070791848689
100222,1138199,1.0,0.6997080041797539
100230,1138210,1.0,0.5129111308703187
100232,1138212,1.0,0.5010744721451509
100247,1138239,1.0,0.5398409042488812
100253,1138248,1.0,0.6545019488701115
100254,1138249,1.0,0.5405601917328037
100261,1138261,1.0,0.5607612722084898
100262,1138262,1.0,0.6482288793592591
100268,1138273,1.0,0.7723415790054233
100269,1138274,1.0,0.549990789388385
100279,1138303,1.0,0.5645353012202475
100280,1138304,1.0,0.6807589089014553
100299,1138349,1.0,0.6005811647316833
100305,1138363,1.0,0.6939073268559621
100315,1138382,1.0,0.7127195458608228
100321,1138390,1.0,0.626860262940171
100326,1138398,1.0,0.6479669265725673
100331,1138413,1.0,0.5672963564070079
100337,1138422,1.0,0.5838927366369407
100358,1138465,1.0,0.6581727176407787
100366,1138479,1.0,0.580997877037752
100374,1138496,1.0,0.8286171214194404
100389,1138528,1.0,0.8342185599875855
100394,1138539,1.0,0.514203690412288
100403,1138560,1.0,0.703829766102935
100411,1138583,1.0,0.8620382248603757
100425,1138599,1.0,0.7706043635996489
100426,1138601,1.0,0.7810051066189274
100429,1138604,1.0,0.7895217765905058
100431,1138606,1.0,0.8184659607657617
100439,1138616,1.0,0.5266164940573298
100442,1138624,1.0,0.8499852064835433
100443,1138625,1.0,0.5703932389369698
100454,1138642,1.0,0.6844238296773933
100468,1138666,1.0,0.6944227856629155
100469,1138668,1.0,0.5285430202395763
100478,1138683,1.0,0.6677017676390601
100489,1138704,1.0,0.7035537894349915
100495,1138719,1.0,0.6907292854926875
100507,1138739,1.0,0.8366577889418029
100508,1138740,1.0,0.8434296541557211
100511,1138743,1.0,0.8007934791079896
100512,1138744,1.0,0.6155368647573061
100513,1138745,1.0,0.8909637250590718
100516,1138749,1.0,0.7662875569373956
100518,1138752,1.0,0.7787713925620008
100520,1138754,1.0,0.5589044810694609
100535,1138771,1.0,0.5470946413025495
100536,1138774,1.0,0.5260046546147928
100538,1138778,1.0,0.5350371837072344
100541,1138787,1.0,0.5110638751515207
100544,1138790,1.0,0.6571713393760422
100550,1138801,1.0,0.5509293588208118
100551,1138803,1.0,0.6401983117808667
100558,1138816,1.0,0.5352153124251983
100560,1138819,1.0,0.8670848383408992
100566,1138833,1.0,0.7136979512733206
100572,1138849,1.0,0.6508858258671973
100577,1138856,1.0,0.5094841243028074
100588,1138878,1.0,0.6275330595723004
100591,1138885,1.0,0.578116911725521
100598,1138898,1.0,0.6210051580323139
100617,1138933,1.0,0.5644392454260145
100619,1138936,1.0,0.647481301955605
100626,1138945,1.0,0.5049811224095446
100627,1138947,1.0,0.5462947269737225
100642,1138982,1.0,0.6677050894499823
100651,1138999,1.0,0.5077530255816064
100652,1139001,1.0,0.9095383638232553
100657,1139010,1.0,0.7264307726391056
100662,1139016,1.0,0.5117017592828162
100669,1139035,1.0,0.903380475797227
100696,1139084,1.0,0.6485242214948694
100697,1139085,1.0,0.7093140015020114
100714,1139112,1.0,0.8559966040954708
100721,1139122,1.0,0.8206997867354268
100726,1139129,1.0,0.6681517859117306
100728,1139134,1.0,0.5781032556792435
100748,1139178,1.0,0.8595452536990598
100755,1139190,1.0,0.9693704027848571
100762,1139203,1.0,0.6284254051719389
100763,1139204,1.0,0.8563899522007727
100770,1139214,1.0,0.5476798207893403
100777,1139233,1.0,0.9324353025262224
100799,1139269,1.0,0.6317173132561189
100803,1139273,1.0,0.5824880574316236
100810,1139288,1.0,0.662325995612596
100817,1139310,1.0,0.622153102206188
100819,1139314,1.0,0.8121905599407826
100823,1139319,1.0,0.8352002077339621
100825,1139321,1.0,0.5274739224170503
100827,1139329,1.0,0.5280859550177095
100830,1139332,1.0,0.5151367557920485
100833,1139336,1.0,0.5115309388747065
100836,1139340,1.0,0.5343278583252705
100838,1139342,1.0,0.6515014104459381
100843,1139351,1.0,0.5802509405590234
100852,1139368,1.0,0.5988193272564978
100855,1139375,1.0,0.5985202162819097
100866,1139388,1.0,0.6271509126544796
100873,1139404,1.0,0.6132950496623044
100880,1139412,1.0,0.7432043507918947
100882,1139414,1.0,0.6448010585620292
100886,1139418,1.0,0.8293858682713506
100889,1139421,1.0,0.8584611742487945
100890,1139422,1.0,0.5744947205603448
100902,1139434,1.0,0.8050225611998698
100903,1139435,1.0,0.707262318044159
100904,1139436,1.0,0.7286816251449785
100906,1139439,1.0,0.8036324626371623
100912,1139447,1.0,0.7994764482886525
100919,1139456,1.0,0.7451764120137048
100921,1139458,1.0,0.5076890771104389
100930,1139469,1.0,0.7424408463844582
100951,1139500,1.0,0.7341815464035624
100959,1139513,1.0,0.6745264553909021
100964,1139521,1.0,0.667688761534676
100971,1139530,1.0,0.7139722981761191
100978,1139541,1.0,0.8998251156963133
100985,1139555,1.0,0.707779389702172
100990,1139563,1.0,0.5057384653293531
101000,1139582,1.0,0.6795797290356903
101002,1139584,1.0,0.815530322923558
101004,1139586,1.0,0.7477268751958106
101011,1139596,1.0,0.8127923174451737
101022,1139610,1.0,0.7994747928617053
101025,1139613,1.0,0.5714862283877079
101026,1139614,1.0,0.7488681792404269
101028,1139616,1.0,0.803108930849427
101031,1139620,1.0,0.8417109773630201
101032,1139621,1.0,0.7668506540192503
101038,1139628,1.0,0.7972233477238921
101039,1139629,1.0,0.781390036264188
101047,1139637,1.0,0.5053078036806374
101056,1139648,1.0,0.7961701818437366
101057,1139649,1.0,0.6620346640054607
101059,1139651,1.0,0.518798995350908
101076,1139671,1.0,0.8604941538409204
101084,1139681,1.0,0.5297033432930629
101093,1139696,1.0,0.6716628343897495
101095,1139700,1.0,0.606291239662253
101097,1139702,1.0,0.5788890211514165
101098,1139703,1.0,0.811631622190642
101099,1139704,1.0,0.5122376828159882
101110,1139715,1.0,0.8321288402333025
101117,1139724,1.0,0.5355802417729362
101119,1139726,1.0,0.8028742884613027
101120,1139728,1.0,0.8470790327359602
101121,1139730,1.0,0.7481684568781509
101125,1139735,1.0,0.6274497576058785
101132,1139742,1.0,0.8019532839693062
101143,1139756,1.0,0.6897016314692844
101148,1139762,1.0,0.7756768932803232
101150,1139764,1.0,0.7717096898043498
101166,1139781,1.0,0.7275673387127939
101183,1139802,1.0,0.7387041433495181
101184,1139803,1.0,0.6709270575329809
101210,1139836,1.0,0.7313234339112734
101213,1139842,1.0,0.5687532682471548
101214,1139844,1.0,0.722173013765028
101218,1139854,1.0,0.7093981805895287
101234,1139883,1.0,0.745617850267956
101239,1139888,1.0,0.7870360114552453
101244,1139893,1.0,0.812335841237243
101245,1139894,1.0,0.8416842694975714
101251,1139900,1.0,0.543366394453182
101252,1139901,1.0,0.7877178392241209
101264,1139913,1.0,0.7471799282555498
101282,1139933,1.0,0.7891590016348459
101292,1139944,1.0,0.5697016946557021
101303,1139955,1.0,0.8225586162307217
101313,1139965,1.0,0.7658540278747459
101324,1139976,1.0,0.7954199068704488
101325,1139978,1.0,0.785144686599967
101328,1139982,1.0,0.804020879148807
101329,1139983,1.0,0.5808717467246727
101330,1139984,1.0,0.7781800539352404
101332,1139986,1.0,0.7716889604947961
101333,1139987,1.0,0.705911237735423
101338,1139992,1.0,0.7467882646103765
101355,1140013,1.0,0.8194141801153133
101358,1140016,1.0,0.8053984905512779
101366,1140025,1.0,0.5845067538703707
101369,1140028,1.0,0.6795949004614253
101387,1140049,1.0,0.8814116754241723
101390,1140055,1.0,0.5646413171213494
101402,1140078,1.0,0.8148464772510062
101410,1140093,1.0,0.7024972730256704
101415,1140107,1.0,0.5767071260104323
101419,1140115,1.0,0.6549147789751074
101442,1140160,1.0,0.5084757794953393
101446,1140167,1.0,0.9051882215590809
101463,1140202,1.0,0.9163369493736602
101480,1140235,1.0,0.7511219884605458
101493,1140248,1.0,0.8050749720012731
101494,1140249,1.0,0.8450306754301317
101495,1140251,1.0,0.8125022294995025
101496,1140252,1.0,0.8740451114050245
101500,1140256,1.0,0.8915830052644089
101501,1140257,1.0,0.692536982187122
101502,1140259,1.0,0.7955817277291374
101503,1140260,1.0,0.5293205863002511
101505,1140262,1.0,0.6061710714354278
101509,1140266,1.0,0.8648046473776546
101510,1140267,1.0,0.8856561267791029
101513,1140270,1.0,0.8802804490400835
101515,1140272,1.0,0.8871011683799276
101518,1140276,1.0,0.8461060583145937
101522,1140282,1.0,0.8856327734750812
101523,1140283,1.0,0.5293205863002511
101526,1140286,1.0,0.5183352633532856
101535,1140296,1.0,0.8341730629015038
101536,1140297,1.0,0.5293205863002511
101542,1140308,1.0,0.6863440993145578
101544,1140312,1.0,0.699145541986251
101546,1140316,1.0,0.603870510039237
101557,1140337,1.0,0.8612292681048925
101575,1140372,1.0,0.7905980001175744
101599,1140418,1.0,0.7248242450046276
101615,1140448,1.0,0.8780251003051214
101618,1140451,1.0,0.7531955096962463
101621,1140456,1.0,0.8224919639752675
101632,1140476,1.0,0.8664657486475487
101643,1140509,1.0,0.649691587334025
101657,1140534,1.0,0.6200563432147623
101660,1140540,1.0,0.5827778603954608
101670,1140554,1.0,0.8282975804795623
101671,1140555,1.0,0.8283105415294187
101672,1140556,1.0,0.5882295922780792
101677,1140564,1.0,0.632095686348867
101678,1140565,1.0,0.5072453540761174
101681,1140569,1.0,0.591588022565753
101682,1140571,1.0,0.5844355564309757
101699,1140596,1.0,0.7864584854885279
101707,1140604,1.0,0.5786713679003403
101713,1140611,1.0,0.7828246711953221
101730,1140630,1.0,0.6768644074874391
101735,1140637,1.0,0.8274448140736583
101745,1140648,1.0,0.7717509557098307
101752,1140657,1.0,0.5799994878021497
101753,1140658,1.0,0.5966957082100459
101754,1140659,1.0,0.8017244391954165
101757,1140662,1.0,0.7366220424202101
101758,1140663,1.0,0.8775626423152121
101759,1140664,1.0,0.7135693019343251
101763,1140670,1.0,0.7726637620659145
101768,1140677,1.0,0.5324943953178861
101771,1140680,1.0,0.8397847146949026
101772,1140681,1.0,0.7869172455546851
101775,1140684,1.0,0.7956737342776269
101784,1140697,1.0,0.8916839733629295
101803,1140720,1.0,0.8762307705951469
101811,1140735,1.0,0.8167493226002404
101817,1140746,1.0,0.8160584767395479
101826,1140760,1.0,0.6362791733711919
101843,1140788,1.0,0.6933472847332683
101864,1140831,1.0,0.7045545465279317
101867,1140838,1.0,0.7150727058535274
101868,1140839,1.0,0.8177209116654305
101869,1140844,1.0,0.8350317018402624
101873,1140852,1.0,0.9006879343352429
101891,1140876,1.0,0.7539584412569995
101898,1140891,1.0,0.7349714497816587
101907,1140905,1.0,0.5975902032176464
101908,1140908,1.0,0.7176506296788074
101914,1140923,1.0,0.7257201859025196
101920,1140934,1.0,0.5301507166736021
101922,1140936,1.0,0.8559290780716623
101932,1140957,1.0,0.5424906230050428
101933,1140959,1.0,0.7175661523046613
101944,1140979,1.0,0.7811667581323036
101974,1141012,1.0,0.6799229037816062
101982,1141020,1.0,0.6405132104533874
101986,1141024,1.0,0.6754591383733689
101995,1141033,1.0,0.541068298879328
101996,1141034,1.0,0.8598036947358648
102007,1141047,1.0,0.5586276601277331
102017,1141058,1.0,0.8110321398944551
102028,1141070,1.0,0.7198987698615124
102062,1141109,1.0,0.5481009753048004
102075,1141132,1.0,0.6757008034689602
102076,1141134,1.0,0.8435281613541187
102084,1141146,1.0,0.5023297354243955
102091,1141161,1.0,0.883969482491153
102101,1141178,1.0,0.6666520103967486
102111,1141196,1.0,0.5767994328782223
102117,1141204,1.0,0.8560679320284393
102121,1141210,1.0,0.5554019233160145
102133,1141233,1.0,0.5807002519055751
102137,1141241,1.0,0.6581151674432018
102147,1141265,1.0,0.5121768245601799
102148,1141266,1.0,0.6660663877134525
102172,1141308,1.0,0.6645797710390273
102176,1141312,1.0,0.8624943324299499
102179,1141315,1.0,0.8819187358997195
102185,1141322,1.0,0.7511197483186033
102204,1141345,1.0,0.8774416954465383
102205,1141346,1.0,0.5991070137224849
102226,1141375,1.0,0.6082805200426757
102227,1141376,1.0,0.6594940633183596
102232,1141386,1.0,0.5489009041530378
102239,1141395,1.0,0.5325575980048012
102244,1141402,1.0,0.5436917112138476
102246,1141405,1.0,0.6510459858128015
102261,1141426,1.0,0.5713889415817065
102266,1141433,1.0,0.7040397170622349
102280,1141454,1.0,0.675228058515023
102281,1141458,1.0,0.675439357945795
102286,1141470,1.0,0.8402957237275211
102288,1141472,1.0,0.815489726877268
102294,1141478,1.0,0.8557226074295458
102296,1141480,1.0,0.8855123682819411
102298,1141482,1.0,0.7862238983630239
102300,1141484,1.0,0.9718431397936279
102303,1141487,1.0,0.8725994057199998
102306,1141490,1.0,0.9014742346476035
102308,1141492,1.0,0.8436616979110978
102312,1141496,1.0,0.7925875151134181
102320,1141505,1.0,0.6824537998585019
102321,1141506,1.0,0.817477558316937
102329,1141514,1.0,0.8436616979110978
102332,1141517,1.0,0.8969851099059624
102341,1141526,1.0,0.9024829368173228
102343,1141528,1.0,0.8899382958842019
102344,1141529,1.0,0.7896503104721743
102353,1141539,1.0,0.6820174051662936
102359,1141545,1.0,0.8876546186492441
102362,1141548,1.0,0.8200672475251414
102366,1141553,1.0,0.786365505838527
102367,1141554,1.0,0.8927660334852033
102387,1141576,1.0,0.778595586561448
102392,1141582,1.0,0.5293205863002511
102408,1141600,1.0,0.5831416169882992
102417,1141610,1.0,0.8316458813169649
102428,1141622,1.0,0.8926955467357467
102445,1141642,1.0,0.7510037156179584
102446,1141643,1.0,0.8754752080317579
102447,1141645,1.0,0.8161587127757775
102448,1141646,1.0,0.9082489904846154
102457,1141655,1.0,0.883200441505152
102458,1141657,1.0,0.7256070832303614
102460,1141659,1.0,0.8120734961467665
102461,1141660,1.0,0.7713441620531344
102463,1141662,1.0,0.840452191728476
102469,1141670,1.0,0.518798995350908
102474,1141676,1.0,0.6676864051493142
102483,1141685,1.0,0.6705654807816438
102484,1141686,1.0,0.8699934885021241
102487,1141689,1.0,0.6831182150125322
102496,1141698,1.0,0.778995031356354
102498,1141701,1.0,0.8738776822330945
102501,1141705,1.0,0.8969342437506552
102507,1141712,1.0,0.699145541986251
102511,1141717,1.0,0.6984784127759509
102512,1141719,1.0,0.9012717698733361
102513,1141720,1.0,0.5227094071708289
102520,1141727,1.0,0.6808888935725101
102528,1141737,1.0,0.6773794785714389
102529,1141738,1.0,0.5238574866938568
102530,1141739,1.0,0.6929518219212842
102537,1141747,1.0,0.8811567267385134
102540,1141750,1.0,0.8861953166240474
102543,1141754,1.0,0.8835266970382034
102546,1141757,1.0,0.7218277115661519
102547,1141758,1.0,0.518798995350908
102548,1141759,1.0,0.8307261708413864
102550,1141761,1.0,0.699145541986251
102554,1141766,1.0,0.6790542955292913
102555,1141767,1.0,0.8713278392320136
102558,1141771,1.0,0.7281024310478462
102559,1141772,1.0,0.8846593914479296
102562,1141775,1.0,0.8238546789715059
102565,1141778,1.0,0.862247937953896
102567,1141780,1.0,0.807832513586858
102568,1141782,1.0,0.5587422568373974
102569,1141783,1.0,0.6998417265738732
102570,1141784,1.0,0.8257910830361687
102573,1141787,1.0,0.8931805904034299
102576,1141790,1.0,0.752624582277877
102577,1141791,1.0,0.8951679013436905
102579,1141793,1.0,0.518798995350908
102582,1141796,1.0,0.5122376828159882
102583,1141797,1.0,0.8184244642529787
102584,1141798,1.0,0.8379666819073438
102586,1141800,1.0,0.747943503279249
102590,1141804,1.0,0.8879074185217758
102592,1141806,1.0,0.563511246886424
102594,1141809,1.0,0.7394712409256561
102597,1141812,1.0,0.7721457681399333
102602,1141817,1.0,0.786852468407199
102603,1141818,1.0,0.8327460129272845
102605,1141820,1.0,0.7968124320046739
102651,1141907,1.0,0.7396892414452101
102656,1141917,1.0,0.9402302284075061
102659,1141921,1.0,0.8450073091333359
102666,1141934,1.0,0.76179301894239
102669,1141937,1.0,0.6173642532047492
102670,1141938,1.0,0.62842048166954
102673,1141942,1.0,0.6467572828440182
102675,1141945,1.0,0.6655748082848217
102678,1141948,1.0,0.8578147917507326
102679,1141949,1.0,0.6804511003252773
102684,1141954,1.0,0.5531363309273958
102687,1141957,1.0,0.677998612899555
102690,1141961,1.0,0.670282764159481
102691,1141962,1.0,0.6275122983722291
102698,1141969,1.0,0.8985946907622356
102711,1141987,1.0,0.559982710915961
102715,1141991,1.0,0.7529831944909484
102717,1141993,1.0,0.5966379841090897
102722,1141998,1.0,0.53249481452966
102748,1142025,1.0,0.656651931049737
102750,1142027,1.0,0.6902359525917183
102760,1142038,1.0,0.6033995066997807
102762,1142040,1.0,0.6503153167481585
102774,1142052,1.0,0.6739323172402806
102781,1142059,1.0,0.7376441683953872
102782,1142060,1.0,0.5085178461596052
102789,1142069,1.0,0.7677453369356967
102790,1142070,1.0,0.610989547231939
102799,1142079,1.0,0.6502352544383937
102808,1142088,1.0,0.6185113455255176
102822,1142105,1.0,0.7343401449466889
102823,1142107,1.0,0.7348447484193921
102824,1142108,1.0,0.7508110072694376
102828,1142113,1.0,0.6774622067398017
102835,1142121,1.0,0.901479963076157
102845,1142131,1.0,0.601607927189236
102854,1142141,1.0,0.7562440668042572
102856,1142144,1.0,0.6597953015781302
102858,1142146,1.0,0.7388215971880782
102865,1142156,1.0,0.6412873408671311
102875,1142166,1.0,0.741590628728438
102890,1142181,1.0,0.6716747354523971
102900,1142193,1.0,0.7335197249254592
102901,1142194,1.0,0.615560670093953
102902,1142195,1.0,0.7462379865184784
102905,1142198,1.0,0.7496149429393276
102908,1142201,1.0,0.5889063837471041
102918,1142214,1.0,0.5990172480413615
102927,1142225,1.0,0.6842445041536505
102928,1142226,1.0,0.6705085070327701
102929,1142227,1.0,0.7684373479820829
102939,1142239,1.0,0.7615816908578582
102943,1142243,1.0,0.7714278119927802
102951,1142252,1.0,0.8336966427425998
102953,1142255,1.0,0.7303198911223947
102955,1142257,1.0,0.6622909996230223
102957,1142259,1.0,0.5698558504422695
102972,1142280,1.0,0.6375678852088764
102973,1142281,1.0,0.7660678336987862
102997,1142311,1.0,0.5440197854368458
102999,1142314,1.0,0.7562428710106004
103011,1142328,1.0,0.6254527807244583
103013,1142330,1.0,0.671273707483797
103016,1142333,1.0,0.6474078530345602
103019,1142339,1.0,0.6851152864516697
103020,1142340,1.0,0.6750239382145597
103022,1142342,1.0,0.6386662459729268
103025,1142346,1.0,0.5947898991002291
103026,1142347,1.0,0.7755890697920833
103037,1142358,1.0,0.5306034100448893
103045,1142367,1.0,0.6259741744612141
103058,1142381,1.0,0.8135207613637292
103061,1142384,1.0,0.5532021068593486
103066,1142390,1.0,0.5401426118692961
103067,1142391,1.0,0.7158258364765463
103073,1142397,1.0,0.7584356817727275
103082,1142406,1.0,0.5143865334333823
103086,1142411,1.0,0.5665173680584128
103088,1142413,1.0,0.6779564581708485
103092,1142417,1.0,0.7543553449418505
103099,1142424,1.0,0.7419373024663489
103108,1142433,1.0,0.7356847757199952
103122,1142451,1.0,0.7418797466142344
103125,1142455,1.0,0.7758641207990105
103126,1142457,1.0,0.6027085862415199
103127,1142458,1.0,0.6632084339483422
103141,1142472,1.0,0.87493849207555
103143,1142474,1.0,0.6196839183517532
103157,1142489,1.0,0.6221551570524858
103160,1142492,1.0,0.5855392751856341
103171,1142505,1.0,0.6203320015141526
103183,1142519,1.0,0.6891663292673147
103185,1142521,1.0,0.6255878936530964
103192,1142529,1.0,0.6184452763989747
103199,1142536,1.0,0.7644344319419846
103208,1142546,1.0,0.5937315959119026
103224,1142563,1.0,0.5838479889696893
103227,1142567,1.0,0.5405947636487348
103228,1142568,1.0,0.7900631757082477
103241,1142583,1.0,0.6167825928935243
103245,1142587,1.0,0.6569706066207247
103248,1142590,1.0,0.6437223530426761
103249,1142591,1.0,0.6331452174545571
103255,1142598,1.0,0.6619628331442846
103263,1142606,1.0,0.5283143498448958
103268,1142612,1.0,0.5818349226760832
103270,1142614,1.0,0.6782469993617536
103276,1142620,1.0,0.5153714416195553
103279,1142623,1.0,0.7146714421611586
103283,1142627,1.0,0.6067009598959937
103285,1142629,1.0,0.5756624258231305
103286,1142630,1.0,0.6199945999247384
103289,1142633,1.0,0.6737619582504953
103291,1142635,1.0,0.5746831885071757
103295,1142639,1.0,0.8158220804194924
103296,1142641,1.0,0.6613322945298393
103297,1142642,1.0,0.6238782990365729
103300,1142646,1.0,0.6416667617798429
103306,1142653,1.0,0.6131460671765505
103307,1142654,1.0,0.5902784609558827
103310,1142661,1.0,0.5109068561362192
103315,1142669,1.0,0.7225882181715272
103319,1142680,1.0,0.6248493984972787
103323,1142687,1.0,0.8222879460348878
103330,1142702,1.0,0.7212946693521379
103331,1142704,1.0,0.6748330237624226
103332,1142707,1.0,0.5092380226886878
103356,1142743,1.0,0.5350131278363099
103363,1142753,1.0,0.6841864770198092
103369,1142762,1.0,0.7708140622123526
103373,1142767,1.0,0.7645546640269081
103376,1142772,1.0,0.6384487042553367
103377,1142774,1.0,0.7332446637789825
103385,1142783,1.0,0.6815559996578021
103386,1142787,1.0,0.6394145919286818
103389,1142790,1.0,0.5244233253497818
103393,1142796,1.0,0.551886069677281
103400,1142803,1.0,0.6755272856248438
103419,1142823,1.0,0.8649422626322129
103421,1142826,1.0,0.759512018298154
103425,1142830,1.0,0.7653975175028847
103428,1142833,1.0,0.7040362900960387
103430,1142835,1.0,0.6531218332489922
103437,1142843,1.0,0.5458670913947993
103449,1142856,1.0,0.6370264948757843
103454,1142862,1.0,0.8418698457731747
103459,1142867,1.0,0.7645453233469577
103468,1142876,1.0,0.6029791466499057
103475,1142883,1.0,0.6052294543639801
103479,1142887,1.0,0.6819887319802641
103485,1142894,1.0,0.7320944244196339
103488,1142897,1.0,0.6845048713838474
103507,1142917,1.0,0.5922196131140351
103520,1142932,1.0,0.5880421714295746
103524,1142936,1.0,0.7740070316640993
103536,1142948,1.0,0.899628594585487
103540,1142952,1.0,0.760692502158604
103578,1142994,1.0,0.8626074224645343
103581,1142997,1.0,0.7386710927081952
103586,1143003,1.0,0.5543584447879696
103595,1143012,1.0,0.5636366103844234
103605,1143023,1.0,0.7121931125433785
103607,1143025,1.0,0.6371096476268868
103617,1143038,1.0,0.6189264533111638
103620,1143041,1.0,0.7177962198329462
103621,1143042,1.0,0.6412396854623649
103627,1143049,1.0,0.7121294567208414
103631,1143054,1.0,0.745595406865301
103633,1143056,1.0,0.7015406011607607
103652,1143079,1.0,0.5701592358502172
103655,1143083,1.0,0.7376441683953872
103663,1143092,1.0,0.7768915010383488
103667,1143096,1.0,0.6862306937988278
103668,1143097,1.0,0.925055362805918
103672,1143101,1.0,0.7587067961645667
103682,1143113,1.0,0.7068097841150692
103684,1143115,1.0,0.7234971448098064
103694,1143125,1.0,0.7207541115581475
103697,1143128,1.0,0.7283764343800301
103698,1143130,1.0,0.7527642176474402
103702,1143134,1.0,0.639826240613101
103703,1143135,1.0,0.7463986298170537
103706,1143139,1.0,0.7346347438874873
103708,1143141,1.0,0.6257807816175679
103710,1143143,1.0,0.7064056731284546
103713,1143147,1.0,0.5386725164061483
103714,1143149,1.0,0.7007601284018302
103715,1143151,1.0,0.730619788146034
103716,1143152,1.0,0.6637335011767648
103717,1143153,1.0,0.6436640179666246
103719,1143157,1.0,0.7747744340763072
103722,1143162,1.0,0.8272110248021312
103724,1143165,1.0,0.667056178270577
103726,1143167,1.0,0.692782026186476
103729,1143170,1.0,0.7287433107219108
103731,1143172,1.0,0.7153160155617254
103733,1143175,1.0,0.7574657817238059
103734,1143176,1.0,0.7339424761989362
103735,1143177,1.0,0.7645453233469577
103737,1143179,1.0,0.9044896572096703
103739,1143181,1.0,0.6598213657717882
103742,1143184,1.0,0.6732871848643416
103745,1143188,1.0,0.572023146628467
103746,1143189,1.0,0.7066973052460571
103748,1143191,1.0,0.7485882575647361
103756,1143200,1.0,0.9184316204330821
103758,1143205,1.0,0.7356095926364147
103759,1143206,1.0,0.7823544607353767
103760,1143207,1.0,0.569499467845497
103766,1143215,1.0,0.7393461319423924
103774,1143225,1.0,0.8750357731033996
103785,1143236,1.0,0.5072394308075403
103786,1143237,1.0,0.5421701512460874
103787,1143238,1.0,0.7509626751980755
103794,1143246,1.0,0.6283014058206056
103795,1143248,1.0,0.6293773132004978
103796,1143250,1.0,0.7644207343978485
103807,1143262,1.0,0.6956435436600423
103822,1143280,1.0,0.6477507831597898
103825,1143284,1.0,0.6008945621829056
103830,1143290,1.0,0.5722753023874078
103835,1143296,1.0,0.6267689853909814
103841,1143305,1.0,0.7277079325590129
103842,1143306,1.0,0.6477507831597898
103852,1143318,1.0,0.5462888424362377
103858,1143324,1.0,0.7026845864511501
103861,1143327,1.0,0.710203429434506
103866,1143334,1.0,0.8046728089288702
103869,1143337,1.0,0.5510992183285974
103878,1143347,1.0,0.6373607431404166
103887,1143356,1.0,0.7388215971880782
103895,1143366,1.0,0.7670366364163588
103905,1143379,1.0,0.7016959242216376
103913,1143388,1.0,0.6258412049430763
103932,1143410,1.0,0.6388243755958541
103936,1143415,1.0,0.719626689628148
103941,1143421,1.0,0.504532509840797
103944,1143425,1.0,0.7481311574687118
103948,1143430,1.0,0.6147839055569805
103953,1143435,1.0,0.6622909996230223
103958,1143440,1.0,0.7403013773669472
103969,1143452,1.0,0.6298383560156953
103979,1143463,1.0,0.8763441517901343
103983,1143467,1.0,0.6408314654459379
103984,1143469,1.0,0.6622909996230223
103998,1143486,1.0,0.7634828364993471
103999,1143487,1.0,0.7570952298326795
104006,1143500,1.0,0.6146493848323377
104012,1143510,1.0,0.7670403361629768
104014,1143512,1.0,0.6536966806991841
104023,1143523,1.0,0.7632352930333162
104024,1143524,1.0,0.7744539697352943
104025,1143525,1.0,0.625607330650011
104032,1143534,1.0,0.7751760834807713
104035,1143538,1.0,0.7645453233469577
104044,1143549,1.0,0.5401829295946633
104062,1143574,1.0,0.9212318604575186
104069,1143586,1.0,0.7998183456541159
104072,1143590,1.0,0.6788727094473085
104078,1143598,1.0,0.6218285806436451
104089,1143618,1.0,0.56170679075709
104091,1143624,1.0,0.6173714739357554
104095,1143633,1.0,0.6486231830459903
104105,1143652,1.0,0.6960073523308659
104112,1143659,1.0,0.6399731824883315
104117,1143666,1.0,0.5203127700262705
104119,1143668,1.0,0.7509251181619149
104121,1143670,1.0,0.6067009598959937
104122,1143671,1.0,0.6836619067280061
104127,1143678,1.0,0.5937285958447448
104128,1143679,1.0,0.5508953733344512
104130,1143681,1.0,0.7736015155052263
104132,1143683,1.0,0.6120165409666289
104134,1143685,1.0,0.6967911828733466
104141,1143694,1.0,0.7377521779140926
104142,1143697,1.0,0.701323277218022
104145,1143703,1.0,0.7640845535507096
104161,1143722,1.0,0.7343401449466889
104163,1143724,1.0,0.7755890697920833
104164,1143725,1.0,0.6195410057698568
104169,1143731,1.0,0.6339781498121169
104179,1143742,1.0,0.6272762501491919
104193,1143763,1.0,0.644148748233
104197,1143768,1.0,0.6307210192163066
104204,1143776,1.0,0.6815835615624164
104205,1143777,1.0,0.8323101832164534
104207,1143779,1.0,0.5471791555526643
104213,1143788,1.0,0.6638222596106881
104214,1143789,1.0,0.7561180004796225
104218,1143795,1.0,0.7360828970065395
104238,1143837,1.0,0.6315913278761847
104250,1143849,1.0,0.6155921038541636
104259,1143858,1.0,0.631808594704427
104261,1143860,1.0,0.6491013478846448
104266,1143865,1.0,0.6831284236386829
104278,1143878,1.0,0.572322379536812
104284,1143885,1.0,0.7396589698960389
104295,1143898,1.0,0.8411856726603656
104319,1143923,1.0,0.7593194792630413
104320,1143924,1.0,0.8192367593401833
104331,1143935,1.0,0.554085061315028
104333,1143937,1.0,0.5802311617626903
104338,1143944,1.0,0.7496149429393276
104340,1143946,1.0,0.561526524317372
104344,1143950,1.0,0.5265880950202162
104346,1143953,1.0,0.6277393090436993
104347,1143955,1.0,0.651882617425981
104360,1143968,1.0,0.5901466561455386
104362,1143970,1.0,0.7462537751189422
104363,1143971,1.0,0.7412147918186718
104369,1143978,1.0,0.8841768658067586
104373,1143982,1.0,0.6301957896573526
104375,1143984,1.0,0.7528117834737721
104376,1143985,1.0,0.7412147918186718
104377,1143987,1.0,0.6999338466401939
104381,1143991,1.0,0.7006873799064768
104383,1143993,1.0,0.6532554327413606
104386,1143996,1.0,0.6488263484256308
104387,1143997,1.0,0.670263103295575
104389,1143999,1.0,0.5782915467881693
104390,1144000,1.0,0.7530945204373897
104399,1144010,1.0,0.7257331134873528
104407,1144018,1.0,0.5115797787511839
104428,1144043,1.0,0.7040343480782643
104429,1144044,1.0,0.68641930359927
104436,1144051,1.0,0.7452914323015188
104438,1144053,1.0,0.7361426169127855
104442,1144057,1.0,0.7639390221310564
104445,1144060,1.0,0.7346347438874873
104447,1144062,1.0,0.6434333216719421
104449,1144064,1.0,0.6268831510879398
104450,1144065,1.0,0.5276389091757768
104451,1144066,1.0,0.7012247984450412
104453,1144069,1.0,0.6953880699703257
104455,1144072,1.0,0.7643730690534067
104460,1144077,1.0,0.5523066289895425
104466,1144083,1.0,0.630719855211849
104470,1144088,1.0,0.9309535788091671
104513,1144137,1.0,0.7223070894477441
104514,1144138,1.0,0.7216486420697666
104516,1144140,1.0,0.6602952161023354
104523,1144148,1.0,0.6554569092720037
104528,1144153,1.0,0.8851760292586273
104538,1144164,1.0,0.7153160155617254
104539,1144165,1.0,0.7827526380711335
104549,1144176,1.0,0.6268237513299234
104560,1144187,1.0,0.7169331658610341
104570,1144198,1.0,0.6391286185241385
104573,1144201,1.0,0.6771014487436552
104575,1144203,1.0,0.7225472159854197
104579,1144207,1.0,0.5683157928407482
104580,1144208,1.0,0.6069895085608051
104582,1144211,1.0,0.6426425086616844
104584,1144213,1.0,0.7346347438874873
104590,1144220,1.0,0.6354659159573636
104594,1144224,1.0,0.5817283262175076
104607,1144240,1.0,0.6231852794769792
104619,1144254,1.0,0.5276389091757768
104627,1144262,1.0,0.6909738641815683
104630,1144266,1.0,0.6872358875085511
104655,1144295,1.0,0.5740447199311586
104669,1144312,1.0,0.6223374638752445
104684,1144328,1.0,0.715750521474649
104686,1144330,1.0,0.5958654312882581
104690,1144334,1.0,0.8869945722269471
104691,1144335,1.0,0.5113252551128735
104695,1144339,1.0,0.5624960097190158
104700,1144344,1.0,0.693384023092972
104705,1144350,1.0,0.7455957106323372
104733,1144380,1.0,0.7346347438874873
104742,1144389,1.0,0.6096871235170982
104750,1144397,1.0,0.55832819203257
104753,1144400,1.0,0.6645770284613968
104764,1144411,1.0,0.6267689853909814
104765,1144412,1.0,0.561119392052635
104766,1144413,1.0,0.576988729200369
104772,1144419,1.0,0.8340779078642669
104774,1144421,1.0,0.6533973905893495
104779,1144426,1.0,0.5276389091757768
104781,1144428,1.0,0.6284800042027424
104796,1144443,1.0,0.7570952298326795
104799,1144446,1.0,0.7266663204809097
104800,1144447,1.0,0.7516446020909008
104806,1144455,1.0,0.5877976560617801
104812,1144464,1.0,0.7594746411930132
104815,1144467,1.0,0.6275860496389407
104819,1144471,1.0,0.76179301894239
104821,1144473,1.0,0.6283121985119966
104824,1144476,1.0,0.6772534045467459
104826,1144478,1.0,0.7593194792630413
104834,1144487,1.0,0.7526750551201364
104837,1144494,1.0,0.7567554919790834
104839,1144496,1.0,0.7316016183075389
104845,1144503,1.0,0.5627145536776461
104851,1144510,1.0,0.7827526380711335
104852,1144511,1.0,0.7567554919790834
104853,1144512,1.0,0.5994825894002057
104857,1144517,1.0,0.7823544607353767
104865,1144526,1.0,0.7025527812616005
104868,1144529,1.0,0.5570569528423669
104877,1144539,1.0,0.61175952538555
104881,1144543,1.0,0.5778461834583489
104882,1144544,1.0,0.7291955685385821
104883,1144545,1.0,0.5745786652985039
104885,1144547,1.0,0.5989353186566205
104889,1144551,1.0,0.7496149429393276
104891,1144553,1.0,0.627265207051795
104894,1144556,1.0,0.5274094031142041
104896,1144558,1.0,0.5976684128377766
104900,1144562,1.0,0.7410073638545023
104902,1144565,1.0,0.6197168058727603
104905,1144570,1.0,0.6209338082278453
104910,1144575,1.0,0.6643259902498442
104911,1144576,1.0,0.5135835581484063
104912,1144577,1.0,0.7157610640401739
104913,1144578,1.0,0.6651369967672391
104916,1144582,1.0,0.5158810193021037
104923,1144589,1.0,0.6964550575475421
104924,1144590,1.0,0.7004043913249429
104925,1144591,1.0,0.603007324602872
104927,1144593,1.0,0.5532021068593486
104932,1144599,1.0,0.5716481696112337
104936,1144603,1.0,0.6963748050239561
104941,1144612,1.0,0.9213087941465622
104945,1144617,1.0,0.6531218332489922
104947,1144619,1.0,0.5585686917767588
104950,1144622,1.0,0.6167553815030442
104952,1144624,1.0,0.6533887360117019
104953,1144626,1.0,0.750982213070896
104955,1144630,1.0,0.7295112719926062
104956,1144631,1.0,0.5862809227215205
104957,1144633,1.0,0.6693920350877736
104958,1144634,1.0,0.781824009772001
104976,1144654,1.0,0.5576017749052699
104977,1144655,1.0,0.775131722359275
104980,1144658,1.0,0.6968316373174355
104996,1144676,1.0,0.5908695625346962
104997,1144677,1.0,0.6207664147022727
105002,1144683,1.0,0.7707684738779736
105005,1144687,1.0,0.5611749693849979
105006,1144688,1.0,0.5444047755142463
105007,1144691,1.0,0.6160008385812473
105009,1144693,1.0,0.7576933929154597
105011,1144695,1.0,0.6273580699809359
105013,1144698,1.0,0.5637152311403143
105016,1144701,1.0,0.5745908973957291
105020,1144705,1.0,0.7520655662363731
105021,1144706,1.0,0.552062201856713
105027,1144713,1.0,0.68979443437186
105031,1144717,1.0,0.6590293169409374
105034,1144720,1.0,0.7359906558814426
105043,1144729,1.0,0.5673821921823832
105059,1144751,1.0,0.7629351039068621
105063,1144758,1.0,0.8339454739459342
105074,1144772,1.0,0.7161259411237204
105075,1144773,1.0,0.7165895185549973
105079,1144779,1.0,0.7405113286720522
105080,1144780,1.0,0.7340563749250106
105089,1144791,1.0,0.7031547747124592
105100,1144802,1.0,0.6548710429648297
105103,1144806,1.0,0.6432179313407459
105111,1144818,1.0,0.7804325653145603
105113,1144820,1.0,0.6895887638251067
105122,1144831,1.0,0.7825031717332834
105124,1144833,1.0,0.7406959400453194
105125,1144834,1.0,0.5748695957146202
105126,1144835,1.0,0.6962894901965134
105128,1144838,1.0,0.7406879135347905
105129,1144839,1.0,0.5493479343484081
105139,1144852,1.0,0.5656162296214853
105148,1144862,1.0,0.74877057151295
105158,1144873,1.0,0.586544753121788
105161,1144878,1.0,0.7588023186768514
105164,1144882,1.0,0.741571354031095
105166,1144884,1.0,0.8273763683157986
105169,1144888,1.0,0.665561194653102
105178,1144898,1.0,0.7066414611588516
105190,1144910,1.0,0.6963893245386419
105197,1144917,1.0,0.5715281966915797
105198,1144918,1.0,0.5769333193611467
105202,1144923,1.0,0.7690998741933885
105203,1144924,1.0,0.6799916743177762
105206,1144927,1.0,0.8625335949963553
105228,1144961,1.0,0.6075910894210582
105236,1144973,1.0,0.5075654093226214
105237,1144974,1.0,0.6144813830005694
105241,1144979,1.0,0.5484551834206722
105245,1144984,1.0,0.5150275534781464
105259,1145010,1.0,0.645974568921256
105266,1145028,1.0,0.5129962421023392
105268,1145030,1.0,0.5706610301149693
105278,1145047,1.0,0.6689836088315154
105279,1145048,1.0,0.8480742767483863
105281,1145050,1.0,0.5966852563377689
105287,1145061,1.0,0.7811323573359684
105301,1145084,1.0,0.8876376729674527
105302,1145085,1.0,0.7542759649910812
105308,1145094,1.0,0.5740447199311586
105313,1145101,1.0,0.7530945204373897
105315,1145103,1.0,0.745595406865301
105318,1145106,1.0,0.7501376936893484
105321,1145110,1.0,0.614525182146816
105332,1145121,1.0,0.8831079596585311
105336,1145126,1.0,0.731796204013337
105341,1145133,1.0,0.6168078349272734
105347,1145139,1.0,0.760692502158604
105350,1145142,1.0,0.7502798251738304
105355,1145148,1.0,0.5665173680584128
105359,1145152,1.0,0.6283014058206056
105367,1145162,1.0,0.6865217001166204
105369,1145164,1.0,0.5398537908479749
105383,1145182,1.0,0.6686890442087146
105385,1145184,1.0,0.6622909996230223
105386,1145186,1.0,0.525677991152784
105395,1145195,1.0,0.7540714430565998
105398,1145198,1.0,0.7733375360859651
105399,1145199,1.0,0.7477562323452068
105401,1145201,1.0,0.6859686548237102
105412,1145212,1.0,0.5154802379399998
105415,1145215,1.0,0.6510434041038489
105419,1145220,1.0,0.5624659371582941
105424,1145225,1.0,0.748660833318286
105428,1145230,1.0,0.7543573546191724
105430,1145232,1.0,0.5917889837851783
105432,1145234,1.0,0.7155239737048663
105433,1145235,1.0,0.775131722359275
105440,1145243,1.0,0.5707283472661141
105445,1145248,1.0,0.6020335732405755
105449,1145252,1.0,0.5808215597345142
105455,1145262,1.0,0.7659316493377626
105469,1145282,1.0,0.5721191600144271
105480,1145296,1.0,0.6601228966700353
105492,1145311,1.0,0.8142098720424024
105500,1145319,1.0,0.6380818025104998
105506,1145326,1.0,0.5767125092047743
105519,1145339,1.0,0.6525059009703573
105531,1145353,1.0,0.7521613031901749
105539,1145362,1.0,0.7524275872372412
105542,1145365,1.0,0.7153160155617254
105547,1145372,1.0,0.6320575391792154
105554,1145380,1.0,0.6434848931613336
105557,1145383,1.0,0.6712118026618693
105559,1145386,1.0,0.7567753429194256
105567,1145396,1.0,0.5909021699111656
105592,1145422,1.0,0.5173411499311049
105595,1145425,1.0,0.5729131025592952
105596,1145426,1.0,0.5941031485333065
105598,1145428,1.0,0.7068536080407462
105606,1145437,1.0,0.7019360599120286
105607,1145438,1.0,0.6918969116915286
105608,1145439,1.0,0.553282918445598
105615,1145446,1.0,0.6052083525109738
105633,1145467,1.0,0.6353512601382244
105634,1145468,1.0,0.5291508135044528
105638,1145472,1.0,0.6157259201158024
105640,1145474,1.0,0.6440383761622677
105641,1145476,1.0,0.5240723692752021
105653,1145489,1.0,0.5970433935686135
105655,1145491,1.0,0.560718144876711
105656,1145492,1.0,0.7026022434205303
105662,1145499,1.0,0.5994825894002057
105665,1145502,1.0,0.5964490753228513
105677,1145514,1.0,0.6725719251015734
105679,1145516,1.0,0.673507398767463
105685,1145523,1.0,0.9259151899640536
105691,1145530,1.0,0.539588248820248
105698,1145537,1.0,0.7480682085111678
105699,1145538,1.0,0.7772484202068227
105702,1145541,1.0,0.5048413552734544
105705,1145544,1.0,0.7036011008989073
105712,1145551,1.0,0.5839964561128809
105716,1145556,1.0,0.7315950961467409
105717,1145557,1.0,0.7543062373015492
105718,1145558,1.0,0.6412396854623649
105721,1145561,1.0,0.789389922062471
105723,1145563,1.0,0.5364532993631023
105730,1145570,1.0,0.623084058067969
105744,1145584,1.0,0.5964598958312131
105747,1145588,1.0,0.5398080596438004
105754,1145596,1.0,0.6406641107196658
105759,1145601,1.0,0.7596780221159821
105768,1145615,1.0,0.8176045254846326
105769,1145616,1.0,0.5398080596438004
105773,1145620,1.0,0.5167002651158735
105789,1145640,1.0,0.5935298711968638
105793,1145646,1.0,0.7503168964541316
105797,1145652,1.0,0.7393461319423924
105798,1145653,1.0,0.553129557275488
105801,1145658,1.0,0.5001538463721058
105802,1145659,1.0,0.7373509742612684
105807,1145665,1.0,0.7019904072607612
105810,1145668,1.0,0.6402686474208068
105811,1145669,1.0,0.5485755876072421
105815,1145673,1.0,0.5405602228101235
105819,1145677,1.0,0.8811044919342678
105823,1145681,1.0,0.7690004075922702
105831,1145689,1.0,0.623084058067969
105832,1145690,1.0,0.7151426940996497
105833,1145691,1.0,0.6587995089895466
105837,1145695,1.0,0.7320367353550523
105840,1145698,1.0,0.5040569481211418
105854,1145714,1.0,0.6904245456396825
105857,1145719,1.0,0.6818620644704458
105858,1145720,1.0,0.5967249552990471
105861,1145723,1.0,0.7487574213244661
105862,1145724,1.0,0.7438883265936567
105881,1145748,1.0,0.7255723589799684
105886,1145754,1.0,0.6045012024953036
105891,1145759,1.0,0.735405480114263
105899,1145769,1.0,0.70341709930163
105915,1145788,1.0,0.6309935137894239
105918,1145792,1.0,0.7497695458431917
105922,1145796,1.0,0.7540031250817083
105931,1145806,1.0,0.7489146303662714
105938,1145814,1.0,0.63869815229089
105942,1145818,1.0,0.5827960282781259
105956,1145835,1.0,0.7712916186372502
105974,1145853,1.0,0.6050543902261223
105982,1145861,1.0,0.638126722349276
105983,1145862,1.0,0.9140339286202859
105991,1145873,1.0,0.6305090825725319
105996,1145880,1.0,0.8238343131001385
105998,1145883,1.0,0.5398537908479749
106001,1145889,1.0,0.7501147653514006
106003,1145892,1.0,0.5134584707757449
106014,1145908,1.0,0.7432811468419096
106019,1145914,1.0,0.7517802952959868
106021,1145917,1.0,0.6434281675403394
106031,1145928,1.0,0.5429220888988495
106032,1145930,1.0,0.5382790652566251
106034,1145933,1.0,0.7545593919661231
106035,1145934,1.0,0.5420346714621986
106037,1145937,1.0,0.7608742462029402
106038,1145938,1.0,0.5612475051191073
106050,1145952,1.0,0.634974182653954
106056,1145959,1.0,0.7507449486602075
106060,1145963,1.0,0.6477507831597898
106062,1145966,1.0,0.8934035937980016
106067,1145971,1.0,0.6622909996230223
106073,1145977,1.0,0.7597173144764289
106110,1146023,1.0,0.6372304142867921
106122,1146042,1.0,0.6899893365237078
106124,1146044,1.0,0.569660761142187
106127,1146048,1.0,0.625607330650011
106130,1146053,1.0,0.601519945592379
106132,1146055,1.0,0.5398080596438004
106134,1146057,1.0,0.6067009598959937
106136,1146060,1.0,0.5215150311958702
106142,1146067,1.0,0.656484716743431
106145,1146073,1.0,0.6495289600781043
106149,1146079,1.0,0.5866646174133947
106162,1146094,1.0,0.718942959246724
106166,1146101,1.0,0.7405113286720522
106170,1146106,1.0,0.7458723875224039
106181,1146118,1.0,0.5663496591314038
106186,1146124,1.0,0.5453498324324201
106190,1146130,1.0,0.6559376218192624
106191,1146132,1.0,0.7526795356810412
106192,1146133,1.0,0.6473305328653999
106199,1146143,1.0,0.8173975252585449
106239,1146195,1.0,0.5157988414665815
106240,1146199,1.0,0.5872759953089586
106252,1146218,1.0,0.7390444480166906
106260,1146228,1.0,0.5843017152688765
106261,1146231,1.0,0.6643010463432445
106263,1146234,1.0,0.7682172049474666
106278,1146266,1.0,0.7126939707036976
106279,1146269,1.0,0.8046728089288702
106284,1146275,1.0,0.7295676223077274
106286,1146278,1.0,0.7827526380711335
106289,1146283,1.0,0.5980589750121996
106295,1146290,1.0,0.7065948684128678
106299,1146295,1.0,0.757228897927482
106301,1146298,1.0,0.5634472613217815
106303,1146300,1.0,0.7386710927081952
106304,1146301,1.0,0.598615347363435
106305,1146302,1.0,0.639841574695426
106321,1146322,1.0,0.5433515400555755
106336,1146341,1.0,0.6270244786502952
106340,1146347,1.0,0.6469662312326906
106346,1146356,1.0,0.6180881279277156
106349,1146360,1.0,0.6416667617798429
106353,1146365,1.0,0.656555494056784
106355,1146368,1.0,0.6496203552979621
106369,1146383,1.0,0.7576933929154597
106374,1146389,1.0,0.5462888424362377
106379,1146396,1.0,0.5735289336688472
106391,1146412,1.0,0.7295112719926062
106396,1146419,1.0,0.665561194653102
106405,1146432,1.0,0.751323096508022
106411,1146438,1.0,0.6242549420752348
106419,1146447,1.0,0.7403013773669472
106420,1146448,1.0,0.7540031250817083
106422,1146450,1.0,0.5786367970975297
106432,1146461,1.0,0.7524275872372412
106433,1146462,1.0,0.6382383073299448
106450,1146479,1.0,0.5407194581293998
106454,1146483,1.0,0.6546820136440791
106458,1146487,1.0,0.7911533961958142
106467,1146496,1.0,0.6186430972647342
106471,1146500,1.0,0.7854656349125121
106473,1146502,1.0,0.6663397641444704
106475,1146504,1.0,0.6267689853909814
106477,1146506,1.0,0.6550473234760599
106478,1146507,1.0,0.5737697366746715
106480,1146510,1.0,0.6889860281030623
106483,1146513,1.0,0.539588248820248
106490,1146521,1.0,0.559429405066102
106497,1146528,1.0,0.6307296163812444
106524,1146556,1.0,0.6107463169028415
106526,1146558,1.0,0.5878932122574472
106532,1146567,1.0,0.781918858181959
106539,1146574,1.0,0.7019425083907943
106547,1146583,1.0,0.5158810193021037
106548,1146584,1.0,0.5728277192396626
106552,1146588,1.0,0.6855433192467578
106557,1146594,1.0,0.5470799857517515
106565,1146603,1.0,0.5339392535914262
106579,1146617,1.0,0.7463758852805199
106581,1146619,1.0,0.6476438052305928
106582,1146620,1.0,0.5637152311403143
106590,1146628,1.0,0.662308652261235
106591,1146629,1.0,0.5263075651288042
106594,1146632,1.0,0.5671902974480846
106611,1146651,1.0,0.6109217343130646
106617,1146657,1.0,0.5513448822861763
106621,1146661,1.0,0.5258572134578235
106624,1146667,1.0,0.7662227338960677
106637,1146681,1.0,0.6321987110401112
106640,1146684,1.0,0.568746838648997
106647,1146696,1.0,0.5660016800370956
106648,1146697,1.0,0.5533368200395
106650,1146699,1.0,0.7467054526591865
106653,1146702,1.0,0.6496203552979621
106655,1146704,1.0,0.5399629823740238
106674,1146723,1.0,0.6533846166475857
106675,1146725,1.0,0.5609150287713965
106678,1146728,1.0,0.5462110531692819
106682,1146733,1.0,0.7489651023054035
106694,1146748,1.0,0.7785646681135326
106701,1146757,1.0,0.7885763708162115
106702,1146758,1.0,0.604054187995693
106704,1146761,1.0,0.5229527254058773
106707,1146764,1.0,0.5337810081720727
106715,1146774,1.0,0.7169540591501602
106729,1146793,1.0,0.6988960826085439
106731,1146795,1.0,0.7517802952959868
106751,1146818,1.0,0.504292565677495
106768,1146841,1.0,0.7512409838920134
106772,1146846,1.0,0.898622988823775
106775,1146851,1.0,0.7352637586397632
106792,1146872,1.0,0.6097531331567831
106795,1146876,1.0,0.5982803396106244
106799,1146881,1.0,0.7501819876609275
106808,1146893,1.0,0.7783142168731515
106825,1146912,1.0,0.6434333216719421
106831,1146919,1.0,0.6396812628171432
106839,1146927,1.0,0.6198970149411641
106842,1146930,1.0,0.7349945583119808
106843,1146931,1.0,0.6469476784320551
106848,1146936,1.0,0.5430195107242108
106855,1146946,1.0,0.7432811468419096
106866,1146958,1.0,0.5457305348647871
106883,1146976,1.0,0.6115427822885154
106884,1146977,1.0,0.9176318094361667
106888,1146981,1.0,0.7278643977448367
106891,1146984,1.0,0.7512644501335384
106897,1146990,1.0,0.6649039713035811
106911,1147005,1.0,0.8480527876253219
106919,1147013,1.0,0.5909666441683163
106920,1147014,1.0,0.6416772127270887
106921,1147015,1.0,0.7662606386329838
106922,1147016,1.0,0.732565169424484
106923,1147017,1.0,0.566533528386994
106935,1147030,1.0,0.7265903984565538
106939,1147034,1.0,0.7324834152307119
106952,1147050,1.0,0.6311427272480857
106959,1147061,1.0,0.7540714430565998
106962,1147064,1.0,0.6460178629246006
106964,1147066,1.0,0.7333464160764328
106975,1147078,1.0,0.5852674064167459
106976,1147080,1.0,0.7516446020909008
106978,1147083,1.0,0.6368660083390203
106981,1147086,1.0,0.7708140622123526
106983,1147088,1.0,0.625607330650011
106985,1147090,1.0,0.7576933929154597
106988,1147093,1.0,0.8836253617375913
106989,1147094,1.0,0.5546561918579829
106996,1147101,1.0,0.5572914666486241
107003,1147109,1.0,0.6088546694879099
107004,1147110,1.0,0.6862511062766128
107006,1147112,1.0,0.608939359154553
107007,1147113,1.0,0.7539485698911866
107008,1147114,1.0,0.5619922239460212
107010,1147116,1.0,0.5893746005131869
107018,1147124,1.0,0.5254039294712641
107022,1147128,1.0,0.7674268529036994
107026,1147132,1.0,0.5398080596438004
107027,1147133,1.0,0.8937352231824347
107035,1147141,1.0,0.7016260377161264
107044,1147151,1.0,0.5865368425131859
107051,1147159,1.0,0.663960353448026
107055,1147164,1.0,0.7340254861636801
107056,1147165,1.0,0.6536437072452822
107057,1147166,1.0,0.8082329416394324
107063,1147175,1.0,0.5938047330707629
107070,1147185,1.0,0.5783877383943204
107074,1147190,1.0,0.5398080596438004
107090,1147214,1.0,0.5754087293361608
107091,1147215,1.0,0.6622722054696476
107105,1147236,1.0,0.5777191347826918
107128,1147267,1.0,0.7865713425846093
107134,1147276,1.0,0.6906672513080356
107135,1147278,1.0,0.7616859825682546
107137,1147280,1.0,0.5707764252801734
107138,1147281,1.0,0.6041788892151645
107147,1147292,1.0,0.6436612933585785
107150,1147295,1.0,0.7011145879766556
107151,1147296,1.0,0.6733360939778733
107152,1147297,1.0,0.5682031756553645
107153,1147298,1.0,0.5998453008597698
107156,1147301,1.0,0.6821959683640333
107159,1147305,1.0,0.5420040722827422
107162,1147308,1.0,0.5515846293106481
107164,1147310,1.0,0.519808196875085
107169,1147320,1.0,0.6579787604116946
107173,1147325,1.0,0.5864526084149361
107174,1147326,1.0,0.7763139814221061
107177,1147330,1.0,0.6872156843850922
107183,1147336,1.0,0.7440762847747611
107187,1147341,1.0,0.7691286368931594
107194,1147352,1.0,0.5457305348647871
107200,1147358,1.0,0.7295112719926062
107212,1147373,1.0,0.6128195774043553
107215,1147376,1.0,0.7714640787802727
107221,1147386,1.0,0.6416667617798429
107222,1147388,1.0,0.5874223004755421
107223,1147389,1.0,0.7412147918186718
107224,1147390,1.0,0.6427257372948564
107225,1147391,1.0,0.7963523897653828
107231,1147398,1.0,0.7425400483642219
107236,1147404,1.0,0.7647529132530342
107241,1147414,1.0,0.643576801228838
107259,1147438,1.0,0.6990781627316045
107261,1147440,1.0,0.7158258364765463
107268,1147448,1.0,0.6436640179666246
107272,1147453,1.0,0.6873822886277746
107275,1147456,1.0,0.6315913278761847
107279,1147461,1.0,0.5963472012378771
107299,1147483,1.0,0.5620665081218402
107307,1147493,1.0,0.547849296645026
107309,1147495,1.0,0.5383870783960082
107311,1147497,1.0,0.5723589521226401
107313,1147499,1.0,0.561269129381155
107316,1147502,1.0,0.6009616522722095
107322,1147508,1.0,0.5877976560617801
107326,1147512,1.0,0.8325753825755993
107328,1147515,1.0,0.6370381177896715
107331,1147519,1.0,0.5712988871405619
107333,1147521,1.0,0.6189724855359977
107342,1147530,1.0,0.5224483804714142
107345,1147533,1.0,0.5505739857442636
107350,1147538,1.0,0.5924808386843236
107352,1147540,1.0,0.5160697123424697
107359,1147547,1.0,0.6066361178970329
107361,1147549,1.0,0.6727458419746912
107362,1147551,1.0,0.5731534461095454
107366,1147555,1.0,0.7203812963979632
107371,1147560,1.0,0.5361499206706645
107379,1147569,1.0,0.5234936053170282
107397,1147592,1.0,0.7501376936893484
107408,1147606,1.0,0.519808196875085
107429,1147630,1.0,0.6532554327413606
107439,1147641,1.0,0.594257497765239
107443,1147648,1.0,0.5762812850099772
107445,1147651,1.0,0.8840021074984726
107448,1147655,1.0,0.569358397115063
107450,1147657,1.0,0.5870693389054752
107455,1147662,1.0,0.5158190540991392
107456,1147664,1.0,0.5645586146096955
107460,1147670,1.0,0.7024690168228205
107480,1147695,1.0,0.5221490717721508
107492,1147710,1.0,0.5187007979134652
107493,1147711,1.0,0.5973011159436038
107500,1147718,1.0,0.6000461452607715
107501,1147719,1.0,0.6492473173574886
107504,1147723,1.0,0.6453882434569116
107506,1147725,1.0,0.6276957152860763
107507,1147726,1.0,0.691147975579921
107513,1147732,1.0,0.7103675759419276
107514,1147733,1.0,0.7194740728870174
107515,1147734,1.0,0.6876390752828216
107520,1147740,1.0,0.5156896119770513
107521,1147742,1.0,0.5645586146096955
107523,1147744,1.0,0.7153160155617254
107524,1147745,1.0,0.6113360831445379
107525,1147746,1.0,0.679340617082518
107529,1147750,1.0,0.6634675335769712
107538,1147762,1.0,0.5026764007932352
107540,1147764,1.0,0.5935360952529605
107551,1147779,1.0,0.6599812252062418
107552,1147780,1.0,0.6066125739934612
107557,1147785,1.0,0.528626441931912
107562,1147792,1.0,0.5916785083130531
107565,1147795,1.0,0.5886670126764015
107567,1147797,1.0,0.5826693333213019
107572,1147803,1.0,0.6903756554297211
107574,1147805,1.0,0.7525884928892532
107579,1147811,1.0,0.5815104509037651
107582,1147814,1.0,0.608964294347436
107586,1147819,1.0,0.6511181583921353
107589,1147823,1.0,0.5953571646657508
107594,1147828,1.0,0.6190737942302744
107598,1147833,1.0,0.7422263401551847
107601,1147837,1.0,0.6431148856697292
107604,1147842,1.0,0.6142125792823426
107606,1147844,1.0,0.5710434951130241
107616,1147859,1.0,0.5761765132171969
107630,1147878,1.0,0.6710080289370574
107632,1147880,1.0,0.5832768350023543
107633,1147881,1.0,0.5402270093506716
107638,1147887,1.0,0.603007324602872
107642,1147891,1.0,0.6977548025418208
107643,1147892,1.0,0.6086687245933332
107652,1147901,1.0,0.8044628891256768
107653,1147902,1.0,0.5233665430581012
107657,1147907,1.0,0.6729533961315346
107667,1147920,1.0,0.6042229104340304
107672,1147925,1.0,0.5213296211855122
107674,1147927,1.0,0.6535786284262957
107675,1147928,1.0,0.7488527272590667
107682,1147935,1.0,0.687968844028481
107686,1147939,1.0,0.5241958419383677
107693,1147946,1.0,0.6190485026911462
107697,1147952,1.0,0.6792310189264907
107698,1147953,1.0,0.5984566746981137
107699,1147954,1.0,0.614535714423294
107700,1147955,1.0,0.6725213217984747
107716,1147972,1.0,0.5818422403390439
107738,1147999,1.0,0.5870693389054752
107743,1148006,1.0,0.5149236757153185
107744,1148007,1.0,0.6244519920401312
107749,1148012,1.0,0.7059726353854828
107761,1148025,1.0,0.7214247714534409
107777,1148045,1.0,0.6673124511002791
107782,1148050,1.0,0.5875852718725911
107787,1148056,1.0,0.6259654031844916
107791,1148062,1.0,0.7566051871308187
107794,1148067,1.0,0.6858398087082308
107798,1148072,1.0,0.655858474050521
107805,1148083,1.0,0.5858167028705634
107808,1148087,1.0,0.5865734080230074
107809,1148092,1.0,0.581370826384995
107810,1148093,1.0,0.5914558998415952
107826,1148120,1.0,0.6482351499181075
107833,1148140,1.0,0.5883402809245633
107834,1148143,1.0,0.634068504261752
107847,1148163,1.0,0.5585064941022615
107864,1148186,1.0,0.7268511982424944
107883,1148208,1.0,0.5526312319814204
107890,1148219,1.0,0.6323424204747015
107892,1148223,1.0,0.5755860136584844
107896,1148229,1.0,0.5989001803001774
107918,1148257,1.0,0.832922789053487
107928,1148271,1.0,0.5886440164247421
107931,1148275,1.0,0.6374868300913513
107933,1148278,1.0,0.6363315700594333
107936,1148284,1.0,0.7481867294546912
107944,1148295,1.0,0.6260235293881407
107951,1148306,1.0,0.6390280328343801
107954,1148309,1.0,0.7846759344034612
107957,1148313,1.0,0.6844376549993474
107969,1148328,1.0,0.5644374824702687
107978,1148337,1.0,0.5433515400555755
107980,1148339,1.0,0.6755666271346915
107986,1148348,1.0,0.5499977395197738
107988,1148350,1.0,0.5713746561257316
107990,1148352,1.0,0.5358086040198256
107991,1148353,1.0,0.8909120363188526
108000,1148362,1.0,0.6796420883078598
108005,1148367,1.0,0.70619777687361
108006,1148368,1.0,0.6471927166598087
108008,1148370,1.0,0.5330434811727989
108011,1148373,1.0,0.6020335732405755
108014,1148376,1.0,0.7583248010375798
108016,1148378,1.0,0.7500970841341736
108025,1148387,1.0,0.7451442966514126
108026,1148388,1.0,0.6675270293717899
108027,1148389,1.0,0.760692502158604
108029,1148393,1.0,0.6783883378448289
108035,1148400,1.0,0.8820198815928817
108036,1148401,1.0,0.7154224690809922
108041,1148406,1.0,0.6640557199431666
108043,1148408,1.0,0.5592617067591186
108046,1148411,1.0,0.6077125330943324
108055,1148420,1.0,0.5244258280867203
108057,1148422,1.0,0.63869815229089
108065,1148430,1.0,0.6574171090816298
108072,1148437,1.0,0.6209964496710487
108076,1148441,1.0,0.6799916743177762
108077,1148442,1.0,0.6630006791716837
108085,1148450,1.0,0.6874480189290445
108090,1148455,1.0,0.5774531340331508
108097,1148462,1.0,0.7840524442372073
108098,1148463,1.0,0.7574046596084141
108111,1148480,1.0,0.8333430033923419
108117,1148487,1.0,0.6189806769480403
108122,1148493,1.0,0.6576924375970841
108125,1148496,1.0,0.8112698331931957
108127,1148498,1.0,0.6141502808530136
108128,1148499,1.0,0.6412396854623649
108133,1148505,1.0,0.7100770337253048
108136,1148508,1.0,0.5722108533080177
108140,1148512,1.0,0.6638222596106881
108151,1148524,1.0,0.6192613447079329
108160,1148535,1.0,0.8324781218106747
108164,1148540,1.0,0.6718491490651664
108165,1148541,1.0,0.6460870031062099
108168,1148544,1.0,0.6535786284262957
108171,1148547,1.0,0.6772567175612589
108172,1148548,1.0,0.5110565208462833
108178,1148554,1.0,0.7591908383865336
108182,1148558,1.0,0.7403013773669472
108195,1148572,1.0,0.6402676954628617
108196,1148574,1.0,0.7027887658805873
108203,1148582,1.0,0.52140794444751
108205,1148584,1.0,0.7121283670138184
108209,1148589,1.0,0.5244198798584239
108221,1148605,1.0,0.5551003753850917
108222,1148606,1.0,0.6188280691288045
108226,1148610,1.0,0.6687471994783096
108242,1148630,1.0,0.530629568684127
108245,1148633,1.0,0.6577223181836537
108247,1148636,1.0,0.5364578332365606
108249,1148639,1.0,0.7383453982171847
108251,1148641,1.0,0.5862003354911258
108254,1148645,1.0,0.7708140622123526
108259,1148650,1.0,0.5040569481211418
108260,1148652,1.0,0.6257295245379632
108269,1148663,1.0,0.6881620234067708
108271,1148665,1.0,0.7560914474939759
108274,1148669,1.0,0.6619722073595817
108276,1148671,1.0,0.507544242247201
108285,1148681,1.0,0.5932887506237922
108289,1148687,1.0,0.6813300536946284
108291,1148689,1.0,0.6469862342136582
108309,1148717,1.0,0.6912719891959757
108312,1148720,1.0,0.5203943314024324
108313,1148721,1.0,0.6045762136954971
108314,1148722,1.0,0.667056178270577
108316,1148724,1.0,0.5385970031247868
108317,1148725,1.0,0.6788327319681956
108319,1148727,1.0,0.8178036482888063
108323,1148732,1.0,0.8390435395394931
108326,1148735,1.0,0.6647408910606345
108336,1148747,1.0,0.5059996829565915
108343,1148757,1.0,0.5438720924092973
108344,1148761,1.0,0.622163120457872
108352,1148771,1.0,0.6950523282747804
108353,1148772,1.0,0.5581241671387442
108355,1148774,1.0,0.7502798251738304
108358,1148777,1.0,0.655235760118159
108378,1148803,1.0,0.6538127146278138
108380,1148806,1.0,0.6911716167103572
108381,1148808,1.0,0.5826192919769619
108385,1148816,1.0,0.6252903119480334
108386,1148817,1.0,0.628148083407687
108387,1148818,1.0,0.5921682777289996
108391,1148822,1.0,0.5787786738537188
108404,1148839,1.0,0.6298899943612122
108405,1148840,1.0,0.6811890585013402
108414,1148849,1.0,0.6668608945114246
108417,1148853,1.0,0.6174726309660763
108419,1148855,1.0,0.6591160291616287
108422,1148861,1.0,0.57313089863515
108426,1148865,1.0,0.6061953852402265
108433,1148878,1.0,0.5330882845535133
108435,1148880,1.0,0.7586150884230242
108439,1148885,1.0,0.9640578756606145
108457,1148915,1.0,0.6617598204951289
108475,1148941,1.0,0.8111688778157726
108480,1148947,1.0,0.5115797787511839
108481,1148948,1.0,0.5822779588943321
108484,1148952,1.0,0.5637065597828467
108487,1148955,1.0,0.6663796721359888
108489,1148957,1.0,0.5551003753850917
108490,1148961,1.0,0.7651822267491272
108491,1148962,1.0,0.6675270293717899
108494,1148966,1.0,0.5478225742544265
108507,1148991,1.0,0.5426309374928069
108527,1149016,1.0,0.5257994170252716
108583,1149076,1.0,0.6837044624153255
108625,1149121,1.0,0.613494561804575
108626,1149122,1.0,0.6406385258479173
108727,1149226,1.0,0.5864526084149361
108823,1149328,1.0,0.5864526084149361
108856,1149363,1.0,0.6490133011769358
108965,1149477,1.0,0.6597547319617846
108981,1149494,1.0,0.6709982565146051
109019,1149536,1.0,0.6598772734453784
109039,1149556,1.0,0.805866622516929
109083,1149602,1.0,0.6052922591008714
109113,1149634,1.0,0.5398080596438004
109179,1149706,1.0,0.65466931387084
109265,1149799,1.0,0.770215692386833
109270,1149804,1.0,0.619840569954514
109279,1149815,1.0,0.6681848429365876
109311,1149852,1.0,0.5787821538772792
109324,1149867,1.0,0.9140832332511858
109326,1149870,1.0,0.5971133656195277
109327,1149871,1.0,0.787482777161324
109328,1149872,1.0,0.5810128901518118
109330,1149874,1.0,0.5641354899791121
109331,1149875,1.0,0.5627670821362006
109333,1149877,1.0,0.5659691631285727
109334,1149878,1.0,0.6224934216760748
109337,1149881,1.0,0.5419901865514293
109338,1149882,1.0,0.6588964300611383
109342,1149886,1.0,0.5097176545581665
109344,1149888,1.0,0.6279040058333306
109346,1149890,1.0,0.6813804935149775
109347,1149891,1.0,0.5321934039673313
109349,1149893,1.0,0.6415066108327376
109351,1149895,1.0,0.5909021699111656
109357,1149901,1.0,0.7112996736237135
109359,1149903,1.0,0.6963914490295688
109361,1149905,1.0,0.6121235127097907
109363,1149907,1.0,0.5501150674349786
109364,1149908,1.0,0.559429405066102
109368,1149915,1.0,0.6566966589037255
109375,1149922,1.0,0.6116755098815101
109378,1149925,1.0,0.6671472213750214
109382,1149929,1.0,0.6153639722083722
109385,1149932,1.0,0.6329506136187479
109386,1149933,1.0,0.6759835598864516
109387,1149934,1.0,0.5254271491578777
109391,1149939,1.0,0.7823544607353767
109393,1149941,1.0,0.652061408129487
109394,1149942,1.0,0.5685281048402222
109397,1149945,1.0,0.6206636624962055
109409,1149958,1.0,0.5420797735511691
109421,1149972,1.0,0.745525097642899
109425,1149976,1.0,0.756455045252537
109428,1149979,1.0,0.8211702064956258
109435,1149988,1.0,0.5524791491208711
109453,1150006,1.0,0.7382205299040071
109454,1150007,1.0,0.6624524631495646
109456,1150009,1.0,0.7219350997968415
109459,1150012,1.0,0.5244198798584239
109469,1150023,1.0,0.530390747735531
109472,1150026,1.0,0.598338775062776
109475,1150029,1.0,0.6857910476837185
109479,1150034,1.0,0.7754946584063037
109480,1150035,1.0,0.5364532993631023
109492,1150048,1.0,0.5710434951130241
109494,1150050,1.0,0.6819605965508578
109495,1150051,1.0,0.5904699124664596
109498,1150054,1.0,0.7654295039779996
109503,1150059,1.0,0.9178623845592442
109508,1150064,1.0,0.6591272052917693
109511,1150067,1.0,0.6286973528746347
109512,1150068,1.0,0.6407259376047096
109522,1150079,1.0,0.6300784410615224
109525,1150082,1.0,0.6903573967951884
109539,1150097,1.0,0.5383079280576013
109541,1150100,1.0,0.6753271811457621
109545,1150104,1.0,0.6281465971288516
109553,1150112,1.0,0.6623147773689233
109554,1150113,1.0,0.6829356160833852
109555,1150114,1.0,0.6665250228430478
109558,1150117,1.0,0.7395385367774947
109570,1150132,1.0,0.5149106655923046
109571,1150133,1.0,0.512627077831852
109576,1150139,1.0,0.5282398125829633
109582,1150146,1.0,0.7548549472146792
109583,1150148,1.0,0.6170329495288757
109585,1150151,1.0,0.5252810044560928
109591,1150157,1.0,0.9295077827671957
109593,1150159,1.0,0.5844299353973449
109598,1150164,1.0,0.6135857301369084
109601,1150167,1.0,0.5394701513101104
109608,1150175,1.0,0.6805158950782871
109609,1150176,1.0,0.5783994216029259
109610,1150177,1.0,0.6469862342136582
109613,1150180,1.0,0.6138776820938426
109614,1150181,1.0,0.5728277192396626
109618,1150185,1.0,0.6359514930214578
109619,1150186,1.0,0.530390747735531
109620,1150187,1.0,0.7029597328629844
109623,1150191,1.0,0.5026370916450993
109626,1150194,1.0,0.6143594654209851
109627,1150195,1.0,0.5334824683261293
109631,1150199,1.0,0.6307333250781475
109632,1150200,1.0,0.6346769353044897
109641,1150209,1.0,0.8023363800554133
109643,1150211,1.0,0.6291534031309749
109644,1150212,1.0,0.5202231225474576
109645,1150213,1.0,0.7489651023054035
109648,1150216,1.0,0.5767484351369797
109650,1150219,1.0,0.6111020246750986
109658,1150227,1.0,0.522330125301532
109660,1150229,1.0,0.5900777204700501
109664,1150233,1.0,0.518386656269382
109665,1150234,1.0,0.5635826264993588
109675,1150244,1.0,0.598212668591096
109686,1150255,1.0,0.5349635657670475
109697,1150267,1.0,0.573143176424993
109698,1150268,1.0,0.6200595025006236
109705,1150275,1.0,0.6075986977877046
109706,1150276,1.0,0.620075767874815
109728,1150299,1.0,0.9773295865277118
109729,1150300,1.0,0.6239557742873275
109732,1150303,1.0,0.8697780254417471
109742,1150313,1.0,0.5524916377460365
109745,1150317,1.0,0.6150292649140906
109747,1150320,1.0,0.5462888424362377
109750,1150323,1.0,0.6709092431947323
109753,1150327,1.0,0.6180323430493411
109759,1150334,1.0,0.5782551672180439
109765,1150341,1.0,0.5305789299536271
109767,1150344,1.0,0.5989893278081029
109772,1150350,1.0,0.6016614872442578
109788,1150371,1.0,0.5789883872305275
109802,1150387,1.0,0.6811287441297571
109815,1150404,1.0,0.6508366484042362
109817,1150406,1.0,0.6080873886468625
109818,1150407,1.0,0.6535786284262957
109826,1150418,1.0,0.8332060012287519
109836,1150429,1.0,0.7401477755127664
109839,1150433,1.0,0.5621244474328541
109843,1150437,1.0,0.6600271423467122
109850,1150445,1.0,0.5176101762142302
109851,1150446,1.0,0.7894338139740473
109852,1150447,1.0,0.5686777682510998
109853,1150448,1.0,0.6714167767843401
109856,1150451,1.0,0.5506457693486135
109867,1150462,1.0,0.6539813629333784
109871,1150466,1.0,0.5657053158143699
109877,1150472,1.0,0.5450692303511468
109879,1150475,1.0,0.5149236757153185
109880,1150476,1.0,0.6962837426029238
109883,1150481,1.0,0.5594624790924063
109888,1150487,1.0,0.6207657495641565
109904,1150514,1.0,0.6071221817300074
109910,1150523,1.0,0.5689118487587521
109912,1150527,1.0,0.7169399821969344
109913,1150528,1.0,0.5035711352421769
109925,1150546,1.0,0.6581711396859621
109927,1150550,1.0,0.7001510930890107
109928,1150551,1.0,0.5656312360595099
109930,1150554,1.0,0.609258316661081
109933,1150558,1.0,0.6553640297738704
109935,1150561,1.0,0.5034146489477738
109943,1150576,1.0,0.7122892585856035
109947,1150587,1.0,0.505286263487186
109949,1150590,1.0,0.5660835909710665
109952,1150594,1.0,0.6560754855660045
109955,1150598,1.0,0.7136098606367666
109960,1150609,1.0,0.927505034664289
109968,1150624,1.0,0.5181861810357187
109976,1150642,1.0,0.6994868015575784
109979,1150647,1.0,0.529676161029953
109980,1150648,1.0,0.6406641107196658
109985,1150658,1.0,0.6661960705989242
109988,1150662,1.0,0.6679107023516226
109992,1150668,1.0,0.6952902961615391
109998,1150676,1.0,0.6807577400637886
110004,1150684,1.0,0.5160240563585615
110008,1150690,1.0,0.6756417622828635
110013,1150696,1.0,0.62141067912476
110018,1150703,1.0,0.7023571217752761
110019,1150704,1.0,0.7186260831131059
110024,1150712,1.0,0.6827468037188372
110026,1150714,1.0,0.6337427301799089
110028,1150717,1.0,0.6568874240909933
110032,1150722,1.0,0.7219739799920503
110034,1150724,1.0,0.6310461272315989
110035,1150725,1.0,0.6397503697947096
110037,1150729,1.0,0.5651391713498763
110039,1150731,1.0,0.7060268834628409
110043,1150738,1.0,0.6591272052917693
110045,1150740,1.0,0.5312361973507338
110046,1150741,1.0,0.6487117503501544
110047,1150742,1.0,0.6066125739934612
110048,1150744,1.0,0.6388074061787664
110049,1150746,1.0,0.5631755311253416
110050,1150747,1.0,0.7148865479046674
110052,1150751,1.0,0.6066888246747134
110054,1150753,1.0,0.6886641681272093
110055,1150754,1.0,0.7825944234292332
110056,1150755,1.0,0.5227058977527455
110059,1150759,1.0,0.659703267144089
110061,1150761,1.0,0.6920120732727367
110063,1150763,1.0,0.6090740306733796
110071,1150775,1.0,0.5158190540991392
110072,1150777,1.0,0.6040962215050092
110074,1150779,1.0,0.6545992374354734
110075,1150780,1.0,0.5122028805955605
110076,1150781,1.0,0.6581864805171338
110082,1150788,1.0,0.5728277192396626
110083,1150789,1.0,0.6489719641163758
110084,1150790,1.0,0.5717695494485411
110086,1150792,1.0,0.6255600976508643
110088,1150794,1.0,0.6490122562739009
110098,1150805,1.0,0.655235760118159
110109,1150818,1.0,0.6840067953749593
110113,1150823,1.0,0.560718144876711
110128,1150839,1.0,0.8329176823372384
110129,1150840,1.0,0.6953931728261263
110130,1150841,1.0,0.6207223707231654
110131,1150842,1.0,0.6697894465523906
110133,1150845,1.0,0.6509559850815693
110135,1150847,1.0,0.6621238828791586
110153,1150866,1.0,0.7110612689014548
110161,1150875,1.0,0.5682236942075739
110162,1150876,1.0,0.6066125739934612
110163,1150877,1.0,0.5682358547924224
110167,1150881,1.0,0.519808196875085
110169,1150883,1.0,0.6066125739934612
110172,1150886,1.0,0.5629822655859498
110176,1150891,1.0,0.6126716050781027
110180,1150895,1.0,0.5579287129371135
110181,1150898,1.0,0.6815809680117797
110187,1150905,1.0,0.5604242365869215
110191,1150909,1.0,0.7606432774779442
110192,1150910,1.0,0.6331888920699417
110194,1150912,1.0,0.6846401775508568
110197,1150915,1.0,0.5990106993993545
110202,1150920,1.0,0.6446766796723367
110204,1150922,1.0,0.5506457693486135
110209,1150927,1.0,0.5264309040327735
110221,1150939,1.0,0.5604271937325688
110225,1150943,1.0,0.5817470722761249
110226,1150944,1.0,0.5624441719037873
110235,1150954,1.0,0.5433007298407145
110237,1150957,1.0,0.7508110072694376
110238,1150959,1.0,0.8128180583389848
110240,1150961,1.0,0.7187717102287996
110241,1150962,1.0,0.5003051912827265
110243,1150965,1.0,0.5981871210901691
110248,1150971,1.0,0.68872517512397
110250,1150973,1.0,0.7047308779520202
110254,1150979,1.0,0.7394503297439976
110259,1150987,1.0,0.678841480828042
110263,1150991,1.0,0.5339392535914262
110266,1150995,1.0,0.6299246465062481
110269,1150998,1.0,0.6697648588668486
110270,1150999,1.0,0.5815919313151057
110277,1151008,1.0,0.6738604655467404
110287,1151020,1.0,0.5659691631285727
110294,1151030,1.0,0.6112843623852943
110295,1151031,1.0,0.5358517795341297
110312,1151050,1.0,0.5216000439851166
110314,1151052,1.0,0.5604219993008839
110324,1151063,1.0,0.5834861474283192
110332,1151072,1.0,0.6295664037942525
110333,1151074,1.0,0.6576924375970841
110334,1151075,1.0,0.8393220257100275
110335,1151076,1.0,0.622404017062947
110336,1151077,1.0,0.586340240133628
110343,1151085,1.0,0.6321328789463057
110347,1151090,1.0,0.5188497229697303
110357,1151102,1.0,0.5847775429744014
110358,1151103,1.0,0.6377276524447872
110361,1151107,1.0,0.6086843175987672
110363,1151109,1.0,0.6818509492931695
110372,1151120,1.0,0.7209966233317251
110384,1151135,1.0,0.5330225038539556
110391,1151143,1.0,0.6090633831374963
110395,1151147,1.0,0.5838701410549256
110400,1151153,1.0,0.621995720230694
110401,1151154,1.0,0.6486327306068312
110409,1151164,1.0,0.6047993116916
110413,1151168,1.0,0.5674297149501935
110422,1151178,1.0,0.6215738523924677
110423,1151179,1.0,0.7086420618822971
110435,1151192,1.0,0.7383546705156293
110439,1151198,1.0,0.6752809989692476
110441,1151200,1.0,0.5608374877264742
110455,1151216,1.0,0.605820320071016
110456,1151217,1.0,0.5490850934713123
110465,1151228,1.0,0.7113401678285897
110470,1151235,1.0,0.6021759872146355
110477,1151244,1.0,0.5481288976106925
110479,1151247,1.0,0.5815940085965209
110490,1151261,1.0,0.5314422295649778
110492,1151263,1.0,0.7114033605164908
110500,1151274,1.0,0.712740752315918
110501,1151275,1.0,0.5796616473804268
110507,1151286,1.0,0.5575876258959941
110511,1151290,1.0,0.5413699208697138
110513,1151293,1.0,0.7531704217020609
110522,1151303,1.0,0.698019562082721
110534,1151317,1.0,0.5685821018179831
110538,1151322,1.0,0.726203146393245
110546,1151334,1.0,0.6811582059133693
110551,1151339,1.0,0.5169473616672795
110552,1151340,1.0,0.6457277452789985
110566,1151359,1.0,0.6075637032647871
110567,1151360,1.0,0.5243252567760659
110571,1151364,1.0,0.7346347438874873
110572,1151365,1.0,0.6809873966647937
110591,1151390,1.0,0.5171584873876148
110596,1151395,1.0,0.5721231861263513
110600,1151400,1.0,0.8899101284089532
110602,1151403,1.0,0.5258591320267509
110608,1151411,1.0,0.6370676224845723
110614,1151418,1.0,0.7382205299040071
110615,1151419,1.0,0.7577472001759132
110619,1151424,1.0,0.7567161715151447
110620,1151425,1.0,0.6799916743177762
110627,1151434,1.0,0.7496149429393276
110628,1151435,1.0,0.7461766049675956
110630,1151438,1.0,0.6432179313407459
110635,1151444,1.0,0.641294374333388
110637,1151446,1.0,0.780073521179455
110638,1151447,1.0,0.6976723773829624
110648,1151458,1.0,0.7323434531159564
110654,1151464,1.0,0.6360967739134044
110655,1151466,1.0,0.588186851125982
110667,1151489,1.0,0.5385023699184781
110676,1151503,1.0,0.6899441836699858
110694,1151537,1.0,0.7488364874570667
110702,1151549,1.0,0.6743995084539506
110708,1151556,1.0,0.7645453233469577
110709,1151557,1.0,0.5234936053170282
110714,1151564,1.0,0.6936282781788871
110715,1151565,1.0,0.7567554919790834
110721,1151572,1.0,0.6995635908574204
110722,1151573,1.0,0.5979924858908557
110729,1151582,1.0,0.5759252569163953
110733,1151587,1.0,0.7129303973433031
110736,1151591,1.0,0.6146442271827772
110742,1151599,1.0,0.7715936486199099
110754,1151613,1.0,0.5187007979134652
110755,1151614,1.0,0.7403013773669472
110759,1151618,1.0,0.566791613927479
110760,1151619,1.0,0.6365228281450115
110763,1151623,1.0,0.5671456746138712
110767,1151628,1.0,0.6168858440974102
110768,1151629,1.0,0.5914655303113232
110769,1151630,1.0,0.5462888424362377
110770,1151631,1.0,0.7663762032528718
110777,1151643,1.0,0.5697901093969385
110783,1151652,1.0,0.5943974916997979
110785,1151655,1.0,0.5066013787225875
110787,1151658,1.0,0.5720738570851573
110788,1151659,1.0,0.5474607060641203
110789,1151660,1.0,0.5631755311253416
110791,1151662,1.0,0.5974232920745343
110792,1151663,1.0,0.5789364781139084
110794,1151665,1.0,0.5904699124664596
110795,1151666,1.0,0.5295218833597937
110799,1151672,1.0,0.5647445110090042
110800,1151673,1.0,0.7469696152988337
110816,1151693,1.0,0.9176307926623899
110817,1151694,1.0,0.5651335251428459
110818,1151695,1.0,0.7517802952959868
110820,1151697,1.0,0.7503168964541316
110822,1151699,1.0,0.639823477343051
110825,1151703,1.0,0.5250880651341
110827,1151705,1.0,0.5493479343484081
110828,1151706,1.0,0.7469490066128465
110834,1151714,1.0,0.7220582963094864
110838,1151718,1.0,0.751323096508022
110852,1151735,1.0,0.7817775155914629
110858,1151742,1.0,0.6302301661500206
110859,1151743,1.0,0.627193186628201
110861,1151745,1.0,0.6219282423234663
110863,1151747,1.0,0.6511387278787735
110865,1151749,1.0,0.6798603575846497
110867,1151751,1.0,0.7637820067674371
110868,1151752,1.0,0.6664594040899322
110871,1151755,1.0,0.5314983450113763
110872,1151756,1.0,0.6298945369853189
110873,1151757,1.0,0.7614626556895987
110874,1151758,1.0,0.760649622199889
110876,1151760,1.0,0.5725598520798394
110878,1151762,1.0,0.6227529454168159
110884,1151768,1.0,0.5828770434556433
110886,1151770,1.0,0.6743234192565905
110887,1151771,1.0,0.5505619054470998
110891,1151776,1.0,0.6185113455255176
110892,1151777,1.0,0.5663496591314038
110896,1151781,1.0,0.5520097618415971
110899,1151784,1.0,0.5813143334358292
110903,1151788,1.0,0.5809819265825511
110904,1151789,1.0,0.8082272383655053
110906,1151791,1.0,0.5434924609621087
110907,1151792,1.0,0.6161535280093458
110915,1151802,1.0,0.7567554919790834
110918,1151806,1.0,0.5839982955597309
110919,1151807,1.0,0.6558870321550339
110922,1151810,1.0,0.6187808750307525
110923,1151811,1.0,0.5625515171695971
110927,1151817,1.0,0.7383453982171847
110932,1151824,1.0,0.6868148863314638
110933,1151825,1.0,0.588609908844479
110935,1151830,1.0,0.7567554919790834
110936,1151831,1.0,0.6785118094495521
110938,1151833,1.0,0.679649082748938
110950,1151847,1.0,0.5665173680584128
110953,1151850,1.0,0.680870533603656
110961,1151858,1.0,0.6832676759590998
110965,1151862,1.0,0.5932887506237922
110966,1151863,1.0,0.6908455551211672
110975,1151873,1.0,0.5790219886891903
110977,1151876,1.0,0.5916335633781952
110983,1151883,1.0,0.6976045589210623
110993,1151895,1.0,0.5986064130154041
110994,1151896,1.0,0.5882172638996563
110997,1151901,1.0,0.7570952298326795
111002,1151909,1.0,0.6056641137566523
111005,1151912,1.0,0.5740998197743402
111011,1151919,1.0,0.5515823033619259
111015,1151923,1.0,0.5903961068027457
111020,1151928,1.0,0.642864307704718
111021,1151929,1.0,0.7192519788626258
111026,1151936,1.0,0.5819073917660553
111028,1151938,1.0,0.5469629697642845
111035,1151947,1.0,0.649889957565652
111037,1151949,1.0,0.6250886479627259
111055,1151972,1.0,0.5759264491732183
111057,1151976,1.0,0.5410071598502839
111058,1151977,1.0,0.7320944244196339
111074,1151998,1.0,0.7827526380711335
111080,1152005,1.0,0.5688211638586633
111090,1152019,1.0,0.6741203430742344
111091,1152020,1.0,0.726975875071381
111092,1152021,1.0,0.6201823380256392
111093,1152022,1.0,0.6135950560040516
111099,1152028,1.0,0.5196988984816444
111100,1152029,1.0,0.5766979352700103
111101,1152030,1.0,0.5840643571420769
111102,1152031,1.0,0.6383293895347409
111103,1152033,1.0,0.7098836274819866
111107,1152039,1.0,0.6112327566881459
111110,1152044,1.0,0.5865368425131859
111123,1152065,1.0,0.6368570013517092
111126,1152071,1.0,0.5766507441469215
111127,1152072,1.0,0.6186992664404951
111132,1152079,1.0,0.6225682832852197
111133,1152080,1.0,0.5685880093839175
111136,1152085,1.0,0.556560423022345
111137,1152086,1.0,0.514521799927875
111138,1152088,1.0,0.6019278867090904
111142,1152095,1.0,0.6145561137304455
111147,1152103,1.0,0.6257948334057801
111157,1152118,1.0,0.5431833095602788
111172,1152135,1.0,0.5890456388976145
111174,1152137,1.0,0.5092955517388458
111176,1152140,1.0,0.7360313728822007
111182,1152146,1.0,0.5065579878637435
111183,1152147,1.0,0.5705852910750194
111186,1152151,1.0,0.7083208703746298
111190,1152156,1.0,0.7167430231286441
111192,1152158,1.0,0.6271621107191959
111202,1152170,1.0,0.5762385205479271
111214,1152185,1.0,0.5757046151824344
111216,1152187,1.0,0.5851194751633076
111223,1152197,1.0,0.5080279682616476
111226,1152201,1.0,0.7364751022051704
111227,1152202,1.0,0.610246198758818
111231,1152207,1.0,0.5786457124567654
111237,1152214,1.0,0.748660833318286
111241,1152219,1.0,0.5130010537588303
111242,1152222,1.0,0.5983165896243489
111251,1152236,1.0,0.5792474064350603
111252,1152237,1.0,0.6270635693585639
111259,1152251,1.0,0.605876012472967
111266,1152260,1.0,0.6777360292129403
111273,1152273,1.0,0.6618685515446424
111277,1152279,1.0,0.7113936381985718
111288,1152298,1.0,0.6739072308580636
111289,1152300,1.0,0.6050395588892103
111306,1152322,1.0,0.550734894381653
111311,1152328,1.0,0.6600090106462684
111316,1152335,1.0,0.5495988417958848
111324,1152348,1.0,0.6138791493723041
111334,1152361,1.0,0.5678709602681498
111338,1152366,1.0,0.5562957166805061
111345,1152377,1.0,0.5823429387156277
111362,1152403,1.0,0.6190896093761129
111364,1152405,1.0,0.5468617269682186
111370,1152412,1.0,0.5471723027327827
111388,1152434,1.0,0.5710434951130241
111404,1152451,1.0,0.5506457693486135
111407,1152454,1.0,0.6381669609545648
111420,1152469,1.0,0.5929748734028307
111421,1152470,1.0,0.7418122284321936
111429,1152481,1.0,0.5749890282553978
111436,1152490,1.0,0.6138776820938426
111453,1152507,1.0,0.5906152960616818
111458,1152512,1.0,0.5398080596438004
111459,1152513,1.0,0.5040569481211418
111464,1152518,1.0,0.6392258646342883
111466,1152521,1.0,0.5624003763486062
111467,1152522,1.0,0.55832819203257
111468,1152523,1.0,0.5985338084892703
111472,1152527,1.0,0.6763978930665192
111488,1152544,1.0,0.7024140472142498
111489,1152545,1.0,0.7616859825682546
111493,1152549,1.0,0.7686635254720228
111497,1152553,1.0,0.7342532807816259
111503,1152559,1.0,0.5457305348647871
111506,1152562,1.0,0.6515052631172686
111508,1152565,1.0,0.618953562547913
111509,1152566,1.0,0.6457413937428982
111519,1152578,1.0,0.556737361872673
111520,1152579,1.0,0.658096726439842
111522,1152582,1.0,0.6379836679611547
111523,1152583,1.0,0.7386672371331239
111524,1152584,1.0,0.5204004688248332
111527,1152587,1.0,0.5075857681614133
111528,1152588,1.0,0.6234503131183522
111529,1152589,1.0,0.5739724419112743
111531,1152592,1.0,0.5819601870300721
111536,1152597,1.0,0.5802126133072208
111537,1152598,1.0,0.5721936122985365
111546,1152608,1.0,0.5314422295649778
111553,1152615,1.0,0.5313557514661607
111556,1152618,1.0,0.6827468037188372
111563,1152625,1.0,0.5812372735355348
111564,1152626,1.0,0.5683157928407482
111572,1152635,1.0,0.5394701513101104
111573,1152636,1.0,0.5546779577788479
111578,1152641,1.0,0.6971376291742983
111580,1152644,1.0,0.5969911128919868
111586,1152650,1.0,0.5824711486959301
111587,1152651,1.0,0.7580877679489894
111591,1152655,1.0,0.5812078589507788
111592,1152656,1.0,0.6274274353245126
111593,1152657,1.0,0.5628357736128448
111603,1152669,1.0,0.6439349310457883
111608,1152674,1.0,0.6143496949110118
111610,1152676,1.0,0.694304720855105
111611,1152677,1.0,0.533282027784713
111614,1152680,1.0,0.5785979345072945
111616,1152682,1.0,0.5994688511828672
111627,1152693,1.0,0.6384748399283119
111640,1152706,1.0,0.6257724565998003
111643,1152709,1.0,0.6721457631912134
111644,1152710,1.0,0.5321934039673313
111645,1152711,1.0,0.6680297566472232
111658,1152726,1.0,0.5261407597699843
111662,1152730,1.0,0.5532021068593486
111664,1152732,1.0,0.5921266779103666
111669,1152739,1.0,0.822938114071607
111671,1152742,1.0,0.6573049056343024
111676,1152748,1.0,0.6738658297769381
111678,1152750,1.0,0.6514419305392857
111679,1152751,1.0,0.5160358364959488
111682,1152754,1.0,0.5352505196271934
111683,1152755,1.0,0.5127413273397281
111686,1152759,1.0,0.5996866764333506
111693,1152767,1.0,0.5790314595223721
111701,1152775,1.0,0.6600620855596298
111705,1152781,1.0,0.6647382843881691
111713,1152794,1.0,0.5527617654150594
111717,1152799,1.0,0.5724263156651958
111718,1152800,1.0,0.5152438750677347
111724,1152807,1.0,0.7025476711005645
111725,1152808,1.0,0.8251892610462432
111729,1152813,1.0,0.646612245400995
111730,1152814,1.0,0.6178375503739524
111731,1152815,1.0,0.5982222435144349
111732,1152816,1.0,0.5157942630605333
111737,1152823,1.0,0.8120384093574998
111741,1152827,1.0,0.5226080915086708
111745,1152832,1.0,0.6470397194852667
111746,1152833,1.0,0.8943688545981842
111752,1152840,1.0,0.5628805769650526
111758,1152846,1.0,0.5362389252378064
111760,1152848,1.0,0.6894214038846858
111761,1152849,1.0,0.6558187786948283
111764,1152853,1.0,0.5815940085965209
111768,1152857,1.0,0.6105502979462388
111770,1152860,1.0,0.792385861760842
111771,1152861,1.0,0.5593491030153174
111774,1152864,1.0,0.6986730269886533
111779,1152870,1.0,0.7681883368957864
111784,1152877,1.0,0.5864526084149361
111785,1152878,1.0,0.6727730343979049
111793,1152889,1.0,0.7628576571564711
111801,1152897,1.0,0.5434867579128319
111802,1152898,1.0,0.561269129381155
111804,1152900,1.0,0.7394062689133332
111813,1152910,1.0,0.7805710824459279
111817,1152915,1.0,0.705608305758302
111818,1152916,1.0,0.5635183771424696
111822,1152921,1.0,0.607310893680653
111826,1152926,1.0,0.5662331439866447
111829,1152930,1.0,0.6280773454852745
111835,1152936,1.0,0.5721936122985365
111837,1152938,1.0,0.5160697123424697
111838,1152939,1.0,0.6278376737948005
111843,1152946,1.0,0.6417988402417871
111844,1152947,1.0,0.6392032391824743
111845,1152948,1.0,0.6014224108723264
111848,1152953,1.0,0.5609342680867104
111851,1152956,1.0,0.5271994305500776
111852,1152957,1.0,0.5745908973957291
111853,1152958,1.0,0.6116668927256166
111861,1152966,1.0,0.5908961911395143
111869,1152978,1.0,0.6466572919932833
111872,1152982,1.0,0.6227793038633785
111873,1152983,1.0,0.559422205194593
111877,1152987,1.0,0.7950976313807936
111884,1152996,1.0,0.5986480756976156
111886,1152998,1.0,0.5961258296297053
111895,1153010,1.0,0.6156500644092011
111903,1153021,1.0,0.5588742102778423
111904,1153022,1.0,0.5983020211697798
111905,1153023,1.0,0.620292872264258
111907,1153025,1.0,0.564551494539543
111908,1153026,1.0,0.5817616059039394
111916,1153035,1.0,0.5908695625346962
111923,1153043,1.0,0.5719650513439667
111926,1153046,1.0,0.566261314223326
111927,1153047,1.0,0.6657065874569639
111931,1153051,1.0,0.5281092433921957
111933,1153053,1.0,0.5913786460759627
111936,1153056,1.0,0.5316591166362091
111937,1153057,1.0,0.5623353330598914
111942,1153062,1.0,0.5519222109933737
111943,1153063,1.0,0.5733689352850668
111944,1153064,1.0,0.6313310181716388
111946,1153066,1.0,0.7031888189048153
111948,1153069,1.0,0.6236412333920769
111949,1153070,1.0,0.5609201254289038
111952,1153073,1.0,0.5418650293247997
111953,1153074,1.0,0.5628157739707733
111955,1153076,1.0,0.5681579500483569
111962,1153083,1.0,0.6061349904850596
111965,1153086,1.0,0.6186913729780291
111966,1153087,1.0,0.5648701208663839
111968,1153091,1.0,0.6524870046657121
111972,1153096,1.0,0.5521331924400228
111974,1153098,1.0,0.6563555188086138
111978,1153102,1.0,0.5653637595138427
111981,1153105,1.0,0.5642301682579952
111988,1153113,1.0,0.6538006626061135
111995,1153121,1.0,0.5671412922381458
111996,1153122,1.0,0.6874480189290445
111998,1153124,1.0,0.6197860912274167
112001,1153128,1.0,0.6538127146278138
112004,1153132,1.0,0.5578553409031519
112010,1153141,1.0,0.5155351690774161
112015,1153149,1.0,0.6436660422227524
112017,1153152,1.0,0.566301945668777
112022,1153158,1.0,0.6495124733539039
112026,1153164,1.0,0.815840627132631
112028,1153166,1.0,0.6464537283328341
112036,1153175,1.0,0.6313771658408844
112054,1153193,1.0,0.7356847757199952
112061,1153200,1.0,0.5577975857437043
112064,1153203,1.0,0.5714860301802301
112067,1153208,1.0,0.5677229241492633
112072,1153214,1.0,0.7403013773669472
112089,1153232,1.0,0.6155147564751758
112094,1153239,1.0,0.6822153760015626
112097,1153247,1.0,0.7252940354257069
112104,1153262,1.0,0.5227954569434285
112120,1153292,1.0,0.7669969832865732
112122,1153294,1.0,0.647389026415527
112123,1153296,1.0,0.6952793504463969
112124,1153297,1.0,0.5219553831843966
112126,1153299,1.0,0.6608966953190785
112140,1153326,1.0,0.9252224774870393
112146,1153335,1.0,0.5016025001447579
112172,1153369,1.0,0.5817953174263132
112173,1153371,1.0,0.6493065325452764
112177,1153376,1.0,0.6792408054375665
112181,1153383,1.0,0.6756417622828635
112182,1153384,1.0,0.5641354899791121
112187,1153393,1.0,0.7634828364993471
112190,1153398,1.0,0.7593194792630413
112191,1153399,1.0,0.560189469239807
112199,1153408,1.0,0.5663591168629761
112200,1153409,1.0,0.6434281675403394
112211,1153423,1.0,0.5644868171995541
112215,1153428,1.0,0.7199177007801013
112216,1153430,1.0,0.7581854372699208
112217,1153431,1.0,0.6871218429489806
112222,1153438,1.0,0.5224232115100483
112233,1153451,1.0,0.7587067961645667
112237,1153457,1.0,0.6744453303672922
112244,1153464,1.0,0.7768058204382496
112253,1153475,1.0,0.7534867407509246
112275,1153497,1.0,0.8033895444076168
112285,1153507,1.0,0.6488840641215938
112297,1153519,1.0,0.5553903496030009
112298,1153521,1.0,0.770215692386833
112300,1153523,1.0,0.6940361704205628
112304,1153527,1.0,0.6383543058762199
112306,1153529,1.0,0.6377983494651069
112308,1153532,1.0,0.6941769983061591
112309,1153533,1.0,0.5548807277149747
112311,1153535,1.0,0.6775095472713418
112312,1153536,1.0,0.6571955456039299
112320,1153546,1.0,0.6220964874704049
112321,1153547,1.0,0.7302853066730253
112347,1153574,1.0,0.559884252582633
112350,1153577,1.0,0.6160008385812473
112359,1153586,1.0,0.5881763026459903
112363,1153590,1.0,0.621945107652168
112364,1153592,1.0,0.5170415785710707
112368,1153596,1.0,0.7011145879766556
112371,1153599,1.0,0.5028466766084474
112372,1153600,1.0,0.6767757159966781
112373,1153601,1.0,0.671547080757098
112375,1153603,1.0,0.6864690208287504
112376,1153604,1.0,0.5291270924190453
112384,1153614,1.0,0.5361346650787678
112389,1153619,1.0,0.6328340535049332
112407,1153639,1.0,0.5691020463938767
112416,1153648,1.0,0.6577066738355521
112417,1153649,1.0,0.5116336292178546
112426,1153658,1.0,0.6991794145494807
112427,1153659,1.0,0.5790314595223721
112429,1153661,1.0,0.6303681000927396
112432,1153664,1.0,0.5920862336639796
112433,1153665,1.0,0.5722983655253122
112434,1153666,1.0,0.5383079280576013
112436,1153668,1.0,0.5072394308075403
112444,1153676,1.0,0.5902476577440916
112445,1153677,1.0,0.6257476966874935
112447,1153679,1.0,0.67982733943157
112450,1153682,1.0,0.6234547057898427
112452,1153684,1.0,0.6276848976287543
112454,1153686,1.0,0.5526900808622265
112456,1153688,1.0,0.7884433334631599
112461,1153693,1.0,0.671777740946488
112462,1153694,1.0,0.6310854924372105
112467,1153699,1.0,0.5705072208305619
112469,1153702,1.0,0.5420797735511691
112479,1153714,1.0,0.8035501627090025
112481,1153717,1.0,0.5462888424362377
112484,1153721,1.0,0.5394701513101104
112487,1153724,1.0,0.5885750453102989
112490,1153727,1.0,0.6219282423234663
112497,1153737,1.0,0.5737823072227103
112500,1153740,1.0,0.7229109302970049
112501,1153741,1.0,0.5954288810829774
112503,1153744,1.0,0.5032058204636749
112506,1153747,1.0,0.629003436114849
112510,1153751,1.0,0.5343880357868497
112513,1153754,1.0,0.6457680195869441
112515,1153757,1.0,0.5240502538949202
112516,1153758,1.0,0.6233829258754892
112517,1153759,1.0,0.6709309861712136
112519,1153761,1.0,0.6384664055441375
112520,1153762,1.0,0.5837593960227385
112523,1153766,1.0,0.5662140913732346
112528,1153772,1.0,0.6694371834377596
112533,1153778,1.0,0.520262325815284
112543,1153791,1.0,0.5099238714934039
112544,1153792,1.0,0.5543584447879696
112547,1153797,1.0,0.5293534076124052
112548,1153798,1.0,0.6080669745494575
112551,1153802,1.0,0.5401426118692961
112552,1153803,1.0,0.5394701513101104
112556,1153809,1.0,0.5668953676283238
112562,1153819,1.0,0.5612944947212872
112563,1153820,1.0,0.5249740619233644
112567,1153824,1.0,0.5177498884977889
112568,1153825,1.0,0.5509845988232684
112571,1153828,1.0,0.5749890282553978
112572,1153829,1.0,0.6539519010115599
112575,1153832,1.0,0.5999454062742212
112577,1153834,1.0,0.6216895034453142
112583,1153842,1.0,0.5476092581097414
112588,1153851,1.0,0.644659070859578
112589,1153852,1.0,0.5826123744027827
112600,1153869,1.0,0.5747664679183679
112604,1153875,1.0,0.6168858440974102
112611,1153883,1.0,0.5692505520075676
112614,1153887,1.0,0.6100461408650145
112615,1153888,1.0,0.5100116533693702
112619,1153894,1.0,0.6916987441196669
112620,1153895,1.0,0.593536036700382
112628,1153908,1.0,0.5651335251428459
112634,1153917,1.0,0.5245030387945453
112638,1153921,1.0,0.5509322350029568
112639,1153922,1.0,0.5862439091740439
112641,1153925,1.0,0.6751871611834903
112647,1153933,1.0,0.6344422675306346
112652,1153938,1.0,0.5967249552990471
112659,1153949,1.0,0.5889063837471041
112662,1153953,1.0,0.5323979397952107
112663,1153954,1.0,0.5933312295799267
112665,1153957,1.0,0.5208243516872182
112667,1153960,1.0,0.5428013611526483
112677,1153974,1.0,0.5281092433921957
112687,1153988,1.0,0.6268708395120494
112692,1153995,1.0,0.6046096018279254
112698,1154001,1.0,0.5636366103844234
112702,1154007,1.0,0.5471053356502746
112704,1154010,1.0,0.5648180239877143
112706,1154012,1.0,0.6398234641301145
112713,1154020,1.0,0.6183125263415225
112715,1154022,1.0,0.5392308464687064
112723,1154032,1.0,0.6382314858715344
112732,1154042,1.0,0.6471082509697911
112734,1154047,1.0,0.634209857995289
112735,1154048,1.0,0.5691020463938767
112744,1154059,1.0,0.6758212271412931
112745,1154060,1.0,0.5470799857517515
112749,1154065,1.0,0.6388779813164414
112751,1154067,1.0,0.5626890988135538
112755,1154072,1.0,0.5664464952017457
112756,1154073,1.0,0.634209857995289
112757,1154074,1.0,0.5565507309656094
112758,1154075,1.0,0.6950918892471267
112762,1154079,1.0,0.5447850411767353
112763,1154081,1.0,0.5869546635692702
112765,1154084,1.0,0.5664065017891543
112769,1154088,1.0,0.6022703603930409
112770,1154090,1.0,0.6000102276989174
112772,1154092,1.0,0.5316581322506161
112781,1154101,1.0,0.5376050239110312
112787,1154107,1.0,0.6210440189701064
112790,1154110,1.0,0.5740447199311586
112800,1154121,1.0,0.5985445824415937
112801,1154122,1.0,0.5485181365549971
112807,1154128,1.0,0.7622975497256222
112808,1154129,1.0,0.6219153602735464
112813,1154135,1.0,0.603559553538092
112814,1154136,1.0,0.6742189703043899
112817,1154139,1.0,0.5728183216319631
112818,1154140,1.0,0.6427071092881865
112828,1154151,1.0,0.7225472159854197
112829,1154152,1.0,0.5327454357281669
112833,1154158,1.0,0.517843078072277
112837,1154162,1.0,0.5319027749532166
112840,1154165,1.0,0.5842782722283842
112841,1154166,1.0,0.5782344749435396
112845,1154171,1.0,0.5670587578192109
112847,1154173,1.0,0.5319984046363232
112854,1154180,1.0,0.540431886306267
112861,1154189,1.0,0.661170753428699
112872,1154211,1.0,0.8240425032993602
112878,1154219,1.0,0.6277642316248611
112884,1154230,1.0,0.6717272641859421
112901,1154262,1.0,0.6280315412512936
112913,1154279,1.0,0.6865396510627806
112916,1154283,1.0,0.6275975439066255
112917,1154284,1.0,0.6158549703133217
112919,1154286,1.0,0.8886684094655445
112921,1154288,1.0,0.7400328900454521
112923,1154291,1.0,0.6197730459997074
112924,1154292,1.0,0.6381537382750534
112928,1154297,1.0,0.5705072208305619
112929,1154298,1.0,0.6087742634608317
112935,1154304,1.0,0.569499467845497
112936,1154305,1.0,0.7008954727134927
112942,1154311,1.0,0.5196123924216354
112943,1154312,1.0,0.6422850865244571
112945,1154314,1.0,0.514248141568641
112949,1154319,1.0,0.6892790186031059
112955,1154327,1.0,0.5173411499311049
112963,1154335,1.0,0.6867555463022217
112969,1154341,1.0,0.509980883235214
112972,1154344,1.0,0.5509705914630482
112975,1154347,1.0,0.5015995847710135
112976,1154349,1.0,0.566791613927479
112977,1154350,1.0,0.6012613932314631
112978,1154351,1.0,0.6188280691288045
112985,1154358,1.0,0.5026764007932352
112987,1154360,1.0,0.5170415785710707
112990,1154363,1.0,0.5132918200044703
112992,1154365,1.0,0.6878448976043362
112993,1154366,1.0,0.6599728538447946
112994,1154367,1.0,0.5470799857517515
112997,1154370,1.0,0.6058500876714412
113001,1154374,1.0,0.5164008100081214
113002,1154375,1.0,0.5388706857349013
113005,1154378,1.0,0.5364532993631023
113020,1154393,1.0,0.6089508742592723
113029,1154402,1.0,0.6778045923994909
113032,1154405,1.0,0.5790314595223721
113034,1154407,1.0,0.670437323112647
113038,1154411,1.0,0.6839707479193109
113043,1154416,1.0,0.676765033892582
113048,1154421,1.0,0.5024501712209164
113056,1154429,1.0,0.5489043128292808
113064,1154437,1.0,0.8879542800288617
113067,1154440,1.0,0.695480601272646
113070,1154443,1.0,0.6244519920401312
113073,1154446,1.0,0.5649601613492361
113074,1154447,1.0,0.6571028932425715
113078,1154451,1.0,0.722018958650112
113083,1154457,1.0,0.565247986527164
113084,1154458,1.0,0.608991746382028
113094,1154469,1.0,0.5565781571322856
113111,1154486,1.0,0.6822404799568933
113115,1154490,1.0,0.5295942887263138
113135,1154510,1.0,0.8011950801276077
113136,1154511,1.0,0.6578712152683384
113142,1154518,1.0,0.8429532653043242
113145,1154521,1.0,0.805866266562302
113149,1154527,1.0,0.686929767385129
113150,1154528,1.0,0.512978302737588
113153,1154531,1.0,0.6358225614372589
113164,1154543,1.0,0.6184488788203376
113170,1154550,1.0,0.5553460629368184
113174,1154554,1.0,0.675231262197979
113183,1154563,1.0,0.6142125792823426
113220,1154601,1.0,0.5863567675411556
113233,1154616,1.0,0.5653772559623289
113485,1154882,1.0,0.6949451417155355
113527,1154925,1.0,0.6302114407218302
113612,1155020,1.0,0.529676161029953
113617,1155025,1.0,0.7711373985351584
113635,1155043,1.0,0.5591898596574127
113678,1155090,1.0,0.5267171836414523
113755,1155169,1.0,0.5251117778985674
113793,1155215,1.0,0.5322087302828015
113820,1155242,1.0,0.5962609626465684
113844,1155268,1.0,0.6433524672382674
113914,1155339,1.0,0.5409464182217012
113961,1155392,1.0,0.5932887506237922
113970,1155402,1.0,0.5200074581072001
114007,1155441,1.0,0.6308984046058321
114082,1155519,1.0,0.5736383644001313
114100,1155537,1.0,0.5801033459753915
114142,1155580,1.0,0.5949534407667771
114159,1155598,1.0,0.5371207206794514
114210,1155649,1.0,0.7685175420296941
114220,1155661,1.0,0.6996759018934272
114242,1155683,1.0,0.6422143208992215
114252,1155695,1.0,0.5017874025796895
114290,1155735,1.0,0.661429436218195
114398,1155844,1.0,0.7932201373328833
114408,1155854,1.0,0.525877308506286
114533,1155984,1.0,0.5566854593890961
114539,1155990,1.0,0.5689928289097905
114553,1156004,1.0,0.5349154246135329
114555,1156006,1.0,0.5011687353853281
114571,1156023,1.0,0.5685017816905115
114748,1156208,1.0,0.5307541537602352
114752,1156212,1.0,0.7669089636278649
114966,1156443,1.0,0.5449352063014763
115158,1156642,1.0,0.6756761325158815
115185,1156672,1.0,0.7638380260040801
115212,1156699,1.0,0.7086601558290685
115232,1156722,1.0,0.5853940263731363
115235,1156725,1.0,0.5546384526343491
115302,1156802,1.0,0.5409354631253072
115342,1156851,1.0,0.6266830109688633
115393,1156910,1.0,0.6511690868200192
115395,1156912,1.0,0.5639583748763572
115427,1156948,1.0,0.8025766398596299
115437,1156962,1.0,0.5625266111076993
115470,1157004,1.0,0.8124245281237689
115486,1157028,1.0,0.7004258903631276
115529,1157088,1.0,0.5092656976209695
115530,1157089,1.0,0.6802005517802671
115543,1157105,1.0,0.5780417564437637
115557,1157131,1.0,0.6386858718520207
115574,1157161,1.0,0.6830953670616794
115668,1157323,1.0,0.5595109532393461
115865,1157573,1.0,0.8199975262587903
115904,1157623,1.0,0.5096762323680498
115927,1157648,1.0,0.5829440771422094
116040,1157780,1.0,0.5168605893791894
116083,1157833,1.0,0.5786634941940411
116086,1157836,1.0,0.5021521778046286
116143,1157901,1.0,0.8443838350273895
116150,1157909,1.0,0.8160151176401433
116199,1157967,1.0,0.5046141271882468
116203,1157971,1.0,0.7090969039619887
116254,1158037,1.0,0.514275363096029
116296,1158091,1.0,0.8928747038155543
116306,1158104,1.0,0.8871920383162085
116311,1158113,1.0,0.7638986622255132
116316,1158122,1.0,0.9505853704509346
116323,1158134,1.0,0.5975174681399965
116332,1158150,1.0,0.7257586060805186
116337,1158162,1.0,0.5324859207880334
116339,1158166,1.0,0.7506000891136397
116343,1158172,1.0,0.5514749012379487
116346,1158176,1.0,0.5346217960092375
116364,1158200,1.0,0.5559137072115903
116366,1158202,1.0,0.5172547458607548
116561,1158408,1.0,0.5416314932941911
116562,1158409,1.0,0.5020391042235463
116582,1158432,1.0,0.5047457181629907
116590,1158441,1.0,0.5113419878865947
116623,1158476,1.0,0.5041319219697684
116723,1158598,1.0,0.5125964299367307
116762,1158646,1.0,0.504152535598994
116786,1158675,1.0,0.5969762513041041
116852,1158750,1.0,0.5236631350513796
116908,1158817,1.0,0.5642507956973194
116935,1158850,1.0,0.5689560129503822
116938,1158854,1.0,0.5168605893791894
116947,1158865,1.0,0.5276413300627043
117028,1158975,1.0,0.526679172673395
117047,1158997,1.0,0.8366032009656704
117076,1159031,1.0,0.7967008441117597
117084,1159041,1.0,0.5255568314474366
117161,1159140,1.0,0.5283900656153642
117176,1159165,1.0,0.6463865771252464
117178,1159167,1.0,0.7888313628840591
117198,1159199,1.0,0.6253286181032149
117208,1159214,1.0,0.6962149154530963
117220,1159226,1.0,0.8918951982666216
117295,1159306,1.0,0.5323307711466547
117358,1159376,1.0,0.8028649847236221
117365,1159383,1.0,0.562519208909998
117381,1159402,1.0,0.7185441532016367
117382,1159403,1.0,0.7208208477302513
117389,1159410,1.0,0.773049751711244
117430,1159455,1.0,0.5022535574103715
117515,1159563,1.0,0.5710653592589963
117555,1159610,1.0,0.5062238661004063
117586,1159643,1.0,0.5518150710922473
117616,1159678,1.0,0.7265990324847706
117704,1159796,1.0,0.8723463528957162
117728,1159821,1.0,0.7987301054043451
117756,1159859,1.0,0.7638705759903418
117768,1159874,1.0,0.6577511405232757
117883,1160003,1.0,0.5359407625188356
117889,1160010,1.0,0.5253688840645016
117921,1160045,1.0,0.520019953695229
117925,1160051,1.0,0.5457220172324372
117927,1160053,1.0,0.5127143678120327
117949,1160079,1.0,0.5032996816272124
117980,1160113,1.0,0.5539254056399997
118003,1160140,1.0,0.7856718867640927
118049,1160205,1.0,0.6854934643294512
118063,1160234,1.0,0.7107307081271849
118065,1160236,1.0,0.8644489777601967
118072,1160250,1.0,0.5842567722190434
118073,1160251,1.0,0.8079547226759188
118119,1160307,1.0,0.5133702989486412
118141,1160331,1.0,0.5703765176188703
118165,1160355,1.0,0.5041319219697684
118172,1160362,1.0,0.5428011489348854
118329,1160549,1.0,0.7829903124516338
118379,1160610,1.0,0.5022535574103715
118389,1160621,1.0,0.5888669520944502
118399,1160633,1.0,0.5547625925248235
118543,1160815,1.0,0.7603028242489035
118554,1160829,1.0,0.693322221935698
118646,1160949,1.0,0.6045375346459094
118660,1160965,1.0,0.7803399417141724
118714,1161024,1.0,0.7379384849591142
118721,1161031,1.0,0.51754750005468
118723,1161033,1.0,0.5487095716404975
118788,1161107,1.0,0.7471779637063222
118804,1161125,1.0,0.664769333020613
118817,1161139,1.0,0.5168605893791894
118829,1161152,1.0,0.5084777803039572
118857,1161181,1.0,0.6378571655796603
118880,1161207,1.0,0.6233738926985266
118892,1161219,1.0,0.5143035815168937
118921,1161249,1.0,0.7253246108105075
118925,1161256,1.0,0.6762201919012855
119011,1161364,1.0,0.7473238845318996
119038,1161392,1.0,0.5040512348961418
119061,1161415,1.0,0.8277476311856644
119076,1161430,1.0,0.9387119629856913
119080,1161435,1.0,0.8428896506531216
119086,1161443,1.0,0.5223418061827965
119090,1161447,1.0,0.6782658098714355
119322,1161715,1.0,0.5589793615021625
119405,1161800,1.0,0.7568422063749956
119513,1161911,1.0,0.5069675545058762
119541,1161940,1.0,0.5954143808867691
119739,1162145,1.0,0.7910508081589691
119802,1162209,1.0,0.501676369237324
120015,1162436,1.0,0.5504707430224679
120098,1162523,1.0,0.5297040686418427
120100,1162525,1.0,0.5496105950716651
120126,1162553,1.0,0.511006758707101
120185,1162614,1.0,0.5626133833554295
120485,1162952,1.0,0.6585307700402547
120686,1163160,1.0,0.514275363096029
120700,1163174,1.0,0.5257880059780081
120706,1163180,1.0,0.5919897604668509
120716,1163192,1.0,0.5334714878670639
120794,1163277,1.0,0.8104415215273422
120811,1163297,1.0,0.7808710842262961
120870,1163371,1.0,0.7813277050873493
120913,1163432,1.0,0.5110174780385726
120949,1163473,1.0,0.8009934327337084
120972,1163498,1.0,0.8013721582636496
121027,1163562,1.0,0.7309092596677145
121080,1163619,1.0,0.6655560509555575
121095,1163638,1.0,0.5346543381959256
121113,1163659,1.0,0.5255600517686906
121247,1163823,1.0,0.5134080820685601
121310,1163902,1.0,0.6200571994328067
121314,1163907,1.0,0.5946249315005302
121357,1163957,1.0,0.7624171017796242
121400,1164005,1.0,0.5472884864976072
121417,1164027,1.0,0.691590196637462
121420,1164031,1.0,0.5022070419925247
121422,1164034,1.0,0.8237447055841597
121427,1164040,1.0,0.6243553548679618
121429,1164044,1.0,0.5129221487325536
121434,1164050,1.0,0.7728909545147451
121438,1164057,1.0,0.5095166767095882
121452,1164079,1.0,0.6742173502767916
121462,1164094,1.0,0.9296668127111103
121465,1164098,1.0,0.5769877259255692
121471,1164111,1.0,0.6727227419152086
121474,1164115,1.0,0.5288483384804377
121490,1164144,1.0,0.7383839054859119
121518,1164185,1.0,0.7540042855320603
121571,1164250,1.0,0.8754593499118027
121589,1164272,1.0,0.5652697860683038
121591,1164274,1.0,0.5864295599801577
121633,1164324,1.0,0.7804418597739662
121726,1164429,1.0,0.7440030046041705
121745,1164448,1.0,0.5512079830163598
121750,1164455,1.0,0.6947762223587837
121872,1164590,1.0,0.7011967429487193
121979,1164726,1.0,0.584148042152196
122001,1164752,1.0,0.5487095716404975
122022,1164778,1.0,0.5144706427139266
122055,1164819,1.0,0.5321340350209275
122128,1164899,1.0,0.6001026004325727
122160,1164934,1.0,0.5325992728257899
122205,1164980,1.0,0.5370333559441237
122219,1164994,1.0,0.5088317293125938
122221,1164997,1.0,0.791906377430689
122301,1165090,1.0,0.5219648868878262
122359,1165153,1.0,0.5466138836872342
122363,1165157,1.0,0.5924215449686542
122367,1165162,1.0,0.5116796242346822
122376,1165173,1.0,0.5546384526343491
122393,1165195,1.0,0.6155844164218338
122400,1165203,1.0,0.5566704084241388
122411,1165220,1.0,0.5474171629796787
122414,1165226,1.0,0.6987479806168616
122419,1165237,1.0,0.533012593055217
122460,1165292,1.0,0.6301816816659411
122500,1165344,1.0,0.630638755276032
122548,1165396,1.0,0.5387141312368257
122825,1165723,1.0,0.8688720516575266
122836,1165742,1.0,0.5127839569868304
122848,1165757,1.0,0.5222892576235424
122883,1165805,1.0,0.8152447334069066
122890,1165814,1.0,0.7773791463836975
122892,1165816,1.0,0.586022140313179
122924,1165855,1.0,0.5197034501326141
122970,1165916,1.0,0.524333514149234
123124,1166112,1.0,0.5129859435189593
123127,1166115,1.0,0.5266603532818795
123132,1166120,1.0,0.5169795444264115
123134,1166122,1.0,0.7215063340443129
123203,1166203,1.0,0.5559175993705848
123219,1166227,1.0,0.8115747309053786
123222,1166233,1.0,0.5260354172699531
123256,1166274,1.0,0.5473994461417001
123298,1166320,1.0,0.6939215055305742
123303,1166329,1.0,0.5270062935379977
123304,1166330,1.0,0.8309018971545028
123316,1166350,1.0,0.8375056079887897
123328,1166372,1.0,0.5604716305864909
123334,1166382,1.0,0.7147797602313142
123337,1166387,1.0,0.5723685955160094
123340,1166395,1.0,0.803057276042466
123427,1166495,1.0,0.5608431044530338
123557,1166633,1.0,0.5599894106008281
123623,1166712,1.0,0.7915654194933431
123668,1166759,1.0,0.5494001666978822
123828,1166961,1.0,0.6031357258759287
123842,1166987,1.0,0.5751016572332812
123846,1166993,1.0,0.8281322010842848
123859,1167020,1.0,0.8317233432505396
123860,1167021,1.0,0.942226240608561
123862,1167024,1.0,0.6488478355997456
123864,1167029,1.0,0.5432135488476527
123870,1167037,1.0,0.9038109084746525
123875,1167043,1.0,0.5407237169823258
123894,1167081,1.0,0.9000850714114889
123896,1167084,1.0,0.6979754622955832
123973,1167209,1.0,0.7542588043447016
124063,1167366,1.0,0.5953311717070776
124064,1167373,1.0,0.5469509156355412
124069,1167381,1.0,0.639187860627106
124071,1167383,1.0,0.7022399600062523
124084,1167403,1.0,0.537631463875039
124099,1167429,1.0,0.7355044958200467
124105,1167438,1.0,0.6074068869637951
124113,1167451,1.0,0.5860001144877348
124115,1167455,1.0,0.7353276538816634
124162,1167528,1.0,0.5532979980800541
124263,1167718,1.0,0.7378184052159736
124270,1167729,1.0,0.5537045281797295
124354,1167853,1.0,0.6692780338483224
124372,1167886,1.0,0.5446620398344963
124386,1167909,1.0,0.6162470090065951
124628,1168266,1.0,0.5283268191217069
124633,1168275,1.0,0.6470150872537237
124654,1168317,1.0,0.608848336502162
124755,1168504,1.0,0.6125254393701357
124798,1168586,1.0,0.8698196967360995
124825,1168621,1.0,0.8261587905348706
124869,1168706,1.0,0.7876002369291882
124929,1168833,1.0,0.626876127862932
124971,1168912,1.0,0.8069766286896082
125165,1169239,1.0,0.561383361869224
125172,1169254,1.0,0.9233493849388815
125202,1169305,1.0,0.5899741325371892
125262,1169428,1.0,0.93804994935799
125350,1169598,1.0,0.6344257340246241
125368,1169633,1.0,0.5611012918764652
125380,1169655,1.0,0.5410859131878376
125529,1169891,1.0,0.5609048392791479
125621,1170034,1.0,0.5262162974965097
125710,1170202,1.0,0.6691354885896499
125714,1170213,1.0,0.518516434941765
125716,1170216,1.0,0.6303291448690665
125722,1170226,1.0,0.7873101208573132
125928,1170617,1.0,0.9307333048339008
125929,1170619,1.0,0.5360237677180346
126005,1170763,1.0,0.5743583335365733
126017,1170785,1.0,0.5910944385019754
126045,1170836,1.0,0.5907540351029908
126265,1171186,1.0,0.5888587715251039
126275,1171202,1.0,0.5291623645853291
126425,1171373,1.0,0.707598871560745
126520,1171486,1.0,0.5419409975666718
126539,1171521,1.0,0.501912972593994
126562,1171557,1.0,0.5477680844447096
126647,1171664,1.0,0.5043738057623219
126649,1171667,1.0,0.7033141014892131
126660,1171680,1.0,0.5997670749627193
126662,1171684,1.0,0.5425282413071663
126673,1171704,1.0,0.5732560522328166
126677,1171710,1.0,0.5169083233034564
126681,1171719,1.0,0.5707170202606692
126702,1171757,1.0,0.8806090163138688
126737,1171821,1.0,0.5155966702685263
126862,1171973,1.0,0.5816071205191266
126896,1172026,1.0,0.5440981391589892
126899,1172033,1.0,0.6647921535318667
126910,1172052,1.0,0.6915475038918683
126915,1172061,1.0,0.674776395855494
126916,1172063,1.0,0.5386498972543545
126924,1172076,1.0,0.7126655621507317
126925,1172078,1.0,0.5119863580078095
126954,1172133,1.0,0.6294007568103214
127429,1172638,1.0,0.6401434994942723
127512,1172758,1.0,0.5022266509967979
127526,1172776,1.0,0.6856333888679773
127535,1172788,1.0,0.6601526707944052
127624,1172892,1.0,0.5673029683549804
127655,1172936,1.0,0.7146731937635213
127670,1172967,1.0,0.6954114511017927
127685,1172995,1.0,0.7886192137024427
127697,1173022,1.0,0.5643834205743345
127715,1173059,1.0,0.6974255327867842
127727,1173085,1.0,0.5691546599526458
127753,1173112,1.0,0.7236844149438544
127861,1173237,1.0,0.7804343123833782
127872,1173258,1.0,0.8117667031170012
127879,1173275,1.0,0.6816522138313341
127886,1173286,1.0,0.5395765440095422
127912,1173344,1.0,0.5422588999370417
127967,1173419,1.0,0.545219427958788
127975,1173428,1.0,0.5876834133511614
128147,1173615,1.0,0.6831758296851972
128173,1173654,1.0,0.6645551927751708
128189,1173673,1.0,0.5873484024502097
128195,1173685,1.0,0.7307934799615375
128223,1173732,1.0,0.5325492991751544
128226,1173739,1.0,0.6101794135249582
128241,1173760,1.0,0.6579364486037983
128257,1173792,1.0,0.6360547123648734
128269,1173814,1.0,0.71900081897949
128272,1173818,1.0,0.7467944219457512
128285,1173839,1.0,0.8272211365293972
128415,1173989,1.0,0.6076171068881806
128911,1174584,1.0,0.6278812486624583
128959,1174650,1.0,0.6612407007203276
128964,1174660,1.0,0.5657720566944832
128969,1174667,1.0,0.524262093048013
128970,1174669,1.0,0.5816909864601449
128971,1174670,1.0,0.6737003966601967
128980,1174687,1.0,0.5933343219939365
128991,1174701,1.0,0.8102601076715763
129005,1174724,1.0,0.5943984372862077
129009,1174731,1.0,0.5108486990257373
129015,1174741,1.0,0.6195343747784497
129016,1174742,1.0,0.8429103017346808
129019,1174752,1.0,0.5865869168677722
129028,1174771,1.0,0.5946894078330293
129338,1175116,1.0,0.6687585932775596
129347,1175125,1.0,0.5898335062879538
129350,1175128,1.0,0.6543651225427046
129361,1175139,1.0,0.6081938264739175
129438,1175228,1.0,0.5819963716665482
129461,1175261,1.0,0.6929293362326088
129476,1175286,1.0,0.81431253308742
129499,1175326,1.0,0.6234992405559242
129544,1175409,1.0,0.6363832272485719
129629,1175506,1.0,0.584500142222714
129741,1175630,1.0,0.7108696150895415
129879,1175787,1.0,0.5566372410322741
129920,1175835,1.0,0.7241243963083545
129996,1175916,1.0,0.8869866044620156
130008,1175940,1.0,0.7288561787482647
130023,1175965,1.0,0.7061270464399175
130031,1175986,1.0,0.8494772839826938
130038,1175998,1.0,0.649996454616471
130047,1176010,1.0,0.5810153623021238
130347,1176354,1.0,0.5744813527070108
130364,1176373,1.0,0.6726266665176447
130482,1176505,1.0,0.5589068199556
130536,1176571,1.0,0.7142220412849778
130577,1176619,1.0,0.6868028256062345
130720,1176798,1.0,0.7252896592258469
130729,1176813,1.0,0.5269138880712063
130730,1176817,1.0,0.8233986945015
130738,1176825,1.0,0.7372794214633279
130749,1176844,1.0,0.722724241924794
130750,1176849,1.0,0.6442885358722384
130763,1176873,1.0,0.9046283545158487
130791,1176921,1.0,0.687997942191511
130809,1176953,1.0,0.5100001148979494
130816,1176965,1.0,0.759652389392948
130853,1177007,1.0,0.6345920088287719
130995,1177173,1.0,0.5821359127532505
131010,1177190,1.0,0.7749067212362479
131015,1177195,1.0,0.6827622977989953
131321,1177540,1.0,0.5578125662252656
131371,1177595,1.0,0.6661957036967618
131421,1177651,1.0,0.621445724440063
131424,1177656,1.0,0.8275880478677646
131428,1177663,1.0,0.7042095969332471
131457,1177721,1.0,0.5957551621282215
131560,1177855,1.0,0.539574042757648
131705,1178012,1.0,0.7025171038775133
131720,1178028,1.0,0.5029486198339327
131761,1178074,1.0,0.6157613860193066
131813,1178131,1.0,0.5296779818071253
131876,1178200,1.0,0.5662411136784884
131886,1178210,1.0,0.9459329764657703
131909,1178237,1.0,0.6127444121390647
132033,1178376,1.0,0.6155668719213343
132180,1178554,1.0,0.756958638391057
132188,1178567,1.0,0.7397459421812554
132190,1178571,1.0,0.5202411578943289
132205,1178593,1.0,0.5341380643867462
132207,1178595,1.0,0.7779263842704265
132220,1178614,1.0,0.7014341937128774
132221,1178615,1.0,0.546804560385147
132225,1178626,1.0,0.5125313642450889
132234,1178650,1.0,0.688287233632899
132236,1178652,1.0,0.8189835025961075
132239,1178656,1.0,0.6932157873941183
132325,1178752,1.0,0.7461779202630098
132490,1178937,1.0,0.5369308559950969
132659,1179121,1.0,0.7033894513360003
132878,1179350,1.0,0.7499821593074653
132908,1179382,1.0,0.7476533830005763
133012,1179511,1.0,0.5552929814704304
133018,1179524,1.0,0.7679413141703607
133025,1179535,1.0,0.5321242370795234
133031,1179547,1.0,0.572977662158513
133075,1179625,1.0,0.5408669528552423
133279,1179876,1.0,0.5144986244108567
133333,1179946,1.0,0.8500301066760021
133340,1179953,1.0,0.5837396199292434
133341,1179954,1.0,0.5466384483869354
133383,1179999,1.0,0.5983317351905408
133481,1180108,1.0,0.5936273217041674
133551,1180193,1.0,0.5961292224200374
133559,1180202,1.0,0.6602107588317484
133644,1180292,1.0,0.7949916740648778
133645,1180294,1.0,0.5860585375553236
133655,1180312,1.0,0.6362370444889123
133668,1180333,1.0,0.8527685663362415
133669,1180334,1.0,0.6912272187844958
133682,1180355,1.0,0.5189999684819369
133703,1180392,1.0,0.7724256211922061
133704,1180393,1.0,0.517280289418833
133733,1180434,1.0,0.6285202547560728
133759,1180462,1.0,0.6156757580802691
133887,1180610,1.0,0.7247545072331323
133971,1180702,1.0,0.5120410723511855
134149,1180895,1.0,0.7191731882552784
134230,1180982,1.0,0.6671932501691133
134460,1181232,1.0,0.645663830170425
134488,1181264,1.0,0.5652599814422036
134583,1181371,1.0,0.7107493085446126
134593,1181387,1.0,0.5518462950399659
134615,1181422,1.0,0.5794651736223437
134620,1181430,1.0,0.628160422680403
134622,1181432,1.0,0.6891465402276291
134633,1181448,1.0,0.6416236419387575
134634,1181449,1.0,0.7614941190392098
134635,1181450,1.0,0.5870176917428698
134637,1181454,1.0,0.7882482937554413
134648,1181470,1.0,0.5358092751516429
134649,1181472,1.0,0.6017915594328784
134653,1181476,1.0,0.7382978097082749
134660,1181488,1.0,0.5476411463160924
134665,1181500,1.0,0.5981404339885025
134676,1181516,1.0,0.6765742485458845
134683,1181529,1.0,0.6987333691540552
134700,1181559,1.0,0.7921150261046784
135037,1181933,1.0,0.5796117587775029
135289,1182211,1.0,0.5563351893955022
135295,1182217,1.0,0.6655663509754004
135390,1182327,1.0,0.5076544641505526
135409,1182355,1.0,0.5074946183274978
135419,1182369,1.0,0.7053063370936727
135432,1182388,1.0,0.8861751778021042
135444,1182417,1.0,0.6193615451759776
135450,1182428,1.0,0.7057650494245488
135464,1182450,1.0,0.5224008926196153
135472,1182462,1.0,0.6599180959570786
135557,1182558,1.0,0.5282646224813655
135596,1182603,1.0,0.5233331549508083
135917,1182960,1.0,0.5648117611775547
135932,1182979,1.0,0.6698531524966349
136097,1183148,1.0,0.5621016465731891
136110,1183161,1.0,0.7252776759400928
136225,1183294,1.0,0.7527675812254152
136227,1183296,1.0,0.6567792283306222
136233,1183308,1.0,0.7403027375334864
136237,1183313,1.0,0.6172407850781916
136242,1183320,1.0,0.6805181859355635
136246,1183325,1.0,0.5253505804818797
136273,1183367,1.0,0.7068710110617096
136288,1183388,1.0,0.5079109545707771
136520,1183647,1.0,0.623499678505621
136522,1183649,1.0,0.6022145018009561
136620,1183762,1.0,0.7705629961916202
136636,1183778,1.0,0.5636578197684917
136767,1183923,1.0,0.7412583600312074
136778,1183936,1.0,0.5539714436249944
136817,1183982,1.0,0.6284912878459783
136819,1183984,1.0,0.5585027189071963
136865,1184032,1.0,0.6848780392343119
136882,1184049,1.0,0.7842567879540374
137056,1184260,1.0,0.797046535233235
137061,1184266,1.0,0.6079784988880004
137067,1184278,1.0,0.5657443621748766
137071,1184284,1.0,0.7182601009356461
137079,1184303,1.0,0.8435876396716186
137084,1184314,1.0,0.5097354859269881
137099,1184342,1.0,0.592163007761509
137107,1184357,1.0,0.7006382547743096
137174,1184434,1.0,0.8809521375534078
137215,1184482,1.0,0.5566517961325067
137233,1184502,1.0,0.5755942465887189
137532,1184848,1.0,0.6002469594230151
137559,1184878,1.0,0.5449657723128908
137575,1184895,1.0,0.5745433164494145
137613,1184936,1.0,0.5993656088230597
137674,1185007,1.0,0.7318329207876508
137678,1185013,1.0,0.8471563499586439
137680,1185021,1.0,0.6110161847895943
137684,1185027,1.0,0.5923435061355851
137694,1185044,1.0,0.7006991962165393
137729,1185097,1.0,0.5662206661443263
137840,1185220,1.0,0.8821014917181014
137918,1185305,1.0,0.7375732074651709
137982,1185375,1.0,0.8749621210701559
138071,1185472,1.0,0.7834760295553884
138122,1185528,1.0,0.6287257829642853
138135,1185541,1.0,0.5912826651234915
138200,1185610,1.0,0.6247240225859712
138211,1185622,1.0,0.5693270341311631
138240,1185655,1.0,0.6865108722812486
138256,1185673,1.0,0.7351692273640639
138320,1185753,1.0,0.5639919199528752
138348,1185801,1.0,0.6261550647862314
138356,1185817,1.0,0.6699076850075013
138357,1185819,1.0,0.8744036665531741
138360,1185826,1.0,0.6484803347428938
138371,1185839,1.0,0.5286338372213919
138380,1185851,1.0,0.5005563582604099
138390,1185871,1.0,0.5787697047837866
138400,1185893,1.0,0.6839585855470839
138405,1185902,1.0,0.7464880460433858
138407,1185904,1.0,0.8682688336388975
138408,1185908,1.0,0.7069050541958315
138410,1185910,1.0,0.760133629179132
138413,1185914,1.0,0.5229214282855864
138416,1185917,1.0,0.7016673867013429
138427,1185938,1.0,0.54424943228379
138447,1185975,1.0,0.5149125472577841
138456,1185991,1.0,0.5197537948005027
138464,1186003,1.0,0.8633406287911968
138465,1186004,1.0,0.7525915224438139
138594,1186176,1.0,0.7310184570847262
138600,1186182,1.0,0.6988628591228365
138645,1186230,1.0,0.683875932755141
138649,1186234,1.0,0.5614422918209274
138655,1186240,1.0,0.6518293158862578
138681,1186266,1.0,0.7763164888780819
138695,1186281,1.0,0.7244859492381824
138704,1186292,1.0,0.6157613860193066
138846,1186446,1.0,0.5719648156086898
138903,1186510,1.0,0.6184653805888181
139126,1186760,1.0,0.6014137240426364
139283,1186935,1.0,0.5253366716460006
139339,1187006,1.0,0.741014865013222
139344,1187011,1.0,0.6124022967125304
139359,1187037,1.0,0.7209172205308307
139370,1187052,1.0,0.5941442124199714
139371,1187053,1.0,0.8682864301964542
139376,1187060,1.0,0.6064866780550086
139378,1187062,1.0,0.682967184691078
139406,1187111,1.0,0.6132783251898503
139414,1187124,1.0,0.8569827258250162
139429,1187151,1.0,0.5156610580351138
139617,1187375,1.0,0.624439639543447
139823,1187599,1.0,0.5235937196644032
139895,1187680,1.0,0.7315223906807281
139991,1187778,1.0,0.6770756367197317
140013,1187800,1.0,0.6985846620302428
140084,1187880,1.0,0.6679698134139304
140344,1188176,1.0,0.7380722200848391
140349,1188182,1.0,0.6948731054871952
140350,1188183,1.0,0.7458169394832175
140356,1188195,1.0,0.5644439660165487
140371,1188213,1.0,0.616087758585069
140384,1188228,1.0,0.7901230096862758
140392,1188240,1.0,0.8858880895430061
140394,1188242,1.0,0.8714579908777305
140400,1188253,1.0,0.8463537979694156
140404,1188259,1.0,0.7941769637598419
140412,1188270,1.0,0.7512053799193541
140422,1188287,1.0,0.5378816937800729
140488,1188368,1.0,0.6679224590694655
140528,1188416,1.0,0.5730569566977745
140539,1188428,1.0,0.6436281288163919
140595,1188485,1.0,0.5830686930949136
140677,1188588,1.0,0.6995631403332008
140692,1188603,1.0,0.5915435870235373
140730,1188645,1.0,0.5146564002220133
140749,1188665,1.0,0.6963552034984211
140765,1188683,1.0,0.6400343674022742
140861,1188785,1.0,0.626537850080806
140959,1188891,1.0,0.5293526724163018
141032,1188973,1.0,0.6663713062576453
141127,1189073,1.0,0.7351572276121642
141145,1189093,1.0,0.7939671491555108
141313,1189273,1.0,0.7217539537453804
141319,1189281,1.0,0.9455202518807949
141332,1189300,1.0,0.6522849324654603
141360,1189358,1.0,0.7417801026005478
141363,1189361,1.0,0.6528869432876381
141368,1189366,1.0,0.7620631163690559
141532,1189553,1.0,0.7549199680821466
141635,1189661,1.0,0.6408504730772174
142123,1190205,1.0,0.5302096192629139
142140,1190234,1.0,0.621536372082181
142141,1190235,1.0,0.5045307070256879
142145,1190242,1.0,0.7646708655993694
142154,1190259,1.0,0.7619588061022511
142159,1190266,1.0,0.6689685355745694
142167,1190278,1.0,0.5112863913693537
142169,1190281,1.0,0.6664491856438969
142173,1190287,1.0,0.5287413619032748
142211,1190352,1.0,0.6122379460375258
142272,1190424,1.0,0.631805355164962
142311,1190466,1.0,0.6020507996319948
142424,1190585,1.0,0.6829741877414334
142455,1190618,1.0,0.8549179655123417
142475,1190639,1.0,0.6085191427889852
142568,1190742,1.0,0.6677717806275741
142610,1190789,1.0,0.6264459239309763
142628,1190809,1.0,0.707992318832715
142703,1190892,1.0,0.5757271914262336
142760,1190955,1.0,0.59985722496514
142866,1191071,1.0,0.5897233052555317
143078,1191300,1.0,0.7035863782633021
143156,1191390,1.0,0.6299857731190465
143166,1191409,1.0,0.7486898541269207
143168,1191413,1.0,0.5909817113543099
143173,1191418,1.0,0.9323574808352373
143182,1191436,1.0,0.5246646015620784
143191,1191452,1.0,0.7673177931311185
143204,1191470,1.0,0.5986217193168225
143211,1191481,1.0,0.5328975654901172
143213,1191484,1.0,0.7452928366429681
143220,1191497,1.0,0.6314285753271063
143226,1191513,1.0,0.698702270982818
143227,1191514,1.0,0.5532361640520953
143232,1191524,1.0,0.7418105772604746
143238,1191530,1.0,0.6918024343484758
143240,1191533,1.0,0.7132784214286713
143243,1191536,1.0,0.6310865775029295
143266,1191568,1.0,0.7796527149377015
143275,1191582,1.0,0.5718924475925752
143292,1191610,1.0,0.806896648787089
143293,1191612,1.0,0.6882189094128909
143302,1191626,1.0,0.7458277342598304
143388,1191724,1.0,0.759165107222179
143513,1191864,1.0,0.6005639103397677
143590,1191948,1.0,0.5595609347530013
143620,1191992,1.0,0.7551334394297525
143629,1192010,1.0,0.7472075942858296
143635,1192028,1.0,0.6133383315186519
143637,1192031,1.0,0.5201077923984916
143771,1192193,1.0,0.5820262290190384
143904,1192351,1.0,0.6807063013151958
143921,1192369,1.0,0.7658233419613849
143927,1192375,1.0,0.6407845996566299
143990,1192446,1.0,0.5004938475307468
144016,1192477,1.0,0.5042503299744118
144043,1192508,1.0,0.7228031959067982
144108,1192582,1.0,0.6473755237843771
144169,1192653,1.0,0.737066109688443
144201,1192707,1.0,0.5107381750462665
144207,1192721,1.0,0.6845990032487931
144250,1192779,1.0,0.893113620083757
144263,1192794,1.0,0.6406525691525797
144269,1192802,1.0,0.5904147113971154
144299,1192839,1.0,0.7828871534278172
144336,1192880,1.0,0.7453522650474907
144382,1192935,1.0,0.7934290954346104
144477,1193046,1.0,0.7247022447291115
144489,1193063,1.0,0.5828720781433663
144530,1193117,1.0,0.7563299603934586
144537,1193124,1.0,0.5750566365973258
144713,1193316,1.0,0.7201932517220676
144815,1193426,1.0,0.5734046579259797
144928,1193550,1.0,0.756857658330978
145015,1193649,1.0,0.5731904753167164
145141,1193786,1.0,0.8126653075185827
145176,1193822,1.0,0.5272094311963206
145305,1193964,1.0,0.6015898084580101
145367,1194062,1.0,0.6009004615301838
145368,1194064,1.0,0.8595168085074141
145371,1194068,1.0,0.6539008709460739
145388,1194094,1.0,0.8752519594292884
145402,1194111,1.0,0.658691906845748
145443,1194156,1.0,0.7000144331548487
145568,1194304,1.0,0.583718348392552
145573,1194310,1.0,0.9871809438524333
145576,1194313,1.0,0.7423174117247754
145634,1194376,1.0,0.659702019366218
145670,1194416,1.0,0.5336589016243773
145687,1194435,1.0,0.7315729455029603
145765,1194520,1.0,0.9352451219612451
145780,1194537,1.0,0.6403756730042319
145980,1194757,1.0,0.687741501829218
146039,1194819,1.0,0.6146735297877183
146301,1195108,1.0,0.5995395510241573
146541,1195370,1.0,0.6362582506219637
146668,1195526,1.0,0.7595298750569303
146758,1195626,1.0,0.7284520902487941
146835,1195718,1.0,0.528844817156521
146878,1195761,1.0,0.6420265710383338
146953,1195851,1.0,0.6836663320454655
146966,1195870,1.0,0.6548623622919058
147007,1195914,1.0,0.6698293690417567
147121,1196037,1.0,0.6759392613548768
147360,1196310,1.0,0.53949100100648
147526,1196493,1.0,0.7543827298126563
147569,1196539,1.0,0.7116685489574419
147584,1196554,1.0,0.5477376478503442
147623,1196595,1.0,0.7950072211501019
147958,1196952,1.0,0.7280942869197121
148124,1197155,1.0,0.7471482391259239
148131,1197162,1.0,0.551869446942675
148135,1197168,1.0,0.5226591278061291
148157,1197192,1.0,0.6577579437361417
148203,1197249,1.0,0.6806141809508922
148268,1197318,1.0,0.7003672533272189
148294,1197347,1.0,0.5298300295845119
148378,1197437,1.0,0.6667614883145115
148379,1197438,1.0,0.7042003827946108
148405,1197464,1.0,0.5603223854714484
148753,1197840,1.0,0.6180018813586958
148773,1197861,1.0,0.6127826243438722
148778,1197866,1.0,0.6659446863497841
149359,1198488,1.0,0.5613743810506179
149365,1198495,1.0,0.7423090055780824
149369,1198500,1.0,0.6735387559728991
149373,1198505,1.0,0.6338896707080991
149391,1198532,1.0,0.5961659167949623
149563,1198711,1.0,0.5314653091038004
149651,1198806,1.0,0.8240772014797446
149734,1198898,1.0,0.7559737872069654
149795,1198964,1.0,0.6887975550066956
149863,1199035,1.0,0.6292855015551588
149927,1199105,1.0,0.7079472410017967
149955,1199138,1.0,0.7771596950170081
149960,1199143,1.0,0.75937903255164
149966,1199149,1.0,0.7223380300739841
150196,1199404,1.0,0.5884655671267496
150544,1199800,1.0,0.7380742093693224
150581,1199842,1.0,0.6148406375470902
150618,1199892,1.0,0.8559686754192503
150620,1199896,1.0,0.673522784761653
150649,1199946,1.0,0.7057104347467439
150660,1199958,1.0,0.7419145660664821
150714,1200024,1.0,0.673855677669772
150716,1200026,1.0,0.8097380839045887
150719,1200033,1.0,0.8587784937966435
150723,1200039,1.0,0.7990255413796146
150728,1200050,1.0,0.5087785444708139
150735,1200059,1.0,0.5331489304866383
150797,1200139,1.0,0.7114612694139888
150812,1200155,1.0,0.735043234856593
150996,1200366,1.0,0.6226530948530102
151093,1200469,1.0,0.7855234038338504
151139,1200521,1.0,0.5057000177519101
151169,1200554,1.0,0.6639071673467878
151316,1200714,1.0,0.6042273438727095
151386,1200787,1.0,0.7034128553175834
151478,1200891,1.0,0.5434220004125979
151479,1200894,1.0,0.5102356984621481
151483,1200902,1.0,0.7115700426227529
151487,1200908,1.0,0.5228217563952855
151603,1201040,1.0,0.7407990258681773
151607,1201047,1.0,0.7253546166528797
151610,1201052,1.0,0.80468542414344
151612,1201055,1.0,0.5293965339801698
151641,1201097,1.0,0.7129653198783655
151645,1201105,1.0,0.6209031238077479
151661,1201151,1.0,0.6407394356797088
151666,1201157,1.0,0.5948094368689425
151669,1201163,1.0,0.6836322447720007
151691,1201200,1.0,0.5316553665032163
151799,1201312,1.0,0.5820879337124015
151802,1201315,1.0,0.7197850423227274
151803,1201316,1.0,0.530973418384279
152030,1201556,1.0,0.5606851942176855
152046,1201573,1.0,0.5277023550476507
152146,1201680,1.0,0.6685266416789417
152259,1201802,1.0,0.5192633968770376
152268,1201811,1.0,0.6056514392567403
152314,1201860,1.0,0.6642004019194722
152339,1201888,1.0,0.5852699707872996
152539,1202103,1.0,0.6639615626206922
152615,1202186,1.0,0.7787424008274182
152627,1202217,1.0,0.608271391130717
152630,1202225,1.0,0.8073971550120023
152637,1202237,1.0,0.6113138193390303
152655,1202268,1.0,0.69125299134506
152682,1202303,1.0,0.8454640098388777
152697,1202326,1.0,0.7662921211850239
152879,1202528,1.0,0.806122579023668
152995,1202649,1.0,0.5387969627843061
153025,1202682,1.0,0.6622024516321771
153145,1202818,1.0,0.7209187228435131
153167,1202842,1.0,0.6760533986364599
153183,1202859,1.0,0.7238590957604205
153208,1202891,1.0,0.6705031680038547
153240,1202930,1.0,0.5560937975633864
153330,1203029,1.0,0.6121354739455039
153352,1203054,1.0,0.5784326022141764
153427,1203162,1.0,0.6578035763677699
153515,1203296,1.0,0.6435769160341552
153517,1203298,1.0,0.9195058131824465
153718,1203527,1.0,0.7148821123256465
153730,1203539,1.0,0.5599646177929738
153731,1203540,1.0,0.6278134356036255
153775,1203585,1.0,0.5934612454851242
153905,1203724,1.0,0.6022664374663117
154093,1203932,1.0,0.5093233797114772
154166,1204007,1.0,0.5161599999540161
154311,1204197,1.0,0.6126069884468178
154634,1204552,1.0,0.7063474497012394
154706,1204633,1.0,0.6365191429526057
154755,1204686,1.0,0.5634086942622069
154964,1204916,1.0,0.5192198451124441
155002,1204957,1.0,0.5319242127004253
155010,1204967,1.0,0.6725315494845071
155022,1204981,1.0,0.7953972564965698
155071,1205036,1.0,0.5269540274105335
155120,1205091,1.0,0.7103295019722013
155160,1205134,1.0,0.7130468072140957
155285,1205270,1.0,0.5688005558527671
155329,1205327,1.0,0.6649060910440637
155333,1205348,1.0,0.7080517215873698
155352,1205388,1.0,0.6625126215184787
155612,1205681,1.0,0.5591144158512633
155734,1205813,1.0,0.6879021723700296
155838,1205926,1.0,0.6650746991826928
155862,1205952,1.0,0.595660201679969
155967,1206062,1.0,0.6447729954511743
156082,1206192,1.0,0.6935347688031698
156288,1206436,1.0,0.594857683617963
156321,1206481,1.0,0.5024135618949631
156328,1206492,1.0,0.7133192135376468
156339,1206520,1.0,0.6063679480152686
156343,1206527,1.0,0.5924361701746017
156372,1206567,1.0,0.5723135900179185
156395,1206601,1.0,0.709541008234351
156405,1206622,1.0,0.6790890112951625
156853,1207109,1.0,0.581207652365298
157005,1207271,1.0,0.5022760500427962
157084,1207356,1.0,0.5571780838231156
157419,1207743,1.0,0.7144492173157369
157449,1207783,1.0,0.6983044085219033
157464,1207807,1.0,0.5071973600480635
157639,1207992,1.0,0.734789839133808
157791,1208151,1.0,0.6736738399686487
157875,1208237,1.0,0.7823959907552027
157921,1208291,1.0,0.5085195982409233
158043,1208430,1.0,0.6297025536696297
158044,1208431,1.0,0.8242203543027724
158440,1208895,1.0,0.7846529215789393
158444,1208900,1.0,0.7252168513928385
158466,1208923,1.0,0.9062001129482461
158498,1208972,1.0,0.7072002459030502
158516,1209001,1.0,0.6408951244935691
158517,1209002,1.0,0.5693909867999541
158522,1209016,1.0,0.5321971847507723
158589,1209091,1.0,0.5086425899322337
158679,1209190,1.0,0.6063106273924287
158692,1209203,1.0,0.6186826272197072
158746,1209259,1.0,0.512861731096496
159072,1209612,1.0,0.672432644333027
159114,1209659,1.0,0.8896459677013805
159287,1209846,1.0,0.5919919367996436
159289,1209848,1.0,0.7188669906002381
159580,1210192,1.0,0.7340801586341874
159581,1210193,1.0,0.8511685012058202
159592,1210211,1.0,0.6670497856962032
159604,1210235,1.0,0.6538601589824902
159778,1210451,1.0,0.6298639655171175
159861,1210544,1.0,0.5238601493130487
159937,1210631,1.0,0.5246562118078089
160081,1210794,1.0,0.7132315267832928
160284,1211013,1.0,0.7170015360179534
160347,1211089,1.0,0.5595926558493176
160486,1211259,1.0,0.5636625590230315
160488,1211267,1.0,0.6685929736256238
160654,1211481,1.0,0.6812735845754881
160860,1211708,1.0,0.593069518491836
161075,1211945,1.0,0.8637382811120278
161285,1212174,1.0,0.6491794919339948
161342,1212240,1.0,0.6272611744821122
161351,1212261,1.0,0.7538245120332251
161353,1212264,1.0,0.5768192725340253
161364,1212282,1.0,0.5086611158145521
161368,1212288,1.0,0.6866443515697753
161374,1212299,1.0,0.7480698755636265
161390,1212317,1.0,0.7051359180283023
161563,1212519,1.0,0.6350734728664519
161687,1212655,1.0,0.6747687183166042
161722,1212696,1.0,0.534450152101429
161809,1212788,1.0,0.8264315979921597
161850,1212835,1.0,0.8862786432776983
161938,1212929,1.0,0.6406242556554194
161972,1212968,1.0,0.6468744767899196
162044,1213050,1.0,0.7290510504542761
162059,1213077,1.0,0.7627904086465402
162118,1213165,1.0,0.5478523388904551
162153,1213230,1.0,0.5522094017237229
162158,1213238,1.0,0.5356975471426811
162159,1213239,1.0,0.7545203717987302
162193,1213297,1.0,0.5562431280519249
162790,1214096,1.0,0.7178826304793211
162793,1214101,1.0,0.6812211624613815
162812,1214139,1.0,0.7077057551469054
162813,1214142,1.0,0.7023185959126843
162829,1214173,1.0,0.6980321338972317
162833,1214177,1.0,0.7424638138231127
162839,1214183,1.0,0.6988321192432647
162928,1214281,1.0,0.688444764867919
162937,1214292,1.0,0.6145863569084712
162991,1214354,1.0,0.7207783699973009
162997,1214361,1.0,0.5291463757866439
163038,1214407,1.0,0.6197535203091266
163226,1214619,1.0,0.5050078474189906
163354,1214764,1.0,0.72334289968484
163401,1214814,1.0,0.6429458088501647
163407,1214830,1.0,0.524456347215754
163517,1214951,1.0,0.7724016615285929
163562,1215003,1.0,0.6610564185197116
163575,1215028,1.0,0.7218182291112979
163578,1215033,1.0,0.6867621817802378
163703,1215177,1.0,0.6918697913645503
164133,1215647,1.0,0.5210581165765517
164198,1215717,1.0,0.6198402940204593
164213,1215733,1.0,0.6060271939070128
164229,1215749,1.0,0.6748167789558455
164335,1215869,1.0,0.7247161303079278
164466,1216038,1.0,0.573377646166869
164476,1216056,1.0,0.6728114551986961
164529,1216144,1.0,0.5868354985189506
164943,1216600,1.0,0.543810696628488
165071,1216746,1.0,0.6768547917288595
165123,1216803,1.0,0.5017127190557915
165171,1216876,1.0,0.6915209089965946
165197,1216926,1.0,0.7733393215827603
165198,1216927,1.0,0.6496893819177503
165201,1216933,1.0,0.6171749794007151
165381,1217149,1.0,0.5131188946998215
165401,1217172,1.0,0.5826905541418342
165412,1217185,1.0,0.6729166381994479
165431,1217208,1.0,0.6033437306626572
165445,1217222,1.0,0.7240937887576728
165474,1217254,1.0,0.6518749519610731
165520,1217320,1.0,0.7246649847077388
165548,1217402,1.0,0.7188601144888134
165557,1217415,1.0,0.5550128382503973
165614,1217506,1.0,0.8497552639646246
165639,1217545,1.0,0.5073830611979879
165770,1217682,1.0,0.5213164839801351
165870,1217789,1.0,0.5753865628107694
165877,1217796,1.0,0.6699291959406589
165946,1217876,1.0,0.5276436674758009
165976,1217908,1.0,0.5895565264948439
166081,1218028,1.0,0.6644269103797957
166110,1218063,1.0,0.6411072789095745
166113,1218066,1.0,0.9067806053339933
166130,1218101,1.0,0.6391723454954296
166132,1218108,1.0,0.530415579795962
166157,1218153,1.0,0.6511116652753626
166167,1218170,1.0,0.8195804267161118
166216,1218228,1.0,0.6416501616540318
166367,1218401,1.0,0.7380054412857013
166384,1218420,1.0,0.7253193418183996
166584,1218649,1.0,0.527654367699567
166694,1218768,1.0,0.7595023433896657
166700,1218774,1.0,0.7436878494611143
166843,1218955,1.0,0.6042269117413451
166938,1219072,1.0,0.7497646420215045
166943,1219087,1.0,0.5878493225549132
167014,1219166,1.0,0.8987209554278227
167085,1219238,1.0,0.6553523345980289
167120,1219279,1.0,0.5282578266074252
167143,1219306,1.0,0.5188767474534264
167147,1219310,1.0,0.7197877096429027
167172,1219337,1.0,0.7142491108823178
167194,1219360,1.0,0.5967360515107868
167197,1219364,1.0,0.5214087075508737
167251,1219424,1.0,0.5258270969552005
167258,1219431,1.0,0.6392941387113902
167361,1219572,1.0,0.7742619360790427
167615,1219878,1.0,0.5336111900359548
167871,1220163,1.0,0.5042171030397923
167999,1220304,1.0,0.6800440296678608
168026,1220341,1.0,0.58760030396099
168028,1220344,1.0,0.6569517797364476
168047,1220375,1.0,0.6593110941748027
168084,1220432,1.0,0.6832041460526634
168086,1220435,1.0,0.7920706824972655
168269,1220649,1.0,0.7258395718929624
168538,1220953,1.0,0.6345546977001899
168552,1220973,1.0,0.5695994202876222
168555,1220976,1.0,0.5454305028985303
168568,1220990,1.0,0.8440062992456858
168571,1220997,1.0,0.6266556909562702
168601,1221079,1.0,0.5568341898958497
168629,1221123,1.0,0.6577708816682731
168639,1221141,1.0,0.7139557149030727
168640,1221142,1.0,0.7102021777126891
168641,1221144,1.0,0.548417440265365
168657,1221176,1.0,0.7118997937139987
168686,1221209,1.0,0.6323325288337708
168703,1221226,1.0,0.6249749195473606
168726,1221253,1.0,0.5799308540816202
168866,1221408,1.0,0.5063111634307165
168902,1221446,1.0,0.6109095300873906
168909,1221460,1.0,0.665048469677353
168923,1221497,1.0,0.5236470219260109
168925,1221505,1.0,0.6348127217681558
168937,1221522,1.0,0.5856742975167628
168950,1221544,1.0,0.8965294293215126
168960,1221557,1.0,0.5662312686253554
168964,1221561,1.0,0.519109751278509
168973,1221574,1.0,0.721105942087264
168976,1221585,1.0,0.5858142080666913
169070,1221690,1.0,0.6072498122921016
169308,1221946,1.0,0.6325605195816842
169499,1222157,1.0,0.7006889600254241
169595,1222269,1.0,0.662413052895048
169669,1222346,1.0,0.6523203085829178
169740,1222420,1.0,0.6979489106099426
169848,1222557,1.0,0.5704745855155666
169874,1222602,1.0,0.8024012349754597
169877,1222609,1.0,0.7219021523225426
170262,1223033,1.0,0.7281637323788369
170302,1223078,1.0,0.7240781428260383
170345,1223131,1.0,0.6038961719466255
170359,1223148,1.0,0.7155558731496223
170445,1223274,1.0,0.5263170739208228
170459,1223304,1.0,0.6732337772074871
170461,1223307,1.0,0.7345363199152178
170658,1223527,1.0,0.5158151969340486
170717,1223588,1.0,0.7031157706852152
170857,1223747,1.0,0.618016625587078
170877,1223773,1.0,0.612715069855857
170884,1223781,1.0,0.671412775850038
170901,1223803,1.0,0.615402474367985
170914,1223837,1.0,0.5129762578057834
170920,1223848,1.0,0.5785188525812063
170925,1223856,1.0,0.5740217010887024
170949,1223897,1.0,0.6150529575647403
171186,1224155,1.0,0.6298886182831909
171504,1224500,1.0,0.5250023638750673
171525,1224526,1.0,0.8028273417409322
171535,1224540,1.0,0.5978422225618459
171592,1224655,1.0,0.7513641514623466
171623,1224707,1.0,0.6233037153526872
171639,1224739,1.0,0.6100354725165603
171640,1224740,1.0,0.7867615336693843
172003,1225146,1.0,0.7733976350766231
172023,1225168,1.0,0.6398214446769568
172033,1225182,1.0,0.5618036550187956
172039,1225196,1.0,0.5845315068304516
172040,1225200,1.0,0.5246556378681475
172065,1225251,1.0,0.7513729350912669
172177,1225393,1.0,0.8285381694862617
172198,1225416,1.0,0.514500671704556
172274,1225499,1.0,0.6610892600758906
172441,1225685,1.0,0.6414255886921683
172448,1225693,1.0,0.6819251844747466
172670,1225960,1.0,0.5159193493339128
172699,1225990,1.0,0.514672560167208
172840,1226140,1.0,0.6955720818900745
172912,1226223,1.0,0.5347377593607779
173042,1226363,1.0,0.711771482132248
173182,1226522,1.0,0.6455771315065507
173188,1226529,1.0,0.6163717008672824
173192,1226535,1.0,0.7531591188911169
173198,1226566,1.0,0.7071031992004834
173217,1226590,1.0,0.5976119439773913
173237,1226620,1.0,0.636626638210094
173376,1226782,1.0,0.6706773605817261
173394,1226801,1.0,0.7463055281867015
173415,1226826,1.0,0.605326856530013
173427,1226840,1.0,0.6881161430320972
173449,1226869,1.0,0.7675190772032431
173478,1226920,1.0,0.6630580821283567
173557,1227034,1.0,0.6500069292649464
173649,1227132,1.0,0.5649655052625294
173667,1227155,1.0,0.6976260645913469
173711,1227204,1.0,0.5874365074630611
173715,1227208,1.0,0.5314660831833172
173860,1227365,1.0,0.7245566441099724
173864,1227371,1.0,0.5625058337778368
173890,1227421,1.0,0.7209568071419712
173891,1227426,1.0,0.7462474915198697
173897,1227433,1.0,0.5767588872931353
173978,1227530,1.0,0.6442371806348215
174021,1227589,1.0,0.6404035347620312
174025,1227599,1.0,0.5579116134316072
174037,1227623,1.0,0.9064896660608625
174053,1227651,1.0,0.630840713542337
174084,1227699,1.0,0.7506986964505437
174090,1227706,1.0,0.7177859665788459
174129,1227752,1.0,0.6523498879408821
174172,1227798,1.0,0.7054600231382403
174173,1227799,1.0,0.8853358873311667
174233,1227867,1.0,0.6304024760330639
174313,1227969,1.0,0.5117760317876019
174318,1227975,1.0,0.6637378284125056
174394,1228060,1.0,0.539748544412074
174397,1228063,1.0,0.7146163247761692
174401,1228067,1.0,0.6126431611416074
174402,1228068,1.0,0.5659086479643629
174434,1228139,1.0,0.5612524274369506
174435,1228140,1.0,0.5713177857442514
174458,1228175,1.0,0.6731062357362907
174466,1228187,1.0,0.571864294559321
174475,1228202,1.0,0.6008904283151816
174521,1228256,1.0,0.7532942157073124
174535,1228271,1.0,0.7102888359384889
174559,1228302,1.0,0.6359355819997229
174561,1228304,1.0,0.7620297845272743
174597,1228347,1.0,0.6264073304860267
174660,1228418,1.0,0.6772852673712674
174779,1228556,1.0,0.6878671398842138
174892,1228685,1.0,0.7329647976506446
174894,1228687,1.0,0.6901879479435946
174903,1228697,1.0,0.5695365274076107
174938,1228773,1.0,0.7380887609775264
174943,1228782,1.0,0.7177377614966785
175049,1228911,1.0,0.728404999362878
175144,1229018,1.0,0.8343529680432656
175145,1229021,1.0,0.8128972170057643
175147,1229023,1.0,0.6445665909251429
175175,1229056,1.0,0.8121841276691295
175192,1229075,1.0,0.6293481488009536
175312,1229209,1.0,0.8189975508631583
175374,1229281,1.0,0.6948251809058809
175390,1229300,1.0,0.5316843989926159
175446,1229383,1.0,0.7172679167383341
175461,1229418,1.0,0.7166866849714446
175462,1229419,1.0,0.6719231759172264
175478,1229439,1.0,0.784310000646975
175479,1229442,1.0,0.8897751046096172
175480,1229443,1.0,0.5896252653520557
175489,1229455,1.0,0.7698087094689906
175506,1229477,1.0,0.5893329541086249
175527,1229504,1.0,0.5490318677331565
175680,1229687,1.0,0.625634670539786
175743,1229779,1.0,0.7267090173523807
175744,1229780,1.0,0.584488084149733
175753,1229793,1.0,0.657307924841036
175804,1229852,1.0,0.7332440228774721
175814,1229865,1.0,0.6980405270272495
175844,1229907,1.0,0.7493911071908272
175858,1229928,1.0,0.8144600701119421
175861,1229934,1.0,0.6860658504415836
175900,1229998,1.0,0.6861014250789015
175959,1230079,1.0,0.7629627688191082
175972,1230093,1.0,0.6761677987825074
175991,1230120,1.0,0.6429103602516246
175992,1230122,1.0,0.7265690782721096
176020,1230181,1.0,0.7917374960074273
176023,1230184,1.0,0.6951516869196713
176031,1230197,1.0,0.8369450841026702
176032,1230198,1.0,0.5156789733058662
176038,1230211,1.0,0.6282339310491378
176106,1230307,1.0,0.7875175098470317
176121,1230323,1.0,0.5756158038951347
176123,1230326,1.0,0.6809044075914478
176163,1230382,1.0,0.7142912766493225
176180,1230402,1.0,0.7251891014700795
176196,1230422,1.0,0.7619805422083076
176209,1230436,1.0,0.546365983767661
176258,1230563,1.0,0.602259151554453
176307,1230631,1.0,0.74859361863935
176322,1230647,1.0,0.5754627038637543
176411,1230756,1.0,0.6911707517150959
176441,1230787,1.0,0.6969085225546799
176453,1230799,1.0,0.644240091967371
176464,1230811,1.0,0.7334351560516256
176483,1230852,1.0,0.5564445235368478
176486,1230868,1.0,0.6294707805512325
176496,1230885,1.0,0.6195133792512063
176500,1230889,1.0,0.7801685601528046
176523,1230927,1.0,0.8827160350420374
176524,1230929,1.0,0.7219536816892511
176546,1230956,1.0,0.5765981010368999
176600,1231018,1.0,0.7164595645045586
176739,1231188,1.0,0.7314278157981542
176776,1231233,1.0,0.6984823256504998
176806,1231298,1.0,0.7044509648020141
176815,1231315,1.0,0.6984140350266687
176817,1231318,1.0,0.5655700475327461
176823,1231325,1.0,0.8147882648031858
176859,1231367,1.0,0.7411726937436299
176911,1231427,1.0,0.7116066381591555
176937,1231460,1.0,0.5611415435472958
176955,1231481,1.0,0.6749506847189822
176984,1231512,1.0,0.7380564560798684
177023,1231577,1.0,0.6553783806330358
177025,1231580,1.0,0.7537199605777665
177053,1231624,1.0,0.7487360368084673
177077,1231667,1.0,0.8467491963947953
177084,1231678,1.0,0.7374188806308075
177102,1231719,1.0,0.8175208864505062
177131,1231755,1.0,0.5482531822572068
177144,1231770,1.0,0.7431162477257335
177290,1231939,1.0,0.5316732597163288
177377,1232035,1.0,0.576152231087288
177386,1232055,1.0,0.866391884339876
177393,1232082,1.0,0.5849327902662437
177410,1232108,1.0,0.7753572900229944
177418,1232118,1.0,0.7314094226204098
177421,1232123,1.0,0.6970475998993579
177428,1232133,1.0,0.6244655263517641
177436,1232150,1.0,0.6734012937149397
177440,1232156,1.0,0.8012839934405228
177530,1232274,1.0,0.6927315281169082
177613,1232372,1.0,0.7180298177802535
177616,1232388,1.0,0.5996247671225867
177617,1232389,1.0,0.6776189770591367
177629,1232409,1.0,0.7126585543843814
177650,1232434,1.0,0.6987275902924314
177730,1232523,1.0,0.5434970317101188
177808,1232616,1.0,0.6110303910720061
177813,1232626,1.0,0.6339993678945298
177814,1232627,1.0,0.653582971480773
177821,1232640,1.0,0.5400029152947491
177861,1232689,1.0,0.5637235859077332
177895,1232730,1.0,0.8152498274726698
177911,1232750,1.0,0.7283028904663016
177996,1232846,1.0,0.6683437517265083
178011,1232864,1.0,0.6701705019697118
178039,1232895,1.0,0.769965736336267
178056,1232914,1.0,0.5046884156240037
178057,1232916,1.0,0.7716548953884296
178074,1232935,1.0,0.68042200360406
178078,1232954,1.0,0.6058526061756007
178081,1232961,1.0,0.6240263229391358
178090,1232996,1.0,0.5965826549685836
178093,1232999,1.0,0.7749250434733026
178102,1233016,1.0,0.5063950650766522
178104,1233019,1.0,0.7227983863273878
178120,1233052,1.0,0.7141826966353592
178123,1233056,1.0,0.6777966345605816
178128,1233066,1.0,0.6900878308924971
178178,1233124,1.0,0.5875094886608729
178215,1233165,1.0,0.6364136587525732
178303,1233264,1.0,0.6400527692258701
178325,1233291,1.0,0.7206261082506323
178326,1233292,1.0,0.7089596331959837
178382,1233389,1.0,0.6827718380292324
178396,1233413,1.0,0.7278607722867168
178474,1233510,1.0,0.9128806210101329
178558,1233645,1.0,0.5856214774566285
178572,1233666,1.0,0.6197595691194226
178587,1233685,1.0,0.7317341813403418
178594,1233703,1.0,0.5283457050538514
178608,1233722,1.0,0.5031984421721208
178610,1233725,1.0,0.6159040820697388
178627,1233749,1.0,0.5018112995614395
178630,1233755,1.0,0.5128396677143804
178648,1233778,1.0,0.7174735583175942
178654,1233789,1.0,0.7374127918113758
178686,1233830,1.0,0.5497042478974112
178759,1233913,1.0,0.7478368114975229
178794,1233958,1.0,0.5071099616868385
178795,1233960,1.0,0.7048660219248657
178800,1233968,1.0,0.7731831045489078
178809,1233994,1.0,0.5095216140360144
178823,1234015,1.0,0.6806200684094234
178839,1234043,1.0,0.6887089805729067
178840,1234047,1.0,0.7272408779705204
178916,1234149,1.0,0.5070894079354535
178922,1234163,1.0,0.5857284854013849
178937,1234182,1.0,0.6978523514944952
178939,1234187,1.0,0.8742173849148264
178950,1234205,1.0,0.6386366870754413
178953,1234208,1.0,0.5142718054327763
178955,1234213,1.0,0.7028957165056107
179005,1234289,1.0,0.6149129623752304
179008,1234292,1.0,0.6145064186881866
179024,1234313,1.0,0.621124786857089
179031,1234327,1.0,0.5383489682471527
179033,1234330,1.0,0.6997264657394875
179050,1234366,1.0,0.7516372988668288
179076,1234419,1.0,0.7243866128448586
179082,1234431,1.0,0.5520220031281619
179093,1234450,1.0,0.7068594627351623
179101,1234466,1.0,0.5648054057034194
179108,1234479,1.0,0.5971016267629344
179119,1234496,1.0,0.5212323094500467
179134,1234540,1.0,0.6452624071904549
179148,1234559,1.0,0.6571238467522752
179187,1234625,1.0,0.6589492143459
179198,1234643,1.0,0.8531892089125163
179234,1234698,1.0,0.5027473851742337
179255,1234738,1.0,0.587487945597005
179266,1234755,1.0,0.8250754274619784
179274,1234781,1.0,0.7512320883076149
179278,1234788,1.0,0.5293549684161726
179288,1234804,1.0,0.7507349159377926
179293,1234813,1.0,0.7418893955342694
179295,1234819,1.0,0.6253831300436944
179296,1234820,1.0,0.6922274128866373
179298,1234822,1.0,0.7416097319509171
179300,1234825,1.0,0.7597594838857391
179314,1234857,1.0,0.523215230148671
179317,1234864,1.0,0.8474542696866599
179322,1234871,1.0,0.6455116855449703
179333,1234891,1.0,0.5161296719433114
179341,1234901,1.0,0.6120002706841771
179345,1234907,1.0,0.6694189216848234
179378,1234964,1.0,0.6936954181719595
179381,1234973,1.0,0.7486776098349097
179382,1234975,1.0,0.7715226399848469
179396,1234997,1.0,0.6144891839973047
179402,1235009,1.0,0.6204015232658113
179407,1235020,1.0,0.750750925080202
179422,1235044,1.0,0.508089906511983
179433,1235068,1.0,0.7059692434673487
179444,1235089,1.0,0.768790572127507
179451,1235099,1.0,0.7373411628585135
179454,1235108,1.0,0.7286383687281812
179494,1235174,1.0,0.5137741096695101
179520,1235215,1.0,0.5646269534605707
179522,1235221,1.0,0.7247608247344174
179553,1235273,1.0,0.5154306675777617
179556,1235276,1.0,0.778552425500103
179559,1235281,1.0,0.6910237848621478
179561,1235286,1.0,0.5676036091233116
179583,1235332,1.0,0.6346324333631344
179586,1235339,1.0,0.7219524384467215
179598,1235360,1.0,0.6070282692888423
179600,1235363,1.0,0.7700035071265183
179611,1235383,1.0,0.661511052842884
179620,1235397,1.0,0.705429347214564
179624,1235402,1.0,0.8919629708334326
179660,1235458,1.0,0.8004501045334673
179743,1235548,1.0,0.5785452311102776
179860,1235677,1.0,0.5946517078711716
180017,1235845,1.0,0.7237577396856496
180138,1235977,1.0,0.712338572972855
180185,1236039,1.0,0.7935400371704052
180186,1236040,1.0,0.5065358241265406
180310,1236179,1.0,0.9125178522776332
180435,1236331,1.0,0.7826808848862353
180444,1236345,1.0,0.7726972816446038
180454,1236361,1.0,0.7387765229463576
180467,1236379,1.0,0.7806580417886579
180486,1236411,1.0,0.5067980634416399
180491,1236423,1.0,0.5155338593213226
180513,1236462,1.0,0.7433384020889726
180523,1236480,1.0,0.6316358300443102
180528,1236487,1.0,0.7226313966617804
180531,1236491,1.0,0.6293863530231553
180533,1236493,1.0,0.7659069919707938
180601,1236605,1.0,0.7102770122005685
180621,1236633,1.0,0.7032984072728288
180623,1236636,1.0,0.635245025771515
180625,1236640,1.0,0.833407073878038
180626,1236641,1.0,0.524773536203755
180628,1236645,1.0,0.6758743031480556
180636,1236671,1.0,0.5055762889924382
180640,1236683,1.0,0.5741326239473824
180651,1236700,1.0,0.7012115710178325
180654,1236708,1.0,0.5698033880862037
180657,1236711,1.0,0.70729136222664
180665,1236720,1.0,0.8154127507001165
180666,1236722,1.0,0.7201546475238159
180673,1236730,1.0,0.5187990751018082
180679,1236744,1.0,0.537772500581994
180699,1236786,1.0,0.6769526243131645
180705,1236796,1.0,0.5013908088973731
180710,1236805,1.0,0.7171539708476277
180757,1236865,1.0,0.7115906256936817
180800,1236930,1.0,0.5409769567795946
180843,1236978,1.0,0.8535509497242633
180871,1237037,1.0,0.6337882902169315
180873,1237040,1.0,0.654928757161991
180880,1237050,1.0,0.7584889059011117
180883,1237053,1.0,0.6364364192133557
180899,1237073,1.0,0.6635636478149922
180914,1237100,1.0,0.663373940833067
180931,1237127,1.0,0.6923797546719644
180956,1237162,1.0,0.6296716722525811
180973,1237187,1.0,0.5250167947754234
181019,1237236,1.0,0.7563916438558779
181025,1237244,1.0,0.5075655601343604
181031,1237252,1.0,0.7127174406458735
181042,1237272,1.0,0.5041625727215043
181063,1237307,1.0,0.5246689595796401
181076,1237326,1.0,0.6574305306857853
181104,1237386,1.0,0.8403946223715492
181128,1237423,1.0,0.8223533087700483
181134,1237432,1.0,0.6553806925916787
181142,1237445,1.0,0.6016135516257822
181153,1237464,1.0,0.6068950134619552
181156,1237470,1.0,0.6685768663809498
181159,1237473,1.0,0.6749159194849823
181163,1237480,1.0,0.6943467185658972
181167,1237485,1.0,0.839335211191659
181196,1237532,1.0,0.6997453002087435
181201,1237543,1.0,0.8229763632505857
181212,1237560,1.0,0.5027697876414936
181223,1237582,1.0,0.8118618742118744
181237,1237609,1.0,0.546369729771666
181246,1237627,1.0,0.7574365444779825
181248,1237630,1.0,0.724182972028465
181274,1237672,1.0,0.6796825336894103
181304,1237717,1.0,0.7176349275371462
181331,1237760,1.0,0.6302583394552023
181352,1237800,1.0,0.8477403726870072
181361,1237813,1.0,0.6756182219991588
181376,1237838,1.0,0.679536118834829
181388,1237860,1.0,0.5131133549730575
181389,1237861,1.0,0.5167632556570748
181397,1237871,1.0,0.6715582228437078
181408,1237895,1.0,0.7279916688062695
181427,1237942,1.0,0.5053891711965025
181429,1237946,1.0,0.6800305749789622
181447,1237984,1.0,0.6294329377647578
181463,1238013,1.0,0.7934937947421412
181497,1238070,1.0,0.8116792255645923
181498,1238072,1.0,0.8042581766883604
181503,1238081,1.0,0.7897019907442225
181516,1238105,1.0,0.7862141296539531
181526,1238122,1.0,0.5785733267581422
181528,1238124,1.0,0.7088110090087986
181555,1238166,1.0,0.7419694462911162
181573,1238214,1.0,0.6865250256191191
181598,1238255,1.0,0.673526722783916
181618,1238285,1.0,0.7019405071229068
181621,1238288,1.0,0.6361933665942557
181631,1238302,1.0,0.5911588566196252
181637,1238314,1.0,0.7176259916668283
181645,1238328,1.0,0.5425615222140246
181650,1238341,1.0,0.9024144389014805
181653,1238346,1.0,0.6977160856874767
181655,1238356,1.0,0.6381837733345306
181681,1238405,1.0,0.7721241673043455
181697,1238439,1.0,0.7288984006399626
181699,1238443,1.0,0.7544774851255553
181711,1238464,1.0,0.7340424494568111
181764,1238548,1.0,0.6717194448907108
181771,1238558,1.0,0.7176111878695529
181775,1238563,1.0,0.7570383988116584
181779,1238573,1.0,0.8149664931207214
181786,1238586,1.0,0.6885926914469109
181788,1238591,1.0,0.5639414032410653
181789,1238592,1.0,0.5976512480443777
181795,1238614,1.0,0.888953176503014
181803,1238637,1.0,0.7194354083969381
181838,1238704,1.0,0.8070090280627872
181839,1238705,1.0,0.7619726521015175
181844,1238716,1.0,0.8599598998013861
181863,1238745,1.0,0.6707456803112437
181870,1238757,1.0,0.7297021292124305
181883,1238793,1.0,0.6158147889708916
181890,1238810,1.0,0.5444567652934611
181892,1238814,1.0,0.5068076091157524
181895,1238818,1.0,0.8104431985452045
181897,1238821,1.0,0.7467713396739835
181918,1238861,1.0,0.7095669332855178
181931,1238887,1.0,0.7261330140705463
181933,1238889,1.0,0.5721974312005557
181935,1238891,1.0,0.536485653634508
181964,1238941,1.0,0.7908778518565112
181971,1238951,1.0,0.7087266372756923
181973,1238954,1.0,0.7578024669559542
181993,1238986,1.0,0.7683294123871951
182012,1239014,1.0,0.8159275474193991
182031,1239041,1.0,0.7966590354752441
182034,1239044,1.0,0.6539546440455536
182055,1239085,1.0,0.5027727395571131
182058,1239092,1.0,0.6730506284198912
182067,1239104,1.0,0.844947417711539
182068,1239107,1.0,0.7807004318757489
182100,1239151,1.0,0.5460733134165486
182106,1239160,1.0,0.7234757512996911
182112,1239170,1.0,0.7502063473550659
182114,1239174,1.0,0.8633542884436002
182121,1239198,1.0,0.7758980109641846
182137,1239224,1.0,0.7239400144800674
182139,1239229,1.0,0.7788326087860387
182143,1239235,1.0,0.7355680114803084
182148,1239241,1.0,0.6819747304245729
182160,1239261,1.0,0.6800867124586101
182166,1239273,1.0,0.525211613770481
182174,1239284,1.0,0.6523740006122964
182198,1239325,1.0,0.6759529886385017
182232,1239378,1.0,0.716619472834098
182238,1239388,1.0,0.7416869579341882
182244,1239397,1.0,0.759981144441685
182256,1239419,1.0,0.7162119712365661
182266,1239445,1.0,0.7349225052747923
182277,1239464,1.0,0.5511645705586319
182290,1239479,1.0,0.5011992092664221
182293,1239482,1.0,0.6053550738350927
182303,1239497,1.0,0.6475783447190612
182337,1239549,1.0,0.512834743775001
182339,1239552,1.0,0.5044018415927923
182346,1239563,1.0,0.7154076029621199
182348,1239567,1.0,0.744733305358136
182352,1239571,1.0,0.5510538792071572
182379,1239611,1.0,0.6381943962599238
182410,1239687,1.0,0.7015667656268556
182421,1239704,1.0,0.6267004427285706
182436,1239730,1.0,0.5413895082635775
182441,1239741,1.0,0.6026368534399189
182446,1239757,1.0,0.7339844303017572
182450,1239762,1.0,0.6148320711062302
182486,1239820,1.0,0.7707557554937272
182500,1239836,1.0,0.7717032814134267
182503,1239839,1.0,0.7366059854521203
182513,1239861,1.0,0.5709673293663224
182520,1239883,1.0,0.6774908762475064
182535,1239909,1.0,0.7394525020233492
182545,1239927,1.0,0.7005800836983848
182547,1239931,1.0,0.7323607432118969
182551,1239942,1.0,0.5050753934138171
182580,1240003,1.0,0.7023282002171954
182582,1240006,1.0,0.6053403104635662
182588,1240016,1.0,0.7555702936034124
182609,1240050,1.0,0.7811396691936772
182632,1240105,1.0,0.5157909886764402
182634,1240108,1.0,0.5995577259860372
182636,1240111,1.0,0.5523283534578594
182651,1240145,1.0,0.7908659714422072
182668,1240175,1.0,0.6567436005880084
182676,1240191,1.0,0.5627856266050102
182678,1240194,1.0,0.7028709221947188
182692,1240215,1.0,0.784572313978591
182719,1240251,1.0,0.7215735761448903
182759,1240314,1.0,0.7264074272496036
182764,1240325,1.0,0.9051052965884687
182772,1240339,1.0,0.7665585447750173
182792,1240375,1.0,0.5086774220080855
182793,1240376,1.0,0.5000387410536928
182800,1240386,1.0,0.695065397541687
182804,1240394,1.0,0.6758685641899984
182825,1240450,1.0,0.5975283287972394
182841,1240478,1.0,0.5324015342647419
182844,1240483,1.0,0.6202067511853804
182850,1240491,1.0,0.5249275451226197
182861,1240511,1.0,0.753071873935512
182870,1240527,1.0,0.5011467514233173
182884,1240555,1.0,0.7882088827915398
182891,1240574,1.0,0.803977611112351
182901,1240593,1.0,0.6748247200907499
182918,1240623,1.0,0.7443120479192702
182923,1240632,1.0,0.7177743039394393
182935,1240660,1.0,0.5728957170728469
182941,1240677,1.0,0.784547389798363
182953,1240694,1.0,0.6632925807349368
182966,1240713,1.0,0.5695616717359671
182973,1240724,1.0,0.7148219174209882
182979,1240733,1.0,0.5239662032155705
182995,1240766,1.0,0.760043413885372
183014,1240801,1.0,0.6896829957769303
183024,1240816,1.0,0.6511968038860575
183039,1240844,1.0,0.6811545331111944
183056,1240874,1.0,0.6561659761311913
183058,1240881,1.0,0.9044657873536767
183082,1240931,1.0,0.7228963992416737
183088,1240939,1.0,0.7576978276606547
183119,1240995,1.0,0.7103956972658816
183125,1241003,1.0,0.7539602710780141
183140,1241028,1.0,0.6436604726544377
183141,1241029,1.0,0.7320026832872993
183184,1241106,1.0,0.6209738225949498
183196,1241124,1.0,0.7717870341966824
183206,1241142,1.0,0.532331566684879
183207,1241143,1.0,0.520401998921356
183219,1241164,1.0,0.7953412791007524
183227,1241176,1.0,0.7032471050839801
183231,1241180,1.0,0.8910149816301933
183233,1241182,1.0,0.6186446570837195
183302,1241318,1.0,0.7862109525807077
183311,1241332,1.0,0.704664073462163
183326,1241363,1.0,0.7954377036047974
183340,1241384,1.0,0.7433887216990063
183386,1241459,1.0,0.7646246622445586
183405,1241494,1.0,0.5299011965038071
183428,1241533,1.0,0.7804767989297893
183457,1241583,1.0,0.7436306315809452
183470,1241601,1.0,0.6987400010566032
183484,1241655,1.0,0.8235253284273278
183488,1241662,1.0,0.6756849171928534
183496,1241675,1.0,0.721333645385829
183515,1241705,1.0,0.7519611761859668
183541,1241752,1.0,0.5506113796519893
183544,1241757,1.0,0.7484450966329381
183546,1241759,1.0,0.7203359589020795
183561,1241783,1.0,0.6337089720913511
183581,1241820,1.0,0.5540661776665825
183583,1241824,1.0,0.8215482475653029
183605,1241862,1.0,0.5626902870769294
183648,1241952,1.0,0.5042521470061894
183702,1242040,1.0,0.5707985171366402
183707,1242047,1.0,0.6415802733231265
183727,1242088,1.0,0.7364632942078941
183733,1242096,1.0,0.5251539343135063
183753,1242131,1.0,0.529794046386945
183783,1242182,1.0,0.6896784714169524
183795,1242200,1.0,0.675992386914207
183807,1242225,1.0,0.8249933400399274
183812,1242231,1.0,0.6082570485551394
183829,1242261,1.0,0.5405785200963313
183856,1242304,1.0,0.5275771346699702
183859,1242311,1.0,0.5955069651402545
183878,1242339,1.0,0.7320535754593228
183879,1242341,1.0,0.6921237753127444
183909,1242398,1.0,0.657730108104471
183930,1242440,1.0,0.5268021067858639
183983,1242532,1.0,0.6438427577204124
184059,1242672,1.0,0.6662988634447344
184096,1242725,1.0,0.6549245171853713
184130,1242790,1.0,0.5934073876840171
184131,1242793,1.0,0.7095877444742047
184134,1242800,1.0,0.7319453398198247
184145,1242818,1.0,0.5887026194903885
184160,1242845,1.0,0.8847328692545944
184163,1242848,1.0,0.8835507017283897
184164,1242849,1.0,0.6071194683891505
184195,1242909,1.0,0.6948817715664752
184201,1242920,1.0,0.6617960801204186
184209,1242936,1.0,0.672981436093955
184214,1242946,1.0,0.7214486855383273
184215,1242948,1.0,0.5729855106574848
184230,1242985,1.0,0.7022332483418027
184248,1243018,1.0,0.5854104233417164
184258,1243031,1.0,0.5789212169052631
184276,1243060,1.0,0.7048740153721993
184296,1243090,1.0,0.6210132418282218
184326,1243130,1.0,0.7192372919364101
184333,1243140,1.0,0.5624485005612967
184341,1243159,1.0,0.6208436956653262
184342,1243162,1.0,0.570457807321807
184350,1243200,1.0,0.6307188640217355
184361,1243217,1.0,0.6746307842998953
184374,1243236,1.0,0.6588177291006034
184375,1243239,1.0,0.514183423772694
184383,1243253,1.0,0.8617146898892346
184388,1243261,1.0,0.7105843855998679
184392,1243271,1.0,0.902536067208933
184420,1243319,1.0,0.7311579126467425
184442,1243356,1.0,0.5003175010006643
184446,1243363,1.0,0.8211716488894463
184448,1243365,1.0,0.5729789868645128
184460,1243395,1.0,0.7895669918223036
184475,1243447,1.0,0.6751072644107048
184500,1243490,1.0,0.5692059530970885
184528,1243540,1.0,0.8485959307981304
184533,1243549,1.0,0.6467847123588367
184543,1243562,1.0,0.7257008763954474
184556,1243580,1.0,0.7365939606505756
184560,1243586,1.0,0.814266543448424
184569,1243607,1.0,0.8163343617694285
184570,1243608,1.0,0.6540233093627326
184588,1243644,1.0,0.5121034251788277
184601,1243661,1.0,0.6439620275715042
184610,1243675,1.0,0.6152973402976961
184620,1243697,1.0,0.7854186447522898
184630,1243720,1.0,0.889856024899385
184671,1243801,1.0,0.5885105862228154
184673,1243804,1.0,0.5730068071043692
184675,1243811,1.0,0.5489310599557116
184698,1243862,1.0,0.825011790640713
184736,1243934,1.0,0.6078641240196109
184748,1243959,1.0,0.5011569929417021
184796,1244049,1.0,0.7383261932309474
184800,1244055,1.0,0.5136585222834497
184807,1244064,1.0,0.9396795724314042
184822,1244089,1.0,0.620900551912859
184834,1244110,1.0,0.6713456342805729
184845,1244136,1.0,0.5075472987369014
184848,1244144,1.0,0.5398657734109282
184856,1244156,1.0,0.7230318347373055
184861,1244163,1.0,0.529285691803007
184862,1244164,1.0,0.5333972661334615
184876,1244190,1.0,0.7454888708321927
184929,1244271,1.0,0.5490010456608795
184965,1244330,1.0,0.7176957340278939
184973,1244345,1.0,0.548652820304568
184988,1244379,1.0,0.7873249834330949
185002,1244399,1.0,0.7399707331107211
185027,1244448,1.0,0.5977043127257057
185058,1244503,1.0,0.723656647590492
185089,1244579,1.0,0.6540244839737367
185091,1244583,1.0,0.6199120918419632
185092,1244588,1.0,0.6865331013099676
185093,1244590,1.0,0.7621319433952659
185100,1244600,1.0,0.7630240593985843
185104,1244606,1.0,0.7260680207300714
185120,1244630,1.0,0.7169533977869306
185129,1244648,1.0,0.5541677291577085
185137,1244663,1.0,0.6802846357049137
185138,1244666,1.0,0.6717471125213058
185170,1244719,1.0,0.588081042386769
185179,1244732,1.0,0.6203985291686899
185183,1244739,1.0,0.5144148047542406
185188,1244750,1.0,0.7465766566594664
185197,1244777,1.0,0.7006550531454561
185198,1244783,1.0,0.7029661426754773
185199,1244792,1.0,0.7563984184864118
185203,1244799,1.0,0.5233855631890522
185223,1244841,1.0,0.6878951907177946
185226,1244847,1.0,0.754923427099865
185235,1244858,1.0,0.7124040216320333
185237,1244861,1.0,0.752181959844279
185257,1244892,1.0,0.5274792914443243
185259,1244894,1.0,0.7133515091860262
185274,1244914,1.0,0.8727425385609104
185290,1244945,1.0,0.8010970732134474
185293,1244948,1.0,0.7911038893579798
185314,1245011,1.0,0.6677459719128156
185374,1245115,1.0,0.5103316159424248
185375,1245118,1.0,0.7318694414971639
185390,1245138,1.0,0.6438630975973308
185414,1245178,1.0,0.689580876927182
185498,1245311,1.0,0.5911878907771175
185503,1245330,1.0,0.8491056764134499
185504,1245334,1.0,0.7606874314773233
185510,1245351,1.0,0.6667317208095087
185516,1245357,1.0,0.8005422422503596
185522,1245368,1.0,0.5453198066385994
185523,1245369,1.0,0.7528540614099123
185529,1245378,1.0,0.8939774432769704
185530,1245381,1.0,0.6820808961513882
185543,1245408,1.0,0.7069834163514779
185554,1245430,1.0,0.7892007825941814
185572,1245452,1.0,0.5977640553131216
185646,1245593,1.0,0.809068062991435
185655,1245605,1.0,0.7480290326654648
185700,1245689,1.0,0.756355529296997
185716,1245716,1.0,0.7703094655085766
185721,1245721,1.0,0.5155081319857625
185732,1245752,1.0,0.7379275747777694
185761,1245796,1.0,0.8670892300584931
185772,1245809,1.0,0.6268567764328157
185802,1245860,1.0,0.6756967057837158
185805,1245864,1.0,0.6898658861076717
185811,1245873,1.0,0.6488401677846608
185812,1245875,1.0,0.6290674658803056
185837,1245915,1.0,0.5150752333600944
185895,1246019,1.0,0.7138342276573282
185904,1246034,1.0,0.7115414703230271
185916,1246049,1.0,0.5409400784272653
185928,1246064,1.0,0.7773261917343129
185941,1246083,1.0,0.5544198851394904
185973,1246177,1.0,0.6364295818954766
185978,1246188,1.0,0.8104224034245259
185982,1246192,1.0,0.7501024973078334
186021,1246259,1.0,0.569185052210161
186022,1246261,1.0,0.7434403384461766
186054,1246306,1.0,0.738810079880899
186062,1246319,1.0,0.524862739879673
186066,1246326,1.0,0.7469579967457726
186067,1246327,1.0,0.7163788525995148
186072,1246336,1.0,0.6338121233894122
186085,1246360,1.0,0.5467661805100967
186107,1246411,1.0,0.5752133215463766
186129,1246457,1.0,0.7104278825958686
186137,1246489,1.0,0.758804065379179
186174,1246551,1.0,0.7295274755639022
186176,1246553,1.0,0.6660715030258795
186179,1246558,1.0,0.6324157620324183
186203,1246594,1.0,0.6755503291085511
186228,1246634,1.0,0.5052820870673285
186242,1246652,1.0,0.6880358948114951
186246,1246658,1.0,0.7764242949674323
186257,1246678,1.0,0.7599350298745083
186263,1246690,1.0,0.6688578488856992
186268,1246706,1.0,0.5165063299391222
186269,1246711,1.0,0.6563726297204534
186275,1246718,1.0,0.7083091268795558
186288,1246740,1.0,0.8288986365453733
186298,1246758,1.0,0.6885221559337261
186310,1246774,1.0,0.7500736217285893
186321,1246796,1.0,0.8145657760461688
186331,1246811,1.0,0.7508238248745949
186351,1246844,1.0,0.7244743336229503
186358,1246861,1.0,0.8750222453798276
186402,1246952,1.0,0.6552727753946326
186403,1246963,1.0,0.5680974615672509
186404,1246971,1.0,0.5315209915224242
186408,1246978,1.0,0.7379812478916908
186418,1247002,1.0,0.7004175025708208
186422,1247010,1.0,0.6777870627286824
186436,1247032,1.0,0.7552372868846463
186442,1247041,1.0,0.5077490438145231
186449,1247051,1.0,0.747071211987554
186475,1247104,1.0,0.5168772489459071
186486,1247125,1.0,0.6416387134192959
186489,1247131,1.0,0.8204057889324958
186495,1247138,1.0,0.7860897531179618
186503,1247161,1.0,0.7924581080153786
186507,1247174,1.0,0.7155163291077843
186533,1247220,1.0,0.7012960558226108
186585,1247309,1.0,0.6914286729283122
186591,1247318,1.0,0.7733567159726861
186594,1247321,1.0,0.7600551166341952
186605,1247447,1.0,0.8506059569676947
186635,1247499,1.0,0.8474427336427811
186648,1247520,1.0,0.6508296894270565
186668,1247545,1.0,0.6857848979232054
186685,1247571,1.0,0.6734599003338086
186690,1247576,1.0,0.7113693540367666
186712,1247611,1.0,0.783243311228186
186722,1247627,1.0,0.7576822958973802
186725,1247631,1.0,0.630173719015743
186743,1247656,1.0,0.7357244688811241
186745,1247659,1.0,0.8238962990323567
186760,1247686,1.0,0.5873139705369107
186774,1247709,1.0,0.7998344760189191
186777,1247715,1.0,0.5834275803835159
186779,1247717,1.0,0.7060176919221152
186804,1247758,1.0,0.6765098461106617
186817,1247780,1.0,0.6069684554562281
186827,1247825,1.0,0.5842546359974667
186831,1247830,1.0,0.6825314753333458
186848,1247855,1.0,0.5147673142360077
186867,1247888,1.0,0.5969383549085546
186868,1247891,1.0,0.7384389512588266
186890,1247930,1.0,0.7125504312380571
186894,1247934,1.0,0.5212797994651105
186896,1247936,1.0,0.6712438907627116
186919,1247981,1.0,0.6150865595975851
186935,1248029,1.0,0.7556935605895233
186961,1248075,1.0,0.6702934377743796
186972,1248089,1.0,0.8033318737911398
186974,1248094,1.0,0.6364702929670517
186976,1248099,1.0,0.5799956285354128
186980,1248103,1.0,0.7097148220759429
186991,1248120,1.0,0.8712259180436956
187003,1248140,1.0,0.6680240816416013
187007,1248145,1.0,0.5224877376724979
187016,1248159,1.0,0.8425759051534674
187044,1248220,1.0,0.5243538086225964
187058,1248244,1.0,0.5128976973061135
187068,1248257,1.0,0.7117684863888983
187102,1248313,1.0,0.7598753159718852
187124,1248346,1.0,0.8529265390946791
187132,1248372,1.0,0.7074489688283536
187141,1248393,1.0,0.7131758715401635
187157,1248431,1.0,0.7223770675361652
187180,1248466,1.0,0.5784146746002763
187195,1248491,1.0,0.649597949890358
187204,1248505,1.0,0.7243407204135477
187206,1248507,1.0,0.8601377372357052
187212,1248514,1.0,0.5879814087011644
187217,1248521,1.0,0.6405826278103927
187227,1248535,1.0,0.505335715941262
187231,1248540,1.0,0.7843908956612337
187242,1248558,1.0,0.7700813401941466
187247,1248568,1.0,0.7141639568150068
187253,1248585,1.0,0.5653512833262505
187279,1248657,1.0,0.6958844642142303
187286,1248672,1.0,0.7269847267000689
187359,1248787,1.0,0.5855371490165862
187416,1248882,1.0,0.5841372151740066
187421,1248901,1.0,0.5056746936503236
187429,1248916,1.0,0.7697314162497406
187433,1248922,1.0,0.7390508792201295
187445,1248938,1.0,0.6730248674569035
187449,1248948,1.0,0.7096689038355152
187452,1248951,1.0,0.5132825724264393
187466,1248978,1.0,0.5481460765360593
187468,1248981,1.0,0.7361906787261444
187472,1248985,1.0,0.7672773418816228
187499,1249028,1.0,0.626822038229687
187505,1249036,1.0,0.5837910393743957
187546,1249107,1.0,0.7555736573904669
187551,1249117,1.0,0.5092055005233693
187558,1249150,1.0,0.6338380882757979
187579,1249177,1.0,0.5890838560775369
187598,1249208,1.0,0.8092169516216604
187608,1249225,1.0,0.592931939751173
187615,1249234,1.0,0.5223308681677915
187638,1249272,1.0,0.6858556578966448
187675,1249477,1.0,0.7542822142849935
187677,1249481,1.0,0.7679028345469853
187688,1249499,1.0,0.5499731452137668
187690,1249506,1.0,0.7451011087088436
187709,1249531,1.0,0.5112598363367322
187710,1249533,1.0,0.646178989413487
187721,1249550,1.0,0.7304828569949667
187756,1249614,1.0,0.8181687226228676
187758,1249618,1.0,0.8887419272360345
187763,1249626,1.0,0.847635248785699
187771,1249638,1.0,0.7197118889992886
187776,1249647,1.0,0.8040372825373783
187787,1249670,1.0,0.7689776416162273
187801,1249690,1.0,0.6917246201996283
187848,1249768,1.0,0.6003484635500403
187851,1249776,1.0,0.7074840350045603
187858,1249789,1.0,0.6410234008471464
187859,1249790,1.0,0.5758101239729924
187860,1249792,1.0,0.678155067047925
187869,1249814,1.0,0.6172186036483657
187916,1249924,1.0,0.7651452814762832
187920,1249928,1.0,0.724360415267189
187934,1249960,1.0,0.5389100990990072
187940,1249973,1.0,0.7663979587443369
187960,1250016,1.0,0.7346769914553289
187962,1250019,1.0,0.7607084268344253
187976,1250051,1.0,0.5021779176535169
187995,1250084,1.0,0.5858404468641164
188004,1250100,1.0,0.5900997352971097
188008,1250106,1.0,0.7084418097924422
188034,1250166,1.0,0.6683959656668872
188040,1250179,1.0,0.7355049731741454
188061,1250214,1.0,0.7747439510321112
188091,1250269,1.0,0.7864384016661875
188102,1250285,1.0,0.5736914770011532
188109,1250293,1.0,0.6311530041031482
188113,1250298,1.0,0.5158963875463057
188143,1250361,1.0,0.952170814106783
188149,1250440,1.0,0.6325088021840733
188150,1250444,1.0,0.6231189752540779
188165,1250466,1.0,0.7568378354209805
188178,1250488,1.0,0.8625179740217422
188209,1250552,1.0,0.5059007872373612
188212,1250555,1.0,0.6781445824198257
188218,1250566,1.0,0.9617377648008063
188256,1250633,1.0,0.7343498704940633
188260,1250643,1.0,0.555651898951813
188273,1250660,1.0,0.7469321288926224
188288,1250679,1.0,0.8437328904485306
188289,1250680,1.0,0.637355851983332
188314,1250715,1.0,0.7416837703906078
188339,1250750,1.0,0.7760820221781296
188344,1250763,1.0,0.6071680573842613
188350,1250769,1.0,0.6628592158802447
188363,1250796,1.0,0.7053545529826334
188370,1250811,1.0,0.6104476179834344
188390,1250847,1.0,0.5760095887671202
188427,1250919,1.0,0.8609208369994161
188440,1250941,1.0,0.7822351994366411
188452,1250985,1.0,0.670403260422328
188453,1250986,1.0,0.7328263669579755
188462,1250999,1.0,0.8315437563854146
188475,1251021,1.0,0.5645788269419175
188491,1251050,1.0,0.7299899969247415
188514,1251083,1.0,0.6422061910585463
188539,1251123,1.0,0.8143656202244193
188546,1251141,1.0,0.6642038773690502
188570,1251178,1.0,0.7600742876287763
188572,1251181,1.0,0.6688521322470029
188577,1251189,1.0,0.7071208732142422
188583,1251198,1.0,0.5651373674645618
188615,1251248,1.0,0.8245770173825885
188630,1251286,1.0,0.6937510611236863
188689,1251389,1.0,0.5148815112165637
188691,1251394,1.0,0.7329452931922315
188714,1251432,1.0,0.7372707877709505
188715,1251434,1.0,0.5363376627291947
188727,1251453,1.0,0.646751828329594
188736,1251471,1.0,0.6199559063413137
188740,1251489,1.0,0.5171177768736833
188743,1251493,1.0,0.7610858135434055
188773,1251539,1.0,0.6049948346129398
188774,1251540,1.0,0.6785342772613833
188795,1251574,1.0,0.5230231679450987
188799,1251579,1.0,0.6433709076700418
188801,1251582,1.0,0.5958331306364655
188814,1251601,1.0,0.8618413822628695
188870,1251694,1.0,0.7163947793634263
188882,1251717,1.0,0.5997447741168344
188885,1251720,1.0,0.5677956139907949
188899,1251747,1.0,0.7704493615948067
188931,1251793,1.0,0.7555860149140526
188939,1251808,1.0,0.6034360055459188
188946,1251821,1.0,0.5905203953034235
188958,1251847,1.0,0.7765283272295195
188965,1251862,1.0,0.7396618109107861
188987,1251901,1.0,0.561789907737682
188989,1251905,1.0,0.6230818953741338
188996,1251915,1.0,0.6932408470119289
189001,1251922,1.0,0.7648781640683611
189005,1251929,1.0,0.6364188343454343
189035,1251979,1.0,0.5902697186793824
189056,1252010,1.0,0.7248399184090505
189074,1252042,1.0,0.7526369741659592
189094,1252072,1.0,0.7408460060681652
189101,1252089,1.0,0.6045117901408619
189105,1252099,1.0,0.7464189594636446
189108,1252103,1.0,0.6302304603151571
189115,1252115,1.0,0.7468273544832356
189135,1252149,1.0,0.7486519288692525
189140,1252164,1.0,0.7339254865050896
189141,1252165,1.0,0.6434587040884597
189159,1252200,1.0,0.6813183293636406
189163,1252212,1.0,0.7784185609989855
189169,1252221,1.0,0.7263126989255227
189180,1252238,1.0,0.738918211034249
189183,1252243,1.0,0.7737110091640365
189189,1252254,1.0,0.5087837260752938
189191,1252256,1.0,0.7110892138422618
189206,1252278,1.0,0.6767197618188713
189214,1252291,1.0,0.718278155741332
189221,1252303,1.0,0.6806245722385298
189246,1252346,1.0,0.5472773204851865
189249,1252351,1.0,0.7634431419165265
189277,1252397,1.0,0.7446788396831729
189282,1252406,1.0,0.7802509034656582
189297,1252435,1.0,0.6607183953133162
189301,1252442,1.0,0.6475207949564793
189331,1252502,1.0,0.6743779343229767
189332,1252505,1.0,0.6168574409260605
189351,1252553,1.0,0.7091777996782199
189361,1252566,1.0,0.614281331122755
189373,1252586,1.0,0.8999445578370051
189379,1252599,1.0,0.85709403786613
189385,1252612,1.0,0.6673602567677319
189419,1252666,1.0,0.566400011951112
189429,1252682,1.0,0.7086055454805554
189435,1252692,1.0,0.7938525803956478
189445,1252712,1.0,0.6684791189359727
189463,1252738,1.0,0.7137459979763168
189489,1252787,1.0,0.8108325325021115
189503,1252837,1.0,0.6156680247358859
189506,1252843,1.0,0.8131912799172625
189517,1252859,1.0,0.5147187977673071
189523,1252877,1.0,0.5984648074103122
189526,1252883,1.0,0.5418960922523189
189529,1252888,1.0,0.752949724582582
189537,1252899,1.0,0.8106256518759776
189540,1252903,1.0,0.7173353211108436
189552,1252923,1.0,0.5597380851849619
189560,1252939,1.0,0.7367149320086243
189585,1252974,1.0,0.7055723134000838
189592,1252987,1.0,0.8666455912967104
189601,1253012,1.0,0.8366976399045625
189614,1253046,1.0,0.7656833536185241
189620,1253058,1.0,0.7051763060015369
189623,1253063,1.0,0.5485431918553059
189625,1253067,1.0,0.7037196328257623
189626,1253070,1.0,0.712529536894328
189671,1253147,1.0,0.7258871525977503
189682,1253164,1.0,0.8095406576409933
189694,1253179,1.0,0.9425569370790003
189701,1253193,1.0,0.7149665618733223
189708,1253205,1.0,0.7809549672097328
189720,1253247,1.0,0.6989256365266403
189722,1253250,1.0,0.7082348780151527
189729,1253259,1.0,0.7402505559449746
189740,1253277,1.0,0.7251308353282184
189749,1253290,1.0,0.7582269410728072
189751,1253292,1.0,0.9163835865101276
189771,1253323,1.0,0.6969512269726748
189774,1253327,1.0,0.5083169229789763
189780,1253336,1.0,0.6570665104547772
189783,1253341,1.0,0.7836659193238881
189797,1253367,1.0,0.6340516510781786
189810,1253384,1.0,0.5530875905280476
189820,1253403,1.0,0.8848909818467622
189835,1253428,1.0,0.9089709660324073
189846,1253447,1.0,0.5815189876753589
189856,1253469,1.0,0.7556541433223145
189872,1253495,1.0,0.5225383879966357
189887,1253525,1.0,0.6816313132142071
189917,1253576,1.0,0.6811786660424528
189928,1253597,1.0,0.7661148440056328
189933,1253611,1.0,0.728430635019112
189936,1253614,1.0,0.7178157570742085
189954,1253646,1.0,0.6869836986729085
189966,1253664,1.0,0.5969613172192502
189984,1253691,1.0,0.6293033065539242
189988,1253697,1.0,0.7870420302366179
189994,1253715,1.0,0.8246726496399034
190009,1253747,1.0,0.5350371401666345
190023,1253771,1.0,0.7845139082137293
190050,1253813,1.0,0.7920293212058657
190052,1253815,1.0,0.5061881039943378
190104,1253916,1.0,0.6882355563352318
190105,1253917,1.0,0.7917752318127994
190120,1253944,1.0,0.606756922440859
190123,1253950,1.0,0.6441178423583074
190125,1253952,1.0,0.7804197573691646
190157,1254005,1.0,0.7251239967961945
190158,1254006,1.0,0.7023194519353797
190166,1254018,1.0,0.6773247136474049
190182,1254050,1.0,0.6895950789457622
190183,1254051,1.0,0.6627363167980428
190186,1254060,1.0,0.598169746287057
190187,1254065,1.0,0.7752846545540584
190194,1254075,1.0,0.7235665647591635
190195,1254077,1.0,0.6878530325656124
190224,1254125,1.0,0.7438074308373527
190234,1254137,1.0,0.7510106831727975
190237,1254145,1.0,0.7082197228420566
190238,1254146,1.0,0.7575958765487633
190255,1254181,1.0,0.6512681611028747
190256,1254182,1.0,0.5855159386207708
190262,1254188,1.0,0.6457539956044855
190266,1254197,1.0,0.5937290604204642
190272,1254204,1.0,0.9403964411801221
190278,1254219,1.0,0.8363824657425092
190298,1254250,1.0,0.6795000236132055
190315,1254276,1.0,0.5761553511464498
190323,1254290,1.0,0.7780946519577979
190352,1254349,1.0,0.9058787901835027
190379,1254395,1.0,0.8029150282553523
190410,1254452,1.0,0.5752460978548501
190415,1254460,1.0,0.7643156194750755
190500,1254597,1.0,0.6342171940239197
190508,1254612,1.0,0.5313169488235795
190512,1254619,1.0,0.5577973194065393
190513,1254620,1.0,0.7806766434399635
190536,1254698,1.0,0.8329471189458615
190552,1254725,1.0,0.6999240578890115
190605,1254824,1.0,0.7529124723449179
190607,1254828,1.0,0.6217773772269835
190612,1254837,1.0,0.5600881548765235
190615,1254840,1.0,0.6341673496071263
190647,1254899,1.0,0.6924759240460057
190649,1254901,1.0,0.787156447490344
190661,1254928,1.0,0.7848744825726535
190671,1254946,1.0,0.5297240134901469
190696,1254990,1.0,0.8113322295556069
190697,1254991,1.0,0.7060940895125191
190706,1255009,1.0,0.6404996334142818
190708,1255011,1.0,0.6868128937484124
190714,1255023,1.0,0.649038179224107
190716,1255026,1.0,0.7531492280889878
190730,1255046,1.0,0.6967301402034328
190738,1255068,1.0,0.7106416513182562
190739,1255070,1.0,0.7970758228078146
190755,1255107,1.0,0.8048625404219283
190762,1255120,1.0,0.648118729182114
190774,1255140,1.0,0.6787991481070486
190802,1255183,1.0,0.7364613750444224
190803,1255187,1.0,0.5446906695061347
190804,1255189,1.0,0.7183617366406359
190812,1255206,1.0,0.7585019277110674
190817,1255213,1.0,0.8648073135696039
190823,1255221,1.0,0.7436249758003104
190857,1255290,1.0,0.5379159962125559
190859,1255293,1.0,0.5164571140244408
190903,1255367,1.0,0.5923653358014954
190939,1255423,1.0,0.84909326265685
190944,1255434,1.0,0.7190330479676402
190982,1255503,1.0,0.763741436674554
190986,1255509,1.0,0.646498833032095
191004,1255550,1.0,0.6488433204688014
191008,1255554,1.0,0.5413233523133605
191043,1255620,1.0,0.6960047338794129
191051,1255632,1.0,0.7166591268985516
191060,1255647,1.0,0.7255938674001524
191103,1255714,1.0,0.5255840898316155
191106,1255718,1.0,0.6254967558240975
191116,1255733,1.0,0.7083402915344202
191127,1255749,1.0,0.6889810317714872
191145,1255812,1.0,0.503057517217839
191147,1255815,1.0,0.6386386942690833
191155,1255831,1.0,0.7285570032089206
191164,1255844,1.0,0.5198924194805069
191168,1255849,1.0,0.5102828446471573
191169,1255850,1.0,0.7696058261733033
191215,1255916,1.0,0.6823991810806596
191226,1255936,1.0,0.724357409351727
191242,1255964,1.0,0.7563621635308735
191292,1256050,1.0,0.5114047621362771
191318,1256097,1.0,0.7363625762252248
191322,1256102,1.0,0.7271984522597676
191333,1256119,1.0,0.8389260609264052
191341,1256133,1.0,0.7421908141305353
191350,1256150,1.0,0.8315960183058752
191353,1256154,1.0,0.506332809704189
191367,1256178,1.0,0.7955354707694378
191380,1256198,1.0,0.5005288747621736
191389,1256210,1.0,0.6773447814054386
191399,1256230,1.0,0.7154176779015137
191405,1256242,1.0,0.5978941002764688
191432,1256284,1.0,0.734197324917486
191456,1256321,1.0,0.7400474102753027
191483,1256362,1.0,0.6777478036831339
191507,1256410,1.0,0.7580124226045772
191520,1256429,1.0,0.8694949753428491
191527,1256439,1.0,0.7482008922929735
191536,1256504,1.0,0.7572337638448496
191574,1256573,1.0,0.6927211514015883
191576,1256577,1.0,0.8085586823019406
191586,1256598,1.0,0.7842231289357573
191619,1256663,1.0,0.6204415026133724
191627,1256676,1.0,0.7594840033978193
191642,1256705,1.0,0.9639363872964177
191647,1256717,1.0,0.6245150862958262
191657,1256737,1.0,0.5809513854697586
191663,1256745,1.0,0.7017505677304826
191675,1256767,1.0,0.5029076466289037
191679,1256774,1.0,0.8367432007609367
191689,1256787,1.0,0.5364472956499954
191696,1256797,1.0,0.5578713652772469
191700,1256802,1.0,0.5409759628830613
191712,1256827,1.0,0.717945108859689
191716,1256836,1.0,0.7037600605707973
191727,1256853,1.0,0.7358825088032697
191741,1256880,1.0,0.5529667207546974
191756,1256908,1.0,0.5935075774600782
191758,1256912,1.0,0.7771948619246536
191760,1256915,1.0,0.7141910229820029
191779,1256964,1.0,0.7093501164636068
191781,1256967,1.0,0.5059590017776909
191800,1256997,1.0,0.705350969467237
191801,1256998,1.0,0.658428066530023
191802,1257001,1.0,0.5032715376412805
191834,1257066,1.0,0.5552767412335273
191836,1257071,1.0,0.8378434380054107
191837,1257072,1.0,0.5632610830526534
191844,1257086,1.0,0.6999576261488515
191846,1257090,1.0,0.546667197281576
191895,1257184,1.0,0.6767687915560238
191896,1257186,1.0,0.5497369744445765
191907,1257203,1.0,0.7293705720295309
191930,1257238,1.0,0.5924218111847649
191956,1257284,1.0,0.6574485596140011
191958,1257289,1.0,0.6126503724172961
191972,1257317,1.0,0.7238373083633552
191975,1257329,1.0,0.8603003286747549
191976,1257331,1.0,0.767961982654737
191996,1257401,1.0,0.5370796514448847
192034,1257454,1.0,0.6823285502327378
192043,1257464,1.0,0.8309037233698149
192051,1257476,1.0,0.6179510716358448
192083,1257531,1.0,0.7453349896850879
192084,1257533,1.0,0.6994199232718635
192103,1257565,1.0,0.5299837698798378
192142,1257628,1.0,0.7664939549587958
192161,1257668,1.0,0.6772032577172659
192162,1257669,1.0,0.8043894226812208
192165,1257674,1.0,0.7191690918880956
192166,1257677,1.0,0.5337963742345732
192175,1257695,1.0,0.7010211541658807
192178,1257701,1.0,0.7053895743689036
192186,1257716,1.0,0.5971275295980369
192190,1257721,1.0,0.861105700324273
192196,1257732,1.0,0.5858362979760495
192197,1257733,1.0,0.742629788580239
192198,1257737,1.0,0.5829376911413998
192264,1257847,1.0,0.6454013144439112
192274,1257868,1.0,0.7166332143937307
192289,1257889,1.0,0.5470571630751234
192313,1257928,1.0,0.6671053682823441
192322,1257943,1.0,0.7807521951837851
192365,1258026,1.0,0.7482565442941462
192369,1258032,1.0,0.9081158766049283
192387,1258059,1.0,0.5099963005139996
192396,1258125,1.0,0.6857685485706447
192410,1258148,1.0,0.7799988398812574
192423,1258170,1.0,0.5180843708114024
192424,1258171,1.0,0.8718268088908009
192449,1258207,1.0,0.6540207815843184
192470,1258247,1.0,0.5943459916198577
192473,1258250,1.0,0.7422024422209077
192496,1258279,1.0,0.5139651867261675
192556,1258392,1.0,0.6288090109227102
192607,1258469,1.0,0.5217677543417503
192634,1258530,1.0,0.7062217259075786
192639,1258539,1.0,0.7718849475651629
192644,1258546,1.0,0.6779109118297894
192657,1258567,1.0,0.6966447383262819
192661,1258574,1.0,0.5761865673801522
192668,1258587,1.0,0.5333344923464259
192673,1258595,1.0,0.6615749968841658
192716,1258676,1.0,0.5772212760686899
192724,1258691,1.0,0.7456770732546635
192751,1258726,1.0,0.5460605294197021
192775,1258762,1.0,0.7184694462204623
192800,1258808,1.0,0.8373844780270949
192809,1258820,1.0,0.7949897868699746
192831,1258876,1.0,0.7184165082487864
192833,1258880,1.0,0.8919493426336136
192890,1258980,1.0,0.6578835351361194
192905,1259008,1.0,0.5184990988774092
192910,1259022,1.0,0.6900892230671873
192938,1259063,1.0,0.6088824515997014
192948,1259092,1.0,0.5990699880174851
192958,1259114,1.0,0.5353549705563857
192973,1259132,1.0,0.6663996868840419
192980,1259146,1.0,0.62359992688163
192991,1259166,1.0,0.6572130668773245
192998,1259181,1.0,0.711506185456315
193002,1259185,1.0,0.8895898590571408
193004,1259187,1.0,0.5666710898824822
193006,1259189,1.0,0.6818355379389403
193025,1259213,1.0,0.6645359316785083
193030,1259220,1.0,0.5344418052650728
193048,1259249,1.0,0.6947451385312504
193065,1259275,1.0,0.523353051617236
193076,1259292,1.0,0.5105920956702926
193077,1259294,1.0,0.7241364631739319
193087,1259314,1.0,0.7000863014884815
193089,1259317,1.0,0.7191571519578752
193137,1259405,1.0,0.6315152322586054
193171,1259466,1.0,0.6328444973427783
193174,1259473,1.0,0.7157806735573551
193182,1259485,1.0,0.6291161810499645
193203,1259520,1.0,0.6010708481393873
193235,1259583,1.0,0.5210230732626671
193243,1259597,1.0,0.8065519359550537
193257,1259622,1.0,0.5679536581905515
193282,1259663,1.0,0.5743505526796099
193292,1259679,1.0,0.5441403093445215
193298,1259688,1.0,0.9440507822396202
193312,1259725,1.0,0.7550539484867825
193313,1259726,1.0,0.7099090847879523
193319,1259735,1.0,0.5600329001237911
193333,1259757,1.0,0.7380302905748184
193376,1259820,1.0,0.6094979233371561
193420,1259887,1.0,0.5853881232479142
193435,1259919,1.0,0.5367680745907322
193442,1259934,1.0,0.5704449858937162
193451,1259950,1.0,0.8139634235137071
193478,1259991,1.0,0.7084147753355093
193512,1260081,1.0,0.6228876742726788
193521,1260094,1.0,0.5874317907120766
193533,1260115,1.0,0.5763015591486539
193550,1260141,1.0,0.5677595343715734
193553,1260145,1.0,0.7999020640709126
193564,1260165,1.0,0.8387824745909214
193575,1260184,1.0,0.7342100781119129
193576,1260185,1.0,0.745105416714962
193590,1260211,1.0,0.619018753447675
193592,1260213,1.0,0.6958731146155903
193619,1260281,1.0,0.683919974441365
193620,1260282,1.0,0.6405439873432646
193622,1260284,1.0,0.7134092377402241
193627,1260291,1.0,0.651189216493276
193637,1260307,1.0,0.581916337427651
193673,1260364,1.0,0.744298437925963
193676,1260368,1.0,0.8228430949779361
193681,1260374,1.0,0.587192604946391
193683,1260377,1.0,0.8222514791442455
193693,1260389,1.0,0.7696368132496607
193697,1260393,1.0,0.8446211889216162
193718,1260424,1.0,0.7339272471176426
193719,1260425,1.0,0.692098151897959
193721,1260428,1.0,0.778864267963048
193740,1260457,1.0,0.6278915681499883
193742,1260463,1.0,0.8393894453932572
193757,1260500,1.0,0.5689482075671644
193766,1260516,1.0,0.7803752131113916
193770,1260524,1.0,0.7153916875236154
193778,1260536,1.0,0.7562471199828327
193821,1260608,1.0,0.5667840675645995
193860,1260674,1.0,0.5434948672811292
193873,1260706,1.0,0.6678498473141561
193879,1260714,1.0,0.7450297949163605
193885,1260723,1.0,0.7828294651926015
193896,1260744,1.0,0.7825992545061135
193939,1260816,1.0,0.7002910987796572
193975,1260880,1.0,0.7137494324997916
193984,1260904,1.0,0.6229224589305324
193994,1260925,1.0,0.6641762099510129
193998,1260930,1.0,0.729350882037324
194009,1260947,1.0,0.7867638314918367
194030,1260985,1.0,0.5075650103309362
194037,1260994,1.0,0.7510802303709859
194048,1261019,1.0,0.5596630441082177
194062,1261050,1.0,0.5169471978348402
194079,1261079,1.0,0.5222224560060031
194094,1261102,1.0,0.6507835593587584
194095,1261103,1.0,0.5961047492795041
194097,1261105,1.0,0.5360362321923379
194104,1261119,1.0,0.7630528334587168
194106,1261122,1.0,0.5653775374255113
194109,1261128,1.0,0.5585898363486185
194132,1261164,1.0,0.6713327294520304
194146,1261185,1.0,0.6610686694007223
194148,1261189,1.0,0.7200984886027443
194160,1261209,1.0,0.6508260290030424
194169,1261433,1.0,0.6394687119250018
194204,1261485,1.0,0.7806360000564757
194208,1261490,1.0,0.7630710308136258
194219,1261510,1.0,0.7271221634055678
194225,1261522,1.0,0.7934095452616018
194239,1261546,1.0,0.7204497278284896
194240,1261547,1.0,0.7433771950316062
194251,1261564,1.0,0.6764275428883654
194270,1261597,1.0,0.6794757293105393
194276,1261610,1.0,0.6962743287553192
194277,1261613,1.0,0.7740071166266043
194280,1261618,1.0,0.5348928580741542
194283,1261621,1.0,0.5197543051237595
194298,1261655,1.0,0.6888325849029119
194312,1261694,1.0,0.5268780759743047
194375,1261791,1.0,0.5576945285127043
194384,1261805,1.0,0.5417311738040164
194433,1261880,1.0,0.6893553230067919
194440,1261905,1.0,0.6472104145296834
194446,1261923,1.0,0.6507931504283457
194448,1261925,1.0,0.7315764769644856
194472,1261973,1.0,0.5488608738792289
194478,1261982,1.0,0.7667996755842861
194485,1261993,1.0,0.6947881968584605
194500,1262014,1.0,0.7361801200100471
194501,1262015,1.0,0.718251343931438
194504,1262019,1.0,0.846147329462413
194530,1262065,1.0,0.7441273049380736
194537,1262081,1.0,0.7240149643362254
194540,1262086,1.0,0.7163115238469056
194554,1262109,1.0,0.7312901060437406
194566,1262132,1.0,0.8445106961002866
194578,1262148,1.0,0.7092477017721486
194595,1262176,1.0,0.5041364134966659
194597,1262178,1.0,0.5081436696303254
194599,1262182,1.0,0.6314988319655033
194603,1262190,1.0,0.7304419936902126
194621,1262218,1.0,0.713049512837355
194630,1262237,1.0,0.6698718483914893
194631,1262238,1.0,0.7694129990792006
194635,1262243,1.0,0.759666051589371
194642,1262262,1.0,0.6749323416613134
194652,1262277,1.0,0.7746402028028855
194673,1262310,1.0,0.979234458788542
194678,1262328,1.0,0.9085248802422624
194690,1262349,1.0,0.55781903900549
194691,1262350,1.0,0.7476980527454076
194712,1262379,1.0,0.7201425123476011
194718,1262386,1.0,0.5236657729465967
194724,1262396,1.0,0.6846084724791196
194727,1262399,1.0,0.6049066805784865
194739,1262417,1.0,0.5137389989510256
194779,1262470,1.0,0.7200554771977113
194783,1262476,1.0,0.6676898266901155
194793,1262492,1.0,0.7755955685656087
194796,1262498,1.0,0.6007619788213798
194812,1262522,1.0,0.5558453204030088
194819,1262534,1.0,0.8483259999305347
194879,1262641,1.0,0.8213647150425994
194882,1262644,1.0,0.7241306653450964
194886,1262648,1.0,0.6118921397215012
194890,1262653,1.0,0.6211247900348728
194896,1262664,1.0,0.8302518391269716
194912,1262694,1.0,0.5961434198586005
194937,1262728,1.0,0.6486321429008589
194943,1262740,1.0,0.6482263903008482
194972,1262781,1.0,0.6404260078037526
194975,1262788,1.0,0.8755934289065727
194980,1262795,1.0,0.6596766677433639
194989,1262806,1.0,0.7788234051618591
194996,1262817,1.0,0.5353373808854415
195000,1262824,1.0,0.7600183335404116
195007,1262834,1.0,0.64165597275686
195009,1262837,1.0,0.8689853203097391
195038,1262908,1.0,0.6964684378854409
195083,1262974,1.0,0.7583676580161508
195087,1262981,1.0,0.6177017634523849
195108,1263013,1.0,0.5750181010996198
195119,1263029,1.0,0.7827026923527398
195123,1263040,1.0,0.5820871556396242
195145,1263077,1.0,0.5222717812390446
195167,1263130,1.0,0.5954384643223315
195168,1263136,1.0,0.7558518471469816
195171,1263142,1.0,0.5595658938354531
195173,1263148,1.0,0.7706120951368032
195200,1263200,1.0,0.7403092596742771
195203,1263205,1.0,0.630922204019221
195224,1263237,1.0,0.5645228829654962
195237,1263257,1.0,0.5150393210497726
195239,1263260,1.0,0.772520116449052
195240,1263261,1.0,0.5982627717322258
195252,1263279,1.0,0.6037787819186538
195255,1263297,1.0,0.8063770673126159
195256,1263307,1.0,0.5527364890836239
195263,1263325,1.0,0.8195959701604508
195281,1263349,1.0,0.7215863929779003
195288,1263361,1.0,0.5898998164120898
195299,1263378,1.0,0.8003250052135277
195330,1263416,1.0,0.6026983142810594
195345,1263443,1.0,0.7617238889208454
195352,1263452,1.0,0.8353029261856225
195360,1263465,1.0,0.5739871393498767
195369,1263484,1.0,0.6771225505439026
195372,1263496,1.0,0.6310931841882262
195373,1263500,1.0,0.5655006454231452
195374,1263501,1.0,0.8407908338269262
195398,1263541,1.0,0.7605358118111958
195400,1263546,1.0,0.5108116249130197
195403,1263558,1.0,0.704916806337352
195425,1263593,1.0,0.5148149629305511
195426,1263597,1.0,0.506376784713844
195428,1263599,1.0,0.6166243769164613
195435,1263608,1.0,0.74738426946744
195437,1263611,1.0,0.6312220400122845
195438,1263612,1.0,0.7959191501626653
195455,1263645,1.0,0.9302671887355843
195471,1263669,1.0,0.6003396359012657
195487,1263695,1.0,0.7057483166533941
195522,1263753,1.0,0.5362907274525924
195532,1263788,1.0,0.6244482507646079
195554,1263821,1.0,0.7851162367251834
195556,1263823,1.0,0.5610685423756083
195558,1263826,1.0,0.5449939570952423
195566,1263836,1.0,0.7297897666601727
195571,1263847,1.0,0.5661578711667854
195598,1263890,1.0,0.5154728823685062
195602,1263895,1.0,0.7217617093039672
195623,1263943,1.0,0.7534503108489679
195631,1263962,1.0,0.7988068322264655
195640,1263976,1.0,0.7167843004177747
195642,1263980,1.0,0.7468661994234942
195661,1264017,1.0,0.7315832635185383
195672,1264041,1.0,0.77711156417723
195674,1264043,1.0,0.8289794096411884
195697,1264076,1.0,0.5764411071085798
195753,1264167,1.0,0.7398678846864193
195755,1264169,1.0,0.5105913565137993
195772,1264195,1.0,0.7151462344047144
195785,1264214,1.0,0.7633058876872326
195792,1264226,1.0,0.7131071144886405
195793,1264228,1.0,0.6415555842091939
195800,1264239,1.0,0.6291311394108352
195801,1264241,1.0,0.6997373031238987
195807,1264267,1.0,0.5405237003435923
195824,1264300,1.0,0.6951852460060198
195840,1264329,1.0,0.6321622986680162
195848,1264338,1.0,0.8306042324619493
195881,1264395,1.0,0.7533550209857343
195906,1264440,1.0,0.8120559606409324
195907,1264441,1.0,0.7574303961384162
195908,1264442,1.0,0.5137008083514684
195931,1264478,1.0,0.6490332309186169
195950,1264505,1.0,0.7523023278568127
195962,1264525,1.0,0.7744859917311409
195964,1264530,1.0,0.8709015651506489
195974,1264548,1.0,0.603199428403999
195976,1264550,1.0,0.7590043323612475
195983,1264564,1.0,0.6282772608868924
196022,1264635,1.0,0.7582844788306553
196023,1264636,1.0,0.5396368886363125
196025,1264638,1.0,0.5754424403321174
196027,1264643,1.0,0.777097776122993
196033,1264650,1.0,0.7335644137033395
196035,1264653,1.0,0.7273523129605665
196092,1264754,1.0,0.6680035897403755
196109,1264778,1.0,0.7473898187738073
196110,1264779,1.0,0.584350803350708
196113,1264783,1.0,0.5622333768457389
196142,1264841,1.0,0.6292834157865169
196157,1264862,1.0,0.7078400143351317
196161,1264869,1.0,0.7640909626253032
196163,1264871,1.0,0.624778309634329
196168,1264878,1.0,0.8305404180447244
196179,1264890,1.0,0.7017745271653246
196180,1264891,1.0,0.6487562581399026
196182,1264897,1.0,0.855629057247376
196185,1264902,1.0,0.5486692422332573
196186,1264903,1.0,0.8752174323338466
196187,1264904,1.0,0.651882765072703
196189,1264906,1.0,0.8367109445890006
196192,1264911,1.0,0.5303633976309515
196195,1264916,1.0,0.7926836799330469
196197,1264919,1.0,0.7521385009131796
196207,1264938,1.0,0.7959359337847426
196209,1264941,1.0,0.8200129765325845
196211,1264944,1.0,0.6702865256339773
196215,1264951,1.0,0.840495627058227
196217,1264953,1.0,0.8417064860226942
196223,1264962,1.0,0.7916363127541214
196238,1264999,1.0,0.6468246010217142
196242,1265004,1.0,0.5167292051954797
196246,1265011,1.0,0.7289136541994621
196256,1265031,1.0,0.5636369406673081
196276,1265067,1.0,0.5730442415686133
196307,1265112,1.0,0.8969499777870978
196314,1265126,1.0,0.8980379222722102
196315,1265128,1.0,0.90237343642156
196339,1265174,1.0,0.8074012085465072
196348,1265186,1.0,0.8223825070037363
196349,1265188,1.0,0.7499606174071141
196353,1265195,1.0,0.8172254430234258
196358,1265209,1.0,0.5019430583965868
196363,1265223,1.0,0.7290369115510342
196372,1265237,1.0,0.7164346136990744
196378,1265255,1.0,0.5365595992057065
196380,1265261,1.0,0.5061248642076588
196386,1265274,1.0,0.7593067545428973
196388,1265276,1.0,0.5874996183977466
196414,1265316,1.0,0.6711603933828019
196423,1265332,1.0,0.7113685679684039
196448,1265377,1.0,0.5394327529618792
196451,1265380,1.0,0.8021648222150003
196453,1265382,1.0,0.7876578181062667
196465,1265401,1.0,0.6428653500189249
196466,1265403,1.0,0.6602119934524833
196486,1265430,1.0,0.6360925122104419
196501,1265459,1.0,0.5100184258329465
196541,1265533,1.0,0.5175275472583233
196546,1265544,1.0,0.7455321327685739
196567,1265579,1.0,0.9017475007889665
196582,1265607,1.0,0.6795824447234898
196587,1265614,1.0,0.534589399766432
196592,1265619,1.0,0.6973119600386699
196597,1265631,1.0,0.779805041202671
196599,1265636,1.0,0.6903421975179505
196606,1265647,1.0,0.6547507987784504
196612,1265655,1.0,0.7380018247129922
196631,1265691,1.0,0.7304703492019791
196632,1265694,1.0,0.6883172646308444
196699,1265915,1.0,0.783705485934413
196718,1265947,1.0,0.5142192775543775
196720,1265951,1.0,0.7607009172776878
196738,1265978,1.0,0.630604746217111
196744,1265992,1.0,0.7291542206343901
196752,1266003,1.0,0.8424078735849935
196758,1266012,1.0,0.674848470296783
196766,1266024,1.0,0.6981132151809836
196767,1266025,1.0,0.5731811105822487
196777,1266038,1.0,0.6362085727315131
196783,1266049,1.0,0.7404237135497514
196789,1266066,1.0,0.8890929189487285
196799,1266083,1.0,0.5956875774705906
196815,1266112,1.0,0.6200807020419038
196817,1266114,1.0,0.5743659564745004
196823,1266123,1.0,0.5063426971068937
196829,1266130,1.0,0.5679661920756381
196840,1266153,1.0,0.6105562064718837
196842,1266156,1.0,0.7567295707575611
196853,1266182,1.0,0.5954667435156628
196857,1266189,1.0,0.7845653663092743
196865,1266201,1.0,0.641936997741526
196867,1266203,1.0,0.5186850447056689
196877,1266221,1.0,0.8044214380610564
196892,1266245,1.0,0.668585154502354
196898,1266253,1.0,0.58477575829226
196909,1266272,1.0,0.7698801002603792
196910,1266274,1.0,0.7050436357100826
196912,1266281,1.0,0.6042416363752157
196920,1266296,1.0,0.6450217215356826
197007,1266443,1.0,0.6733152763977167
197019,1266463,1.0,0.6049727620967592
197020,1266465,1.0,0.5285732684297993
197021,1266466,1.0,0.6996141422330745
197024,1266471,1.0,0.7559767984580584
197026,1266473,1.0,0.5560702500044373
197030,1266479,1.0,0.5382244891435585
197080,1266561,1.0,0.5384017745430518
197082,1266564,1.0,0.7182882309430025
197095,1266592,1.0,0.8025900727528263
197096,1266594,1.0,0.6568400701045217
197108,1266614,1.0,0.5109803778543427
197115,1266626,1.0,0.5331859821122579
197137,1266668,1.0,0.6186014164479449
197162,1266714,1.0,0.8753478899306205
197170,1266728,1.0,0.7362423306023865
197179,1266742,1.0,0.7442350000844711
197181,1266746,1.0,0.5706360473844531
197203,1266781,1.0,0.8018011667317059
197209,1266789,1.0,0.7441496491894872
197223,1266809,1.0,0.7371011331949732
197232,1266819,1.0,0.7070778620781961
197240,1266833,1.0,0.618893995633877
197256,1266863,1.0,0.8409317212736588
197267,1266884,1.0,0.6804544950490049
197283,1266909,1.0,0.8149794187512625
197291,1266925,1.0,0.766680674303026
197303,1266942,1.0,0.7426436800035211
197312,1266954,1.0,0.6931152993035701
197315,1266959,1.0,0.6119788407889407
197322,1266974,1.0,0.5468290551689484
197335,1266993,1.0,0.721573442806426
197356,1267028,1.0,0.7548395237196184
197362,1267038,1.0,0.7435006584938368
197364,1267040,1.0,0.8748431865099551
197365,1267042,1.0,0.7372554289943049
197376,1267060,1.0,0.7471394486587847
197388,1267088,1.0,0.7734342593588228
197389,1267090,1.0,0.7525691941237456
197390,1267092,1.0,0.8322821379600482
197392,1267095,1.0,0.6903446507169119
197399,1267117,1.0,0.7149689421245135
197414,1267147,1.0,0.7070474339338119
197421,1267156,1.0,0.5310068943482342
197436,1267179,1.0,0.6837936021082262
197467,1267238,1.0,0.721318303352963
197479,1267266,1.0,0.7927951897495957
197482,1267272,1.0,0.7728013471576336
197493,1267292,1.0,0.660500907163338
197551,1267404,1.0,0.6918654033315939
197585,1267462,1.0,0.8213928482958877
197587,1267465,1.0,0.5118716823406455
197606,1267499,1.0,0.506796181218387
197611,1267506,1.0,0.7786021806377137
197624,1267532,1.0,0.8168269104435997
197633,1267546,1.0,0.9238654643248992
197634,1267547,1.0,0.5026406218376114
197638,1267552,1.0,0.565371175232424
197643,1267561,1.0,0.820150380929141
197649,1267571,1.0,0.7559905741217275
197651,1267574,1.0,0.8550591361794473
197662,1267588,1.0,0.8323936205487347
197663,1267590,1.0,0.7377513481114267
197688,1267624,1.0,0.8288835577327085
197690,1267626,1.0,0.5823247561111151
197692,1267628,1.0,0.8193109315151785
197695,1267631,1.0,0.8711857855792439
197702,1267639,1.0,0.770133784208751
197706,1267646,1.0,0.8552352316711758
197726,1267674,1.0,0.5313177069751397
197735,1267689,1.0,0.6755743288968585
197736,1267690,1.0,0.50424409502055
197745,1267712,1.0,0.6172284358472994
197756,1267739,1.0,0.6600733810154958
197760,1267747,1.0,0.5326781091895322
197767,1267759,1.0,0.7129521577824953
197790,1267805,1.0,0.6921554202706773
197820,1267853,1.0,0.5388163636597522
197829,1267871,1.0,0.5050428728995023
197830,1267875,1.0,0.7344845134218061
197834,1267883,1.0,0.7829539085558389
197845,1267900,1.0,0.549783483646332
197855,1267913,1.0,0.8071814493324879
197863,1267925,1.0,0.7729762194811762
197933,1268072,1.0,0.7747850683643301
197958,1268111,1.0,0.8318160816178333
197961,1268116,1.0,0.7848297441131362
197966,1268125,1.0,0.7378575025257255
197969,1268132,1.0,0.6951270527993728
197988,1268194,1.0,0.6427837378494913
197989,1268195,1.0,0.5862170454246171
197991,1268203,1.0,0.5857617967484918
197997,1268218,1.0,0.8192377947119778
198022,1268265,1.0,0.7896262241503046
198050,1268306,1.0,0.709858245012743
198055,1268313,1.0,0.6742618786207553
198085,1268358,1.0,0.534484871036535
198088,1268361,1.0,0.7205489680315411
198096,1268376,1.0,0.5011792575231128
198100,1268395,1.0,0.807187483171279
198113,1268419,1.0,0.6837883376552915
198124,1268435,1.0,0.8115153509598293
198133,1268447,1.0,0.7473395748067634
198136,1268450,1.0,0.5418901458859638
198139,1268454,1.0,0.6897921326222228
198142,1268459,1.0,0.8049285035504226
198147,1268464,1.0,0.8763740749398622
198152,1268469,1.0,0.9163284028614423
198153,1268470,1.0,0.827827715414879
198154,1268471,1.0,0.8649305667031821
198182,1268521,1.0,0.772101087407151
198216,1268590,1.0,0.8140728773433473
198217,1268592,1.0,0.7208272410094468
198225,1268607,1.0,0.5765110415276397
198244,1268648,1.0,0.7600107888002205
198247,1268654,1.0,0.6376826036695655
198254,1268666,1.0,0.5643293597394287
198263,1268694,1.0,0.8698717011494453
198265,1268696,1.0,0.7184881383612229
198292,1268740,1.0,0.6411260246831062
198299,1268751,1.0,0.6831315696294987
198304,1268763,1.0,0.6847560724939568
198308,1268769,1.0,0.8042503058743663
198310,1268772,1.0,0.7519408941577702
198312,1268779,1.0,0.8100308920276033
198314,1268781,1.0,0.8297904341962571
198315,1268782,1.0,0.6117691297608916
198319,1268786,1.0,0.6994320303504648
198326,1268795,1.0,0.5727189109143165
198327,1268796,1.0,0.8285007117026837
198328,1268798,1.0,0.7943399757303903
198331,1268801,1.0,0.802551383909658
198332,1268802,1.0,0.798671597989851
198333,1268803,1.0,0.8152442915598106
198342,1268815,1.0,0.7985474508545933
198355,1268829,1.0,0.8041252385332305
198356,1268830,1.0,0.7725390467186857
198366,1268840,1.0,0.7225383284336186
198368,1268842,1.0,0.585547353417195
198370,1268844,1.0,0.8050588640757743
198371,1268845,1.0,0.7373833255122236
198373,1268847,1.0,0.8082921996259049
198381,1268860,1.0,0.5119429512828054
198383,1268865,1.0,0.7569343984050241
198385,1268867,1.0,0.6758378045870274
198387,1268870,1.0,0.5630711494959713
198389,1268872,1.0,0.5621525722314107
198390,1268874,1.0,0.5857051120210509
198394,1268879,1.0,0.7160817150865346
198408,1268895,1.0,0.8500750316957101
198411,1268898,1.0,0.7656003554476777
198412,1268899,1.0,0.6291866159450719
198414,1268902,1.0,0.8467967752756627
198415,1268903,1.0,0.8191951844557082
198418,1268906,1.0,0.71480046815252
198429,1268919,1.0,0.8017688961610773
198431,1268921,1.0,0.8162584230460329
198433,1268923,1.0,0.7651800792420268
198436,1268927,1.0,0.7401213716693014
198437,1268928,1.0,0.7629311197190745
198439,1268932,1.0,0.5030500416615903
198440,1268933,1.0,0.6176479486724388
198441,1268934,1.0,0.7200778897806945
198443,1268936,1.0,0.6420571087266956
198444,1268937,1.0,0.5660143494978256
198447,1268943,1.0,0.7532784400661445
198451,1268951,1.0,0.9009666966462386
198456,1268956,1.0,0.6807487670764845
198457,1268958,1.0,0.7574692054684954
198459,1268961,1.0,0.6369594279945371
198461,1268963,1.0,0.6410862790879494
198467,1268970,1.0,0.7813506820155995
198468,1268971,1.0,0.6190248688910331
198469,1268973,1.0,0.755516381508632
198470,1268974,1.0,0.7717028194354751
198471,1268975,1.0,0.5454242233315599
198475,1268981,1.0,0.5733847250900328
198478,1268984,1.0,0.5027114363608709
198484,1268992,1.0,0.6251249701900276
198488,1268998,1.0,0.7882080502304227
198494,1269005,1.0,0.7646740031499748
198498,1269009,1.0,0.7974283918640348
198499,1269010,1.0,0.5127165460706669
198504,1269017,1.0,0.5518300008456122
198513,1269028,1.0,0.8106275935420877
198514,1269029,1.0,0.6619616734283854
198525,1269043,1.0,0.5595716132100821
198531,1269050,1.0,0.795507440676725
198534,1269053,1.0,0.8202261847702306
198542,1269063,1.0,0.8323717236531499
198545,1269067,1.0,0.7752028372566709
198546,1269068,1.0,0.7624873199032747
198548,1269070,1.0,0.7985960357852043
198552,1269076,1.0,0.7557159970214804
198570,1269095,1.0,0.6575610223155075
198572,1269098,1.0,0.6527043334963863
198573,1269100,1.0,0.60051289715958
198574,1269102,1.0,0.7729670240940646
198578,1269107,1.0,0.7067884440349259
198579,1269110,1.0,0.7287415222231827
198583,1269114,1.0,0.7404211601288346
198584,1269115,1.0,0.7297563461219234
198586,1269117,1.0,0.7626656249492226
198592,1269123,1.0,0.7673683529676888
198596,1269127,1.0,0.6753294929507507
198601,1269137,1.0,0.7486440988287588
198602,1269139,1.0,0.5453862753605029
198604,1269143,1.0,0.7329889953399079
198607,1269150,1.0,0.7459971103204568
198608,1269151,1.0,0.6279386790629231
198610,1269155,1.0,0.5860872951016332
198613,1269159,1.0,0.8216970153472658
198615,1269161,1.0,0.8059585609492709
198616,1269162,1.0,0.6709009859104926
198621,1269170,1.0,0.6151302797900462
198622,1269171,1.0,0.6276721118590907
198633,1269183,1.0,0.7623397090555796
198635,1269185,1.0,0.7675508930235287
198638,1269188,1.0,0.7200663715691411
198639,1269189,1.0,0.6918229300677223
198645,1269195,1.0,0.7985960357852043
198666,1269225,1.0,0.7925635472102852
198671,1269231,1.0,0.7615713400495583
198673,1269233,1.0,0.8544631207495722
198675,1269237,1.0,0.7358998248971345
198683,1269246,1.0,0.7754386988381647
198684,1269247,1.0,0.7624959615627384
198696,1269259,1.0,0.5890241397994281
198697,1269260,1.0,0.7915966099353438
198698,1269261,1.0,0.7192787936112884
198699,1269262,1.0,0.7742884218741468
198703,1269266,1.0,0.8020758143802108
198705,1269268,1.0,0.7989649385858072
198706,1269269,1.0,0.5127799069150591
198728,1269309,1.0,0.5248126363139128
198737,1269330,1.0,0.7285671167992399
198766,1269380,1.0,0.755959897417645
198770,1269387,1.0,0.6968787336325803
198773,1269390,1.0,0.5590574848316896
198781,1269402,1.0,0.7488635030823383
198783,1269404,1.0,0.8025547365053567
198788,1269412,1.0,0.7843660942017996
198791,1269415,1.0,0.7256962536432299
198792,1269416,1.0,0.7503668773748619
198795,1269419,1.0,0.7874649030506944
198798,1269423,1.0,0.7870297589318804
198816,1269443,1.0,0.6657306925757301
198818,1269445,1.0,0.617783825602178
198826,1269457,1.0,0.7591043498300022
198832,1269466,1.0,0.6603145851108027
198834,1269468,1.0,0.606911311986302
198836,1269471,1.0,0.5073525536836737
198838,1269474,1.0,0.7011934607870856
198839,1269475,1.0,0.7269775339396268
198843,1269480,1.0,0.7834728408982325
198844,1269481,1.0,0.6618095880788474
198845,1269482,1.0,0.7110497240129756
198846,1269484,1.0,0.7527582063327729
198847,1269485,1.0,0.6852685423812206
198849,1269487,1.0,0.753175446865974
198850,1269488,1.0,0.6851498474815834
198856,1269496,1.0,0.6500287503630411
198857,1269501,1.0,0.8247293060036205
198858,1269504,1.0,0.6511509586710297
198859,1269506,1.0,0.7853739832020625
198862,1269509,1.0,0.7500973252416115
198864,1269512,1.0,0.7518810097339107
198865,1269513,1.0,0.7230427577757196
198866,1269514,1.0,0.7571797313409434
198868,1269516,1.0,0.7863355815246038
198870,1269518,1.0,0.7225130394199306
198871,1269519,1.0,0.7805379532545926
198874,1269525,1.0,0.5456725834649101
198877,1269528,1.0,0.712141392211359
198891,1269547,1.0,0.6595924576641288
198892,1269548,1.0,0.7986346475910305
198894,1269550,1.0,0.837148768272905
198902,1269562,1.0,0.682729113062434
198911,1269574,1.0,0.8184865055452598
198912,1269576,1.0,0.8799424447785191
198914,1269578,1.0,0.7691280766291083
198917,1269582,1.0,0.8763981797806507
198919,1269585,1.0,0.5329110298428104
198930,1269601,1.0,0.9111143342844212
198934,1269605,1.0,0.8875666166067284
198937,1269609,1.0,0.8762344472258513
198939,1269613,1.0,0.8748089424605537
198941,1269615,1.0,0.6373277758391782
198944,1269620,1.0,0.5877277051896797
198946,1269623,1.0,0.7815197172549428
198947,1269624,1.0,0.5467816619425939
198948,1269625,1.0,0.822900597559154
198952,1269631,1.0,0.5798441705385731
198961,1269645,1.0,0.6789237103173391
198962,1269647,1.0,0.7805379532545926
198965,1269651,1.0,0.5382158783877499
198975,1269668,1.0,0.7273497797777322
198985,1269683,1.0,0.6262373719543698
198986,1269685,1.0,0.7693186036705423
198988,1269687,1.0,0.7341086985875805
198991,1269691,1.0,0.6036961789753263
198992,1269693,1.0,0.5126574738483053
198993,1269696,1.0,0.6464141812137346
198996,1269700,1.0,0.7558970971047172
199009,1269721,1.0,0.8149005963624181
199026,1269747,1.0,0.5805069347148518
199029,1269751,1.0,0.6681484256892082
199031,1269756,1.0,0.6496625280242845
199036,1269770,1.0,0.5890359623614716
199037,1269771,1.0,0.5951515114992216
199046,1269787,1.0,0.7560969566718395
199051,1269796,1.0,0.56540049460515
199055,1269801,1.0,0.7016502208513439
199060,1269810,1.0,0.7504714645303834
199062,1269816,1.0,0.5722169526152858
199067,1269829,1.0,0.6690063074127409
199069,1269835,1.0,0.7960286123861584
199072,1269840,1.0,0.5415467033819723
199073,1269841,1.0,0.8156565588872872
199079,1269848,1.0,0.8631633225765302
199081,1269850,1.0,0.7731103627042751
199082,1269851,1.0,0.647712119067237
199095,1269865,1.0,0.6161405765446398
199101,1269871,1.0,0.8219691155892367
199102,1269872,1.0,0.6901305587752175
199111,1269882,1.0,0.7603299302154166
199113,1269884,1.0,0.7988808877768131
199114,1269885,1.0,0.769158165482903
199117,1269888,1.0,0.7444075130426717
199119,1269890,1.0,0.7650109483609009
199123,1269895,1.0,0.5715392980013053
199126,1269899,1.0,0.5975902784768534
199128,1269901,1.0,0.8074874260235132
199129,1269902,1.0,0.7314437054060791
199130,1269903,1.0,0.5856333448976733
199132,1269906,1.0,0.7372185657625565
199135,1269909,1.0,0.6009629557189592
199136,1269911,1.0,0.7971102400286788
199137,1269912,1.0,0.7585386266118856
199140,1269916,1.0,0.7590428719358462
199154,1269935,1.0,0.735753875888334
199160,1269942,1.0,0.7849561785186226
199162,1269945,1.0,0.6327810094949875
199165,1269949,1.0,0.6140825646890644
199172,1269957,1.0,0.5128897790093468
199173,1269959,1.0,0.5783534024139225
199175,1269961,1.0,0.5798797300588262
199176,1269964,1.0,0.6009629557189592
199177,1269965,1.0,0.769790655630119
199185,1269977,1.0,0.5680327174961829
199194,1269993,1.0,0.6045298848409374
199196,1269997,1.0,0.6477081038310312
199202,1270006,1.0,0.7648928864669521
199203,1270007,1.0,0.7694481849232366
199208,1270014,1.0,0.7491516362180066
199210,1270016,1.0,0.6765939675605668
199211,1270017,1.0,0.7372185657625565
199220,1270029,1.0,0.5557262403935456
199221,1270030,1.0,0.7912265456375747
199222,1270031,1.0,0.6021185344934761
199226,1270036,1.0,0.7371948082833366
199228,1270038,1.0,0.7551070442561102
199230,1270042,1.0,0.631644140247479
199239,1270055,1.0,0.7913354842046978
199241,1270057,1.0,0.5880068612746929
199246,1270066,1.0,0.6592867736207157
199248,1270068,1.0,0.7434039557592054
199249,1270070,1.0,0.7574500295362881
199261,1270086,1.0,0.6149965083137461
199262,1270087,1.0,0.8073798066270945
199270,1270098,1.0,0.745906699445382
199273,1270101,1.0,0.7177311497195771
199275,1270104,1.0,0.5462167954825291
199278,1270108,1.0,0.7656449004989511
199280,1270111,1.0,0.5729512216837642
199281,1270112,1.0,0.7491157107213074
199283,1270114,1.0,0.8009560346289271
199284,1270115,1.0,0.543074897624025
199287,1270118,1.0,0.5235598796707486
199288,1270119,1.0,0.7577711153301184
199290,1270121,1.0,0.6839274168151799
199292,1270126,1.0,0.7611179501369517
199294,1270128,1.0,0.6353991123341988
199298,1270132,1.0,0.8258686819684409
199299,1270133,1.0,0.7641243316499823
199301,1270136,1.0,0.6048934791129618
199303,1270139,1.0,0.58008263498268
199304,1270140,1.0,0.8708667779774963
199315,1270193,1.0,0.6765737822627144
199332,1270232,1.0,0.5818115613435666
199333,1270233,1.0,0.7344755397310048
199340,1270242,1.0,0.7873286413388776
199344,1270251,1.0,0.7473108247903757
199360,1270273,1.0,0.8162231737064932
199389,1270317,1.0,0.7635396226891874
199390,1270318,1.0,0.7494748804831146
199392,1270320,1.0,0.7979105697363889
199393,1270321,1.0,0.7707907589106201
199396,1270324,1.0,0.7791221264280053
199398,1270326,1.0,0.5566127479493038
199401,1270329,1.0,0.5551902648054062
199402,1270331,1.0,0.7921145501663346
199404,1270333,1.0,0.8187644979553778
199405,1270334,1.0,0.7105861988255806
199408,1270338,1.0,0.6652010371767207
199409,1270340,1.0,0.6149369414429261
199419,1270357,1.0,0.6268237424752723
199422,1270364,1.0,0.6212783715679498
199428,1270372,1.0,0.6029368945903949
199432,1270378,1.0,0.5166242020752122
199436,1270382,1.0,0.7551925789801099
199438,1270384,1.0,0.5800572892324186
199439,1270386,1.0,0.5795602089372238
199440,1270387,1.0,0.7558790997494312
199441,1270388,1.0,0.6630997241343777
199445,1270392,1.0,0.7391554075437302
199453,1270404,1.0,0.769790655630119
199459,1270410,1.0,0.641820809201061
199460,1270412,1.0,0.7255512764299697
199465,1270419,1.0,0.7403020111680717
199469,1270423,1.0,0.7429646957774312
199471,1270426,1.0,0.7721559748025528
199473,1270429,1.0,0.6459446859553195
199479,1270435,1.0,0.6302121793817395
199483,1270440,1.0,0.8726067357347845
199484,1270441,1.0,0.7410377561635522
199486,1270443,1.0,0.827827715414879
199487,1270444,1.0,0.7201143643429561
199490,1270449,1.0,0.8871021699514389
199491,1270450,1.0,0.6046395422076323
199492,1270452,1.0,0.5539408378408403
199497,1270458,1.0,0.6971866197951802
199511,1270475,1.0,0.8607417869844765
199513,1270477,1.0,0.7435079928933093
199518,1270483,1.0,0.5743340328570039
199519,1270485,1.0,0.721111711027136
199521,1270487,1.0,0.5864408605151789
199534,1270500,1.0,0.8369647210119127
199536,1270502,1.0,0.8489643818661132
199543,1270510,1.0,0.8157862003180827
199547,1270518,1.0,0.6126272502124094
199548,1270519,1.0,0.8980912217289224
199551,1270522,1.0,0.5935326772180834
199558,1270530,1.0,0.8062797593696065
199565,1270540,1.0,0.5405088818964485
199566,1270541,1.0,0.8563931691848761
199572,1270548,1.0,0.7256962536432299
199592,1270570,1.0,0.8504552312425732
199594,1270572,1.0,0.871881171156173
199596,1270576,1.0,0.8538538597649336
199599,1270579,1.0,0.871337473345863
199600,1270580,1.0,0.801046344865284
199607,1270587,1.0,0.8650522823862793
199614,1270594,1.0,0.8167287283541999
199615,1270595,1.0,0.7281151430717523
199616,1270596,1.0,0.8867468423780376
199617,1270597,1.0,0.8895322368274277
199618,1270598,1.0,0.8838272945322068
199620,1270600,1.0,0.8696159983353274
199628,1270608,1.0,0.7840884504211197
199630,1270611,1.0,0.6135519815371062
199631,1270613,1.0,0.8696490811668246
199632,1270614,1.0,0.8710854965508397
199635,1270619,1.0,0.6823579161363436
199637,1270622,1.0,0.8642059510000503
199638,1270623,1.0,0.8500798459666299
199639,1270624,1.0,0.8407340785125134
199640,1270625,1.0,0.8628362744624221
199647,1270634,1.0,0.8834398446043501
199650,1270637,1.0,0.8774277847327031
199654,1270642,1.0,0.7912380499958016
199655,1270643,1.0,0.8569395460233
199661,1270651,1.0,0.867840489514485
199662,1270652,1.0,0.8873176101217751
199664,1270654,1.0,0.8212288749636645
199667,1270659,1.0,0.8155277354080326
199668,1270660,1.0,0.8577136088759575
199670,1270662,1.0,0.7951868347547357
199672,1270664,1.0,0.8781223127734593
199676,1270670,1.0,0.8697909607239657
199677,1270671,1.0,0.63380105667721
199678,1270672,1.0,0.8506463214981791
199680,1270674,1.0,0.8949404042696252
199685,1270679,1.0,0.8561330143272374
199687,1270684,1.0,0.694863021396415
199692,1270689,1.0,0.8884777094781929
199695,1270692,1.0,0.7786057021894368
199699,1270696,1.0,0.7203166292789421
199705,1270702,1.0,0.8571819450154825
199707,1270704,1.0,0.8773712812323571
199710,1270707,1.0,0.7958524326413285
199714,1270711,1.0,0.8660519405291408
199718,1270716,1.0,0.8785603203238956
199721,1270719,1.0,0.8663373498246929
199723,1270721,1.0,0.8930367890280599
199732,1270731,1.0,0.8710348239462552
199734,1270733,1.0,0.7202271447814401
199744,1270746,1.0,0.8211053320496596
199746,1270748,1.0,0.8417071247896147
199747,1270750,1.0,0.825730598907037
199753,1270756,1.0,0.8867468423780376
199755,1270758,1.0,0.8709613543238298
199756,1270759,1.0,0.7342491272326582
199765,1270768,1.0,0.8059849813269487
199767,1270771,1.0,0.8403877707359871
199768,1270772,1.0,0.858664742956352
199770,1270776,1.0,0.7687435166198452
199782,1270790,1.0,0.8893766735746026
199785,1270793,1.0,0.5370990325360795
199789,1270797,1.0,0.64591933059319
199793,1270803,1.0,0.7548093826444635
199814,1270826,1.0,0.8947436274857541
199819,1270833,1.0,0.8286574148620063
199828,1270846,1.0,0.7342174477239011
199831,1270849,1.0,0.7952878851801072
199834,1270853,1.0,0.8858390816098822
199841,1270860,1.0,0.8567130256427399
199844,1270864,1.0,0.9030008158220588
199846,1270866,1.0,0.7962757907934219
199848,1270868,1.0,0.7424064090817393
199852,1270872,1.0,0.7569304365548637
199857,1270877,1.0,0.8069932995910367
199859,1270879,1.0,0.8030092978523082
199865,1270885,1.0,0.902908130598275
199866,1270886,1.0,0.8600586856101011
199874,1270895,1.0,0.835285539119982
199881,1270906,1.0,0.7132606651928295
199884,1270910,1.0,0.7344085832758751
199888,1270919,1.0,0.7468569682697518
199894,1270929,1.0,0.7620885789957239
199900,1270935,1.0,0.5742357474708133
199904,1270941,1.0,0.742651683123214
199908,1270945,1.0,0.7606087229783649
199911,1270948,1.0,0.8099310890352004
199912,1270950,1.0,0.5871049791702437
199917,1270955,1.0,0.8549125838032976
199921,1270959,1.0,0.5743730813232938
199930,1270970,1.0,0.7080295523647849
199936,1270976,1.0,0.8697565206891877
199939,1270980,1.0,0.7952878851801072
199941,1270983,1.0,0.8772126650081238
199952,1270994,1.0,0.8048746365723529
199958,1271001,1.0,0.7748885208050614
199963,1271008,1.0,0.6158053844796226
199964,1271009,1.0,0.6733085970947068
199966,1271012,1.0,0.6648973600105896
199977,1271025,1.0,0.6065140029816473
199980,1271028,1.0,0.807182242534632
199987,1271036,1.0,0.9231779005087105
199988,1271037,1.0,0.6921519378871556
199996,1271045,1.0,0.5505285379711127
200017,1271088,1.0,0.5373767675400308
200019,1271090,1.0,0.667303273880505
200025,1271097,1.0,0.7489453882456534
200040,1271112,1.0,0.7478407688429654
200045,1271118,1.0,0.5016925850466272
200079,1271171,1.0,0.6442605736711483
200093,1271190,1.0,0.7792308690325559
200095,1271193,1.0,0.5621525722314107
200097,1271195,1.0,0.8140953304895957
200098,1271196,1.0,0.835244941477412
200101,1271199,1.0,0.7877937465293513
200102,1271201,1.0,0.8064462093132653
200103,1271202,1.0,0.6563060758399883
200105,1271204,1.0,0.8465141476857945
200107,1271206,1.0,0.5295430769631159
200109,1271209,1.0,0.8202652596999191
200122,1271225,1.0,0.7669751260093217
200124,1271227,1.0,0.5550677974403281
200127,1271231,1.0,0.7999017836954505
200131,1271235,1.0,0.7736939745062619
200133,1271238,1.0,0.7724888936468974
200136,1271241,1.0,0.7755816483984183
200141,1271246,1.0,0.8755874604092988
200146,1271252,1.0,0.6343191654917039
200149,1271255,1.0,0.7841336942685273
200152,1271258,1.0,0.8272361242452548
200155,1271261,1.0,0.8643360035532383
200158,1271267,1.0,0.5250516213200584
200160,1271269,1.0,0.5460621676219037
200162,1271271,1.0,0.7813873901227404
200166,1271275,1.0,0.6935458552203894
200169,1271278,1.0,0.572950050068747
200170,1271279,1.0,0.8498481031732128
200173,1271284,1.0,0.888614767823396
200179,1271290,1.0,0.5620286597155979
200182,1271294,1.0,0.8156952917728845
200188,1271304,1.0,0.588974432477117
200189,1271308,1.0,0.8586524590170551
200193,1271312,1.0,0.8643296246530088
200194,1271313,1.0,0.738724972845701
200233,1271359,1.0,0.5741595394816841
200257,1271384,1.0,0.6809173330591356
200284,1271418,1.0,0.8777542882427755
200287,1271421,1.0,0.6500287503630411
200293,1271430,1.0,0.8623899875735802
200295,1271435,1.0,0.5290364438164415
200296,1271437,1.0,0.849807149760626
200297,1271438,1.0,0.7537938201658941
200298,1271439,1.0,0.8405141095228281
200299,1271440,1.0,0.7828057319153436
200301,1271444,1.0,0.5256012408157708
200302,1271446,1.0,0.8684571693294003
200310,1271458,1.0,0.780971182438986
200312,1271461,1.0,0.8668138366551903
200313,1271462,1.0,0.724865612277747
200315,1271464,1.0,0.8572156836242447
200319,1271469,1.0,0.871289447229495
200321,1271471,1.0,0.8604167611440331
200322,1271472,1.0,0.6344606158174477
200323,1271474,1.0,0.8606961493058608
200325,1271476,1.0,0.8209600277748873
200337,1271490,1.0,0.7349275904158997
200340,1271494,1.0,0.6990726417357443
200342,1271496,1.0,0.7860485782851488
200345,1271500,1.0,0.9028534866162207
200347,1271502,1.0,0.7652792841136888
200348,1271503,1.0,0.6812786527493817
200356,1271514,1.0,0.8797292691346591
200357,1271515,1.0,0.7824167656299976
200363,1271521,1.0,0.7468501944178441
200364,1271522,1.0,0.8201761195525252
200369,1271528,1.0,0.8622990314179865
200376,1271535,1.0,0.8433566313494292
200383,1271544,1.0,0.6325497563400735
200387,1271549,1.0,0.8543667063159013
200391,1271554,1.0,0.7933949066933781
200404,1271572,1.0,0.8717151677945387
200410,1271582,1.0,0.7134740099642312
200413,1271586,1.0,0.7554805549107448
200416,1271590,1.0,0.8008592053741479
200419,1271595,1.0,0.7892651037066442
200420,1271597,1.0,0.5904499390069247
200422,1271599,1.0,0.7924442193282386
200428,1271605,1.0,0.8838272945322068
200434,1271613,1.0,0.8541108033293355
200437,1271616,1.0,0.9234670250299718
200440,1271620,1.0,0.8861781978014753
200444,1271625,1.0,0.8157862003180827
200447,1271629,1.0,0.6960204471803153
200448,1271630,1.0,0.5557262403935456
200450,1271632,1.0,0.8713173780556073
200452,1271634,1.0,0.8249008928772249
200454,1271638,1.0,0.8700020568922692
200455,1271639,1.0,0.8609956841784387
200456,1271640,1.0,0.8623569619712563
200457,1271641,1.0,0.7896831953196656
200458,1271643,1.0,0.8787170054163146
200460,1271645,1.0,0.6056089652885924
200461,1271647,1.0,0.8642126368770046
200464,1271650,1.0,0.8672031684430085
200465,1271651,1.0,0.9271334716216497
200466,1271652,1.0,0.8516969118716674
200467,1271653,1.0,0.509771820180455
200474,1271662,1.0,0.7806219778253544
200476,1271665,1.0,0.8684571693294003
200477,1271666,1.0,0.6036629876930831
200480,1271670,1.0,0.8272104744452882
200481,1271672,1.0,0.8873176101217751
200485,1271676,1.0,0.7721559748025528
200486,1271677,1.0,0.8048746365723529
200487,1271678,1.0,0.7503400241194659
200488,1271679,1.0,0.8892045902863422
200493,1271686,1.0,0.7745967612880809
200496,1271689,1.0,0.8362533521737466
200498,1271691,1.0,0.8720193585593868
200503,1271697,1.0,0.5245042731942939
200516,1271713,1.0,0.8361079560207667
200518,1271716,1.0,0.6863405153818817
200520,1271718,1.0,0.7000019922575998
200521,1271721,1.0,0.8761842843334953
200527,1271730,1.0,0.7768982525442115
200530,1271733,1.0,0.840938456000073
200531,1271734,1.0,0.8565274855089262
200533,1271737,1.0,0.8475045799000899
200537,1271741,1.0,0.880059702813701
200542,1271748,1.0,0.5700002096746964
200544,1271753,1.0,0.8783963738305518
200550,1271760,1.0,0.7867142648751206
200564,1271777,1.0,0.876988612130592
200575,1271791,1.0,0.6639943412456827
200580,1271800,1.0,0.8667384336009776
200582,1271802,1.0,0.8704350160521315
200589,1271809,1.0,0.5620286597155979
200597,1271818,1.0,0.8197728498996845
200598,1271820,1.0,0.7854585577900306
200602,1271826,1.0,0.8710485784693338
200606,1271830,1.0,0.5912969641449648
200607,1271832,1.0,0.8562559720342457
200623,1271851,1.0,0.7152116600014239
200627,1271856,1.0,0.8194338457247979
200629,1271859,1.0,0.7999910224048372
200630,1271860,1.0,0.5443014882092543
200633,1271864,1.0,0.8660519405291408
200634,1271865,1.0,0.816601160258963
200652,1271887,1.0,0.8340545837891389
200656,1271891,1.0,0.6036629876930831
200658,1271893,1.0,0.7855821851114944
200663,1271902,1.0,0.7832169525528855
200664,1271903,1.0,0.820023149371606
200666,1271906,1.0,0.8881435634379933
200667,1271907,1.0,0.8340545837891389
200668,1271908,1.0,0.5643205698328737
200670,1271911,1.0,0.8079224476063586
200683,1271961,1.0,0.5392095672561078
200684,1271962,1.0,0.7367096361079717
200685,1271963,1.0,0.8310978188776944
200697,1271981,1.0,0.8521464023592966
200708,1271996,1.0,0.5627363508936323
200711,1272001,1.0,0.8228824214415036
200724,1272029,1.0,0.696807643072235
200739,1272048,1.0,0.836202482989486
200744,1272053,1.0,0.820787259942444
200746,1272055,1.0,0.8258235403604016
200747,1272056,1.0,0.7816405912087816
200750,1272059,1.0,0.8711738727356167
200754,1272063,1.0,0.7810653477019327
200755,1272064,1.0,0.7272264166064708
200759,1272068,1.0,0.58509924214403
200760,1272070,1.0,0.6627403703931829
200766,1272077,1.0,0.8187175769066533
200767,1272078,1.0,0.6590421819247719
200771,1272083,1.0,0.8890533601653886
200773,1272085,1.0,0.7086641102583155
200785,1272097,1.0,0.7995553926993988
200788,1272101,1.0,0.6563060758399883
200790,1272103,1.0,0.572128534325222
200791,1272105,1.0,0.6437268975574706
200793,1272107,1.0,0.8721807489823313
200795,1272109,1.0,0.6332459888370751
200799,1272113,1.0,0.7375829602093332
200800,1272114,1.0,0.7853173140772024
200801,1272115,1.0,0.8620336373931651
200802,1272116,1.0,0.6615294287326181
200804,1272119,1.0,0.7383250549336143
200812,1272128,1.0,0.5307117017357864
200816,1272132,1.0,0.6332459888370751
200817,1272133,1.0,0.6189883200658843
200823,1272141,1.0,0.6021185344934761
200824,1272142,1.0,0.5354063181840267
200827,1272146,1.0,0.7707055243118753
200836,1272157,1.0,0.7545298972910346
200838,1272159,1.0,0.5274285843265025
200842,1272164,1.0,0.7042192615191
200843,1272165,1.0,0.6237098099468587
200845,1272168,1.0,0.7448193828272507
200851,1272175,1.0,0.7596982006068241
200853,1272177,1.0,0.8197728498996845
200856,1272181,1.0,0.8197728498996845
200860,1272186,1.0,0.867840489514485
200861,1272187,1.0,0.5677775697103584
200863,1272189,1.0,0.7654304416381285
200864,1272190,1.0,0.860601117867783
200865,1272191,1.0,0.7974477022408497
200869,1272196,1.0,0.7979292837563746
200875,1272203,1.0,0.5982124884183904
200876,1272204,1.0,0.5295251714720236
200881,1272210,1.0,0.6602349104532325
200883,1272212,1.0,0.8591678269456113
200884,1272213,1.0,0.8313774563941497
200889,1272219,1.0,0.6655240265612694
200897,1272229,1.0,0.6219667085244799
200899,1272232,1.0,0.7879023319234005
200901,1272234,1.0,0.8208058905504356
200903,1272236,1.0,0.5056005875845367
200918,1272251,1.0,0.6903486026735559
200921,1272254,1.0,0.7635660579458049
200925,1272259,1.0,0.8511427584345298
200931,1272265,1.0,0.8097983879426321
200933,1272267,1.0,0.8534970477684645
200934,1272268,1.0,0.6276796414064802
200942,1272278,1.0,0.8532936767922136
200943,1272279,1.0,0.7500250113512494
200944,1272280,1.0,0.5562409609546528
200945,1272282,1.0,0.7248641135081123
200946,1272283,1.0,0.7736873744356487
200950,1272287,1.0,0.5298523397129471
200954,1272292,1.0,0.8210130490366965
200955,1272293,1.0,0.6567985591617067
200960,1272299,1.0,0.5897400096153665
200966,1272308,1.0,0.6549703828744238
200967,1272310,1.0,0.7611474615297398
200970,1272313,1.0,0.6761542421386775
200972,1272315,1.0,0.56691923643863
200974,1272318,1.0,0.8705831633300705
200975,1272319,1.0,0.9002150561473139
200983,1272328,1.0,0.7563674190848846
200989,1272336,1.0,0.6055357273298846
200990,1272338,1.0,0.7517185132594528
200993,1272341,1.0,0.7031128969883618
200998,1272346,1.0,0.656304663379873
200999,1272348,1.0,0.753873531993449
201003,1272352,1.0,0.8437446769998782
201011,1272361,1.0,0.7423887722004191
201012,1272362,1.0,0.6915114771892826
201022,1272374,1.0,0.5699384592568467
201024,1272377,1.0,0.7828648331982898
201030,1272385,1.0,0.803587705189917
201031,1272386,1.0,0.6291866159450719
201032,1272387,1.0,0.674769403246148
201034,1272389,1.0,0.5712509207351161
201036,1272392,1.0,0.5013076480674249
201040,1272398,1.0,0.764971631989246
201042,1272400,1.0,0.6725990076733354
201054,1272414,1.0,0.6322628547217266
201067,1272430,1.0,0.8031223984760336
201068,1272432,1.0,0.7946317926724301
201070,1272434,1.0,0.7142632341082454
201072,1272436,1.0,0.7901736724637555
201076,1272440,1.0,0.7571963438284883
201078,1272443,1.0,0.7871526391108544
201079,1272444,1.0,0.7128659852993333
201086,1272454,1.0,0.7547622526668724
201089,1272459,1.0,0.6896688726434209
201090,1272460,1.0,0.6557146963215952
201093,1272463,1.0,0.5056005875845367
201105,1272476,1.0,0.7054889160792609
201109,1272480,1.0,0.5211230111547246
201112,1272484,1.0,0.5540738558928583
201115,1272487,1.0,0.5581695554508613
201117,1272490,1.0,0.5646679928088312
201118,1272491,1.0,0.5292719253995559
201126,1272500,1.0,0.7236968182317894
201132,1272507,1.0,0.7633212002813962
201137,1272512,1.0,0.6951567776575812
201139,1272515,1.0,0.5990975683694589
201140,1272516,1.0,0.6119874697582639
201144,1272521,1.0,0.7593997783842042
201151,1272529,1.0,0.501344045740104
201154,1272533,1.0,0.7347525738797794
201157,1272536,1.0,0.7673258077956343
201161,1272540,1.0,0.5341891186660362
201164,1272543,1.0,0.7094132077916022
201165,1272546,1.0,0.6840907341317055
201166,1272547,1.0,0.6021185344934761
201168,1272549,1.0,0.7369800930125492
201169,1272550,1.0,0.5830505015435855
201172,1272554,1.0,0.5823286152732716
201173,1272556,1.0,0.5056005875845367
201177,1272561,1.0,0.6133726413625739
201179,1272563,1.0,0.735753875888334
201180,1272564,1.0,0.5122400811307427
201181,1272565,1.0,0.7172546119222031
201185,1272570,1.0,0.5385582185882314
201188,1272574,1.0,0.6975361428727043
201202,1272591,1.0,0.7034946948454772
201203,1272592,1.0,0.5431838463295519
201206,1272595,1.0,0.5760123866289545
201213,1272605,1.0,0.6370257647047634
201217,1272611,1.0,0.8298546963209489
201218,1272613,1.0,0.7421895804349546
201222,1272618,1.0,0.619937193174712
201224,1272621,1.0,0.5006707112454024
201228,1272628,1.0,0.7194541083456836
201230,1272632,1.0,0.6724813942365822
201231,1272634,1.0,0.6982157515722048
201233,1272636,1.0,0.7288905629123255
201241,1272648,1.0,0.5680327174961829
201242,1272650,1.0,0.6041068804550848
201243,1272652,1.0,0.7081017354587779
201253,1272663,1.0,0.7256962536432299
201257,1272668,1.0,0.6210785072863302
201269,1272681,1.0,0.5626072765505806
201271,1272683,1.0,0.8345763785315722
201272,1272684,1.0,0.6928029924555346
201278,1272690,1.0,0.7299537963162095
201287,1272699,1.0,0.6728879584217079
201288,1272701,1.0,0.6210785072863302
201291,1272705,1.0,0.6425133474000297
201309,1272734,1.0,0.6968778779826238
201325,1272757,1.0,0.7322888843574661
201343,1272796,1.0,0.5923050460395196
201344,1272797,1.0,0.7925692088222532
201348,1272806,1.0,0.7397088498657178
201355,1272821,1.0,0.781415614394111
201373,1272847,1.0,0.5838539900706342
201381,1272855,1.0,0.525850875784708
201382,1272857,1.0,0.8111753737567373
201385,1272861,1.0,0.7674962992335707
201391,1272867,1.0,0.5991212640412286
201392,1272868,1.0,0.7664692346986473
201397,1272873,1.0,0.8751000878106493
201403,1272883,1.0,0.8865659760455266
201404,1272884,1.0,0.7416500084829092
201406,1272886,1.0,0.7423843629558131
201407,1272887,1.0,0.827827715414879
201411,1272894,1.0,0.6592217653102697
201413,1272898,1.0,0.8762344472258513
201414,1272899,1.0,0.7398921261413504
201416,1272903,1.0,0.6897921326222228
201417,1272906,1.0,0.8694490139683451
201418,1272907,1.0,0.6767082120278055
201422,1272913,1.0,0.5071945279480463
201434,1272926,1.0,0.8703018185801484
201438,1272931,1.0,0.5827493287107344
201442,1272935,1.0,0.6413232181040458
201443,1272936,1.0,0.5343056152611244
201447,1272940,1.0,0.700742854921922
201448,1272941,1.0,0.6714568196860803
201452,1272947,1.0,0.825316649891471
201453,1272948,1.0,0.5663037272051014
201461,1272960,1.0,0.683796928520015
201465,1272964,1.0,0.5274285843265025
201466,1272966,1.0,0.5611170215077063
201470,1272970,1.0,0.5096664470961142
201472,1272972,1.0,0.5484917607932287
201473,1272974,1.0,0.5081547691732443
201475,1272976,1.0,0.5626072765505806
201476,1272977,1.0,0.7989265847576286
201478,1272979,1.0,0.6361908865987659
201479,1272980,1.0,0.5501844028462259
201480,1272981,1.0,0.5281387824297923
201482,1272984,1.0,0.5277327197517703
201491,1272998,1.0,0.6536279008359389
201495,1273006,1.0,0.686993357202397
201496,1273007,1.0,0.5396312325124634
201499,1273012,1.0,0.6630175115786677
201508,1273025,1.0,0.5901401686531779
201511,1273029,1.0,0.6071046842217176
201513,1273031,1.0,0.5626072765505806
201515,1273035,1.0,0.5588568395871715
201519,1273041,1.0,0.5588568395871715
201524,1273047,1.0,0.7473053252140425
201529,1273055,1.0,0.5498254444541654
201530,1273057,1.0,0.5901379885429038
201535,1273065,1.0,0.8191125194480628
201536,1273066,1.0,0.5413601924181823
201539,1273069,1.0,0.6932492272218085
201543,1273075,1.0,0.5223755576353915
201546,1273078,1.0,0.7490795400940866
201548,1273080,1.0,0.5395217033091873
201550,1273084,1.0,0.8983373886398301
201552,1273086,1.0,0.5418269984613862
201555,1273089,1.0,0.5316804386179953
201558,1273093,1.0,0.6945916627872519
201561,1273096,1.0,0.7080295523647849
201565,1273100,1.0,0.6960204471803153
201572,1273108,1.0,0.869091993778713
201575,1273111,1.0,0.7443307928092634
201577,1273115,1.0,0.6790452784467343
201579,1273118,1.0,0.7191108453294094
201587,1273130,1.0,0.8660414433103963
201589,1273132,1.0,0.741909491681394
201594,1273139,1.0,0.8877986577213778
201602,1273148,1.0,0.5664318078279177
201620,1273168,1.0,0.5643413591537643
201624,1273174,1.0,0.7538451317193349
201626,1273176,1.0,0.685497235206625
201627,1273177,1.0,0.6350810107759192
201628,1273178,1.0,0.8720701594331143
201631,1273181,1.0,0.7426678197419389
201633,1273183,1.0,0.7122180773358937
201636,1273189,1.0,0.8783281746886606
201643,1273197,1.0,0.8319906757952366
201648,1273202,1.0,0.5242806365383813
201653,1273207,1.0,0.7411277098997826
201655,1273209,1.0,0.8667890836636414
201665,1273220,1.0,0.887254870909864
201666,1273221,1.0,0.6111078920249426
201667,1273222,1.0,0.6893896039285865
201673,1273229,1.0,0.8846189896022006
201674,1273230,1.0,0.7229538602973115
201678,1273235,1.0,0.727160537030792
201681,1273239,1.0,0.6997293626842208
201684,1273246,1.0,0.6501220176062668
201690,1273253,1.0,0.6897921326222228
201699,1273264,1.0,0.8783013450854961
201709,1273274,1.0,0.8695456982366363
201711,1273276,1.0,0.6052145177078493
201712,1273277,1.0,0.8436297668819306
201716,1273281,1.0,0.753902473937521
201720,1273286,1.0,0.8528226664334803
201722,1273288,1.0,0.6065533971491782
201727,1273293,1.0,0.8172497782088425
201729,1273295,1.0,0.7184691972590096
201737,1273305,1.0,0.7732279072524165
201738,1273306,1.0,0.7622177334358414
201746,1273314,1.0,0.8541108033293355
201748,1273316,1.0,0.8561330143272374
201764,1273333,1.0,0.7034058137397113
201768,1273337,1.0,0.8830627168170874
201769,1273338,1.0,0.8751474242573511
201773,1273343,1.0,0.6031073807968628
201774,1273344,1.0,0.5830970798940552
201778,1273349,1.0,0.5237851719498806
201784,1273356,1.0,0.8878051750418638
201786,1273358,1.0,0.8184220964682276
201789,1273361,1.0,0.7447587581561834
201791,1273364,1.0,0.7384048971152744
201794,1273367,1.0,0.5550677974403281
201797,1273371,1.0,0.8724164739569793
201803,1273380,1.0,0.7651036100863291
201807,1273385,1.0,0.748673497446638
201808,1273386,1.0,0.8709613543238298
201815,1273395,1.0,0.8288960162636496
201817,1273398,1.0,0.7572178192292406
201818,1273399,1.0,0.876988612130592
201819,1273400,1.0,0.7729443695018345
201823,1273404,1.0,0.694863021396415
201826,1273408,1.0,0.6224437408643296
201827,1273410,1.0,0.7416678847819892
201837,1273424,1.0,0.5798441705385731
201839,1273428,1.0,0.8623569619712563
201845,1273435,1.0,0.7977359359622007
201851,1273443,1.0,0.5625555681431766
201852,1273444,1.0,0.809872638829564
201855,1273448,1.0,0.6304662269656555
201856,1273450,1.0,0.7396424356190439
201859,1273453,1.0,0.8951436803645295
201862,1273456,1.0,0.7598926553316685
201867,1273462,1.0,0.8880889422341197
201871,1273466,1.0,0.8371236964317472
201872,1273467,1.0,0.55974348834561
201873,1273468,1.0,0.7597767195615436
201874,1273469,1.0,0.694332453681989
201878,1273475,1.0,0.8182847146903387
201882,1273479,1.0,0.7644890545148929
201888,1273486,1.0,0.7042932771170567
201890,1273488,1.0,0.7830235929454508
201891,1273489,1.0,0.7080295523647849
201915,1273516,1.0,0.7051458874306079
201917,1273519,1.0,0.8709613543238298
201923,1273526,1.0,0.8498735901167781
201926,1273530,1.0,0.7115992913620155
201927,1273531,1.0,0.8527638922063144
201929,1273534,1.0,0.790520011518163
201934,1273540,1.0,0.7757145908547459
201937,1273543,1.0,0.8087153352102047
201940,1273546,1.0,0.6207204706975737
201943,1273549,1.0,0.5986828090649016
201949,1273557,1.0,0.8789478751554487
201952,1273562,1.0,0.7412555247895063
201953,1273563,1.0,0.6983685285548683
201961,1273571,1.0,0.6918054688058068
201963,1273573,1.0,0.7547551917552923
201965,1273575,1.0,0.767531775823886
201966,1273576,1.0,0.8414747511526519
201969,1273579,1.0,0.7192787936112884
201971,1273581,1.0,0.5319264424344453
201972,1273582,1.0,0.5550677974403281
201973,1273583,1.0,0.8403877707359871
201974,1273585,1.0,0.7953114241364654
201975,1273586,1.0,0.7237569482950884
201979,1273590,1.0,0.7570153673691982
201981,1273592,1.0,0.6918025305747686
201985,1273596,1.0,0.5658449105340265
201990,1273601,1.0,0.5974923624508068
201997,1273611,1.0,0.7107950976544475
201999,1273613,1.0,0.5556410469486144
202010,1273626,1.0,0.7646740031499748
202015,1273631,1.0,0.8690743083042628
202016,1273632,1.0,0.5176901359159592
202017,1273634,1.0,0.5536808804312711
202021,1273638,1.0,0.5536046612276193
202025,1273643,1.0,0.8224627840746005
202027,1273645,1.0,0.7214850772884505
202028,1273646,1.0,0.8763740749398622
202031,1273649,1.0,0.5316804386179953
202033,1273654,1.0,0.7566027743401522
202034,1273655,1.0,0.6286801598948816
202038,1273660,1.0,0.7683096461343951
202041,1273663,1.0,0.7087444713914832
202042,1273664,1.0,0.6754076800270276
202043,1273665,1.0,0.79031897080786
202051,1273674,1.0,0.686993357202397
202057,1273681,1.0,0.8497830130829613
202060,1273687,1.0,0.5376053474858805
202063,1273691,1.0,0.6358541098484218
202064,1273692,1.0,0.7691917579326868
202072,1273700,1.0,0.7885506860500896
202074,1273702,1.0,0.7612002437388601
202082,1273710,1.0,0.5658449105340265
202085,1273714,1.0,0.7336963934880419
202086,1273715,1.0,0.7128655905648891
202088,1273718,1.0,0.7119634505788055
202090,1273720,1.0,0.8366190334542353
202091,1273721,1.0,0.6259339295945995
202092,1273723,1.0,0.686993357202397
202094,1273725,1.0,0.8688360503111772
202097,1273730,1.0,0.6349598508370866
202099,1273734,1.0,0.5630253011091425
202101,1273736,1.0,0.7273322895859383
202104,1273744,1.0,0.8267760678976654
202105,1273745,1.0,0.6021185344934761
202107,1273747,1.0,0.5521588518815667
202109,1273750,1.0,0.5902134025117021
202110,1273752,1.0,0.5505285379711127
202113,1273756,1.0,0.8763981797806507
202114,1273757,1.0,0.7821578558956219
202115,1273758,1.0,0.756952245714792
202116,1273759,1.0,0.5173050820915718
202117,1273760,1.0,0.7738825125264388
202118,1273761,1.0,0.6471052067524301
202119,1273762,1.0,0.8892391878803161
202120,1273763,1.0,0.5369332151266905
202125,1273770,1.0,0.5118205853173324
202126,1273771,1.0,0.6273546987049953
202132,1273778,1.0,0.5994089602964007
202133,1273779,1.0,0.7240413905298555
202134,1273780,1.0,0.7256824410685386
202135,1273781,1.0,0.7289516452439787
202136,1273782,1.0,0.7217350555153004
202141,1273789,1.0,0.6516207716367391
202142,1273791,1.0,0.5409282673890716
202144,1273798,1.0,0.8253884924931999
202145,1273800,1.0,0.5550677974403281
202146,1273802,1.0,0.8610996486001259
202155,1273815,1.0,0.8874304472665103
202161,1273821,1.0,0.8667890836636414
202163,1273823,1.0,0.8707723937917875
202170,1273831,1.0,0.889558213215729
202171,1273832,1.0,0.8765980627342417
202174,1273835,1.0,0.9048413259906855
202180,1273843,1.0,0.8712156397478078
202186,1273851,1.0,0.6897921326222228
202189,1273856,1.0,0.8340545837891389
202190,1273859,1.0,0.8870500655589606
202193,1273863,1.0,0.78991644538353
202197,1273868,1.0,0.8660519405291408
202208,1273886,1.0,0.8059572421996684
202209,1273887,1.0,0.8237362140669187
202211,1273891,1.0,0.531201130184007
202223,1273927,1.0,0.6295671544549771
202229,1273939,1.0,0.5675981531894276
202234,1273946,1.0,0.8184687848951949
202237,1273950,1.0,0.8782116727425502
202241,1273956,1.0,0.8518285336347129
202243,1273958,1.0,0.8822076307220329
202246,1273964,1.0,0.7129520430831047
202249,1273967,1.0,0.545774483757986
202251,1273969,1.0,0.7460321315575749
202252,1273971,1.0,0.5128897790093468
202261,1273984,1.0,0.6315851768851085
202270,1273997,1.0,0.5408471892309377
202277,1274010,1.0,0.7928671851683147
202296,1274045,1.0,0.8734695230414952
202313,1274078,1.0,0.6994815186069976
202316,1274083,1.0,0.5570707221003495
202318,1274085,1.0,0.780971182438986
202321,1274089,1.0,0.8016655158910189
202336,1274107,1.0,0.7685272024975871
202337,1274108,1.0,0.8185776886665295
202343,1274115,1.0,0.7738234748357851
202348,1274120,1.0,0.5597020676162292
202349,1274121,1.0,0.8049285035504226
202350,1274123,1.0,0.7756520437585719
202352,1274125,1.0,0.917571939132273
202369,1274146,1.0,0.8726067357347845
202371,1274148,1.0,0.8056391855355057
202378,1274155,1.0,0.7999910224048372
202381,1274159,1.0,0.8631340027576336
202382,1274160,1.0,0.79036814805161
202389,1274169,1.0,0.8149761308904244
202394,1274175,1.0,0.5343056152611244
202396,1274178,1.0,0.8017850638445567
202397,1274179,1.0,0.6310505971971743
202405,1274187,1.0,0.6648973600105896
202416,1274200,1.0,0.8882512138596123
202419,1274204,1.0,0.8748089424605537
202422,1274207,1.0,0.8888406173019129
202431,1274216,1.0,0.8696490811668246
202433,1274218,1.0,0.8178776712216093
202435,1274220,1.0,0.7014549564305785
202436,1274221,1.0,0.8204427588555395
202437,1274222,1.0,0.8118215322766722
202438,1274223,1.0,0.8749748943870752
202443,1274228,1.0,0.8293540213697481
202445,1274230,1.0,0.8714391872930982
202451,1274236,1.0,0.8166278227363768
202452,1274237,1.0,0.8171638191338839
202458,1274245,1.0,0.5723821688680724
202462,1274249,1.0,0.7402063672755029
202466,1274253,1.0,0.8653317651548403
202467,1274254,1.0,0.871881171156173
202470,1274257,1.0,0.7783842478123134
202471,1274258,1.0,0.8650838069110501
202481,1274270,1.0,0.6897921326222228
202482,1274272,1.0,0.7346758991749662
202485,1274275,1.0,0.8068069722466512
202489,1274280,1.0,0.8711743044511141
202491,1274282,1.0,0.8201761195525252
202504,1274296,1.0,0.8624019675303317
202505,1274297,1.0,0.7890379237688757
202507,1274299,1.0,0.8797292691346591
202514,1274306,1.0,0.8189084547341479
202516,1274308,1.0,0.8532936767922136
202525,1274318,1.0,0.8041661258056031
202526,1274319,1.0,0.8117297006607221
202529,1274322,1.0,0.7100127365539407
202532,1274325,1.0,0.8288960162636496
202542,1274335,1.0,0.8538563864601734
202558,1274352,1.0,0.8518076929494545
202562,1274357,1.0,0.6060714180417381
202565,1274360,1.0,0.8763981797806507
202572,1274367,1.0,0.8649305667031821
202574,1274371,1.0,0.8722544422674625
202579,1274376,1.0,0.8536561680125069
202581,1274378,1.0,0.6466984170901942
202590,1274388,1.0,0.8573633574498115
202592,1274390,1.0,0.7915615306826612
202595,1274393,1.0,0.5416305233145592
202599,1274399,1.0,0.5387182335875303
202606,1274406,1.0,0.7004322692938085
202609,1274409,1.0,0.7122180773358937
202615,1274418,1.0,0.8302424725389865
202617,1274421,1.0,0.817692964514198
202621,1274427,1.0,0.7641843094322487
202626,1274434,1.0,0.5080386600557419
202632,1274441,1.0,0.9336167907137868
202641,1274453,1.0,0.8660519405291408
202643,1274456,1.0,0.8763740749398622
202648,1274464,1.0,0.871521271479397
202650,1274466,1.0,0.8736680228353025
202652,1274468,1.0,0.7704234671894038
202660,1274479,1.0,0.871881171156173
202666,1274485,1.0,0.8707422178126495
202671,1274490,1.0,0.8692712776030668
202672,1274492,1.0,0.6904947601397274
202677,1274500,1.0,0.8658118774303188
202678,1274501,1.0,0.5056799034235506
202680,1274504,1.0,0.5319264424344453
202682,1274506,1.0,0.6140825646890644
202685,1274510,1.0,0.7124304794973475
202686,1274511,1.0,0.6021185344934761
202687,1274512,1.0,0.8690698697724345
202690,1274515,1.0,0.8606290364305395
202693,1274518,1.0,0.8785867763135072
202695,1274521,1.0,0.8691831206202225
202699,1274527,1.0,0.7179420482334539
202701,1274529,1.0,0.5798441705385731
202702,1274532,1.0,0.6203656730821965
202704,1274534,1.0,0.8199155941251332
202705,1274535,1.0,0.528997213202193
202706,1274536,1.0,0.7995553926993988
202709,1274540,1.0,0.750182549818242
202710,1274541,1.0,0.8340545837891389
202711,1274542,1.0,0.6623905250202089
202713,1274544,1.0,0.6945484167787171
202714,1274545,1.0,0.8340545837891389
202717,1274549,1.0,0.8877986577213778
202718,1274550,1.0,0.6612592343530419
202719,1274553,1.0,0.563513870448003
202722,1274557,1.0,0.889558213215729
202726,1274561,1.0,0.8620240055131861
202728,1274563,1.0,0.7014549564305785
202739,1274575,1.0,0.8212288749636645
202742,1274578,1.0,0.845237961556448
202763,1274602,1.0,0.6132972386890874
202766,1274607,1.0,0.7596969985259472
202767,1274609,1.0,0.5869830680107627
202770,1274612,1.0,0.7406801372423643
202795,1274640,1.0,0.5242220617341129
202810,1274655,1.0,0.6611288183066795
202812,1274657,1.0,0.7470076785271254
202819,1274668,1.0,0.6871129404974554
202821,1274670,1.0,0.6951567776575812
202828,1274679,1.0,0.5457345145343285
202829,1274680,1.0,0.8748089424605537
202836,1274689,1.0,0.7857984010094125
202841,1274695,1.0,0.9093434190700362
202845,1274700,1.0,0.7283359057265427
202849,1274706,1.0,0.6955336625104623
202856,1274715,1.0,0.6711769637290419
202857,1274717,1.0,0.7765649065583746
202859,1274719,1.0,0.7518238383604526
202866,1274726,1.0,0.7660936600922504
202870,1274731,1.0,0.887705665089752
202875,1274737,1.0,0.5441494500419404
202876,1274738,1.0,0.6021185344934761
202882,1274745,1.0,0.5073869546596188
202890,1274755,1.0,0.790738545622998
202891,1274756,1.0,0.7855234607460343
202894,1274759,1.0,0.7372057837241854
202897,1274762,1.0,0.5255872474276149
202900,1274767,1.0,0.6951399880213178
202903,1274770,1.0,0.797340743361655
202906,1274775,1.0,0.6790458627062881
202907,1274777,1.0,0.5135807671474202
202908,1274778,1.0,0.6398348281994523
202909,1274779,1.0,0.64813088969431
202914,1274786,1.0,0.5343056152611244
202915,1274790,1.0,0.5126617189268001
202919,1274794,1.0,0.5679620179026461
202920,1274796,1.0,0.735753875888334
202927,1274804,1.0,0.6319424486093209
202929,1274807,1.0,0.6258889508114106
202933,1274813,1.0,0.6753596881913795
202939,1274820,1.0,0.6479574992914967
202943,1274825,1.0,0.5392850721544882
202945,1274827,1.0,0.791216583478099
202954,1274840,1.0,0.8726067357347845
202960,1274847,1.0,0.8251202926059902
202963,1274851,1.0,0.7416600341494971
202964,1274853,1.0,0.7476632487161532
202965,1274854,1.0,0.8041661258056031
202969,1274858,1.0,0.8623569619712563
202971,1274860,1.0,0.8747129049650074
202977,1274867,1.0,0.7885986619791195
202985,1274875,1.0,0.592693357644512
203001,1274894,1.0,0.8842041872229626
203008,1274902,1.0,0.7320046599718918
203013,1274907,1.0,0.5215628043110029
203017,1274913,1.0,0.8003662877688713
203019,1274915,1.0,0.7895302423026472
203020,1274916,1.0,0.5395217033091873
203022,1274919,1.0,0.7122180773358937
203029,1274927,1.0,0.6997293626842208
203032,1274930,1.0,0.6022094828073886
203035,1274934,1.0,0.525388116535966
203041,1274941,1.0,0.7220574010140344
203042,1274942,1.0,0.6073628709789667
203048,1274951,1.0,0.9103520477253638
203051,1274954,1.0,0.8679770158620377
203056,1274959,1.0,0.7509504984147338
203059,1274962,1.0,0.7682624087351
203062,1274966,1.0,0.6080856315659869
203070,1274976,1.0,0.5906453996902695
203076,1274985,1.0,0.6462796570042515
203078,1274987,1.0,0.5408471892309377
203081,1274991,1.0,0.8020390530184134
203087,1275000,1.0,0.7545066089272908
203090,1275004,1.0,0.7769167084334223
203093,1275008,1.0,0.6987939468419986
203098,1275013,1.0,0.5968501793293632
203101,1275017,1.0,0.780971182438986
203102,1275019,1.0,0.5036166477512054
203105,1275023,1.0,0.7929404632896173
203113,1275034,1.0,0.6764915138567915
203117,1275038,1.0,0.5974923624508068
203121,1275046,1.0,0.6997293626842208
203124,1275052,1.0,0.560746438225929
203125,1275054,1.0,0.7369730751866841
203126,1275055,1.0,0.7487435990812904
203130,1275059,1.0,0.6690522693674531
203131,1275061,1.0,0.5408834681016798
203134,1275067,1.0,0.7576950408782644
203136,1275082,1.0,0.700847776979084
203147,1275107,1.0,0.7400425829546559
203148,1275108,1.0,0.7327306276640168
203149,1275111,1.0,0.7344560800414797
203150,1275112,1.0,0.5051951269294598
203151,1275113,1.0,0.6981884848896044
203154,1275116,1.0,0.7416360488939612
203155,1275117,1.0,0.6769261903661502
203160,1275123,1.0,0.8042897253780986
203162,1275125,1.0,0.8672041112191471
203166,1275130,1.0,0.5458545776158367
203172,1275140,1.0,0.7861437633872214
203175,1275145,1.0,0.5203960540853355
203180,1275155,1.0,0.8408531642695515
203181,1275157,1.0,0.6449389832784076
203193,1275173,1.0,0.7337111493397054
203201,1275182,1.0,0.5961558711584373
203202,1275183,1.0,0.7675046325127677
203209,1275196,1.0,0.788183002351019
203211,1275200,1.0,0.6240279659747401
203213,1275203,1.0,0.6516995958170237
203221,1275217,1.0,0.5212279279139833
203225,1275225,1.0,0.7150120702180676
203226,1275226,1.0,0.7334115919614542
203229,1275229,1.0,0.5722587765110142
203232,1275233,1.0,0.5576842159113963
203233,1275235,1.0,0.5775879748132434
203234,1275236,1.0,0.6357605435928343
203235,1275237,1.0,0.7672526938973022
203240,1275247,1.0,0.5893303135892565
203261,1275281,1.0,0.6868200613675856
203262,1275282,1.0,0.7087818947638801
203263,1275283,1.0,0.5653431852983156
203264,1275284,1.0,0.5618397439170898
203266,1275288,1.0,0.686690767367323
203267,1275289,1.0,0.5193762673653386
203269,1275291,1.0,0.7045826877534318
203271,1275293,1.0,0.6507793312257427
203272,1275294,1.0,0.6763061247693858
203275,1275297,1.0,0.5318273987232706
203279,1275301,1.0,0.8290984220890435
203283,1275306,1.0,0.767248907798464
203287,1275313,1.0,0.7768882715577766
203289,1275315,1.0,0.5744773930312118
203290,1275317,1.0,0.7526629224005432
203299,1275330,1.0,0.7371803094655729
203302,1275333,1.0,0.6435856220401703
203303,1275334,1.0,0.719564446960783
203304,1275335,1.0,0.5523013583678333
203307,1275338,1.0,0.7584016628091416
203312,1275345,1.0,0.7908716785096693
203323,1275356,1.0,0.7940977985064211
203328,1275361,1.0,0.638842963814097
203329,1275362,1.0,0.5661370210222004
203331,1275364,1.0,0.6349842565319757
203336,1275369,1.0,0.8039486442728162
203342,1275376,1.0,0.6892047634173801
203343,1275377,1.0,0.6785100691623891
203345,1275380,1.0,0.546100146831961
203349,1275386,1.0,0.6670324820088378
203350,1275387,1.0,0.7860577056490105
203351,1275388,1.0,0.6090199236839198
203352,1275390,1.0,0.8822089622023934
203356,1275394,1.0,0.5622581021719998
203359,1275398,1.0,0.6309941715532897
203365,1275406,1.0,0.5457068458287879
203372,1275417,1.0,0.5908580392406727
203373,1275419,1.0,0.7392864685447879
203377,1275424,1.0,0.530921531264472
203378,1275425,1.0,0.5930416166677318
203380,1275428,1.0,0.704565860284825
203381,1275429,1.0,0.715588382189094
203387,1275436,1.0,0.5371658143090157
203388,1275438,1.0,0.7268466080191118
203390,1275440,1.0,0.761245320911611
203392,1275442,1.0,0.5238047373123472
203398,1275450,1.0,0.5670497084427704
203399,1275452,1.0,0.5444731498655639
203403,1275460,1.0,0.6972006457969878
203406,1275463,1.0,0.686690767367323
203412,1275470,1.0,0.5360324237081979
203421,1275481,1.0,0.5277123653847259
203429,1275490,1.0,0.6897296152116238
203438,1275500,1.0,0.760380784165607
203439,1275501,1.0,0.7267486268653552
203443,1275505,1.0,0.5959826048654895
203446,1275510,1.0,0.7416636465137844
203451,1275515,1.0,0.7526561941257679
203453,1275517,1.0,0.8161798958206993
203459,1275525,1.0,0.6515677209873114
203461,1275528,1.0,0.5077401821200831
203464,1275531,1.0,0.5689343696721711
203474,1275544,1.0,0.6876077703282558
203477,1275547,1.0,0.659624611494657
203478,1275548,1.0,0.7754055878881878
203482,1275552,1.0,0.7855145304461543
203483,1275553,1.0,0.8559232327961288
203484,1275554,1.0,0.5762011203738188
203485,1275556,1.0,0.5671646457589555
203488,1275560,1.0,0.7545899035893143
203489,1275561,1.0,0.8758744809872564
203492,1275565,1.0,0.7923622759384474
203497,1275572,1.0,0.7367632635772273
203499,1275575,1.0,0.7782557825813915
203505,1275583,1.0,0.7661461490523477
203509,1275590,1.0,0.6691817527246344
203512,1275594,1.0,0.6681771223275599
203514,1275596,1.0,0.58004571981447
203517,1275603,1.0,0.7162252205449378
203520,1275606,1.0,0.5908580392406727
203523,1275611,1.0,0.816300832929545
203525,1275614,1.0,0.5767553021328486
203529,1275624,1.0,0.6024527252383738
203536,1275634,1.0,0.6595684968087255
203537,1275636,1.0,0.5851075105431897
203539,1275638,1.0,0.5700305301651246
203540,1275640,1.0,0.6423225462390652
203541,1275641,1.0,0.719468055235024
203542,1275644,1.0,0.850161213001891
203543,1275645,1.0,0.7223492332161815
203545,1275647,1.0,0.568383039140635
203546,1275649,1.0,0.588088217493682
203550,1275655,1.0,0.5100757734560789
203558,1275672,1.0,0.6405894145591133
203559,1275674,1.0,0.6035599389005564
203560,1275676,1.0,0.5329083072784279
203562,1275678,1.0,0.745997612078054
203564,1275680,1.0,0.8992115137157809
203565,1275681,1.0,0.7535222618980955
203568,1275686,1.0,0.5744773930312118
203570,1275689,1.0,0.6950833499352804
203573,1275693,1.0,0.8553013731483707
203577,1275697,1.0,0.5648986472667281
203578,1275698,1.0,0.8841904381891729
203579,1275699,1.0,0.8153536564896089
203581,1275702,1.0,0.5070035007360352
203582,1275703,1.0,0.7544325055536755
203587,1275711,1.0,0.8108934702595986
203591,1275715,1.0,0.8584806172084677
203593,1275717,1.0,0.5698084452711726
203597,1275723,1.0,0.8679680154622675
203599,1275725,1.0,0.7268466080191118
203600,1275726,1.0,0.5601650493534851
203603,1275730,1.0,0.862345321772136
203604,1275732,1.0,0.6969088697295726
203605,1275733,1.0,0.8501470957305791
203610,1275738,1.0,0.8288359700827281
203615,1275744,1.0,0.7323916990076407
203617,1275746,1.0,0.6713923787505989
203621,1275751,1.0,0.7586689560288753
203622,1275752,1.0,0.841813914703599
203626,1275756,1.0,0.792713071971137
203634,1275765,1.0,0.8971420324285697
203656,1275787,1.0,0.8442451634062644
203657,1275788,1.0,0.6169121952132682
203658,1275789,1.0,0.7965555905997435
203661,1275796,1.0,0.6976778783764581
203665,1275802,1.0,0.7886279470416878
203666,1275803,1.0,0.7657803970514181
203672,1275813,1.0,0.5106993835775183
203673,1275814,1.0,0.6305718168843597
203679,1275821,1.0,0.8668873005238068
203688,1275830,1.0,0.5302069532521648
203693,1275836,1.0,0.5596690795123624
203705,1275851,1.0,0.53551332291616
203709,1275856,1.0,0.6976778783764581
203710,1275857,1.0,0.5088107679349935
203718,1275869,1.0,0.7440504571671114
203726,1275878,1.0,0.6678346179635677
203729,1275885,1.0,0.5304606111162306
203730,1275887,1.0,0.6790329329442553
203733,1275891,1.0,0.8809626621486999
203735,1275895,1.0,0.5312688475374857
203742,1275904,1.0,0.6741057202640571
203745,1275907,1.0,0.5811819357198295
203748,1275911,1.0,0.6623061443585826
203749,1275913,1.0,0.8288359700827281
203758,1275925,1.0,0.583015287572477
203759,1275926,1.0,0.66052927131975
203761,1275928,1.0,0.688933048420672
203772,1275940,1.0,0.502963564850848
203779,1275947,1.0,0.7339834151202916
203787,1275957,1.0,0.8162588873032967
203788,1275958,1.0,0.6934993525066714
203789,1275959,1.0,0.6939105919983765
203790,1275960,1.0,0.8613709319195153
203793,1275963,1.0,0.6080622359545841
203795,1275965,1.0,0.8556680421746502
203796,1275966,1.0,0.6288304194657328
203799,1275969,1.0,0.8159899154953494
203803,1275974,1.0,0.7449462056345895
203805,1275976,1.0,0.5070035007360352
203806,1275977,1.0,0.7441254765164761
203813,1275984,1.0,0.5427025587381342
203822,1275995,1.0,0.7572035698163615
203826,1276000,1.0,0.7236114778811409
203828,1276002,1.0,0.541411722473486
203846,1276021,1.0,0.7243542348720639
203850,1276025,1.0,0.5246780508380459
203852,1276027,1.0,0.7113144823398867
203853,1276028,1.0,0.5520601077892404
203858,1276034,1.0,0.840230864049284
203859,1276035,1.0,0.7353524149376914
203860,1276036,1.0,0.6965584277386954
203861,1276037,1.0,0.5813623820433901
203865,1276042,1.0,0.5500503726116657
203868,1276045,1.0,0.7346209875875875
203869,1276046,1.0,0.6043577999620118
203872,1276049,1.0,0.6854453209455756
203873,1276050,1.0,0.6288649905791008
203879,1276059,1.0,0.7351057793514255
203880,1276060,1.0,0.6383998485058764
203883,1276063,1.0,0.6198509464531669
203889,1276071,1.0,0.5360324237081979
203892,1276075,1.0,0.5359390445853411
203895,1276079,1.0,0.5070035007360352
203896,1276080,1.0,0.6839852947746552
203897,1276081,1.0,0.8480783216178389
203900,1276086,1.0,0.6941338361291886
203903,1276089,1.0,0.5446272753266608
203905,1276092,1.0,0.633243322918615
203907,1276095,1.0,0.5205554578498964
203908,1276096,1.0,0.7122996068034642
203915,1276104,1.0,0.7026881668786275
203916,1276105,1.0,0.8220036197854689
203917,1276106,1.0,0.6711520526707453
203922,1276112,1.0,0.6824198883972628
203924,1276114,1.0,0.579443810084949
203925,1276116,1.0,0.5943967618272249
203926,1276117,1.0,0.5307067760719641
203929,1276121,1.0,0.8410721556596866
203930,1276122,1.0,0.7212958046307686
203933,1276126,1.0,0.6968313267675529
203935,1276128,1.0,0.5331071462411561
203936,1276130,1.0,0.7414723332633266
203940,1276135,1.0,0.7942735781211051
203941,1276137,1.0,0.5541738430032056
203942,1276139,1.0,0.5410891056982607
203943,1276141,1.0,0.5413471361408498
203949,1276149,1.0,0.5407788735092993
203950,1276152,1.0,0.6671862390652359
203955,1276158,1.0,0.8616527707567777
203961,1276181,1.0,0.8709285717813701
203965,1276187,1.0,0.7130942036673263
203966,1276188,1.0,0.6408010914680283
203968,1276191,1.0,0.5255261598639156
203970,1276194,1.0,0.7446387945062
203973,1276199,1.0,0.5236592241220225
203974,1276201,1.0,0.6862860585459601
203975,1276203,1.0,0.7112403557696272
203977,1276205,1.0,0.536856761246387
203978,1276206,1.0,0.7627217389689047
203982,1276210,1.0,0.5352567723121018
203983,1276213,1.0,0.7005520580717635
203984,1276214,1.0,0.6866278467187713
203989,1276220,1.0,0.6447780153178563
203993,1276225,1.0,0.7203998078572984
203996,1276229,1.0,0.6964332989827173
203997,1276230,1.0,0.5876713015383815
203999,1276232,1.0,0.6734686040844757
204003,1276237,1.0,0.7026881668786275
204004,1276238,1.0,0.7388626738124103
204005,1276239,1.0,0.5121900370741438
204006,1276240,1.0,0.5308229973318986
204007,1276242,1.0,0.6839852947746552
204008,1276243,1.0,0.7354991625382646
204011,1276246,1.0,0.7354991625382646
204014,1276249,1.0,0.7464089496773578
204015,1276250,1.0,0.5585787420822337
204016,1276251,1.0,0.7538053829847612
204017,1276253,1.0,0.5851357549068992
204018,1276255,1.0,0.5021612441076756
204021,1276258,1.0,0.7005520580717635
204022,1276259,1.0,0.5650246715495344
204025,1276264,1.0,0.5252071564555822
204026,1276266,1.0,0.7441224295770036
204027,1276267,1.0,0.7628400723078981
204030,1276271,1.0,0.7091460114556902
204031,1276272,1.0,0.5291900352816892
204032,1276275,1.0,0.7240833264469767
204033,1276276,1.0,0.7091460114556902
204035,1276280,1.0,0.5407788735092993
204046,1276291,1.0,0.6868546141780781
204047,1276293,1.0,0.5958714967195406
204049,1276296,1.0,0.5580939959568348
204051,1276299,1.0,0.8580137031464008
204052,1276300,1.0,0.8697804342304518
204057,1276305,1.0,0.5198122631086619
204061,1276309,1.0,0.5900202361316551
204063,1276311,1.0,0.8525719802357806
204064,1276312,1.0,0.536946348525514
204068,1276318,1.0,0.8384839715894092
204069,1276319,1.0,0.5293628982591273
204072,1276325,1.0,0.7410385747891007
204075,1276328,1.0,0.5930416166677318
204076,1276330,1.0,0.5892618059322793
204079,1276333,1.0,0.6901641421860849
204082,1276338,1.0,0.5851357549068992
204083,1276340,1.0,0.8486933750445133
204087,1276344,1.0,0.5799796537761893
204088,1276345,1.0,0.9067839319020409
204090,1276347,1.0,0.7232426728934837
204091,1276348,1.0,0.5838384630195759
204093,1276350,1.0,0.7313841609127589
204099,1276357,1.0,0.5236649219352307
204100,1276359,1.0,0.6087117876012839
204106,1276368,1.0,0.8425915306360081
204111,1276377,1.0,0.5925001383275275
204119,1276387,1.0,0.5744773930312118
204120,1276389,1.0,0.5556417752228167
204124,1276394,1.0,0.5860276547007733
204125,1276396,1.0,0.7439042820763967
204127,1276398,1.0,0.5266336458930807
204132,1276405,1.0,0.7390816027227711
204148,1276428,1.0,0.6803393159390664
204149,1276429,1.0,0.6691525613814427
204153,1276434,1.0,0.6470260626698632
204177,1276464,1.0,0.8011066539329665
204179,1276466,1.0,0.7854950222739224
204181,1276468,1.0,0.8456223815582486
204182,1276469,1.0,0.7168943287724939
204184,1276471,1.0,0.6167668534617206
204186,1276473,1.0,0.8093489571091962
204189,1276476,1.0,0.7691368761112394
204191,1276478,1.0,0.7802471435285564
204193,1276481,1.0,0.610106374682591
204196,1276485,1.0,0.5744773930312118
204201,1276492,1.0,0.8495367082131265
204202,1276493,1.0,0.8625352381875618
204205,1276498,1.0,0.7355234272403726
204208,1276502,1.0,0.8227304029610844
204209,1276503,1.0,0.6412439693018184
204210,1276504,1.0,0.7220658603082595
204213,1276507,1.0,0.8268066009764219
204217,1276512,1.0,0.8264511778478421
204218,1276513,1.0,0.8542572342540495
204220,1276515,1.0,0.8612257168762236
204222,1276519,1.0,0.8588549186817392
204224,1276521,1.0,0.78894499478069
204226,1276523,1.0,0.6855354430146086
204231,1276528,1.0,0.8661501098839494
204239,1276538,1.0,0.674679742840704
204243,1276543,1.0,0.701872111176826
204245,1276545,1.0,0.6737458901886649
204248,1276548,1.0,0.6469363883748522
204249,1276549,1.0,0.7003390455910549
204255,1276555,1.0,0.7322633239897179
204256,1276556,1.0,0.7782557825813915
204260,1276560,1.0,0.642836512378513
204267,1276569,1.0,0.6579172613570228
204271,1276573,1.0,0.6579172613570228
204277,1276580,1.0,0.766995525002465
204282,1276589,1.0,0.710045564618706
204287,1276598,1.0,0.7580763646746856
204289,1276601,1.0,0.8261565433955076
204291,1276603,1.0,0.7992377840285266
204292,1276604,1.0,0.7465176142169743
204293,1276605,1.0,0.7595004115114506
204296,1276609,1.0,0.6624695109086279
204304,1276617,1.0,0.8027544708435826
204305,1276618,1.0,0.767749346446836
204309,1276624,1.0,0.8709285717813701
204310,1276625,1.0,0.7708264504289516
204312,1276627,1.0,0.5851393490822778
204314,1276629,1.0,0.7636027229597206
204316,1276632,1.0,0.8864390500387171
204318,1276634,1.0,0.752919106407532
204321,1276637,1.0,0.5347614434317889
204324,1276641,1.0,0.7517765682717846
204328,1276645,1.0,0.5815014854269285
204329,1276646,1.0,0.554442672590671
204331,1276648,1.0,0.795275907407849
204339,1276657,1.0,0.644356116504315
204341,1276659,1.0,0.6489807498189263
204343,1276661,1.0,0.7149538818952255
204346,1276664,1.0,0.6600915945085573
204348,1276666,1.0,0.7865937826386498
204349,1276667,1.0,0.777520031828394
204353,1276673,1.0,0.7766015369432259
204360,1276682,1.0,0.7623119840085053
204362,1276684,1.0,0.7350433658756106
204367,1276690,1.0,0.7469720335933836
204368,1276691,1.0,0.674679742840704
204370,1276693,1.0,0.8658407281049627
204376,1276699,1.0,0.685122011511588
204379,1276702,1.0,0.5229408975108785
204380,1276703,1.0,0.5843658825822914
204383,1276706,1.0,0.8769349950313609
204384,1276707,1.0,0.861210459759437
204388,1276712,1.0,0.8372198979495175
204393,1276720,1.0,0.7120817953049005
204395,1276722,1.0,0.6997667313058467
204398,1276726,1.0,0.7819644508477496
204403,1276731,1.0,0.7751456801376881
204406,1276735,1.0,0.6713923787505989
204411,1276741,1.0,0.515997290568923
204412,1276742,1.0,0.6240733901794921
204414,1276747,1.0,0.7385358831777563
204416,1276749,1.0,0.6499233096000804
204419,1276753,1.0,0.6930263946165508
204422,1276756,1.0,0.7525960412805625
204426,1276761,1.0,0.6670385733928205
204428,1276765,1.0,0.7624257900553263
204429,1276766,1.0,0.7016980678442873
204430,1276767,1.0,0.7481918429494462
204432,1276769,1.0,0.6979618612824374
204439,1276779,1.0,0.7467087730654043
204442,1276782,1.0,0.8642272232957627
204448,1276790,1.0,0.8555689677004623
204449,1276791,1.0,0.6747712682052408
204450,1276792,1.0,0.7713711453543942
204452,1276794,1.0,0.8647232157678416
204453,1276795,1.0,0.8809626621486999
204454,1276796,1.0,0.534465720556282
204455,1276797,1.0,0.7558425733102594
204456,1276798,1.0,0.859823560346731
204457,1276799,1.0,0.8362097126051767
204461,1276803,1.0,0.7503053113889109
204463,1276805,1.0,0.8750961069523345
204464,1276806,1.0,0.618412996948896
204467,1276810,1.0,0.8805320478299296
204471,1276814,1.0,0.665214162046508
204472,1276815,1.0,0.7588204209299013
204474,1276818,1.0,0.8047048320439367
204479,1276823,1.0,0.6455154125913541
204481,1276825,1.0,0.5870953116373783
204483,1276827,1.0,0.9068503259102851
204486,1276830,1.0,0.8976607329234506
204490,1276834,1.0,0.6713923787505989
204491,1276836,1.0,0.8062875713441394
204493,1276838,1.0,0.8875308865486418
204495,1276840,1.0,0.767400267204916
204502,1276848,1.0,0.7946572020024736
204513,1276861,1.0,0.792713071971137
204514,1276862,1.0,0.795275907407849
204515,1276864,1.0,0.8623671488381855
204519,1276868,1.0,0.8556508260029672
204521,1276870,1.0,0.8462503078240474
204528,1276877,1.0,0.8984853510278388
204530,1276879,1.0,0.7351507890586984
204535,1276886,1.0,0.80845920412787
204538,1276889,1.0,0.6222855970921124
204542,1276893,1.0,0.7662347829304612
204544,1276895,1.0,0.8614149123615149
204546,1276897,1.0,0.5348108968336023
204558,1276909,1.0,0.7310574141877623
204565,1276917,1.0,0.7191080292527653
204569,1276923,1.0,0.6081076479003782
204576,1276931,1.0,0.8559120738738223
204588,1276944,1.0,0.8591861855323935
204591,1276948,1.0,0.6940910612753288
204596,1276954,1.0,0.8407688117554449
204604,1276963,1.0,0.6537552544986697
204606,1276965,1.0,0.5326676636991551
204608,1276967,1.0,0.6999235034959002
204609,1276968,1.0,0.681034168047312
204612,1276971,1.0,0.862469488730082
204615,1276974,1.0,0.7375906327501437
204619,1276978,1.0,0.7500301171422726
204621,1276980,1.0,0.8073500950754404
204622,1276982,1.0,0.7396170508111743
204624,1276984,1.0,0.7591042662679831
204629,1276990,1.0,0.8539611937529822
204633,1276994,1.0,0.8505367564364933
204634,1276995,1.0,0.8651371265504925
204635,1276996,1.0,0.7037718751140589
204637,1276998,1.0,0.8898405146801226
204648,1277009,1.0,0.6956387210676875
204649,1277010,1.0,0.6623817880187831
204650,1277011,1.0,0.7882974127881542
204651,1277012,1.0,0.7197907525047188
204656,1277017,1.0,0.562725772108831
204657,1277018,1.0,0.710625299279987
204662,1277024,1.0,0.5441540757806946
204671,1277034,1.0,0.851923470273867
204673,1277037,1.0,0.7611720154615546
204680,1277046,1.0,0.8525720668637833
204681,1277047,1.0,0.8065067864968337
204685,1277051,1.0,0.5878806774251304
204686,1277052,1.0,0.6942959533412852
204687,1277053,1.0,0.8674446869351435
204691,1277057,1.0,0.5224312089278516
204694,1277060,1.0,0.563995205075806
204698,1277065,1.0,0.6824646598576821
204706,1277075,1.0,0.8788371743334675
204707,1277076,1.0,0.7410046079238684
204711,1277080,1.0,0.5704664122420303
204713,1277082,1.0,0.7523433039551881
204716,1277085,1.0,0.8609119153237532
204718,1277087,1.0,0.6853220541827107
204720,1277089,1.0,0.6403217245411462
204726,1277095,1.0,0.6075771816192912
204728,1277097,1.0,0.6035599389005564
204729,1277099,1.0,0.6974922964755668
204733,1277104,1.0,0.8535744333898567
204734,1277105,1.0,0.546920617272014
204735,1277106,1.0,0.5705797676731085
204736,1277107,1.0,0.6679107637002077
204737,1277108,1.0,0.7484740371138998
204738,1277109,1.0,0.788234616670293
204745,1277116,1.0,0.6963472885436686
204746,1277117,1.0,0.7484837791425595
204751,1277122,1.0,0.537893584771306
204753,1277124,1.0,0.7312541206288768
204754,1277126,1.0,0.6763721479931951
204761,1277134,1.0,0.5416760821222282
204762,1277136,1.0,0.7556810413547312
204764,1277138,1.0,0.6387710684601213
204765,1277140,1.0,0.5066643564165377
204766,1277141,1.0,0.5140621303728058
204767,1277143,1.0,0.6975153018601252
204770,1277146,1.0,0.7533503848714084
204772,1277149,1.0,0.657614639340625
204775,1277152,1.0,0.6295355417182822
204776,1277153,1.0,0.7081735660228471
204777,1277154,1.0,0.743402037996406
204779,1277156,1.0,0.7081417988477103
204780,1277157,1.0,0.7460280781285755
204781,1277158,1.0,0.7233588890064979
204783,1277161,1.0,0.868768022765143
204784,1277162,1.0,0.6950833499352804
204786,1277165,1.0,0.6799639860854967
204787,1277166,1.0,0.7472508983649416
204789,1277168,1.0,0.8410911905221711
204792,1277171,1.0,0.7474000199738071
204793,1277172,1.0,0.731826265527821
204795,1277174,1.0,0.5062912288542349
204797,1277176,1.0,0.6867907040527234
204800,1277182,1.0,0.8619464315240544
204803,1277185,1.0,0.5510611872536205
204804,1277186,1.0,0.5778894826590991
204806,1277188,1.0,0.6713923787505989
204807,1277190,1.0,0.8817854594750106
204808,1277192,1.0,0.7197306867168773
204810,1277194,1.0,0.635367695723089
204817,1277201,1.0,0.6875985432782203
204820,1277204,1.0,0.7232718640296751
204821,1277206,1.0,0.6398999808165137
204823,1277208,1.0,0.6789308852414087
204824,1277209,1.0,0.8734395199511854
204830,1277216,1.0,0.6587608647496122
204831,1277217,1.0,0.7561769512985207
204832,1277218,1.0,0.5920401373224073
204849,1277240,1.0,0.5229710320351522
204853,1277244,1.0,0.6718601359860515
204855,1277246,1.0,0.7081723966480448
204859,1277250,1.0,0.8826087658904257
204861,1277252,1.0,0.5950143848029678
204866,1277258,1.0,0.8561041017629815
204867,1277259,1.0,0.7286066067405802
204868,1277260,1.0,0.6744843653786514
204870,1277262,1.0,0.6403408685392005
204871,1277264,1.0,0.7168257127461234
204878,1277272,1.0,0.7624762423881071
204879,1277273,1.0,0.7916170432328461
204883,1277278,1.0,0.8253587653942097
204885,1277280,1.0,0.8074687361927118
204886,1277281,1.0,0.8104438211542125
204887,1277282,1.0,0.5799796537761893
204888,1277285,1.0,0.8056646689863614
204890,1277288,1.0,0.8248369073606148
204893,1277292,1.0,0.810283749920167
204894,1277294,1.0,0.6396496683670346
204896,1277297,1.0,0.6782493474176623
204897,1277298,1.0,0.7681731298535723
204898,1277300,1.0,0.7480902818392803
204899,1277301,1.0,0.8527728368746316
204902,1277304,1.0,0.7814990705353855
204909,1277313,1.0,0.6184387939415285
204918,1277326,1.0,0.8564158473244518
204921,1277331,1.0,0.5797441686506681
204926,1277337,1.0,0.8215432551120138
204928,1277340,1.0,0.6110645322423547
204932,1277344,1.0,0.7410168270326829
204933,1277345,1.0,0.6929424568569825
204934,1277346,1.0,0.6305718168843597
204936,1277348,1.0,0.8332258972637575
204938,1277350,1.0,0.7046854429142317
204940,1277352,1.0,0.5444731498655639
204942,1277354,1.0,0.8686798992972409
204943,1277355,1.0,0.8816228102649144
204951,1277363,1.0,0.7415798024385941
204953,1277365,1.0,0.7182010702545384
204956,1277370,1.0,0.745763795764961
204964,1277378,1.0,0.5974833495511628
204965,1277380,1.0,0.6685795603685218
204966,1277382,1.0,0.7730980787710436
204968,1277384,1.0,0.7444186008860038
204972,1277388,1.0,0.6092285502856519
204974,1277390,1.0,0.755446752793694
204975,1277391,1.0,0.8662889685980583
204977,1277394,1.0,0.566972429689023
204978,1277396,1.0,0.8065404019949426
204987,1277409,1.0,0.7800872969127559
204988,1277410,1.0,0.7441896410475117
204990,1277413,1.0,0.8257701964489814
204991,1277414,1.0,0.5118411729623432
204993,1277417,1.0,0.5901857913030721
204996,1277421,1.0,0.5693519867528077
205001,1277428,1.0,0.5974661653503799
205005,1277433,1.0,0.7328343538984943
205006,1277434,1.0,0.6216666660860078
205007,1277436,1.0,0.5673349561171867
205012,1277442,1.0,0.6112852705871028
205013,1277444,1.0,0.8313448711315741
205015,1277446,1.0,0.6659457450267144
205016,1277447,1.0,0.8359378640207159
205017,1277448,1.0,0.717083640025533
205019,1277450,1.0,0.5286741936165299
205022,1277455,1.0,0.646515228513693
205023,1277456,1.0,0.8433561368471426
205024,1277458,1.0,0.5995422389472681
205028,1277465,1.0,0.577343068502601
205032,1277469,1.0,0.6939156135589687
205040,1277480,1.0,0.7318936943726896
205042,1277483,1.0,0.6003148059730198
205043,1277485,1.0,0.6715471725182981
205046,1277489,1.0,0.735213664153213
205050,1277493,1.0,0.6694777735035315
205052,1277495,1.0,0.8089922542815358
205054,1277497,1.0,0.7680392248271264
205058,1277506,1.0,0.7520875619019305
205062,1277513,1.0,0.5623736219582545
205073,1277531,1.0,0.6024527252383738
205074,1277534,1.0,0.5804023722926126
205077,1277539,1.0,0.5950841192515899
205079,1277543,1.0,0.5849537099259501
205080,1277545,1.0,0.5315078709657226
205082,1277548,1.0,0.5502306468450301
205083,1277549,1.0,0.6711619705851615
205084,1277550,1.0,0.6066881733692012
205086,1277553,1.0,0.5819442147216166
205087,1277555,1.0,0.7080162561450868
205088,1277556,1.0,0.5946997895251418
205089,1277558,1.0,0.7027380807171706
205092,1277565,1.0,0.667038383459767
205093,1277566,1.0,0.5910625645207388
205097,1277575,1.0,0.6438562924432281
205104,1277586,1.0,0.6064464252894454
205110,1277596,1.0,0.5918139718192575
205112,1277601,1.0,0.6334117382126669
205113,1277603,1.0,0.7382357872697362
205118,1277612,1.0,0.6089936433231218
205119,1277615,1.0,0.5746532751563821
205121,1277618,1.0,0.5833696523654577
205122,1277620,1.0,0.7164721405527248
205124,1277625,1.0,0.602222791115225
205127,1277631,1.0,0.6643785634227662
205129,1277635,1.0,0.6568098989820087
205132,1277639,1.0,0.7109106636587927
205135,1277643,1.0,0.6682413128158513
205138,1277647,1.0,0.812526738060367
205140,1277649,1.0,0.7774607645800474
205147,1277663,1.0,0.572881946252122
205151,1277668,1.0,0.5105269044488963
205153,1277671,1.0,0.7276830056539888
205154,1277672,1.0,0.7204589716233197
205157,1277676,1.0,0.7399544792782811
205163,1277684,1.0,0.5252972259173877
205164,1277685,1.0,0.6938582194489168
205167,1277690,1.0,0.5868480222847803
205168,1277691,1.0,0.6294217805293049
205175,1277698,1.0,0.6438699631212592
205201,1277741,1.0,0.75303256139771
205206,1277748,1.0,0.7037718751140589
205211,1277754,1.0,0.7636690111671676
205212,1277757,1.0,0.7893459318184813
205213,1277759,1.0,0.850161213001891
205214,1277760,1.0,0.8594925494120796
205216,1277762,1.0,0.7950836953890773
205217,1277763,1.0,0.8065067864968337
205218,1277764,1.0,0.7607499486133357
205219,1277765,1.0,0.5070035007360352
205220,1277766,1.0,0.7685770513184548
205224,1277770,1.0,0.7399212899326743
205226,1277772,1.0,0.8252000239134478
205227,1277773,1.0,0.6871593087241653
205228,1277774,1.0,0.8609433185843706
205237,1277784,1.0,0.7791730034702263
205239,1277787,1.0,0.5263567426228625
205253,1277802,1.0,0.859531016708047
205255,1277804,1.0,0.8649408889053433
205263,1277812,1.0,0.7215988114828635
205266,1277815,1.0,0.7926480428635051
205278,1277829,1.0,0.7089454386491381
205279,1277830,1.0,0.856037304325624
205282,1277834,1.0,0.7183336854688236
205283,1277835,1.0,0.728565122537419
205287,1277841,1.0,0.5870807195633089
205294,1277849,1.0,0.7319439587867266
205299,1277858,1.0,0.534408646018752
205300,1277860,1.0,0.5571165244836471
205303,1277864,1.0,0.6688841522812817
205306,1277867,1.0,0.705195822812844
205308,1277869,1.0,0.560050196617786
205309,1277870,1.0,0.7114785994237615
205310,1277871,1.0,0.7046854429142317
205311,1277872,1.0,0.5198000021645739
205313,1277876,1.0,0.6928192276947431
205315,1277879,1.0,0.7219230233024498
205320,1277887,1.0,0.7270407659777024
205321,1277888,1.0,0.745997612078054
205322,1277890,1.0,0.6693595302998354
205323,1277891,1.0,0.6880482966470712
205327,1277895,1.0,0.7491835863683521
205331,1277900,1.0,0.5142158646626724
205338,1277911,1.0,0.7622402640778629
205343,1277916,1.0,0.5062987344595173
205344,1277917,1.0,0.7080162561450868
205349,1277923,1.0,0.7037718751140589
205350,1277924,1.0,0.710425715037575
205352,1277928,1.0,0.6937063105868413
205354,1277931,1.0,0.7673295551781502
205356,1277933,1.0,0.5005322898729961
205357,1277934,1.0,0.7185677313247996
205360,1277937,1.0,0.5909764769663953
205385,1277968,1.0,0.5480306015898077
205388,1277972,1.0,0.5424965645065117
205389,1277974,1.0,0.8621727573362168
205398,1277987,1.0,0.55973464312085
205403,1277994,1.0,0.7213056467430345
205406,1277997,1.0,0.5782452233775919
205411,1278003,1.0,0.5597832542717078
205413,1278006,1.0,0.7560826241064498
205421,1278015,1.0,0.6419115082407125
205422,1278016,1.0,0.8346559738260028
205424,1278018,1.0,0.8477515945061807
205425,1278019,1.0,0.6397740136724515
205429,1278024,1.0,0.7003390455910549
205434,1278029,1.0,0.7476514176422284
205437,1278033,1.0,0.681646999345919
205440,1278038,1.0,0.7392693477562027
205443,1278042,1.0,0.6045044414801557
205444,1278043,1.0,0.8638135079755284
205445,1278044,1.0,0.5695161899874007
205450,1278051,1.0,0.9305534147873825
205451,1278052,1.0,0.6877496729335748
205452,1278053,1.0,0.8368460241707287
205456,1278057,1.0,0.7406544516152515
205463,1278064,1.0,0.7071477016737366
205465,1278066,1.0,0.6660133767128282
205467,1278068,1.0,0.8539623144981802
205472,1278074,1.0,0.854390435828485
205482,1278084,1.0,0.8625594981758204
205483,1278085,1.0,0.8655674049987038
205487,1278090,1.0,0.8179750897366191
205492,1278095,1.0,0.8540926224786551
205493,1278096,1.0,0.8595355191742106
205494,1278097,1.0,0.6133721517607597
205495,1278098,1.0,0.7740023340159641
205497,1278100,1.0,0.8677705876284574
205499,1278102,1.0,0.5804373541405682
205500,1278104,1.0,0.621753376220395
205502,1278106,1.0,0.8790541074935762
205504,1278108,1.0,0.6409420187993893
205506,1278110,1.0,0.8680516388565334
205510,1278114,1.0,0.7440209099175213
205511,1278115,1.0,0.7625387133969336
205514,1278118,1.0,0.6983236136692462
205520,1278126,1.0,0.7173497102234417
205521,1278127,1.0,0.8002465579675552
205524,1278131,1.0,0.8882322554455248
205525,1278132,1.0,0.5699228190327836
205526,1278133,1.0,0.5230837213601012
205532,1278139,1.0,0.8675229971259596
205536,1278143,1.0,0.8198222089655152
205540,1278148,1.0,0.6719816799614211
205541,1278149,1.0,0.7417406558572547
205542,1278150,1.0,0.7158212106948668
205546,1278155,1.0,0.8621288808574309
205547,1278156,1.0,0.7259490415814519
205549,1278158,1.0,0.8082814039145074
205550,1278160,1.0,0.8655997536168641
205552,1278162,1.0,0.6133721517607597
205558,1278169,1.0,0.8241876212776148
205559,1278170,1.0,0.8052837818274882
205568,1278182,1.0,0.7086142339021211
205569,1278183,1.0,0.5070035007360352
205570,1278184,1.0,0.80203868241492
205571,1278185,1.0,0.80480416817915
205573,1278188,1.0,0.7261176137375538
205575,1278190,1.0,0.9323246349251606
205576,1278191,1.0,0.8609792543905187
205578,1278194,1.0,0.8884479044059371
205581,1278197,1.0,0.6559665255972549
205582,1278200,1.0,0.6569535901537186
205585,1278203,1.0,0.5820056463222845
205588,1278206,1.0,0.870832237591817
205590,1278208,1.0,0.856538603810644
205593,1278211,1.0,0.77416091491287
205596,1278215,1.0,0.8584806172084677
205603,1278223,1.0,0.8219677338092547
205605,1278225,1.0,0.8368460241707287
205607,1278227,1.0,0.8694015706172179
205609,1278229,1.0,0.7580208175820629
205623,1278243,1.0,0.8147728691689328
205624,1278244,1.0,0.8067993664109759
205629,1278250,1.0,0.5063826505827903
205632,1278254,1.0,0.6287338667095625
205634,1278257,1.0,0.6012021008242755
205636,1278262,1.0,0.8339856555235543
205642,1278269,1.0,0.8198222089655152
205647,1278275,1.0,0.8801819092683864
205648,1278276,1.0,0.591682642984595
205650,1278280,1.0,0.8073561394533116
205651,1278281,1.0,0.6991427329235016
205655,1278286,1.0,0.8717347135134472
205656,1278287,1.0,0.8599697657445378
205660,1278291,1.0,0.7874434682344504
205665,1278296,1.0,0.5813568967205924
205667,1278298,1.0,0.6972925015162718
205669,1278301,1.0,0.5590914036931662
205670,1278302,1.0,0.6902257465285394
205678,1278310,1.0,0.8621176849795049
205684,1278317,1.0,0.6868546141780781
205685,1278318,1.0,0.8343404086285129
205693,1278326,1.0,0.8792092642590107
205696,1278330,1.0,0.6238318781358629
205699,1278333,1.0,0.6312131912125607
205700,1278334,1.0,0.8681961113956013
205703,1278337,1.0,0.7340325948786877
205705,1278339,1.0,0.743682893064298
205708,1278342,1.0,0.8864390500387171
205711,1278345,1.0,0.8625202946533056
205713,1278347,1.0,0.5612142025921211
205714,1278349,1.0,0.7049022706922261
205718,1278355,1.0,0.7271632027523841
205719,1278357,1.0,0.8746523553999342
205720,1278358,1.0,0.8596435921581008
205730,1278370,1.0,0.8599716269070686
205733,1278375,1.0,0.6833469790079735
205735,1278377,1.0,0.5433283429565722
205736,1278378,1.0,0.5826766711618396
205745,1278390,1.0,0.8807688872652211
205746,1278391,1.0,0.6902257465285394
205749,1278394,1.0,0.7122996068034642
205756,1278401,1.0,0.5801574639553718
205760,1278408,1.0,0.6098490978429085
205764,1278414,1.0,0.5274774820691462
205766,1278416,1.0,0.5410457813415694
205774,1278424,1.0,0.7970696415620317
205775,1278425,1.0,0.7179660952803455
205777,1278427,1.0,0.7971478874384234
205778,1278428,1.0,0.5889795128969469
205779,1278430,1.0,0.5340746013212172
205781,1278432,1.0,0.7339617898195593
205785,1278437,1.0,0.6902257465285394
205787,1278439,1.0,0.7441224295770036
205791,1278443,1.0,0.7475663888706829
205792,1278444,1.0,0.7755489117121935
205796,1278450,1.0,0.7915011127662267
205800,1278454,1.0,0.5852184662848208
205801,1278456,1.0,0.668814532104888
205805,1278461,1.0,0.5100740404209445
205807,1278463,1.0,0.7807989565052117
205809,1278465,1.0,0.9213370122574958
205810,1278466,1.0,0.5499606798554707
205811,1278467,1.0,0.8983474832035154
205827,1278484,1.0,0.7472338082383538
205837,1278495,1.0,0.7280173997220032
205840,1278498,1.0,0.6713923787505989
205843,1278502,1.0,0.5573569394594491
205846,1278507,1.0,0.8288359700827281
205855,1278518,1.0,0.8287022656702416
205866,1278534,1.0,0.6976778783764581
205872,1278541,1.0,0.6966818890526442
205873,1278542,1.0,0.5801574639553718
205889,1278564,1.0,0.6267543968138349
205890,1278566,1.0,0.6858456022047253
205895,1278578,1.0,0.6216589775768281
205896,1278580,1.0,0.8154246263022591
205897,1278582,1.0,0.5612142025921211
205899,1278585,1.0,0.6966818890526442
205900,1278586,1.0,0.7235102839038218
205904,1278590,1.0,0.8586522008552995
205906,1278592,1.0,0.8625202946533056
205907,1278593,1.0,0.5105603884956731
205909,1278595,1.0,0.5105603884956731
205920,1278606,1.0,0.5388385276821808
205922,1278609,1.0,0.8590862967696883
205940,1278630,1.0,0.7912916802363977
205944,1278635,1.0,0.7901490083954823
205947,1278641,1.0,0.5246157497116595
205963,1278661,1.0,0.7170503748973103
205965,1278663,1.0,0.7155775651951611
205966,1278664,1.0,0.7712241386907325
205971,1278673,1.0,0.859312434401061
205979,1278682,1.0,0.5050370799784826
205984,1278690,1.0,0.8296207389794533
205985,1278692,1.0,0.6487804354966232
205988,1278696,1.0,0.5992041402138144
205997,1278713,1.0,0.838357451571824
205998,1278714,1.0,0.7206930550294537
205999,1278715,1.0,0.725580597557295
206001,1278717,1.0,0.6689224377742574
206003,1278719,1.0,0.7024667978163958
206010,1278730,1.0,0.5425907882010794
206011,1278731,1.0,0.825283253403605
206023,1278752,1.0,0.7184181162926878
206027,1278756,1.0,0.8625594981758204
206031,1278761,1.0,0.5828732051441076
206034,1278765,1.0,0.6660133767128282
206038,1278769,1.0,0.5401653081243428
206040,1278771,1.0,0.5956091982850928
206041,1278773,1.0,0.718036014403622
206044,1278776,1.0,0.5425907882010794
206045,1278777,1.0,0.5070035007360352
206046,1278778,1.0,0.5730289867118132
206049,1278783,1.0,0.5529491047191684
206050,1278784,1.0,0.7037718751140589
206057,1278793,1.0,0.6350040134455105
206058,1278794,1.0,0.7438265778918794
206059,1278795,1.0,0.6803235606406228
206060,1278797,1.0,0.5769753472058492
206063,1278803,1.0,0.7200012270719378
206064,1278804,1.0,0.7310574141877623
206068,1278808,1.0,0.8386722034063449
206077,1278818,1.0,0.6711619705851615
206078,1278819,1.0,0.7313592524959031
206084,1278827,1.0,0.7393611504074501
206085,1278830,1.0,0.5091518758411747
206088,1278835,1.0,0.8622980832837449
206089,1278836,1.0,0.5319337406889054
206090,1278838,1.0,0.8313498215599496
206092,1278842,1.0,0.7474247967460995
206094,1278844,1.0,0.8758744809872564
206095,1278845,1.0,0.8688783769425954
206099,1278851,1.0,0.7099241859050632
206105,1278859,1.0,0.5245927087029079
206107,1278861,1.0,0.7384343992374639
206108,1278862,1.0,0.6883931165862802
206109,1278863,1.0,0.5944143406933704
206114,1278870,1.0,0.7279205778638351
206121,1278879,1.0,0.5346522227448564
206122,1278881,1.0,0.5410828190637191
206128,1278890,1.0,0.8102805670780356
206131,1278894,1.0,0.6439339876159957
206141,1278907,1.0,0.8638135079755284
206145,1278911,1.0,0.6881932320185046
206148,1278915,1.0,0.8047319947942951
206149,1278917,1.0,0.7035807480032051
206153,1278924,1.0,0.6739947976752294
206155,1278926,1.0,0.8322558816736998
206161,1278933,1.0,0.6338925707268919
206162,1278934,1.0,0.5070035007360352
206167,1278940,1.0,0.5459135303772095
206175,1278953,1.0,0.7003390455910549
206177,1278955,1.0,0.6673994860223748
206179,1278958,1.0,0.5144749128437682
206180,1278959,1.0,0.5597273606769793
206183,1278966,1.0,0.5140462788770824
206186,1278971,1.0,0.7206748404041794
206189,1278975,1.0,0.6568202528694949
206191,1278977,1.0,0.7333540959776358
206193,1278979,1.0,0.6751140780254147
206198,1278986,1.0,0.7387814296800345
206202,1278990,1.0,0.5363946021497038
206203,1278994,1.0,0.5131919498481267
206209,1279000,1.0,0.5012716858324983
206214,1279006,1.0,0.6966818890526442
206222,1279014,1.0,0.6655167881513177
206234,1279029,1.0,0.6386137250595653
206240,1279036,1.0,0.5078438160147634
206257,1279054,1.0,0.7748810258492672
206265,1279062,1.0,0.7205718389856949
206266,1279063,1.0,0.7453637518588158
206268,1279066,1.0,0.6072124810650419
206279,1279079,1.0,0.5130749848856107
206282,1279082,1.0,0.7392401003940962
206285,1279085,1.0,0.6691525613814427
206292,1279093,1.0,0.5679895991190832
206294,1279098,1.0,0.8060700355534431
206295,1279099,1.0,0.7004724108562271
206300,1279105,1.0,0.7615074916363282
206306,1279113,1.0,0.7035004031479357
206309,1279116,1.0,0.5137802505236178
206311,1279118,1.0,0.8143215168804299
206316,1279123,1.0,0.5295512805153776
206317,1279124,1.0,0.6537791565475876
206319,1279126,1.0,0.6893320368816669
206321,1279128,1.0,0.7110739890747099
206326,1279134,1.0,0.6952534394329756
206329,1279137,1.0,0.6859262854547274
206330,1279138,1.0,0.7134716824383603
206334,1279142,1.0,0.7147416362234985
206340,1279149,1.0,0.7107248373592511
206341,1279150,1.0,0.5154397395831697
206342,1279152,1.0,0.526566399628149
206344,1279155,1.0,0.6944864016290198
206345,1279157,1.0,0.6750346972439796
206346,1279158,1.0,0.5447429144653679
206349,1279163,1.0,0.7914218304240229
206352,1279166,1.0,0.5904171510868522
206360,1279177,1.0,0.6543222137058377
206362,1279179,1.0,0.7523627689154515
206363,1279180,1.0,0.7479015624605496
206364,1279181,1.0,0.7887183785852409
206365,1279182,1.0,0.6455601383607288
206366,1279183,1.0,0.7016980678442873
206367,1279184,1.0,0.7614380973120161
206368,1279185,1.0,0.5357390352854914
206369,1279186,1.0,0.7077708020990118
206371,1279188,1.0,0.6902257465285394
206375,1279192,1.0,0.6381793730672622
206376,1279194,1.0,0.6435300479491232
206385,1279203,1.0,0.6714699319034892
206390,1279208,1.0,0.7240833264469767
206395,1279213,1.0,0.7190114886023709
206396,1279214,1.0,0.5499606798554707
206402,1279221,1.0,0.6452338898085334
206403,1279223,1.0,0.5709459385324723
206406,1279226,1.0,0.7016980678442873
206407,1279227,1.0,0.6987420158140594
206409,1279230,1.0,0.6031827975756305
206411,1279232,1.0,0.5809137506537467
206413,1279235,1.0,0.740505283960982
206416,1279239,1.0,0.6582232146343737
206417,1279240,1.0,0.6976778783764581
206419,1279242,1.0,0.7016980678442873
206421,1279244,1.0,0.827741633005911
206422,1279245,1.0,0.5030497212047905
206425,1279249,1.0,0.563995205075806
206427,1279251,1.0,0.7319703204919038
206428,1279252,1.0,0.859478847440078
206430,1279254,1.0,0.581568423314694
206432,1279256,1.0,0.5754001390474908
206433,1279258,1.0,0.6116908956064478
206437,1279263,1.0,0.6815602786148339
206446,1279277,1.0,0.6718601359860515
206450,1279281,1.0,0.6066705321182306
206457,1279289,1.0,0.6943069367433413
206462,1279295,1.0,0.6472441056669727
206463,1279296,1.0,0.6744891913535842
206464,1279297,1.0,0.5713978117225683
206465,1279299,1.0,0.7896993800761691
206469,1279305,1.0,0.6649307460473217
206470,1279306,1.0,0.8486396179802945
206476,1279312,1.0,0.5509209701295875
206477,1279314,1.0,0.7963050415523389
206479,1279316,1.0,0.5736630205364126
206480,1279318,1.0,0.681377187440287
206482,1279320,1.0,0.7882533740866164
206483,1279322,1.0,0.7246850285216982
206487,1279326,1.0,0.8460037085564796
206488,1279328,1.0,0.7832075463282367
206489,1279329,1.0,0.6633492979251415
206491,1279331,1.0,0.5267226541331178
206492,1279333,1.0,0.649497600948811
206499,1279341,1.0,0.6460844163700414
206500,1279342,1.0,0.7484224036524137
206503,1279346,1.0,0.8596810407136863
206505,1279348,1.0,0.663008430000789
206506,1279350,1.0,0.8198222089655152
206509,1279353,1.0,0.7322254239044595
206511,1279356,1.0,0.7302607148900105
206512,1279357,1.0,0.8220036197854689
206513,1279358,1.0,0.5252071564555822
206515,1279362,1.0,0.5424965645065117
206516,1279363,1.0,0.6387012836936112
206518,1279365,1.0,0.5136609575897417
206519,1279366,1.0,0.6568202528694949
206527,1279375,1.0,0.6070726415815038
206528,1279376,1.0,0.7561723198195017
206534,1279384,1.0,0.5458545776158367
206535,1279385,1.0,0.6766421991584963
206536,1279386,1.0,0.5426491013979948
206537,1279388,1.0,0.6222797593990428
206538,1279390,1.0,0.661524195302255
206542,1279394,1.0,0.6944502516871696
206547,1279402,1.0,0.5434258044202651
206548,1279403,1.0,0.5104222237686723
206550,1279405,1.0,0.8480783216178389
206551,1279407,1.0,0.6769088633242615
206552,1279408,1.0,0.6462885607604811
206554,1279410,1.0,0.7840455296781125
206558,1279414,1.0,0.7242213312720736
206561,1279417,1.0,0.5908580392406727
206564,1279422,1.0,0.5803965106055943
206566,1279425,1.0,0.7263976490779717
206569,1279428,1.0,0.779053834375377
206570,1279429,1.0,0.5851357549068992
206571,1279431,1.0,0.5729580826571823
206574,1279435,1.0,0.7624762423881071
206576,1279437,1.0,0.7595274932387701
206577,1279438,1.0,0.6637915884959735
206580,1279442,1.0,0.5459135303772095
206584,1279446,1.0,0.7434841806329443
206585,1279447,1.0,0.7441411021445514
206586,1279448,1.0,0.8222352573195735
206591,1279453,1.0,0.7387814296800345
206596,1279458,1.0,0.6923903023085205
206597,1279459,1.0,0.5154397395831697
206598,1279460,1.0,0.7068264293633417
206603,1279469,1.0,0.8120060271278254
206607,1279476,1.0,0.7515133411953502
206612,1279484,1.0,0.6622489254791074
206615,1279487,1.0,0.8154450931798983
206616,1279488,1.0,0.5485696038848276
206618,1279491,1.0,0.6979528333544306
206622,1279495,1.0,0.7795850903684829
206624,1279497,1.0,0.6810593051395663
206633,1279509,1.0,0.6969295677555035
206635,1279512,1.0,0.5967817243575663
206636,1279514,1.0,0.5148136847351662
206637,1279516,1.0,0.8267314606785691
206639,1279518,1.0,0.7470245110858021
206640,1279519,1.0,0.5709459385324723
206641,1279520,1.0,0.5514413919476988
206643,1279522,1.0,0.8006982198612511
206647,1279527,1.0,0.632825742067429
206648,1279528,1.0,0.5501269791453132
206649,1279529,1.0,0.6671932873014353
206650,1279530,1.0,0.701872111176826
206652,1279533,1.0,0.8539623144981802
206653,1279534,1.0,0.7033336803188119
206656,1279538,1.0,0.5181935890935595
206658,1279542,1.0,0.8241110285898157
206659,1279544,1.0,0.560069165508611
206660,1279545,1.0,0.6923063696496666
206664,1279551,1.0,0.7083059276268809
206666,1279553,1.0,0.7243335431084039
206667,1279554,1.0,0.5729580826571823
206672,1279559,1.0,0.8111056335903168
206673,1279561,1.0,0.791226890341037
206674,1279562,1.0,0.6478523298444755
206675,1279563,1.0,0.7751667483829404
206680,1279569,1.0,0.607716415829744
206681,1279570,1.0,0.8177161109769652
206682,1279571,1.0,0.7377614820165244
206689,1279582,1.0,0.6984436172149278
206690,1279587,1.0,0.5161764563887916
206692,1279589,1.0,0.7068673984973527
206693,1279590,1.0,0.6003148059730198
206694,1279591,1.0,0.7243877457279366
206695,1279592,1.0,0.5947318849954784
206697,1279594,1.0,0.837563888442189
206698,1279595,1.0,0.741562461470573
206700,1279600,1.0,0.7016980678442873
206702,1279602,1.0,0.7480218355277126
206703,1279603,1.0,0.552446559304796
206704,1279604,1.0,0.7640094317491504
206706,1279606,1.0,0.823372904168234
206707,1279607,1.0,0.7001981468509889
206715,1279615,1.0,0.5579561479019058
206718,1279619,1.0,0.8571143399234091
206719,1279621,1.0,0.75086996216142
206721,1279623,1.0,0.7413185550970233
206726,1279630,1.0,0.7829716342824514
206729,1279635,1.0,0.8511410840531435
206732,1279638,1.0,0.7223724270672393
206735,1279641,1.0,0.7536817047700908
206737,1279644,1.0,0.7179660952803455
206738,1279645,1.0,0.5175534026604435
206739,1279646,1.0,0.6588680368959021
206741,1279648,1.0,0.5724651227291677
206743,1279651,1.0,0.7117856765240914
206745,1279653,1.0,0.5971067410122064
206747,1279658,1.0,0.798140370237447
206748,1279659,1.0,0.605389264092535
206749,1279661,1.0,0.6655167881513177
206754,1279668,1.0,0.67126529194032
206757,1279671,1.0,0.7496314524498631
206760,1279675,1.0,0.5287948774260357
206761,1279677,1.0,0.5709960016334453
206763,1279680,1.0,0.7236076580276035
206764,1279681,1.0,0.6104723611757465
206766,1279685,1.0,0.7732934865272834
206774,1279695,1.0,0.8742028546006523
206777,1279700,1.0,0.6287338667095625
206779,1279702,1.0,0.7292842596465311
206780,1279703,1.0,0.6392162346101685
206783,1279707,1.0,0.6992196499151222
206784,1279709,1.0,0.5021838650819608
206789,1279715,1.0,0.8034639771881786
206796,1279723,1.0,0.6902257465285394
206798,1279725,1.0,0.7296930029376003
206799,1279726,1.0,0.6341190828094416
206800,1279727,1.0,0.5641358612075722
206802,1279730,1.0,0.5808870207367379
206807,1279738,1.0,0.77406676190625
206809,1279741,1.0,0.5198469387796836
206810,1279742,1.0,0.6641562411283018
206811,1279743,1.0,0.7804069120488112
206813,1279745,1.0,0.7904342196235833
206814,1279747,1.0,0.7044180898179259
206815,1279748,1.0,0.5729580826571823
206816,1279749,1.0,0.7199868944162983
206817,1279750,1.0,0.6656540943481877
206819,1279752,1.0,0.7399665600883634
206827,1279762,1.0,0.6894754484806396
206828,1279764,1.0,0.7251799845560946
206829,1279765,1.0,0.5021158658420181
206832,1279768,1.0,0.7595380604128389
206833,1279769,1.0,0.6908521572702028
206835,1279771,1.0,0.7046931786129313
206844,1279780,1.0,0.5467133671111708
206846,1279783,1.0,0.6769261903661502
206847,1279784,1.0,0.5504437358487299
206848,1279786,1.0,0.8595355191742106
206850,1279788,1.0,0.6428235000225193
206857,1279795,1.0,0.7368501014284583
206859,1279797,1.0,0.5944014072354876
206871,1279814,1.0,0.6694086506468597
206874,1279818,1.0,0.6396488540253588
206881,1279828,1.0,0.8147728691689328
206883,1279831,1.0,0.6273629587440772
206885,1279836,1.0,0.7586641489998753
206887,1279838,1.0,0.6733962323382229
206890,1279842,1.0,0.5999653212339238
206893,1279847,1.0,0.7122227213024699
206894,1279848,1.0,0.7510853175838843
206900,1279855,1.0,0.5340746013212172
206902,1279857,1.0,0.6259810741056409
206903,1279859,1.0,0.6976587924984107
206910,1279866,1.0,0.5778728627119858
206911,1279868,1.0,0.7222189508612802
206912,1279869,1.0,0.5012716858324983
206913,1279871,1.0,0.839365900266195
206914,1279872,1.0,0.6368381250726346
206915,1279874,1.0,0.547373562451804
206918,1279877,1.0,0.6909936381393164
206919,1279878,1.0,0.7512113265560387
206920,1279880,1.0,0.5808353541500791
206929,1279895,1.0,0.5007458918143075
206933,1279900,1.0,0.6535489283972263
206934,1279901,1.0,0.6401913198692305
206935,1279902,1.0,0.816300832929545
206940,1279907,1.0,0.6741057202640571
206945,1279913,1.0,0.8007427219858353
206950,1279918,1.0,0.6764311026647617
206955,1279925,1.0,0.67795267491766
206959,1279931,1.0,0.719670345397407
206961,1279935,1.0,0.6929640928381021
206962,1279936,1.0,0.7818002914200772
206968,1279943,1.0,0.6882334562552922
206974,1279950,1.0,0.6714699319034892
206975,1279952,1.0,0.6625772387632176
206976,1279953,1.0,0.5575913807124784
206977,1279955,1.0,0.5211426319555164
206979,1279958,1.0,0.7230176877481864
206989,1279968,1.0,0.755306991360613
206995,1279974,1.0,0.6648653465696772
206997,1279977,1.0,0.681034168047312
206998,1279978,1.0,0.5851357549068992
206999,1279979,1.0,0.5563822210672706
207000,1279981,1.0,0.7005207071631622
207001,1279982,1.0,0.7230208966982432
207003,1279984,1.0,0.7453957527463047
207006,1279989,1.0,0.6917063959819708
207008,1279991,1.0,0.7913509065999172
207009,1279992,1.0,0.727421663533603
207011,1279994,1.0,0.5129756063942601
207012,1279995,1.0,0.812469087405731
207013,1279996,1.0,0.6604845064332299
207015,1279998,1.0,0.6723873737829152
207017,1280001,1.0,0.7926663960944754
207020,1280006,1.0,0.7750103788944932
207022,1280009,1.0,0.7170606934828138
207025,1280015,1.0,0.5586671747243093
207028,1280019,1.0,0.5468988342492551
207030,1280022,1.0,0.736072286368228
207031,1280023,1.0,0.7444662975950052
207033,1280026,1.0,0.7582036991205361
207037,1280031,1.0,0.6057850101317495
207039,1280033,1.0,0.7607718030093277
207045,1280043,1.0,0.772133810489286
207046,1280044,1.0,0.5563405412876583
207049,1280049,1.0,0.668814532104888
207051,1280052,1.0,0.6204347547696891
207059,1280063,1.0,0.8373564524688146
207062,1280068,1.0,0.6416254092734098
207065,1280073,1.0,0.5479772843600675
207066,1280075,1.0,0.6318628628954328
207078,1280093,1.0,0.5032506522828781
207081,1280096,1.0,0.6392162346101685
207084,1280101,1.0,0.6954112778652346
207089,1280106,1.0,0.7534824506198551
207094,1280112,1.0,0.8049506451863161
207095,1280114,1.0,0.507037732858151
207097,1280117,1.0,0.6995556925197821
207107,1280129,1.0,0.7111414362851882
207108,1280130,1.0,0.7610566269848108
207111,1280135,1.0,0.5391026740880488
207113,1280137,1.0,0.5494484821535439
207114,1280138,1.0,0.5112249269986802
207116,1280141,1.0,0.6285675165671933
207119,1280145,1.0,0.8551577078209408
207125,1280153,1.0,0.7074611711646495
207128,1280156,1.0,0.6328625250108677
207134,1280165,1.0,0.7262701646071379
207135,1280166,1.0,0.7023412693052584
207141,1280172,1.0,0.5935107773797114
207142,1280174,1.0,0.7024667978163958
207143,1280175,1.0,0.7883593115897365
207146,1280178,1.0,0.8113816511025341
207148,1280180,1.0,0.8220036197854689
207160,1280194,1.0,0.5477009622467295
207161,1280196,1.0,0.6781656134321009
207163,1280198,1.0,0.700268492107275
207164,1280199,1.0,0.8642272232957627
207165,1280200,1.0,0.7054954841866422
207166,1280201,1.0,0.6547486719930514
207170,1280205,1.0,0.7223481088620811
207179,1280218,1.0,0.7572351997706702
207181,1280221,1.0,0.6893491630099745
207182,1280223,1.0,0.5700422549074304
207184,1280225,1.0,0.5629870993683381
207185,1280227,1.0,0.6581603730436583
207187,1280230,1.0,0.7253147464138532
207190,1280233,1.0,0.7174060085930263
207191,1280234,1.0,0.5104222237686723
207192,1280237,1.0,0.6896273641703664
207197,1280243,1.0,0.7349000311624342
207199,1280246,1.0,0.5596564921012072
207200,1280247,1.0,0.6633075370291533
207202,1280249,1.0,0.6920481547562989
207206,1280256,1.0,0.6895985260208162
207218,1280273,1.0,0.8787630787950634
207221,1280276,1.0,0.6673045301705663
207228,1280286,1.0,0.5960192864205154
207229,1280287,1.0,0.7255416388735045
207230,1280288,1.0,0.6544808634007915
207231,1280290,1.0,0.6024724801885477
207233,1280293,1.0,0.5295512805153776
207240,1280302,1.0,0.6397740136724515
207241,1280303,1.0,0.6150266096768815
207248,1280310,1.0,0.5916869029086345
207252,1280314,1.0,0.538195053094969
207254,1280317,1.0,0.6438562924432281
207259,1280322,1.0,0.7129150631228128
207260,1280323,1.0,0.6440193264266878
207262,1280326,1.0,0.6001302082091944
207264,1280330,1.0,0.6780107547114551
207267,1280335,1.0,0.6713885478985119
207268,1280336,1.0,0.8873432625508479
207270,1280339,1.0,0.660422274019816
207271,1280340,1.0,0.6448516108133321
207275,1280344,1.0,0.7261056636993399
207282,1280354,1.0,0.6801428286972246
207283,1280355,1.0,0.7304545721386678
207284,1280356,1.0,0.735948708279881
207290,1280363,1.0,0.7165691846593458
207292,1280366,1.0,0.5661971738959086
207294,1280368,1.0,0.5112249269986802
207302,1280377,1.0,0.6867907040527234
207305,1280380,1.0,0.8050613255277169
207306,1280381,1.0,0.7186116433673579
207311,1280386,1.0,0.6571003641067388
207315,1280390,1.0,0.8674593060379083
207325,1280403,1.0,0.5851075105431897
207336,1280414,1.0,0.679955377950498
207338,1280417,1.0,0.701169575795076
207339,1280418,1.0,0.7548879465503819
207351,1280434,1.0,0.7195321212583609
207353,1280436,1.0,0.7397714780753469
207361,1280445,1.0,0.5867430865178548
207363,1280448,1.0,0.7600758215194907
207365,1280450,1.0,0.7298382808317321
207370,1280458,1.0,0.5797428583229494
207373,1280463,1.0,0.561718101013847
207375,1280465,1.0,0.8756843905105569
207379,1280471,1.0,0.7560388503355402
207384,1280476,1.0,0.8938278658897256
207390,1280485,1.0,0.7239009983981987
207391,1280486,1.0,0.7657613998377136
207393,1280488,1.0,0.7010240307576417
207394,1280489,1.0,0.7151055215267762
207396,1280491,1.0,0.5541050370483052
207398,1280495,1.0,0.5882242704407797
207402,1280501,1.0,0.5042041586873495
207405,1280504,1.0,0.589522815721805
207407,1280506,1.0,0.572848825054283
207408,1280507,1.0,0.5636656121808262
207414,1280513,1.0,0.7201693323173957
207416,1280515,1.0,0.6672173187413138
207418,1280517,1.0,0.5480306015898077
207420,1280519,1.0,0.5833479335162691
207422,1280522,1.0,0.696589675735048
207433,1280534,1.0,0.700268492107275
207444,1280547,1.0,0.7538660923515124
207446,1280549,1.0,0.7080359942385859
207447,1280550,1.0,0.7222989118308711
207448,1280551,1.0,0.6728195823391716
207449,1280552,1.0,0.7014917833777766
207454,1280558,1.0,0.7296930029376003
207456,1280561,1.0,0.7662247615110835
207459,1280564,1.0,0.6325782415300644
207462,1280567,1.0,0.7222989118308711
207464,1280569,1.0,0.8625469757656614
207466,1280572,1.0,0.5391342754775291
207470,1280579,1.0,0.7388605114198479
207472,1280581,1.0,0.6984782806115057
207475,1280585,1.0,0.6904854663682088
207484,1280598,1.0,0.7227182492115124
207486,1280600,1.0,0.5460625155793054
207489,1280604,1.0,0.695069483628711
207490,1280605,1.0,0.5782182692258426
207495,1280611,1.0,0.698857236949102
207496,1280612,1.0,0.5230837213601012
207499,1280615,1.0,0.7298318005428879
207501,1280618,1.0,0.7954823834827708
207502,1280619,1.0,0.6193347872782738
207504,1280623,1.0,0.6455811870362317
207505,1280624,1.0,0.5929260253270314
207512,1280631,1.0,0.7365482336004314
207514,1280633,1.0,0.8039622500848537
207518,1280637,1.0,0.8184340510418627
207519,1280638,1.0,0.5829354409015253
207522,1280641,1.0,0.7557428481495924
207524,1280644,1.0,0.7047522892712088
207529,1280649,1.0,0.5218180860465869
207533,1280654,1.0,0.5812919037141164
207535,1280657,1.0,0.7167193681899036
207541,1280663,1.0,0.7256433226427109
207549,1280672,1.0,0.6941338361291886
207552,1280675,1.0,0.507339817060955
207553,1280676,1.0,0.7068264293633417
207555,1280678,1.0,0.5502654779098818
207557,1280682,1.0,0.7247025884326321
207559,1280685,1.0,0.8458135810576071
207561,1280687,1.0,0.5901857913030721
207564,1280691,1.0,0.6120412504175503
207568,1280696,1.0,0.6439339876159957
207571,1280700,1.0,0.568383039140635
207572,1280702,1.0,0.7205764547309231
207578,1280710,1.0,0.5340746013212172
207584,1280717,1.0,0.8060981836224359
207594,1280731,1.0,0.7510742129443824
207598,1280736,1.0,0.8917017336726879
207606,1280744,1.0,0.5197635364931386
207611,1280751,1.0,0.799991472226456
207612,1280752,1.0,0.7543789599767173
207614,1280754,1.0,0.8790917315500181
207617,1280757,1.0,0.7474937797283191
207622,1280764,1.0,0.5299111963115141
207624,1280767,1.0,0.8673621912992564
207625,1280768,1.0,0.5271433492094134
207633,1280779,1.0,0.8820852809437
207634,1280780,1.0,0.7904468804482809
207637,1280783,1.0,0.5500678467786689
207642,1280789,1.0,0.6001302082091944
207647,1280796,1.0,0.7194230236483417
207648,1280797,1.0,0.5054764737467222
207652,1280801,1.0,0.5763338559517075
207657,1280806,1.0,0.7208536937518053
207664,1280813,1.0,0.5600471809212945
207665,1280815,1.0,0.5063826505827903
207667,1280818,1.0,0.7628907809029966
207669,1280820,1.0,0.5043108633716379
207672,1280823,1.0,0.5885992579192385
207680,1280833,1.0,0.7634796301831727
207681,1280834,1.0,0.5304357595257078
207682,1280835,1.0,0.7032292668531036
207686,1280839,1.0,0.7380176193584622
207687,1280840,1.0,0.8217366324932722
207688,1280841,1.0,0.745513599783521
207690,1280843,1.0,0.6989696783726759
207691,1280844,1.0,0.728912884169258
207694,1280847,1.0,0.5539847953701694
207697,1280851,1.0,0.5173562538002174
207707,1280867,1.0,0.7564625235123713
207709,1280869,1.0,0.7220255659867637
207710,1280870,1.0,0.8015568639652586
207711,1280871,1.0,0.5253094026465996
207712,1280872,1.0,0.7312541206288768
207716,1280876,1.0,0.6253002400231793
207717,1280877,1.0,0.7081727894706704
207718,1280878,1.0,0.6799999143438927
207720,1280880,1.0,0.6766084542127832
207721,1280883,1.0,0.6271442939230119
207723,1280885,1.0,0.8262287122984239
207727,1280890,1.0,0.7122996068034642
207731,1280895,1.0,0.583015287572477
207732,1280896,1.0,0.5181464135690302
207735,1280899,1.0,0.6460195972962692
207738,1280902,1.0,0.7738891654601577
207739,1280903,1.0,0.5088223593129847
207743,1280909,1.0,0.6543427362673742
207750,1280918,1.0,0.8232892619616984
207751,1280919,1.0,0.6789141594024277
207756,1280925,1.0,0.559538398414217
207757,1280927,1.0,0.734960505306467
207760,1280930,1.0,0.5927611360463867
207767,1280940,1.0,0.6885781127631656
207779,1280954,1.0,0.7001220525440169
207781,1280956,1.0,0.5337756123411361
207783,1280960,1.0,0.7179660952803455
207789,1280967,1.0,0.686895020733637
207791,1280969,1.0,0.77932209408487
207792,1280970,1.0,0.5654176643333544
207796,1280974,1.0,0.7493264541973899
207804,1280983,1.0,0.6183098073188928
207805,1280984,1.0,0.6987319101127543
207809,1280988,1.0,0.6001302082091944
207811,1280990,1.0,0.8155442046810578
207813,1280992,1.0,0.5683369128152636
207815,1280996,1.0,0.6448219533299167
207816,1280997,1.0,0.527256469877795
207819,1281002,1.0,0.510380333406542
207832,1281019,1.0,0.7738891654601577
207843,1281030,1.0,0.7406990930115737
207844,1281031,1.0,0.6494735041583497
207845,1281033,1.0,0.6763430147090551
207847,1281036,1.0,0.6905178731681857
207849,1281039,1.0,0.742372902830332
207850,1281040,1.0,0.7217253457401785
207851,1281041,1.0,0.6666126746841945
207852,1281042,1.0,0.7034148481737186
207856,1281046,1.0,0.668814532104888
207858,1281048,1.0,0.8841409904392943
207859,1281049,1.0,0.6129334843381495
207861,1281052,1.0,0.8780788064750878
207865,1281058,1.0,0.5664957050741476
207870,1281064,1.0,0.7096398027448741
207871,1281066,1.0,0.6436064064989254
207873,1281068,1.0,0.6916570308046683
207882,1281077,1.0,0.7254240660603766
207884,1281079,1.0,0.6001302082091944
207886,1281081,1.0,0.7738891654601577
207890,1281086,1.0,0.7956173988820812
207892,1281088,1.0,0.6441171070754543
207895,1281092,1.0,0.5657681556018354
207899,1281096,1.0,0.7452091697783408
207903,1281102,1.0,0.5741724212121687
207906,1281107,1.0,0.6876832441368566
207907,1281108,1.0,0.7384878056212273
207912,1281114,1.0,0.7515357672347717
207913,1281115,1.0,0.7063340710782783
207915,1281117,1.0,0.825162014940454
207916,1281118,1.0,0.7445434398708178
207918,1281120,1.0,0.7183354418736296
207919,1281121,1.0,0.7044941645745233
207921,1281123,1.0,0.6649520841307083
207933,1281135,1.0,0.5817950316771107
207937,1281141,1.0,0.6888395300567076
207939,1281143,1.0,0.6500428571108696
207946,1281151,1.0,0.7489003887300905
207947,1281152,1.0,0.5425907882010794
207950,1281155,1.0,0.7691200646929796
207951,1281156,1.0,0.5830426572348174
207957,1281163,1.0,0.7208559659184512
207959,1281165,1.0,0.7290618383455012
207966,1281173,1.0,0.7428669032014394
207967,1281174,1.0,0.6406797350166719
207971,1281178,1.0,0.5846167365229227
207972,1281180,1.0,0.8790240528776031
207976,1281184,1.0,0.7076434979444395
207980,1281190,1.0,0.687426102144588
207982,1281192,1.0,0.6809148650010499
207991,1281203,1.0,0.5369385779167418
207992,1281204,1.0,0.7097734237385491
207996,1281208,1.0,0.6406289386668457
207998,1281210,1.0,0.7214161617091862
207999,1281211,1.0,0.7688980148824732
208001,1281213,1.0,0.7430182922326041
208004,1281216,1.0,0.6774116337166781
208022,1281239,1.0,0.6010567784640033
208024,1281242,1.0,0.5202792020162957
208026,1281244,1.0,0.6288304194657328
208027,1281245,1.0,0.5449433342431281
208039,1281260,1.0,0.5514461699073548
208046,1281267,1.0,0.7549402662016456
208053,1281275,1.0,0.5909321677422591
208056,1281278,1.0,0.6261356214494469
208059,1281281,1.0,0.8898405146801226
208074,1281304,1.0,0.6215985476451751
208084,1281318,1.0,0.7811603456142411
208100,1281335,1.0,0.5100740404209445
208101,1281336,1.0,0.5570391119143484
208102,1281337,1.0,0.6902257465285394
208105,1281340,1.0,0.7456135456173525
208108,1281343,1.0,0.6009983548626857
208109,1281345,1.0,0.5050370799784826
208111,1281348,1.0,0.730512600098038
208112,1281349,1.0,0.8584806172084677
208114,1281351,1.0,0.6491898797034574
208115,1281352,1.0,0.7100994013033435
208118,1281355,1.0,0.8875128313116842
208124,1281361,1.0,0.6549970008739212
208125,1281363,1.0,0.8408875007846958
208131,1281370,1.0,0.6872338499306008
208136,1281376,1.0,0.8254344983506754
208138,1281379,1.0,0.8092927537138647
208142,1281383,1.0,0.6131298545951752
208145,1281386,1.0,0.7234977646277497
208146,1281387,1.0,0.8625352381875618
208155,1281398,1.0,0.6562944217262185
208158,1281402,1.0,0.7994248705945043
208167,1281411,1.0,0.8754531645993577
208169,1281413,1.0,0.7904261305912824
208171,1281415,1.0,0.7956173988820812
208172,1281416,1.0,0.7068264293633417
208174,1281420,1.0,0.7932361540296586
208176,1281422,1.0,0.8570324391289502
208177,1281423,1.0,0.7963945932257709
208180,1281426,1.0,0.7590118943842853
208191,1281438,1.0,0.7754361629548819
208195,1281442,1.0,0.6799587483178678
208197,1281444,1.0,0.701872111176826
208199,1281446,1.0,0.7374994536829286
208202,1281449,1.0,0.7544325055536755
208204,1281451,1.0,0.6106322970884893
208211,1281462,1.0,0.7579317385060284
208214,1281465,1.0,0.5826766711618396
208222,1281474,1.0,0.6376172400761781
208223,1281475,1.0,0.7466217553590188
208224,1281476,1.0,0.6652695422617501
208225,1281477,1.0,0.78174699453371
208228,1281481,1.0,0.5194234980210577
208229,1281483,1.0,0.7205764547309231
208232,1281486,1.0,0.7501425304910948
208234,1281488,1.0,0.519027524665766
208238,1281494,1.0,0.7595019400724007
208239,1281495,1.0,0.59952557225826
208242,1281498,1.0,0.5176240121232085
208243,1281499,1.0,0.5021739497005466
208245,1281501,1.0,0.7340411521229535
208247,1281505,1.0,0.6504954519761513
208250,1281508,1.0,0.5409150974795068
208254,1281516,1.0,0.7346287284275846
208257,1281521,1.0,0.6974922964755668
208258,1281522,1.0,0.7799312695533246
208261,1281525,1.0,0.6637321690262765
208265,1281530,1.0,0.667268827304877
208266,1281531,1.0,0.8128001083966416
208267,1281533,1.0,0.8166154253916812
208270,1281536,1.0,0.7069719609589685
208273,1281542,1.0,0.5182121393642228
208274,1281544,1.0,0.67795267491766
208278,1281551,1.0,0.7204657961770828
208280,1281553,1.0,0.745717959617049
208283,1281557,1.0,0.5826766711618396
208286,1281561,1.0,0.7112596569736368
208287,1281562,1.0,0.7137029129460112
208288,1281563,1.0,0.8671444840770178
208292,1281568,1.0,0.8384839715894092
208293,1281569,1.0,0.6685058371328103
208295,1281572,1.0,0.7595019400724007
208297,1281576,1.0,0.7706019232897482
208301,1281580,1.0,0.7159964968611752
208302,1281582,1.0,0.6709773627835269
208303,1281583,1.0,0.6658727761921888
208304,1281585,1.0,0.7344194932748856
208306,1281587,1.0,0.6403028655568509
208307,1281589,1.0,0.8556680421746502
208312,1281596,1.0,0.7665133303726905
208328,1281623,1.0,0.5417023513174101
208343,1281648,1.0,0.5115943999187956
208349,1281655,1.0,0.8160665200353016
208368,1281689,1.0,0.5811636590934115
208373,1281696,1.0,0.9137691795034089
208375,1281699,1.0,0.8127559277581574
208376,1281700,1.0,0.7860720950405474
208377,1281701,1.0,0.5797441686506681
208380,1281706,1.0,0.6592152737135157
208382,1281709,1.0,0.7360225838448414
208385,1281712,1.0,0.7054954841866422
208386,1281713,1.0,0.738188153726052
208387,1281714,1.0,0.5928773353557448
208388,1281716,1.0,0.5398195687678884
208389,1281718,1.0,0.663670467978522
208390,1281719,1.0,0.5466610656960017
208391,1281723,1.0,0.6903236824343062
208394,1281726,1.0,0.6632465873388034
208396,1281730,1.0,0.6619347791391261
208397,1281732,1.0,0.5587199380131797
208401,1281740,1.0,0.548748502407086
208405,1281748,1.0,0.5686610289734462
208412,1281757,1.0,0.6957336635171982
208418,1281766,1.0,0.6744328405528887
208420,1281768,1.0,0.5852674291014031
208425,1281773,1.0,0.7394636590878446
208426,1281774,1.0,0.8223938705924934
208427,1281775,1.0,0.6921785867488747
208428,1281776,1.0,0.5425907882010794
208431,1281779,1.0,0.577343068502601
208436,1281786,1.0,0.6457416039931939
208438,1281788,1.0,0.7109922019517722
208440,1281791,1.0,0.5215984221079507
208441,1281792,1.0,0.7865197080138666
208444,1281795,1.0,0.663736840502824
208445,1281796,1.0,0.7631567524651867
208447,1281798,1.0,0.6278412769371331
208451,1281802,1.0,0.5421440881669868
208452,1281804,1.0,0.699774805040742
208453,1281805,1.0,0.8202886662086707
208454,1281806,1.0,0.5782457415916931
208455,1281808,1.0,0.7080162561450868
208456,1281809,1.0,0.6805237408812498
208458,1281812,1.0,0.6220637629117874
208459,1281813,1.0,0.7424886610551463
208461,1281815,1.0,0.7167193681899036
208467,1281823,1.0,0.7292400566431156
208469,1281827,1.0,0.5042397238551058
208474,1281833,1.0,0.5022460543544391
208476,1281835,1.0,0.7011843659140486
208478,1281837,1.0,0.7415490041458321
208484,1281844,1.0,0.5230837213601012
208486,1281846,1.0,0.5862763503637028
208490,1281850,1.0,0.7076106928105298
208492,1281853,1.0,0.6397259243635964
208493,1281854,1.0,0.8513534872918832
208494,1281855,1.0,0.825390457355603
208498,1281860,1.0,0.7882700948127412
208502,1281865,1.0,0.8119540835536159
208503,1281866,1.0,0.5659659435749842
208510,1281874,1.0,0.7404454936125435
208515,1281880,1.0,0.583015287572477
208516,1281881,1.0,0.7407385307282066
208518,1281884,1.0,0.648845764835555
208519,1281885,1.0,0.5917640568106225
208520,1281886,1.0,0.7274210149272048
208521,1281887,1.0,0.7519587659662915
208522,1281888,1.0,0.7225940389007922
208524,1281891,1.0,0.6815199820517949
208530,1281898,1.0,0.8818285854783158
208532,1281900,1.0,0.7523877740195102
208541,1281911,1.0,0.6833171826640413
208544,1281914,1.0,0.8794528319897296
208546,1281916,1.0,0.6120412504175503
208548,1281919,1.0,0.5642355663795569
208550,1281922,1.0,0.5335739718348048
208552,1281924,1.0,0.5047092203711776
208553,1281926,1.0,0.6914796894991251
208557,1281930,1.0,0.7314229154676531
208560,1281933,1.0,0.5287948774260357
208561,1281937,1.0,0.5922328312866367
208565,1281942,1.0,0.7248898154004189
208568,1281949,1.0,0.5006070523542958
208577,1281961,1.0,0.7106469615170147
208591,1281979,1.0,0.7959798936079154
208593,1281982,1.0,0.5060298256557413
208596,1281986,1.0,0.7877522971479134
208598,1281988,1.0,0.5874567494045713
208603,1281993,1.0,0.5849383987715102
208604,1281995,1.0,0.563465211435887
208610,1282002,1.0,0.8247156214545123
208611,1282003,1.0,0.6669657262720801
208615,1282007,1.0,0.6452339392009656
208616,1282008,1.0,0.8300986839754513
208621,1282014,1.0,0.6531603172037874
208622,1282015,1.0,0.8792308771450297
208624,1282017,1.0,0.522093079943376
208627,1282020,1.0,0.661165187913696
208631,1282024,1.0,0.5866275761561427
208634,1282028,1.0,0.8260651573480869
208641,1282037,1.0,0.6291820348259872
208643,1282039,1.0,0.6187368328832757
208645,1282043,1.0,0.5345501588995796
208647,1282047,1.0,0.5455785155680379
208648,1282049,1.0,0.7095152599703459
208649,1282050,1.0,0.5368119751362396
208652,1282055,1.0,0.7803360359722306
208655,1282059,1.0,0.5711434720185797
208658,1282065,1.0,0.7599209461919602
208660,1282067,1.0,0.7462524088511169
208662,1282070,1.0,0.6652986586077522
208668,1282077,1.0,0.5042397238551058
208677,1282090,1.0,0.6694683542584532
208678,1282091,1.0,0.6949359979827394
208679,1282092,1.0,0.5080290153430693
208685,1282099,1.0,0.6444529571567684
208687,1282101,1.0,0.886701233844863
208691,1282105,1.0,0.5460639215641285
208695,1282111,1.0,0.6663561670954983
208700,1282116,1.0,0.5889715365120121
208703,1282120,1.0,0.5458509786603666
208714,1282134,1.0,0.6436524098599251
208715,1282136,1.0,0.7504416363552642
208718,1282140,1.0,0.6613571482949023
208723,1282145,1.0,0.5797798163638217
208728,1282153,1.0,0.6061267442323328
208729,1282155,1.0,0.8135037997665203
208730,1282156,1.0,0.7769937211613535
208736,1282165,1.0,0.5108036702416686
208738,1282167,1.0,0.7100246392776947
208740,1282169,1.0,0.7010904465529838
208744,1282174,1.0,0.6056361168650327
208746,1282177,1.0,0.6901734995784429
208747,1282179,1.0,0.6804359417265482
208749,1282181,1.0,0.5361412137865871
208758,1282193,1.0,0.6382098396118692
208762,1282198,1.0,0.7568696691377964
208767,1282203,1.0,0.5926213787774466
208768,1282205,1.0,0.5716678100042576
208770,1282209,1.0,0.727973357134728
208772,1282211,1.0,0.5349123234698996
208774,1282214,1.0,0.5467063135463709
208775,1282215,1.0,0.7001946344412572
208776,1282216,1.0,0.8652913899715526
208777,1282217,1.0,0.7351507890586984
208782,1282224,1.0,0.7223171604221357
208792,1282237,1.0,0.7909271513030001
208793,1282238,1.0,0.55679825126817
208796,1282242,1.0,0.5108021868411963
208799,1282245,1.0,0.7443380155458709
208804,1282252,1.0,0.5388256686596498
208805,1282254,1.0,0.6741057202640571
208808,1282257,1.0,0.7433075779655945
208812,1282261,1.0,0.7718869893627812
208816,1282267,1.0,0.779604784520368
208817,1282268,1.0,0.5372006869723245
208821,1282273,1.0,0.5106993835775183
208822,1282277,1.0,0.6350040134455105
208826,1282281,1.0,0.7216666033932535
208830,1282287,1.0,0.7445992545232701
208834,1282291,1.0,0.795275907407849
208840,1282297,1.0,0.7933382534484351
208841,1282299,1.0,0.7602080055483222
208842,1282300,1.0,0.8397218591335217
208844,1282306,1.0,0.6711619705851615
208845,1282307,1.0,0.8586196751241607
208852,1282318,1.0,0.878724501040714
208857,1282325,1.0,0.7578959009772306
208858,1282327,1.0,0.6940797232623633
208859,1282328,1.0,0.5412801360918004
208861,1282331,1.0,0.7524288837617394
208864,1282336,1.0,0.5574950027824294
208865,1282338,1.0,0.7893623871277962
208874,1282348,1.0,0.8881372488119886
208877,1282354,1.0,0.5809137506537467
208879,1282357,1.0,0.6695261713898023
208884,1282362,1.0,0.777520031828394
208886,1282365,1.0,0.6670086403964657
208887,1282367,1.0,0.5070035007360352
208891,1282372,1.0,0.8557046738938422
208895,1282379,1.0,0.8681884703244603
208900,1282384,1.0,0.7570610761137435
208904,1282389,1.0,0.8557046738938422
208909,1282394,1.0,0.7900123481407819
208910,1282395,1.0,0.8345816642171155
208911,1282396,1.0,0.5047092203711776
208913,1282399,1.0,0.7211640832989865
208915,1282401,1.0,0.7584016628091416
208920,1282408,1.0,0.5123169833040455
208933,1282422,1.0,0.6942959533412852
208936,1282425,1.0,0.6713923787505989
208942,1282433,1.0,0.6967087405080589
208944,1282435,1.0,0.7798305220669524
208946,1282438,1.0,0.57642926039619
208947,1282439,1.0,0.9172440014433747
208950,1282443,1.0,0.8071647752228921
208953,1282447,1.0,0.5201545461972643
208955,1282450,1.0,0.6963472885436686
208958,1282454,1.0,0.7104383313492926
208962,1282459,1.0,0.6989696783726759
208963,1282460,1.0,0.5397480524653857
208964,1282462,1.0,0.5590914036931662
208965,1282463,1.0,0.7056818126925408
208966,1282464,1.0,0.694559497921184
208967,1282465,1.0,0.7578434991350504
208968,1282466,1.0,0.769786075215281
208970,1282468,1.0,0.523494305766253
208971,1282469,1.0,0.7554102378705707
208975,1282474,1.0,0.6563667720407209
208977,1282476,1.0,0.7366666269387695
208985,1282485,1.0,0.5883272013164395
208986,1282487,1.0,0.8535744333898567
208987,1282488,1.0,0.6046661307100123
208993,1282496,1.0,0.8806101557594062
208997,1282500,1.0,0.5340746013212172
209000,1282504,1.0,0.7791730034702263
209004,1282508,1.0,0.7927880462288781
209006,1282510,1.0,0.6705611213770981
209013,1282519,1.0,0.5426051191861321
209015,1282522,1.0,0.7036428471980173
209018,1282529,1.0,0.7491101851561895
209025,1282537,1.0,0.8644025589997555
209028,1282540,1.0,0.7744571888879423
209034,1282547,1.0,0.5427844272529035
209041,1282555,1.0,0.6447333985585125
209049,1282566,1.0,0.5800416300131516
209050,1282567,1.0,0.8019949572909348
209059,1282577,1.0,0.7906712524038649
209060,1282578,1.0,0.8806101557594062
209066,1282584,1.0,0.8751334367224965
209070,1282588,1.0,0.7338208844715449
209074,1282592,1.0,0.8287022656702416
209077,1282595,1.0,0.7301445401419351
209080,1282598,1.0,0.8588549186817392
209085,1282603,1.0,0.681646999345919
209086,1282605,1.0,0.8619464315240544
209087,1282607,1.0,0.5961932587501035
209091,1282611,1.0,0.7546081574059583
209092,1282612,1.0,0.8622824849673786
209096,1282617,1.0,0.5084596392371318
209098,1282620,1.0,0.6975589099975061
209099,1282622,1.0,0.8649408889053433
209100,1282623,1.0,0.6797107438259391
209102,1282625,1.0,0.8300986839754513
209105,1282630,1.0,0.7287854371424218
209109,1282634,1.0,0.8669316129576622
209110,1282635,1.0,0.700822134285803
209113,1282638,1.0,0.7033046596845588
209116,1282642,1.0,0.8322558816736998
209117,1282644,1.0,0.6790910894737124
209132,1282660,1.0,0.6145438310079104
209138,1282666,1.0,0.5590914036931662
209139,1282667,1.0,0.7620293153134851
209140,1282668,1.0,0.713780439111846
209142,1282670,1.0,0.8709285717813701
209149,1282677,1.0,0.6470970402737163
209151,1282681,1.0,0.5330764074802463
209154,1282684,1.0,0.6897783617962852
209159,1282690,1.0,0.8167894162066109
209160,1282691,1.0,0.7263976490779717
209162,1282693,1.0,0.8759988304689962
209163,1282694,1.0,0.5202792020162957
209165,1282696,1.0,0.7390816027227711
209167,1282698,1.0,0.7297736142213727
209168,1282699,1.0,0.5161764563887916
209174,1282707,1.0,0.7503738427288523
209180,1282714,1.0,0.823322914073122
209184,1282719,1.0,0.7674427027682448
209187,1282722,1.0,0.5677958242285073
209188,1282724,1.0,0.7106732786800503
209190,1282726,1.0,0.549868095938211
209191,1282727,1.0,0.5624648672330025
209194,1282732,1.0,0.6778901831564379
209195,1282733,1.0,0.8055406827641942
209196,1282734,1.0,0.840282278477647
209197,1282735,1.0,0.693188938921612
209202,1282740,1.0,0.5449955902830406
209204,1282742,1.0,0.6195432988523394
209208,1282746,1.0,0.7262506108031613
209216,1282761,1.0,0.6964955243659499
209219,1282767,1.0,0.7718651299045174
209221,1282771,1.0,0.537893584771306
209222,1282772,1.0,0.7328343538984943
209225,1282776,1.0,0.5845107604680901
209227,1282780,1.0,0.7580763646746856
209228,1282781,1.0,0.5949995226161393
209230,1282785,1.0,0.7305347240140608
209236,1282793,1.0,0.7916406313579387
209238,1282795,1.0,0.5020226550660505
209239,1282796,1.0,0.5933760519401152
209241,1282798,1.0,0.5739727331762671
209246,1282804,1.0,0.8460037085564796
209254,1282817,1.0,0.5947318849954784
209257,1282820,1.0,0.6499233096000804
209267,1282841,1.0,0.5429351323226638
209268,1282842,1.0,0.7178913902115073
209270,1282845,1.0,0.5117593168398591
209272,1282847,1.0,0.5182121393642228
209277,1282856,1.0,0.5082370741476845
209281,1282863,1.0,0.5705899408372107
209288,1282873,1.0,0.7111414362851882
209290,1282875,1.0,0.8159899154953494
209291,1282876,1.0,0.8573233198154101
209292,1282878,1.0,0.7689612269319831
209296,1282882,1.0,0.6764589345203809
209297,1282883,1.0,0.7915187431613603
209299,1282885,1.0,0.6739947976752294
209305,1282892,1.0,0.8636621003365706
209307,1282894,1.0,0.6403431030631136
209308,1282897,1.0,0.7538235941481513
209309,1282898,1.0,0.6141959848889528
209310,1282900,1.0,0.7593081778360273
209312,1282904,1.0,0.8554185588857147
209317,1282909,1.0,0.5176240121232085
209318,1282910,1.0,0.6244844850999708
209324,1282917,1.0,0.733317015721152
209325,1282918,1.0,0.7662406633418738
209329,1282923,1.0,0.5070035007360352
209330,1282924,1.0,0.7608813478721231
209333,1282928,1.0,0.8494739222570975
209335,1282931,1.0,0.760404583890925
209336,1282932,1.0,0.8002016126766874
209339,1282939,1.0,0.7454180468264744
209346,1282946,1.0,0.6173165069208403
209348,1282948,1.0,0.8614654177530383
209349,1282949,1.0,0.86479405767559
209351,1282951,1.0,0.7183892236589463
209352,1282952,1.0,0.809932213763716
209353,1282953,1.0,0.7879958568803734
209360,1282961,1.0,0.8624264761171186
209366,1282967,1.0,0.7611116377626657
209367,1282969,1.0,0.8000402902802517
209369,1282971,1.0,0.8123347565961411
209370,1282973,1.0,0.8580156401977261
209378,1282981,1.0,0.557561729880747
209379,1282982,1.0,0.8638037508878842
209389,1282993,1.0,0.6877094404869378
209391,1282996,1.0,0.5427647982195213
209393,1282998,1.0,0.5778728627119858
209395,1283001,1.0,0.7873058819020955
209405,1283013,1.0,0.7345217503833816
209407,1283015,1.0,0.6035599389005564
209409,1283019,1.0,0.5367007958254537
209412,1283024,1.0,0.7070409841081683
209423,1283037,1.0,0.6303077154700415
209426,1283040,1.0,0.72371168088054
209439,1283060,1.0,0.6854453209455756
209442,1283064,1.0,0.5349450337602336
209446,1283068,1.0,0.6890669051540737
209449,1283071,1.0,0.7022212740638559
209450,1283072,1.0,0.7183892236589463
209453,1283077,1.0,0.6585959804809558
209457,1283081,1.0,0.7142068024293784
209462,1283087,1.0,0.7705580713945368
209463,1283088,1.0,0.5287948774260357
209465,1283092,1.0,0.6062448154985399
209466,1283094,1.0,0.6535316956134344
209468,1283096,1.0,0.7620527634701874
209475,1283104,1.0,0.6402345016161959
209478,1283107,1.0,0.7194420955325975
209494,1283129,1.0,0.5573452025241155
209497,1283133,1.0,0.7333868657529387
209500,1283138,1.0,0.7326855674748595
209504,1283143,1.0,0.5496770217715468
209507,1283147,1.0,0.7231689348234559
209516,1283159,1.0,0.5458194182101128
209531,1283178,1.0,0.5808870207367379
209534,1283181,1.0,0.7425714533955418
209535,1283182,1.0,0.748246495080487
209538,1283185,1.0,0.7197306867168773
209539,1283186,1.0,0.6739947976752294
209540,1283189,1.0,0.7867087814512097
209542,1283191,1.0,0.7204787181961042
209547,1283197,1.0,0.66342086788502
209549,1283200,1.0,0.7200161394264674
209551,1283202,1.0,0.7192147827854883
209553,1283205,1.0,0.7318392203878068
209554,1283206,1.0,0.7493732500710772
209558,1283210,1.0,0.7302531358845453
209559,1283211,1.0,0.5184313796340739
209562,1283216,1.0,0.5718848003440749
209563,1283217,1.0,0.5073872152977231
209565,1283220,1.0,0.75037283625488
209567,1283222,1.0,0.5808870207367379
209568,1283223,1.0,0.7044180898179259
209569,1283224,1.0,0.6623361292350365
209573,1283232,1.0,0.6405615848885718
209575,1283234,1.0,0.7248898154004189
209576,1283235,1.0,0.7452729780165992
209579,1283238,1.0,0.6132006955437257
209580,1283239,1.0,0.5380810155964642
209587,1283249,1.0,0.6655167881513177
209603,1283275,1.0,0.8324240672739496
209604,1283276,1.0,0.743595854780215
209611,1283286,1.0,0.7486521540042615
209622,1283299,1.0,0.7593081778360273
209624,1283302,1.0,0.5189840056300365
209629,1283308,1.0,0.5080290153430693
209631,1283310,1.0,0.810362735356316
209633,1283312,1.0,0.5303181218691585
209634,1283313,1.0,0.7312199633913437
209638,1283317,1.0,0.7511866999123173
209650,1283331,1.0,0.7853492618801037
209657,1283338,1.0,0.7840813879923673
209660,1283344,1.0,0.5501269791453132
209666,1283350,1.0,0.8788371743334675
209668,1283352,1.0,0.5609579573843604
209672,1283356,1.0,0.8728242340382465
209677,1283361,1.0,0.793895270876338
209678,1283362,1.0,0.7977991253289711
209682,1283366,1.0,0.6629003634237901
209683,1283367,1.0,0.7897956520374395
209689,1283376,1.0,0.6305718168843597
209691,1283378,1.0,0.7993938835442023
209693,1283381,1.0,0.6956594642120111
209696,1283386,1.0,0.5801574639553718
209699,1283390,1.0,0.810744157018037
209701,1283393,1.0,0.8607419969999173
209703,1283396,1.0,0.6743716288716095
209710,1283406,1.0,0.8525358666476007
209712,1283408,1.0,0.8649408889053433
209713,1283409,1.0,0.7682413265693157
209720,1283418,1.0,0.8384839715894092
209726,1283426,1.0,0.8650684421708965
209730,1283430,1.0,0.8340212841765905
209734,1283436,1.0,0.8463188683738286
209737,1283439,1.0,0.8609433185843706
209743,1283448,1.0,0.8007143134499599
209749,1283455,1.0,0.5033593696960107
209750,1283456,1.0,0.6100085179461137
209752,1283458,1.0,0.8516428939447627
209755,1283461,1.0,0.6176105022685131
209756,1283463,1.0,0.854163633758704
209757,1283464,1.0,0.6873034525298917
209759,1283466,1.0,0.8629022662696354
209761,1283468,1.0,0.8742028546006523
209762,1283469,1.0,0.5898780588281302
209772,1283481,1.0,0.8669316129576622
209777,1283487,1.0,0.8599697657445378
209784,1283497,1.0,0.5896961644574724
209786,1283499,1.0,0.5194234980210577
209792,1283507,1.0,0.5908452833837068
209793,1283508,1.0,0.8511610310903189
209794,1283509,1.0,0.8079060167037858
209796,1283512,1.0,0.8392128528004155
209801,1283517,1.0,0.7900346479551027
209808,1283528,1.0,0.795239579361267
209809,1283529,1.0,0.859252703511162
209815,1283537,1.0,0.6652246961449226
209818,1283540,1.0,0.8177649827541944
209819,1283541,1.0,0.7282243809119238
209824,1283547,1.0,0.8539845166302847
209836,1283560,1.0,0.702592189081552
209837,1283561,1.0,0.8999365651590385
209841,1283565,1.0,0.8884479044059371
209842,1283567,1.0,0.6976587924984107
209845,1283571,1.0,0.8475801737888607
209846,1283572,1.0,0.8280372753346673
209848,1283575,1.0,0.7109916583742879
209850,1283577,1.0,0.8198222089655152
209852,1283579,1.0,0.849941827734274
209857,1283584,1.0,0.8647232157678416
209862,1283589,1.0,0.816300832929545
209863,1283591,1.0,0.8596938167903507
209868,1283599,1.0,0.7196668822725724
209871,1283603,1.0,0.8866996622367523
209872,1283604,1.0,0.872615551323648
209873,1283605,1.0,0.5253264874754794
209874,1283606,1.0,0.8596938167903507
209876,1283608,1.0,0.8523219965292335
209877,1283610,1.0,0.7360448771254658
209878,1283611,1.0,0.845388170458696
209880,1283614,1.0,0.5269838868184901
209881,1283616,1.0,0.6420205675742997
209889,1283626,1.0,0.7314914562326579
209896,1283635,1.0,0.526711586420107
209898,1283639,1.0,0.637169705678003
209899,1283641,1.0,0.5680114662095331
209901,1283645,1.0,0.6074600177450665
209905,1283650,1.0,0.7586943163123989
209909,1283655,1.0,0.8729687666720901
209912,1283658,1.0,0.7369505746107542
209915,1283663,1.0,0.6738625971151966
209920,1283670,1.0,0.5456494866435619
209928,1283678,1.0,0.859531016708047
209930,1283680,1.0,0.6406289386668457
209932,1283683,1.0,0.5256232719233593
209933,1283685,1.0,0.8435140563861142
209934,1283686,1.0,0.7231528009969473
209935,1283687,1.0,0.7340272321933321
209939,1283691,1.0,0.7331659268123287
209942,1283694,1.0,0.7068096472838998
209944,1283696,1.0,0.7794220242407596
209950,1283705,1.0,0.5837105186584157
209951,1283707,1.0,0.674906344856627
209954,1283711,1.0,0.816552832093352
209961,1283719,1.0,0.5449314740864997
209962,1283721,1.0,0.6570219039118258
209964,1283723,1.0,0.5035863525973973
209968,1283727,1.0,0.816300832929545
209972,1283732,1.0,0.816300832929545
209973,1283734,1.0,0.7248898154004189
209977,1283740,1.0,0.8875355581955885
209979,1283744,1.0,0.5642701354720394
209981,1283747,1.0,0.8689873275492163
209987,1283753,1.0,0.6013430197108803
209993,1283760,1.0,0.7475847723916335
209994,1283761,1.0,0.8000402902802517
209996,1283764,1.0,0.7817532077825681
209999,1283767,1.0,0.6902257465285394
210003,1283771,1.0,0.7014222790985676
210004,1283772,1.0,0.8610731576634693
210005,1283773,1.0,0.7388639115833516
210008,1283778,1.0,0.8809626621486999
210009,1283779,1.0,0.6665103251085593
210011,1283781,1.0,0.6695261713898023
210013,1283783,1.0,0.6929065681979375
210015,1283785,1.0,0.8065067864968337
210017,1283788,1.0,0.667478779135968
210018,1283790,1.0,0.689737301502303
210019,1283793,1.0,0.6769088633242615
210021,1283795,1.0,0.8028829637650436
210022,1283799,1.0,0.6233057264102878
210023,1283801,1.0,0.7243596048887123
210024,1283802,1.0,0.8607419969999173
210025,1283803,1.0,0.6950833499352804
210028,1283806,1.0,0.6902257465285394
210031,1283809,1.0,0.8632780185126543
210032,1283811,1.0,0.71914121314016
210033,1283812,1.0,0.8661501098839494
210036,1283816,1.0,0.695069483628711
210039,1283819,1.0,0.8007427219858353
210040,1283820,1.0,0.5849537099259501
210042,1283826,1.0,0.8322558816736998
210043,1283828,1.0,0.5751959467005362
210044,1283831,1.0,0.8527728368746316
210047,1283835,1.0,0.9105520079879099
210050,1283842,1.0,0.7179660952803455
210051,1283843,1.0,0.5106993835775183
210052,1283845,1.0,0.5130749848856107
210056,1283851,1.0,0.8810322953869367
210057,1283852,1.0,0.694918162015452
210060,1283857,1.0,0.6300703694166444
210061,1283858,1.0,0.859346469634732
210063,1283861,1.0,0.8536058038932057
210064,1283862,1.0,0.6685058371328103
210065,1283863,1.0,0.6899424080925952
210066,1283864,1.0,0.6937588698506415
210070,1283868,1.0,0.7571248884320789
210074,1283872,1.0,0.6234754762033144
210075,1283874,1.0,0.8624418715471313
210079,1283879,1.0,0.5020469506590546
210081,1283883,1.0,0.7862063300239148
210089,1283891,1.0,0.6835235293833952
210094,1283898,1.0,0.7707271783297418
210098,1283902,1.0,0.7752781601359715
210099,1283903,1.0,0.7546689548255751
210101,1283906,1.0,0.8103860012217776
210103,1283908,1.0,0.8128001083966416
210105,1283910,1.0,0.5772996905996649
210106,1283912,1.0,0.5153361609711207
210108,1283915,1.0,0.7736119185975805
210110,1283918,1.0,0.7590118943842853
210111,1283919,1.0,0.6641144178375418
210116,1283925,1.0,0.5555399126475163
210120,1283931,1.0,0.7026609048966392
210121,1283932,1.0,0.7338192858900484
210122,1283933,1.0,0.5871483341260402
210123,1283935,1.0,0.800313325054915
210126,1283939,1.0,0.5281220168480076
210128,1283942,1.0,0.5448185655633767
210130,1283945,1.0,0.7412562178178619
210132,1283947,1.0,0.7100994013033435
210133,1283948,1.0,0.5204722283574581
210134,1283949,1.0,0.6713923787505989
210135,1283951,1.0,0.6867907040527234
210141,1283957,1.0,0.8011022576790358
210146,1283964,1.0,0.7672785243382844
210150,1283968,1.0,0.8664702922872666
210153,1283972,1.0,0.60923371066045
210157,1283977,1.0,0.8021364726818155
210159,1283979,1.0,0.6035599389005564
210161,1283982,1.0,0.7229092384717416
210169,1283990,1.0,0.7813256499539919
210172,1283993,1.0,0.6243773564806173
210173,1283994,1.0,0.7676250035731352
210178,1283999,1.0,0.5005322898729961
210190,1284013,1.0,0.8296207389794533
210191,1284015,1.0,0.7911175127863409
210193,1284017,1.0,0.7598752945960588
210194,1284019,1.0,0.6392340695770532
210195,1284021,1.0,0.5246157497116595
210196,1284022,1.0,0.8037156626199738
210198,1284025,1.0,0.6143527608874806
210202,1284031,1.0,0.7615463385968916
210207,1284037,1.0,0.6956387210676875
210208,1284038,1.0,0.733753214814328
210210,1284040,1.0,0.807845175025616
210211,1284043,1.0,0.8686798992972409
210213,1284045,1.0,0.5839162095727656
210215,1284047,1.0,0.618891943168995
210220,1284056,1.0,0.5812817980339076
210221,1284057,1.0,0.7462083650630511
210223,1284059,1.0,0.7404608616490703
210224,1284060,1.0,0.5577849898362985
210227,1284064,1.0,0.8805320478299296
210228,1284065,1.0,0.7280200422365594
210229,1284066,1.0,0.7523446073906314
210234,1284071,1.0,0.7658934602127898
210237,1284074,1.0,0.5729580826571823
210239,1284078,1.0,0.5598361181568885
210240,1284080,1.0,0.5672048427660393
210242,1284086,1.0,0.7493264541973899
210244,1284088,1.0,0.7202360181651967
210247,1284091,1.0,0.7628714104973356
210248,1284092,1.0,0.7001620303901009
210251,1284096,1.0,0.7224981628646827
210255,1284100,1.0,0.7359592652618789
210257,1284102,1.0,0.722224936017265
210263,1284117,1.0,0.6670086403964657
210264,1284118,1.0,0.60923371066045
210265,1284147,1.0,0.7113625268616716
210267,1284154,1.0,0.6186472454004828
210268,1284155,1.0,0.7160763746340383
210275,1284168,1.0,0.5708777166825372
210279,1284175,1.0,0.5457732744522455
210280,1284177,1.0,0.6791129179223498
210287,1284187,1.0,0.7165007900801673
210289,1284190,1.0,0.5870012118912703
210291,1284192,1.0,0.5068173693058199
210293,1284195,1.0,0.8030156519990868
210298,1284201,1.0,0.6667830513679865
210299,1284202,1.0,0.7205848145627471
210301,1284204,1.0,0.6812265325129291
210305,1284208,1.0,0.7463223396075197
210307,1284211,1.0,0.5764869447560116
210310,1284215,1.0,0.8452058595451282
210311,1284216,1.0,0.7807183255209077
210313,1284219,1.0,0.58801939430933
210314,1284220,1.0,0.8596383599994268
210319,1284226,1.0,0.7690352916797589
210321,1284228,1.0,0.8243089482858086
210324,1284233,1.0,0.7095152599703459
210325,1284234,1.0,0.710045564618706
210332,1284243,1.0,0.5146449344276752
210335,1284249,1.0,0.7140934854378018
210336,1284250,1.0,0.515997290568923
210337,1284251,1.0,0.5345501588995796
210338,1284253,1.0,0.5509357795629674
210349,1284267,1.0,0.5740412491668802
210350,1284269,1.0,0.7183319053097802
210352,1284271,1.0,0.5120705039426672
210353,1284272,1.0,0.7403705305333039
210358,1284281,1.0,0.7972722818198444
210359,1284282,1.0,0.6396488540253588
210360,1284283,1.0,0.7037718751140589
210361,1284284,1.0,0.7528517627744786
210364,1284287,1.0,0.715317029697571
210365,1284288,1.0,0.5022401440691806
210368,1284292,1.0,0.7436674651437819
210369,1284293,1.0,0.7451747387446725
210370,1284294,1.0,0.7723675396900415
210371,1284295,1.0,0.7703812701870633
210372,1284296,1.0,0.7255355337468509
210373,1284297,1.0,0.5202493020935872
210374,1284298,1.0,0.5697067647420171
210376,1284301,1.0,0.7861452680847775
210378,1284303,1.0,0.6152732470007876
210380,1284306,1.0,0.6895703890474673
210381,1284307,1.0,0.5471234114684644
210382,1284309,1.0,0.5683369128152636
210390,1284319,1.0,0.7924119987475736
210395,1284326,1.0,0.5440071162708939
210396,1284327,1.0,0.6380340686257359
210398,1284330,1.0,0.6030667746576055
210401,1284335,1.0,0.6223408214415226
210402,1284336,1.0,0.7504430625623476
210403,1284337,1.0,0.6311772339526505
210409,1284346,1.0,0.7773004457310893
210410,1284347,1.0,0.768187880473703
210419,1284358,1.0,0.5729580826571823
210420,1284360,1.0,0.6098325595958618
210426,1284368,1.0,0.5270251091456611
210429,1284372,1.0,0.5969553389870186
210430,1284374,1.0,0.7520118456116446
210431,1284375,1.0,0.5471495172775338
210433,1284377,1.0,0.8017943033067713
210438,1284383,1.0,0.7452003587728577
210444,1284389,1.0,0.5762151102563423
210445,1284391,1.0,0.8037603066132396
210448,1284396,1.0,0.515997290568923
210452,1284401,1.0,0.6034560157388948
210456,1284405,1.0,0.544131630698799
210459,1284408,1.0,0.7878894964046915
210461,1284410,1.0,0.7441896410475117
210462,1284411,1.0,0.5303181218691585
210471,1284423,1.0,0.7850646097360744
210472,1284424,1.0,0.5988373404823695
210473,1284425,1.0,0.5909336396796337
210475,1284427,1.0,0.7260124204457975
210477,1284430,1.0,0.7505438586804188
210482,1284435,1.0,0.7016980678442873
210487,1284442,1.0,0.7365777610634313
210493,1284449,1.0,0.5425907882010794
210496,1284454,1.0,0.8528221468775284
210501,1284460,1.0,0.6164762302346849
210504,1284464,1.0,0.8661501098839494
210505,1284466,1.0,0.5259808513085253
210514,1284476,1.0,0.886701233844863
210515,1284477,1.0,0.7396467675895919
210518,1284482,1.0,0.6002451790082944
210519,1284484,1.0,0.9351457589759972
210525,1284491,1.0,0.5018868748389356
210528,1284495,1.0,0.6713923787505989
210537,1284507,1.0,0.6708463494433579
210543,1284513,1.0,0.8594925494120796
210545,1284515,1.0,0.6450616403646439
210548,1284520,1.0,0.8621288808574309
210551,1284524,1.0,0.8599697657445378
210553,1284526,1.0,0.695069483628711
210556,1284529,1.0,0.8643462056513652
210558,1284532,1.0,0.8408111120171821
210559,1284533,1.0,0.8398280054408783
210561,1284535,1.0,0.795275907407849
210564,1284539,1.0,0.6383578072194258
210565,1284540,1.0,0.6773579751371405
210573,1284550,1.0,0.6967087405080589
210577,1284557,1.0,0.5976304649208849
210579,1284559,1.0,0.8125663240671637
210588,1284572,1.0,0.681034168047312
210592,1284576,1.0,0.7390141750528066
210594,1284578,1.0,0.7888437849997019
210597,1284583,1.0,0.6601968705082901
210600,1284587,1.0,0.808728391920712
210620,1284609,1.0,0.8519966004531231
210624,1284615,1.0,0.9135457516924482
210626,1284619,1.0,0.8675997867982672
210628,1284621,1.0,0.5161764563887916
210629,1284622,1.0,0.8147759938735941
210632,1284625,1.0,0.5579634991915176
210640,1284635,1.0,0.7483049188784706
210642,1284638,1.0,0.8298260937273588
210643,1284639,1.0,0.6689666319382954
210660,1284665,1.0,0.7537013191157799
210669,1284678,1.0,0.8691122829589669
210673,1284684,1.0,0.8516382550423559
210674,1284685,1.0,0.5678001378470733
210677,1284689,1.0,0.5298335107809733
210678,1284690,1.0,0.760443877252873
210679,1284691,1.0,0.546100146831961
210680,1284692,1.0,0.8483881573690769
210682,1284694,1.0,0.7017837686214573
210685,1284697,1.0,0.5036719766874891
210687,1284700,1.0,0.6916570308046683
210691,1284705,1.0,0.5070035007360352
210695,1284709,1.0,0.851591515745022
210703,1284717,1.0,0.6785100691623891
210714,1284728,1.0,0.791955777144751
210715,1284730,1.0,0.6941338361291886
210720,1284736,1.0,0.7405830350239537
210723,1284739,1.0,0.8072345256700219
210726,1284743,1.0,0.6792715931410725
210727,1284744,1.0,0.7719139395268405
210730,1284748,1.0,0.8001604572938573
210734,1284752,1.0,0.6931283521090504
210737,1284755,1.0,0.5270916940135226
210738,1284756,1.0,0.763926070482098
210740,1284758,1.0,0.6826674615238547
210742,1284760,1.0,0.7325900438745591
210743,1284762,1.0,0.6709773627835269
210753,1284773,1.0,0.7814990705353855
210755,1284775,1.0,0.5797065927015597
210760,1284781,1.0,0.800685390666992
210761,1284782,1.0,0.7449801279061726
210769,1284791,1.0,0.7205701313274167
210775,1284798,1.0,0.6730085392594877
210781,1284806,1.0,0.5810483593486909
210782,1284807,1.0,0.8432425823310377
210785,1284810,1.0,0.7214964867479821
210788,1284814,1.0,0.7288842337945374
210794,1284821,1.0,0.824393476137269
210796,1284823,1.0,0.600234493517052
210799,1284826,1.0,0.6812265325129291
210803,1284830,1.0,0.5635836757428544
210805,1284833,1.0,0.57755477345226
210808,1284837,1.0,0.6950613384975917
210811,1284840,1.0,0.7901191431198374
210814,1284844,1.0,0.7444186008860038
210816,1284847,1.0,0.8407569303068965
210819,1284851,1.0,0.8655997536168641
210821,1284853,1.0,0.7479279055532979
210822,1284854,1.0,0.5070035007360352
210824,1284856,1.0,0.5236830786139076
210825,1284858,1.0,0.7660070668599935
210826,1284859,1.0,0.5112850739934356
210827,1284860,1.0,0.675997463524315
210828,1284861,1.0,0.9840923115037075
210830,1284863,1.0,0.5955383104656974
210831,1284864,1.0,0.738188153726052
210833,1284866,1.0,0.7037718751140589
210835,1284869,1.0,0.8681884703244603
210836,1284870,1.0,0.741758659288441
210842,1284876,1.0,0.8674593060379083
210844,1284878,1.0,0.5592486353842484
210846,1284881,1.0,0.8647232157678416
210847,1284882,1.0,0.5425907882010794
210848,1284885,1.0,0.5722462807543756
210850,1284887,1.0,0.8043038923730718
210851,1284888,1.0,0.5047092203711776
210852,1284890,1.0,0.7068819538585105
210855,1284893,1.0,0.6963472885436686
210857,1284896,1.0,0.6464450489897646
210859,1284899,1.0,0.7452003587728577
210861,1284901,1.0,0.8418588320769089
210862,1284902,1.0,0.6818432184228859
210863,1284903,1.0,0.5641358612075722
210867,1284909,1.0,0.725337006931143
210870,1284912,1.0,0.5825185290318701
210871,1284914,1.0,0.7323315954038765
210872,1284915,1.0,0.565167883057583
210873,1284918,1.0,0.7008569377611903
210874,1284919,1.0,0.6963472885436686
210875,1284920,1.0,0.5372006869723245
210876,1284922,1.0,0.7341474819676349
210880,1284928,1.0,0.6657053482913796
210882,1284930,1.0,0.5185414487154321
210883,1284931,1.0,0.6943069367433413
210884,1284932,1.0,0.5461202207254683
210885,1284933,1.0,0.5449433342431281
210887,1284937,1.0,0.5372006869723245
210897,1284951,1.0,0.5413053444294063
210903,1284962,1.0,0.5471234114684644
210911,1284971,1.0,0.8011228061780874
210912,1284972,1.0,0.6005959923484147
210915,1284975,1.0,0.6820581142962252
210916,1284976,1.0,0.7326232332596937
210917,1284977,1.0,0.5459135303772095
210918,1284978,1.0,0.7657898507124462
210920,1284980,1.0,0.7287876310344463
210921,1284981,1.0,0.550794404020397
210922,1284983,1.0,0.6466528637832829
210923,1284984,1.0,0.7206748404041794
210925,1284986,1.0,0.5093174887775387
210926,1284988,1.0,0.5750972859602306
210927,1284989,1.0,0.6983935844772964
210928,1284991,1.0,0.5060303615075205
210929,1284993,1.0,0.8007427219858353
210936,1285001,1.0,0.5197635364931386
210939,1285005,1.0,0.6687859066206465
210942,1285009,1.0,0.5246157497116595
210943,1285010,1.0,0.558517141027028
210944,1285012,1.0,0.5332232710904107
210946,1285016,1.0,0.719653742434147
210947,1285017,1.0,0.7873730968235381
210948,1285018,1.0,0.6902257465285394
210950,1285020,1.0,0.7679510991217058
210955,1285028,1.0,0.7509806755900557
210956,1285029,1.0,0.55973464312085
210957,1285030,1.0,0.7832075463282367
210958,1285031,1.0,0.7709748418414666
210959,1285032,1.0,0.7307764083559078
210960,1285033,1.0,0.636741073637971
210963,1285039,1.0,0.7704324999174675
210964,1285041,1.0,0.594906315894081
210966,1285044,1.0,0.6387655458564364
210978,1285059,1.0,0.6760543089759018
210980,1285062,1.0,0.5165885009593794
210981,1285064,1.0,0.6963472885436686
210985,1285070,1.0,0.6570219039118258
210989,1285074,1.0,0.7164543073912546
210990,1285075,1.0,0.5763073452478268
210993,1285080,1.0,0.7657898507124462
210994,1285081,1.0,0.730512600098038
210996,1285083,1.0,0.7216483906115883
211000,1285090,1.0,0.5684895867656071
211001,1285091,1.0,0.5877658111649953
211004,1285096,1.0,0.7802254249674232
211009,1285102,1.0,0.684155141327764
211013,1285107,1.0,0.7095379528677276
211015,1285109,1.0,0.5425907882010794
211016,1285110,1.0,0.7544740958918941
211018,1285112,1.0,0.577474576856144
211022,1285117,1.0,0.8596938167903507
211024,1285119,1.0,0.7553234729729927
211025,1285120,1.0,0.7156036639207647
211027,1285122,1.0,0.6785028320512609
211029,1285124,1.0,0.7792091169723973
211030,1285125,1.0,0.7199197356874071
211035,1285132,1.0,0.8407424553774027
211041,1285138,1.0,0.5249189347452473
211042,1285139,1.0,0.790023168201042
211045,1285143,1.0,0.8063765783549228
211046,1285144,1.0,0.6667128755950951
211047,1285145,1.0,0.6420205675742997
211048,1285146,1.0,0.6012432640880873
211049,1285147,1.0,0.6789308852414087
211050,1285148,1.0,0.785581243463015
211055,1285154,1.0,0.5112850739934356
211057,1285156,1.0,0.8605525460067248
211059,1285158,1.0,0.7183319053097802
211061,1285160,1.0,0.7649792289221863
211062,1285161,1.0,0.8186738680498624
211064,1285163,1.0,0.7016980678442873
211068,1285167,1.0,0.8614173840645096
211070,1285169,1.0,0.7421718751449681
211072,1285171,1.0,0.6945482896211761
211075,1285175,1.0,0.7410183936152961
211076,1285176,1.0,0.7823402584794049
211078,1285178,1.0,0.797800800932403
211079,1285179,1.0,0.6644143843867655
211080,1285181,1.0,0.7215988114828635
211081,1285182,1.0,0.7215379609513591
211088,1285190,1.0,0.6950613384975917
211091,1285193,1.0,0.5850757495061231
211092,1285194,1.0,0.6893491630099745
211093,1285195,1.0,0.8381513678922241
211096,1285198,1.0,0.5646930824538364
211097,1285200,1.0,0.8671444840770178
211102,1285207,1.0,0.5176858893589227
211103,1285209,1.0,0.5380810155964642
211104,1285210,1.0,0.7331553809429951
211105,1285211,1.0,0.8791302085565037
211107,1285213,1.0,0.8588107493445579
211109,1285217,1.0,0.6390351759255442
211117,1285226,1.0,0.5502469963088776
211123,1285234,1.0,0.7150787851589139
211125,1285237,1.0,0.5425056941746822
211130,1285244,1.0,0.6948153610255784
211131,1285245,1.0,0.6873034525298917
211132,1285246,1.0,0.865194256515773
211139,1285260,1.0,0.7648593249039732
211144,1285265,1.0,0.8460037085564796
211147,1285269,1.0,0.5186484859227455
211149,1285271,1.0,0.6055933128276415
211152,1285274,1.0,0.7692816865958361
211155,1285279,1.0,0.5876377904130072
211157,1285281,1.0,0.8683820104405937
211158,1285282,1.0,0.7512751635299575
211160,1285285,1.0,0.6570893612268708
211162,1285287,1.0,0.5347380707266819
211166,1285291,1.0,0.71370049968222
211170,1285295,1.0,0.6020439182625257
211174,1285300,1.0,0.6676098163914667
211180,1285307,1.0,0.7046019480353446
211183,1285310,1.0,0.748597660121218
211185,1285312,1.0,0.5227548003794283
211186,1285313,1.0,0.8335624676667646
211188,1285316,1.0,0.6959666069152555
211190,1285318,1.0,0.7600157896578161
211191,1285319,1.0,0.7308132384522968
211192,1285320,1.0,0.5474749329291559
211193,1285321,1.0,0.6474869077098209
211196,1285324,1.0,0.5409146682441697
211202,1285330,1.0,0.7286213693761736
211206,1285334,1.0,0.8209948556917963
211207,1285335,1.0,0.6537791565475876
211209,1285338,1.0,0.6173165069208403
211210,1285339,1.0,0.6880482966470712
211212,1285341,1.0,0.7987041330757477
211216,1285346,1.0,0.574502981494848
211217,1285347,1.0,0.7428356541227884
211218,1285348,1.0,0.7016980678442873
211219,1285349,1.0,0.8542262226389145
211220,1285350,1.0,0.6711619705851615
211222,1285352,1.0,0.8578248236037194
211224,1285355,1.0,0.8423758167731354
211225,1285356,1.0,0.5491033674727744
211228,1285359,1.0,0.6683447502812893
211232,1285363,1.0,0.7242401994486638
211235,1285368,1.0,0.5372006869723245
211236,1285369,1.0,0.8806101557594062
211238,1285371,1.0,0.7277144325483332
211239,1285372,1.0,0.6094801676574416
211240,1285374,1.0,0.6837240379590617
211248,1285385,1.0,0.6734686040844757
211254,1285393,1.0,0.6706641977888527
211256,1285395,1.0,0.5488939066030617
211261,1285400,1.0,0.638194210674449
211262,1285401,1.0,0.6580028741637308
211263,1285402,1.0,0.8612371623811043
211270,1285411,1.0,0.8220036197854689
211272,1285414,1.0,0.8537925091385753
211274,1285416,1.0,0.8223928843233812
211278,1285420,1.0,0.648884734991954
211282,1285425,1.0,0.6837240379590617
211286,1285429,1.0,0.6966411323771962
211287,1285430,1.0,0.7903326638161696
211294,1285437,1.0,0.8605843883065034
211299,1285442,1.0,0.6917277502924183
211300,1285443,1.0,0.7571489461550146
211301,1285444,1.0,0.7893623871277962
211306,1285450,1.0,0.6976801204506576
211309,1285453,1.0,0.7752052722327536
211310,1285454,1.0,0.537893584771306
211311,1285455,1.0,0.7260719133284829
211313,1285457,1.0,0.679847152522766
211315,1285460,1.0,0.8789754356534479
211317,1285462,1.0,0.6973548488854628
211321,1285467,1.0,0.5977288466597402
211325,1285472,1.0,0.5676957769561911
211327,1285474,1.0,0.8021705908346178
211329,1285476,1.0,0.5474749329291559
211331,1285478,1.0,0.8884479044059371
211332,1285479,1.0,0.7095769793112243
211333,1285480,1.0,0.7615150414753427
211336,1285483,1.0,0.67126529194032
211342,1285492,1.0,0.6711619705851615
211344,1285494,1.0,0.6868546141780781
211352,1285505,1.0,0.6497975428985205
211353,1285506,1.0,0.7819960288587928
211357,1285510,1.0,0.6547486719930514
211359,1285512,1.0,0.6625755250533001
211360,1285513,1.0,0.5916684560828736
211362,1285516,1.0,0.5114468362944417
211365,1285520,1.0,0.902863570273899
211369,1285526,1.0,0.6588986304512923
211372,1285530,1.0,0.5794082624371123
211373,1285531,1.0,0.8011066539329665
211381,1285543,1.0,0.6360964646760106
211384,1285546,1.0,0.575224730728189
211386,1285549,1.0,0.6499233096000804
211387,1285550,1.0,0.8697742242500155
211394,1285559,1.0,0.7177666236049844
211398,1285563,1.0,0.8689503568678082
211402,1285567,1.0,0.8669316129576622
211404,1285569,1.0,0.7531862095299151
211407,1285573,1.0,0.6389405167514849
211409,1285575,1.0,0.5431721765910519
211422,1285593,1.0,0.7408036975624323
211425,1285597,1.0,0.5070035007360352
211431,1285607,1.0,0.5274524368076184
211433,1285609,1.0,0.6613920673090377
211434,1285611,1.0,0.6443080602748898
211436,1285613,1.0,0.7488928708894877
211438,1285615,1.0,0.7706522018880195
211439,1285616,1.0,0.5283114382630922
211441,1285619,1.0,0.5849938514810286
211442,1285620,1.0,0.6757161730400508
211445,1285624,1.0,0.6469930294250517
211446,1285625,1.0,0.6713923787505989
211447,1285627,1.0,0.53248517470925
211449,1285629,1.0,0.6689062974925195
211451,1285631,1.0,0.7191212708396669
211459,1285639,1.0,0.5851357549068992
211460,1285641,1.0,0.7005520580717635
211461,1285642,1.0,0.6020028223400468
211462,1285643,1.0,0.6806982661990496
211465,1285646,1.0,0.6316633616861987
211466,1285647,1.0,0.6769088633242615
211468,1285649,1.0,0.6991124433695761
211469,1285650,1.0,0.6928951058271148
211470,1285651,1.0,0.6937588698506415
211472,1285654,1.0,0.7150116150883258
211485,1285668,1.0,0.6027909769948335
211486,1285669,1.0,0.5371888145937131
211489,1285673,1.0,0.6543427362673742
211497,1285682,1.0,0.7575305105434175
211500,1285685,1.0,0.5360324237081979
211503,1285689,1.0,0.7781991816777438
211504,1285690,1.0,0.8438265461270463
211507,1285694,1.0,0.5618397439170898
211513,1285702,1.0,0.5360324237081979
211515,1285706,1.0,0.5302076777271443
211516,1285708,1.0,0.7038970516703397
211518,1285710,1.0,0.6018360512100902
211519,1285713,1.0,0.6899936736936093
211520,1285715,1.0,0.7072699280745235
211521,1285716,1.0,0.8816628336304391
211524,1285719,1.0,0.527931609764108
211525,1285720,1.0,0.5397793938967104
211527,1285722,1.0,0.8619464315240544
211528,1285723,1.0,0.6743643583989566
211530,1285725,1.0,0.7434780990663652
211533,1285730,1.0,0.7072699280745235
211535,1285733,1.0,0.7443214360152123
211536,1285734,1.0,0.6001302082091944
211540,1285738,1.0,0.7417406558572547
211543,1285742,1.0,0.6943069367433413
211548,1285747,1.0,0.5632353351304605
211553,1285753,1.0,0.8288145380106839
211558,1285761,1.0,0.6875600787650791
211571,1285779,1.0,0.7008929163479004
211575,1285786,1.0,0.7849369774931105
211579,1285790,1.0,0.7471265649204779
211584,1285795,1.0,0.5314546283065358
211587,1285799,1.0,0.7502817163114163
211591,1285810,1.0,0.6565301393930181
211594,1285814,1.0,0.5425907882010794
211596,1285819,1.0,0.6974775499576474
211605,1285835,1.0,0.7492033859700568
211606,1285836,1.0,0.7299531264793453
211607,1285837,1.0,0.6483889432079772
211609,1285839,1.0,0.5871703786552986
211614,1285844,1.0,0.8016553227251498
211619,1285850,1.0,0.6912623996387097
211622,1285853,1.0,0.5949397414530571
211627,1285859,1.0,0.7391417694909806
211633,1285866,1.0,0.6169659311713878
211634,1285868,1.0,0.727973357134728
211637,1285871,1.0,0.7460289482418238
211638,1285872,1.0,0.7069719609589685
211643,1285877,1.0,0.6607799900048528
211646,1285880,1.0,0.5423826385859886
211649,1285884,1.0,0.5189840056300365
211650,1285886,1.0,0.6881876471424281
211656,1285892,1.0,0.715289630717639
211662,1285898,1.0,0.6946562988520207
211665,1285901,1.0,0.7528443631045566
211667,1285903,1.0,0.6485413661187641
211670,1285906,1.0,0.7258057332847297
211677,1285913,1.0,0.7652256936144163
211682,1285918,1.0,0.746066334085435
211688,1285926,1.0,0.6492777086778514
211689,1285927,1.0,0.7189524945019078
211693,1285931,1.0,0.8123495073420154
211695,1285933,1.0,0.5425907882010794
211699,1285939,1.0,0.7484837791425595
211700,1285940,1.0,0.6748614937696694
211703,1285943,1.0,0.7701207190737837
211704,1285944,1.0,0.743402037996406
211722,1285966,1.0,0.7376462493109651
211733,1285979,1.0,0.7046931786129313
211736,1285982,1.0,0.7514220624223049
211739,1285985,1.0,0.8780483387562394
211742,1285989,1.0,0.5397480524653857
211745,1285992,1.0,0.7128694027993008
211748,1285995,1.0,0.5640394500097724
211750,1285997,1.0,0.6397740136724515
211751,1285998,1.0,0.7844980395115145
211757,1286005,1.0,0.6559381355908521
211759,1286007,1.0,0.5951675289370099
211761,1286009,1.0,0.6508034046555927
211765,1286015,1.0,0.7337162201086629
211766,1286016,1.0,0.7529868792589911
211767,1286017,1.0,0.5521197855770174
211768,1286019,1.0,0.5161764563887916
211774,1286026,1.0,0.531086261375885
211804,1286074,1.0,0.7410012427263282
211815,1286089,1.0,0.6673092442611891
211820,1286095,1.0,0.5225547776166033
211829,1286107,1.0,0.7888592028855222
211832,1286110,1.0,0.7555772923549103
211856,1286135,1.0,0.5845277687605217
211857,1286136,1.0,0.5621850449753308
211862,1286141,1.0,0.6790213729418951
211869,1286149,1.0,0.6729227520721807
211877,1286157,1.0,0.587736012376154
211878,1286159,1.0,0.5647062511300759
211884,1286165,1.0,0.7574500165549541
211885,1286166,1.0,0.6657271081749808
211891,1286172,1.0,0.5597730330067562
211894,1286176,1.0,0.6124423459744581
211896,1286179,1.0,0.693185344784572
211903,1286186,1.0,0.7223171604221357
211906,1286189,1.0,0.6133721517607597
211907,1286191,1.0,0.6680897889761104
211911,1286195,1.0,0.5539847953701694
211916,1286202,1.0,0.5252071564555822
211918,1286205,1.0,0.5845277687605217
211919,1286207,1.0,0.5371888145937131
211922,1286211,1.0,0.7070282257314027
211928,1286217,1.0,0.6810699446020069
211934,1286224,1.0,0.6958684922996643
211937,1286227,1.0,0.7396400766122194
211942,1286233,1.0,0.7589374389010858
211944,1286235,1.0,0.7264479042893632
211946,1286237,1.0,0.7290476830127467
211948,1286240,1.0,0.7005520580717635
211954,1286246,1.0,0.5351675517798471
211955,1286248,1.0,0.7579394778651727
211960,1286254,1.0,0.558399392948221
211962,1286256,1.0,0.6860565692254111
211964,1286259,1.0,0.7648652938357132
211971,1286267,1.0,0.7101674175396527
211976,1286273,1.0,0.779763871781355
211985,1286288,1.0,0.5248172081908075
211996,1286300,1.0,0.5003729297851025
211999,1286304,1.0,0.7218296733782649
212001,1286306,1.0,0.838444791847146
212002,1286307,1.0,0.5709544909580415
212007,1286314,1.0,0.8223562296649946
212011,1286321,1.0,0.7810041964963544
212027,1286342,1.0,0.5858190479292532
212035,1286353,1.0,0.5900665416223924
212037,1286356,1.0,0.7410219369155753
212040,1286360,1.0,0.5318273987232706
212068,1286397,1.0,0.7173495694592107
212075,1286406,1.0,0.5033374436611172
212082,1286415,1.0,0.739809452905272
212083,1286416,1.0,0.7439009530160134
212087,1286422,1.0,0.6190010777508258
212089,1286424,1.0,0.6062142519973052
212090,1286426,1.0,0.7896053761027371
212091,1286427,1.0,0.5441540757806946
212092,1286429,1.0,0.793311020380835
212096,1286433,1.0,0.8078310169218182
212098,1286435,1.0,0.5372426196596695
212119,1286463,1.0,0.5533422790327858
212126,1286471,1.0,0.5937168501917585
212129,1286476,1.0,0.7415219099414732
212130,1286477,1.0,0.744453939442213
212135,1286484,1.0,0.7954393810989816
212138,1286487,1.0,0.5416760821222282
212140,1286491,1.0,0.838357451571824
212141,1286493,1.0,0.5140462788770824
212145,1286498,1.0,0.6871303245587963
212150,1286505,1.0,0.6778175718916758
212153,1286511,1.0,0.5669921093201
212155,1286514,1.0,0.7112403557696272
212159,1286519,1.0,0.5295027099314047
212163,1286525,1.0,0.5974879269779345
212174,1286539,1.0,0.8654160590919596
212176,1286541,1.0,0.5810600792783213
212177,1286542,1.0,0.5070035007360352
212178,1286543,1.0,0.8525358666476007
212179,1286544,1.0,0.667038383459767
212180,1286545,1.0,0.5751959467005362
212183,1286550,1.0,0.8492363852905273
212184,1286551,1.0,0.7492832555907429
212185,1286552,1.0,0.7455824109101368
212188,1286555,1.0,0.8809744348949113
212189,1286556,1.0,0.6862860585459601
212191,1286558,1.0,0.7251189347634058
212192,1286559,1.0,0.8559232327961288
212195,1286562,1.0,0.681646999345919
212198,1286566,1.0,0.8674446869351435
212203,1286572,1.0,0.8018676207778246
212206,1286575,1.0,0.7235102839038218
212208,1286577,1.0,0.527178182599422
212209,1286578,1.0,0.8564943211113784
212213,1286582,1.0,0.5172116675995708
212214,1286583,1.0,0.7294906487763902
212223,1286592,1.0,0.754086232344632
212225,1286594,1.0,0.8578248236037194
212226,1286595,1.0,0.8790917315500181
212228,1286597,1.0,0.6427660736078467
212230,1286600,1.0,0.864108500134512
212232,1286602,1.0,0.5089784407883573
212235,1286606,1.0,0.7550034282363015
212237,1286608,1.0,0.8031956088198912
212238,1286609,1.0,0.7308825213305542
212239,1286610,1.0,0.8674593060379083
212247,1286619,1.0,0.6633492979251415
212248,1286620,1.0,0.862345321772136
212249,1286621,1.0,0.81673894129409
212251,1286623,1.0,0.6860674796096786
212254,1286626,1.0,0.7749278165964405
212258,1286630,1.0,0.7628732273148033
212264,1286639,1.0,0.5455785155680379
212265,1286640,1.0,0.7443378607432011
212268,1286644,1.0,0.5641663039888393
212271,1286647,1.0,0.8540131115247905
212276,1286653,1.0,0.8679680154622675
212284,1286662,1.0,0.7310215580000134
212290,1286669,1.0,0.9032254594738119
212293,1286672,1.0,0.5784415311062484
212296,1286675,1.0,0.790517809425262
212303,1286683,1.0,0.7526998358525893
212304,1286684,1.0,0.8624282673126092
212306,1286686,1.0,0.6637321690262765
212307,1286687,1.0,0.754604401260026
212313,1286695,1.0,0.5977288466597402
212320,1286703,1.0,0.7472338082383538
212325,1286710,1.0,0.5493035923982228
212337,1286726,1.0,0.5826766711618396
212339,1286728,1.0,0.727478354071242
212341,1286731,1.0,0.6195003689030032
212344,1286734,1.0,0.6305718168843597
212351,1286742,1.0,0.5992938262104309
212352,1286743,1.0,0.7499355135949219
212356,1286747,1.0,0.9117115108253528
212357,1286748,1.0,0.743061886228211
212358,1286750,1.0,0.7860174558592989
212366,1286758,1.0,0.5698084452711726
212373,1286765,1.0,0.8584789906629006
212381,1286775,1.0,0.8063765783549228
212395,1286790,1.0,0.6912554460414352
212396,1286791,1.0,0.7555628495142791
212398,1286793,1.0,0.6287982821860456
212401,1286796,1.0,0.8451288414910126
212408,1286804,1.0,0.816300832929545
212409,1286805,1.0,0.8709285717813701
212415,1286811,1.0,0.8694015706172179
212416,1286812,1.0,0.8296207389794533
212419,1286817,1.0,0.8611443596327687
212420,1286818,1.0,0.792713071971137
212423,1286824,1.0,0.7878607047503385
212424,1286825,1.0,0.7862050290456265
212425,1286826,1.0,0.8601238016186621
212428,1286830,1.0,0.8807688872652211
212429,1286831,1.0,0.7922165839504347
212431,1286834,1.0,0.8477591538605553
212442,1286848,1.0,0.8065067864968337
212446,1286853,1.0,0.6305718168843597
212456,1286864,1.0,0.5295027099314047
212457,1286865,1.0,0.8789855467298086
212459,1286867,1.0,0.6713923787505989
212460,1286869,1.0,0.7789133103877807
212462,1286873,1.0,0.7111156705070094
212464,1286876,1.0,0.8232319492783076
212465,1286877,1.0,0.6299403338955257
212468,1286882,1.0,0.6173165069208403
212470,1286884,1.0,0.6899936736936093
212471,1286885,1.0,0.6152461938012965
212474,1286888,1.0,0.7396952105727798
212475,1286889,1.0,0.7560271353007804
212478,1286892,1.0,0.7069206898604893
212483,1286898,1.0,0.83688139608506
212484,1286899,1.0,0.6699326295137397
212487,1286902,1.0,0.8656018364810689
212489,1286904,1.0,0.8502324893808298
212495,1286911,1.0,0.7109421728237926
212499,1286915,1.0,0.6442942068622908
212500,1286916,1.0,0.8102805670780356
212503,1286920,1.0,0.6809148650010499
212506,1286924,1.0,0.5826766711618396
212510,1286928,1.0,0.8113981650476387
212512,1286932,1.0,0.7134716824383603
212515,1286937,1.0,0.8655997536168641
212518,1286940,1.0,0.7800633484985849
212519,1286941,1.0,0.8499357742200747
212520,1286942,1.0,0.7523709164943221
212525,1286947,1.0,0.745424102133015
212540,1286963,1.0,0.7479079950030638
212544,1286967,1.0,0.7097835239346684
212546,1286969,1.0,0.6999310865194251
212551,1286976,1.0,0.7347835555437844
212552,1286977,1.0,0.6298308541415675
212555,1286980,1.0,0.509259252951356
212558,1286987,1.0,0.5231278802634675
212565,1286995,1.0,0.7204958474928612
212570,1287000,1.0,0.745424102133015
212571,1287001,1.0,0.5810874723661442
212576,1287006,1.0,0.7974884100457337
212580,1287011,1.0,0.547228467391829
212582,1287014,1.0,0.6577702833639665
212583,1287016,1.0,0.8128338593609953
212584,1287017,1.0,0.7586934078586514
212585,1287018,1.0,0.7355841458308212
212588,1287021,1.0,0.83552086340799
212597,1287030,1.0,0.8185984620849894
212598,1287031,1.0,0.8652997042402581
212600,1287033,1.0,0.7482933007910715
212605,1287039,1.0,0.6743643583989566
212606,1287040,1.0,0.7948164884279779
212612,1287046,1.0,0.8620918264789139
212613,1287047,1.0,0.8528221468775284
212615,1287049,1.0,0.5929260253270314
212617,1287051,1.0,0.6649520841307083
212619,1287053,1.0,0.8153628843240059
212625,1287061,1.0,0.8973477899222191
212626,1287062,1.0,0.6999310865194251
212628,1287065,1.0,0.856538603810644
212646,1287175,1.0,0.576842093781611
212649,1287178,1.0,0.5838895708114443
212651,1287182,1.0,0.7212051623685569
212655,1287187,1.0,0.6312821624849885
212658,1287190,1.0,0.7286570312079377
212659,1287194,1.0,0.8555321299059946
212661,1287196,1.0,0.6812705699348542
212663,1287199,1.0,0.6478299420569895
212667,1287203,1.0,0.5278018943702772
212669,1287206,1.0,0.7324330906044604
212670,1287207,1.0,0.6447370430064504
212676,1287215,1.0,0.6400943418305716
212680,1287220,1.0,0.7216859183550365
212695,1287239,1.0,0.5191381871698343
212696,1287241,1.0,0.7138483752315888
212702,1287248,1.0,0.586450198911724
212703,1287249,1.0,0.5432187223318614
212705,1287252,1.0,0.7070035772566776
212706,1287253,1.0,0.665201863676528
212709,1287257,1.0,0.6318117219931069
212711,1287259,1.0,0.5995829334540831
212716,1287268,1.0,0.7627846128960556
212719,1287272,1.0,0.6626854665773089
212720,1287273,1.0,0.6978416140114347
212735,1287296,1.0,0.7188328482300714
212739,1287300,1.0,0.6160731406991747
212741,1287302,1.0,0.7268040101779525
212754,1287322,1.0,0.7049134714356841
212757,1287325,1.0,0.590437986283622
212759,1287327,1.0,0.5312472524868078
212763,1287331,1.0,0.714196832992791
212766,1287334,1.0,0.5027407285595864
212785,1287357,1.0,0.6388477215755377
212791,1287363,1.0,0.5896685038828725
212801,1287382,1.0,0.5664857206512336
212810,1287393,1.0,0.6920905879346889
212811,1287394,1.0,0.6004733840758165
212812,1287395,1.0,0.5302692333580677
212813,1287396,1.0,0.5444419275593437
212814,1287398,1.0,0.5531448276200577
212821,1287409,1.0,0.5175794017692937
212827,1287420,1.0,0.5275049243152204
212828,1287421,1.0,0.6197620352832863
212838,1287436,1.0,0.836384741037388
212842,1287441,1.0,0.5864452584608085
212848,1287448,1.0,0.6881803564937113
212850,1287452,1.0,0.8012640267723209
212851,1287453,1.0,0.6854275063235561
212862,1287470,1.0,0.7590483567671421
212866,1287474,1.0,0.5674095032546982
212875,1287486,1.0,0.7722574116948954
212877,1287488,1.0,0.5747978094182177
212880,1287492,1.0,0.7141228533028706
212882,1287495,1.0,0.613923303387161
212883,1287496,1.0,0.836390810540491
212884,1287497,1.0,0.5055687913131837
212887,1287502,1.0,0.7533830080055494
212889,1287504,1.0,0.7881924431619444
212890,1287505,1.0,0.6603089787764834
212891,1287506,1.0,0.830485223927522
212899,1287519,1.0,0.8134291195070785
212900,1287520,1.0,0.7273109060720648
212904,1287525,1.0,0.759420669726075
212905,1287526,1.0,0.8732800653883837
212906,1287527,1.0,0.5322376224351717
212911,1287532,1.0,0.8677025008316461
212917,1287539,1.0,0.6687976907649038
212925,1287550,1.0,0.811101275810534
212927,1287552,1.0,0.8505136711604632
212929,1287554,1.0,0.7393293355425048
212931,1287556,1.0,0.6910476713267492
212933,1287558,1.0,0.8221511514367348
212936,1287562,1.0,0.8466570290045479
212938,1287564,1.0,0.7652734751861734
212942,1287569,1.0,0.6019295802898711
212943,1287570,1.0,0.7475930938410417
212945,1287572,1.0,0.8361839872757754
212946,1287573,1.0,0.8052610269706951
212947,1287575,1.0,0.5148908154262125
212950,1287580,1.0,0.6095832356401943
212951,1287581,1.0,0.6477930048213679
212954,1287584,1.0,0.7658224641132166
212967,1287598,1.0,0.6279301705164022
212970,1287602,1.0,0.6576050795419197
212972,1287604,1.0,0.677343492951063
212983,1287616,1.0,0.6290393648115212
212987,1287623,1.0,0.7128317794134673
212988,1287624,1.0,0.7495892617594576
212990,1287626,1.0,0.8068902923438513
212991,1287627,1.0,0.7537110282446429
212994,1287630,1.0,0.7725419239806025
212996,1287632,1.0,0.7595390428363356
212998,1287634,1.0,0.5748648989911893
213000,1287636,1.0,0.8325636528773669
213003,1287639,1.0,0.6653966938820075
213006,1287642,1.0,0.6383507240559683
213011,1287649,1.0,0.5373855235161087
213015,1287654,1.0,0.8544864084943359
213025,1287667,1.0,0.6093240713405835
213029,1287671,1.0,0.5924646082781067
213031,1287673,1.0,0.5666218377823874
213038,1287680,1.0,0.6886420508843406
213040,1287682,1.0,0.8118610516859834
213044,1287687,1.0,0.6364314711722784
213058,1287709,1.0,0.8361839872757754
213059,1287710,1.0,0.7320713817763234
213062,1287713,1.0,0.7059811672505087
213063,1287714,1.0,0.8461764775457079
213067,1287718,1.0,0.5441482145944111
213073,1287724,1.0,0.6389130974433045
213074,1287726,1.0,0.7353286517218229
213079,1287731,1.0,0.6278753423335048
213080,1287732,1.0,0.5302692333580677
213081,1287733,1.0,0.83202845720506
213098,1287753,1.0,0.5467383093998905
213105,1287762,1.0,0.7186009139567269
213111,1287768,1.0,0.6316447662065044
213114,1287771,1.0,0.8125728393651067
213116,1287773,1.0,0.6488812193177843
213119,1287776,1.0,0.7598665518043325
213123,1287781,1.0,0.7469074797245773
213124,1287782,1.0,0.7231797893470495
213125,1287783,1.0,0.5901958688615021
213130,1287789,1.0,0.7637631523881273
213131,1287790,1.0,0.7294550251923457
213135,1287794,1.0,0.7607017804228636
213137,1287796,1.0,0.582456971251006
213141,1287800,1.0,0.5536614490989756
213149,1287811,1.0,0.8231815091648946
213155,1287817,1.0,0.6907220069167698
213177,1287843,1.0,0.752569164382815
213181,1287848,1.0,0.7124307596875064
213184,1287851,1.0,0.8434527835443014
213189,1287856,1.0,0.6758930899759366
213193,1287860,1.0,0.5449232842570914
213196,1287865,1.0,0.5363256238436486
213202,1287871,1.0,0.7453345756191286
213207,1287878,1.0,0.5312472524868078
213208,1287879,1.0,0.6954854831015993
213209,1287880,1.0,0.8187651428902152
213213,1287887,1.0,0.5864850646696717
213217,1287891,1.0,0.6103872074113463
213218,1287892,1.0,0.6527124015851943
213221,1287895,1.0,0.7495613938344784
213222,1287896,1.0,0.5689676261801491
213225,1287900,1.0,0.6997405746254429
213226,1287901,1.0,0.5535760076342716
213227,1287902,1.0,0.5250315892384011
213232,1287907,1.0,0.5505166630249951
213247,1287922,1.0,0.7333801903573267
213253,1287928,1.0,0.6004869643104701
213262,1287939,1.0,0.6583027148904474
213274,1287952,1.0,0.6206254487316673
213275,1287953,1.0,0.6178828349398442
213276,1287955,1.0,0.5427362365232683
213277,1287957,1.0,0.7341489445406136
213278,1287958,1.0,0.7158643913174803
213280,1287961,1.0,0.7465003064518513
213282,1287963,1.0,0.725981014053106
213290,1287972,1.0,0.6733945039887234
213291,1287973,1.0,0.5754115727396614
213294,1287976,1.0,0.7412273834158277
213295,1287977,1.0,0.5797137278974744
213297,1287979,1.0,0.7331892455331696
213301,1287983,1.0,0.6035315026648556
213307,1287989,1.0,0.6711353798843278
213309,1287991,1.0,0.766457899230511
213310,1287992,1.0,0.736110220020865
213312,1287995,1.0,0.5324476499976676
213314,1287999,1.0,0.7881197266289033
213315,1288000,1.0,0.7375020696746848
213316,1288001,1.0,0.6159861194500342
213317,1288002,1.0,0.6222522989376745
213321,1288007,1.0,0.8377225007931173
213323,1288009,1.0,0.9266578450706321
213324,1288010,1.0,0.5372865029408181
213328,1288016,1.0,0.7030142139541532
213333,1288022,1.0,0.674010007404685
213337,1288027,1.0,0.7175197900794286
213338,1288028,1.0,0.6943649100891894
213340,1288030,1.0,0.5524327138457231
213343,1288033,1.0,0.7352375237326995
213348,1288040,1.0,0.692316000886116
213352,1288044,1.0,0.622659580515651
213357,1288049,1.0,0.6698976555727956
213358,1288050,1.0,0.7174383502003777
213359,1288051,1.0,0.7702852529048161
213360,1288053,1.0,0.6341154589497381
213364,1288057,1.0,0.516269665322302
213371,1288067,1.0,0.6516627818918223
213375,1288071,1.0,0.5079639996441448
213378,1288075,1.0,0.6909687543058711
213380,1288077,1.0,0.7175599625736793
213382,1288079,1.0,0.6840298645458136
213386,1288083,1.0,0.5189606714023333
213387,1288084,1.0,0.5911326852874028
213392,1288091,1.0,0.5938442114810585
213393,1288093,1.0,0.6896981552504718
213396,1288096,1.0,0.7135490679929325
213397,1288097,1.0,0.5411393648309574
213400,1288101,1.0,0.7136256213326807
213405,1288107,1.0,0.516269665322302
213407,1288110,1.0,0.5765756823163288
213413,1288116,1.0,0.8221869493431935
213414,1288117,1.0,0.7714443093913635
213418,1288121,1.0,0.7748714665155078
213424,1288127,1.0,0.7674974305030188
213425,1288128,1.0,0.7431952654184631
213426,1288129,1.0,0.7548034623883304
213427,1288130,1.0,0.5657646392586819
213429,1288133,1.0,0.7028196907197672
213430,1288136,1.0,0.62001921570188
213431,1288137,1.0,0.71142754236337
213436,1288145,1.0,0.6019992704157688
213442,1288152,1.0,0.673541279993037
213446,1288158,1.0,0.6723066424423958
213450,1288163,1.0,0.7269473854588504
213451,1288164,1.0,0.7707123257356998
213453,1288166,1.0,0.6626854665773089
213456,1288169,1.0,0.6676491011912181
213458,1288171,1.0,0.6634814449799634
213462,1288175,1.0,0.7150311129079616
213463,1288176,1.0,0.7553359077427909
213464,1288178,1.0,0.7233446136894037
213468,1288182,1.0,0.8392759141382452
213471,1288186,1.0,0.6102355357858756
213477,1288192,1.0,0.5641811494413731
213478,1288193,1.0,0.8176119305743169
213486,1288202,1.0,0.6737054088493344
213490,1288206,1.0,0.8060144115079444
213491,1288207,1.0,0.7604759576784125
213503,1288220,1.0,0.7853296285452649
213506,1288223,1.0,0.6513087522786023
213509,1288228,1.0,0.6686758771903134
213511,1288231,1.0,0.855952063072671
213516,1288238,1.0,0.8406433749577773
213519,1288242,1.0,0.6785056113399677
213526,1288252,1.0,0.5052363129089776
213536,1288268,1.0,0.6738340348610753
213539,1288272,1.0,0.6351108425790648
213540,1288274,1.0,0.6116854944690788
213543,1288277,1.0,0.5302692333580677
213545,1288279,1.0,0.6995172387052621
213546,1288280,1.0,0.5189606714023333
213550,1288285,1.0,0.7263446295816433
213556,1288292,1.0,0.8249678579891805
213559,1288295,1.0,0.6541215506500114
213560,1288296,1.0,0.8357657329209175
213562,1288299,1.0,0.8023279576112828
213566,1288305,1.0,0.6199196380604696
213571,1288311,1.0,0.6366411607663041
213572,1288312,1.0,0.8483568337310546
213574,1288314,1.0,0.679519608722555
213576,1288316,1.0,0.8691484095248451
213577,1288317,1.0,0.7308611783329291
213579,1288319,1.0,0.6229557755170265
213580,1288320,1.0,0.5190293160253954
213581,1288321,1.0,0.8348121623076904
213582,1288322,1.0,0.589610719320474
213584,1288324,1.0,0.8301435476415852
213585,1288325,1.0,0.7257708215897224
213586,1288326,1.0,0.9428128895057019
213587,1288327,1.0,0.710673814268324
213599,1288345,1.0,0.5444419275593437
213602,1288350,1.0,0.6863067821196966
213615,1288365,1.0,0.6273841446803378
213622,1288384,1.0,0.7083793001840737
213623,1288386,1.0,0.5174215366553913
213625,1288389,1.0,0.597071662384964
213636,1288424,1.0,0.688221473573332
213641,1288432,1.0,0.7314978269707677
213642,1288433,1.0,0.7432569670490871
213645,1288436,1.0,0.7282553164539948
213646,1288437,1.0,0.748410401710027
213651,1288443,1.0,0.5876132930954571
213653,1288445,1.0,0.6813124327126711
213658,1288450,1.0,0.6359291959648538
213659,1288451,1.0,0.6632758880224033
213669,1288462,1.0,0.6786189272094365
213670,1288463,1.0,0.8311381122474494
213671,1288464,1.0,0.5371473830579908
213673,1288466,1.0,0.8250285374238663
213675,1288468,1.0,0.7930917880747966
213676,1288469,1.0,0.8303862300136455
213694,1288490,1.0,0.6439951444505801
213697,1288493,1.0,0.5505988489790542
213699,1288498,1.0,0.5605536584985351
213703,1288502,1.0,0.6993713287228838
213705,1288505,1.0,0.835115742599291
213706,1288506,1.0,0.6350062615598905
213717,1288519,1.0,0.6352283701874082
213722,1288525,1.0,0.6829092199615858
213726,1288535,1.0,0.6768149641909327
213729,1288542,1.0,0.8102435656422375
213730,1288543,1.0,0.5522209184724215
213731,1288545,1.0,0.6198053354655382
213736,1288551,1.0,0.5912607836791032
213737,1288552,1.0,0.763207764479443
213738,1288553,1.0,0.8516663033132458
213741,1288557,1.0,0.8227583808837079
213743,1288559,1.0,0.5640315746547319
213745,1288561,1.0,0.8431178688587091
213746,1288562,1.0,0.6009319203937874
213758,1288576,1.0,0.6178071061572357
213760,1288578,1.0,0.5722908765489825
213762,1288580,1.0,0.6718197915309619
213763,1288581,1.0,0.733384030547207
213764,1288582,1.0,0.7195222520555828
213771,1288589,1.0,0.7168384214514243
213783,1288606,1.0,0.7328254161576525
213789,1288612,1.0,0.729679446019851
213793,1288618,1.0,0.7244481111606487
213799,1288624,1.0,0.5357467724589847
213808,1288636,1.0,0.7438886172859348
213813,1288641,1.0,0.6668968398654453
213817,1288646,1.0,0.6710592925612963
213819,1288648,1.0,0.6513674049862043
213824,1288654,1.0,0.5074883221213922
213825,1288657,1.0,0.5177894868593396
213832,1288669,1.0,0.7346081688766022
213836,1288674,1.0,0.629248663958175
213841,1288681,1.0,0.6310548242853838
213854,1288704,1.0,0.6608251692463065
213858,1288709,1.0,0.5793615224353478
213860,1288712,1.0,0.7251033423326059
213861,1288713,1.0,0.6718197915309619
213863,1288715,1.0,0.7744657176739889
213869,1288721,1.0,0.7848059610442888
213876,1288729,1.0,0.7348985836052129
213877,1288730,1.0,0.6626436741256395
213878,1288731,1.0,0.5319390134615593
213879,1288733,1.0,0.6183694792335732
213882,1288738,1.0,0.8316738412537931
213883,1288739,1.0,0.5002073268786363
213884,1288741,1.0,0.6711377053454612
213891,1288748,1.0,0.828350827371166
213892,1288749,1.0,0.8599491220650494
213893,1288751,1.0,0.6835388186513773
213894,1288752,1.0,0.5911326852874028
213895,1288753,1.0,0.6766649041499867
213900,1288758,1.0,0.6492896424089651
213901,1288760,1.0,0.7516556597507108
213903,1288762,1.0,0.7333151477959851
213910,1288769,1.0,0.6305114629531162
213911,1288770,1.0,0.6867183976284383
213912,1288771,1.0,0.5764026920897576
213913,1288772,1.0,0.8494388043211462
213919,1288778,1.0,0.7285529246685459
213922,1288781,1.0,0.6010989677753865
213924,1288783,1.0,0.7688761408991146
213928,1288789,1.0,0.8555321299059946
213930,1288791,1.0,0.744288590167899
213936,1288799,1.0,0.6929269942732754
213943,1288806,1.0,0.6993374566885391
213944,1288807,1.0,0.7782474109911783
213945,1288808,1.0,0.8362850114728668
213946,1288809,1.0,0.7835190649213658
213953,1288817,1.0,0.5749133379593934
213954,1288818,1.0,0.755903307405999
213967,1288834,1.0,0.6029291454312047
213969,1288837,1.0,0.8643064776818521
213977,1288845,1.0,0.8392759141382452
213984,1288858,1.0,0.5498212635804729
213987,1288862,1.0,0.8455373451101054
213990,1288865,1.0,0.7545006439181206
213995,1288871,1.0,0.756694042316464
213999,1288876,1.0,0.5175094472448615
214001,1288879,1.0,0.5565922012275683
214005,1288883,1.0,0.7801210960175402
214009,1288887,1.0,0.7843947084912255
214010,1288888,1.0,0.5072436173090877
214011,1288890,1.0,0.7316722274983664
214012,1288891,1.0,0.614111761804315
214018,1288898,1.0,0.7941730791578201
214019,1288899,1.0,0.8348520877510316
214022,1288903,1.0,0.7648867320433809
214027,1288910,1.0,0.6745557763334814
214028,1288911,1.0,0.8367737971449694
214030,1288913,1.0,0.770385592792529
214032,1288917,1.0,0.6675039456548912
214038,1288924,1.0,0.7222931039954729
214045,1288933,1.0,0.7619373891119355
214047,1288937,1.0,0.7518883280966241
214050,1288941,1.0,0.594006078478838
214052,1288944,1.0,0.5287931119345166
214056,1288948,1.0,0.580027498595067
214057,1288949,1.0,0.5275403191476017
214059,1288952,1.0,0.6796001804190757
214061,1288954,1.0,0.7337940429338332
214064,1288957,1.0,0.5828324049269753
214071,1288965,1.0,0.694265315635639
214072,1288966,1.0,0.5364538484372015
214075,1288969,1.0,0.5294873519351488
214082,1288978,1.0,0.6184056707387121
214083,1288979,1.0,0.7249590218385539
214092,1288990,1.0,0.6519780710571276
214093,1288991,1.0,0.5014737701620774
214094,1288992,1.0,0.7643257059565484
214096,1288994,1.0,0.5003264069417866
214099,1288998,1.0,0.7269249097606038
214100,1288999,1.0,0.5296341883059368
214108,1289007,1.0,0.8961307547399895
214111,1289012,1.0,0.6189321537868291
214113,1289014,1.0,0.606588135748969
214116,1289019,1.0,0.6336653978049561
214118,1289021,1.0,0.5760711626276863
214121,1289025,1.0,0.7026428394415853
214122,1289026,1.0,0.7975848078935118
214123,1289028,1.0,0.8113567166355199
214124,1289029,1.0,0.7623115144920675
214126,1289032,1.0,0.6649451804180037
214132,1289042,1.0,0.8060490034599441
214134,1289045,1.0,0.7447146702734551
214140,1289053,1.0,0.6691979349049666
214144,1289057,1.0,0.5468759252753401
214145,1289058,1.0,0.538852511615958
214146,1289059,1.0,0.6434511693037357
214152,1289066,1.0,0.7835190649213658
214157,1289073,1.0,0.8441362681125876
214158,1289074,1.0,0.5596361581278828
214163,1289081,1.0,0.7567771195098173
214164,1289082,1.0,0.8643956612795071
214166,1289084,1.0,0.6274367142406094
214169,1289088,1.0,0.6966469454804413
214173,1289092,1.0,0.724100864378757
214174,1289093,1.0,0.666829509477836
214178,1289098,1.0,0.6972958876149812
214184,1289104,1.0,0.7505052266378212
214186,1289107,1.0,0.7056245139567231
214188,1289111,1.0,0.8565482261572719
214190,1289113,1.0,0.6409529967265435
214191,1289114,1.0,0.5059856953116348
214192,1289115,1.0,0.6593710103063468
214195,1289119,1.0,0.6054575312521853
214199,1289123,1.0,0.7949459026279747
214202,1289126,1.0,0.5548361915208921
214207,1289132,1.0,0.7163728160404973
214208,1289133,1.0,0.6019295802898711
214210,1289135,1.0,0.8411665098615434
214214,1289139,1.0,0.6885693470386008
214216,1289142,1.0,0.6969772905397742
214217,1289143,1.0,0.8398022571215558
214218,1289145,1.0,0.8288599763013882
214225,1289154,1.0,0.5547811185530986
214227,1289156,1.0,0.8320542738078684
214229,1289158,1.0,0.6162929753531886
214232,1289162,1.0,0.7507679850220518
214234,1289164,1.0,0.6368505315044868
214238,1289169,1.0,0.5152856558142447
214241,1289173,1.0,0.6326662825074317
214243,1289175,1.0,0.7128687495396056
214247,1289179,1.0,0.6676491011912181
214248,1289180,1.0,0.6507608131662774
214253,1289187,1.0,0.8358810512452665
214256,1289190,1.0,0.7060291047060776
214258,1289192,1.0,0.6175170144486606
214266,1289201,1.0,0.742898489707199
214270,1289205,1.0,0.6761746824923632
214276,1289214,1.0,0.7964516533446893
214277,1289215,1.0,0.8242206060755825
214279,1289217,1.0,0.7968286336785887
214283,1289222,1.0,0.6488812193177843
214286,1289226,1.0,0.5011957274894902
214299,1289242,1.0,0.51794020454546
214308,1289253,1.0,0.5921345726709131
214313,1289261,1.0,0.6952544640297843
214328,1289278,1.0,0.6973862336206542
214329,1289279,1.0,0.6648709402521635
214330,1289280,1.0,0.5377307391664754
214333,1289286,1.0,0.6824414591579891
214334,1289287,1.0,0.5770438801838742
214337,1289290,1.0,0.5203835415738215
214339,1289293,1.0,0.5535760076342716
214341,1289295,1.0,0.54338808441651
214342,1289296,1.0,0.761602393811499
214343,1289298,1.0,0.6305114629531162
214345,1289300,1.0,0.6846718952856048
214346,1289301,1.0,0.7017961220376582
214349,1289304,1.0,0.8330574323932096
214357,1289315,1.0,0.5357467724589847
214360,1289320,1.0,0.7423264406310913
214362,1289322,1.0,0.7050503951121074
214372,1289332,1.0,0.8207022458133651
214373,1289334,1.0,0.8396637537833145
214374,1289335,1.0,0.751567688089038
214382,1289345,1.0,0.8175766633500838
214385,1289348,1.0,0.5355342986030259
214387,1289350,1.0,0.6962364450726676
214389,1289353,1.0,0.787577023523753
214391,1289356,1.0,0.6532817045955406
214395,1289361,1.0,0.6689886827625104
214398,1289364,1.0,0.5816928672490905
214399,1289365,1.0,0.7116525042256081
214400,1289366,1.0,0.8328243359471881
214401,1289368,1.0,0.8387310008484534
214405,1289372,1.0,0.7123474406178671
214406,1289373,1.0,0.6447370430064504
214407,1289374,1.0,0.5161527426438023
214411,1289379,1.0,0.7405946118612371
214412,1289380,1.0,0.6808073539703278
214414,1289382,1.0,0.7255587709067868
214416,1289384,1.0,0.836390810540491
214421,1289389,1.0,0.6281380848936293
214427,1289395,1.0,0.7010051787271332
214428,1289396,1.0,0.8402160860947271
214429,1289397,1.0,0.7202250524654855
214430,1289399,1.0,0.6675771931507086
214439,1289408,1.0,0.6246420703915292
214443,1289413,1.0,0.708629256471416
214447,1289417,1.0,0.6406450681816154
214458,1289428,1.0,0.7434578809902044
214463,1289433,1.0,0.6781994060838871
214471,1289441,1.0,0.861683982931934
214472,1289442,1.0,0.6119432584006614
214474,1289444,1.0,0.8438086511439498
214475,1289445,1.0,0.5193110219905526
214480,1289452,1.0,0.772096167532081
214481,1289453,1.0,0.6092576757124429
214487,1289460,1.0,0.6570569850646828
214491,1289464,1.0,0.5646730115764443
214498,1289472,1.0,0.839128512923838
214500,1289474,1.0,0.5184922623961253
214501,1289476,1.0,0.6671559608613877
214513,1289488,1.0,0.5462326424097279
214516,1289492,1.0,0.8348520877510316
214520,1289498,1.0,0.7472154065215829
214529,1289509,1.0,0.8423285388431623
214530,1289510,1.0,0.6565546972974142
214532,1289512,1.0,0.6776695506673411
214534,1289514,1.0,0.6502341425668733
214535,1289515,1.0,0.838358099490456
214540,1289521,1.0,0.8371158955538329
214544,1289526,1.0,0.5193514297399033
214545,1289528,1.0,0.693278843764217
214546,1289529,1.0,0.7208493311049997
214548,1289531,1.0,0.7539728499844486
214553,1289536,1.0,0.8050736873490891
214554,1289537,1.0,0.7457621887071811
214555,1289538,1.0,0.7057696050210357
214558,1289541,1.0,0.5913384871449462
214563,1289547,1.0,0.5324476499976676
214564,1289548,1.0,0.764057995150901
214565,1289549,1.0,0.7322820700923999
214566,1289550,1.0,0.5355342986030259
214570,1289555,1.0,0.8779397663811787
214580,1289565,1.0,0.6742650127466838
214589,1289577,1.0,0.645489697990353
214590,1289578,1.0,0.6739459900148047
214591,1289579,1.0,0.7899776994432812
214593,1289582,1.0,0.6519752559417376
214595,1289585,1.0,0.7814471511231367
214600,1289590,1.0,0.6447370430064504
214609,1289601,1.0,0.5090397533361825
214610,1289603,1.0,0.5221084646601647
214612,1289607,1.0,0.5869891741027163
214613,1289608,1.0,0.6966950942409228
214617,1289612,1.0,0.8014678483470123
214620,1289615,1.0,0.708686277188247
214622,1289617,1.0,0.5581350529376192
214623,1289618,1.0,0.6349478400941526
214624,1289619,1.0,0.5501437879618614
214631,1289627,1.0,0.5878347218126702
214632,1289628,1.0,0.6552369385844803
214647,1289647,1.0,0.6447370430064504
214651,1289652,1.0,0.5987859569253077
214657,1289659,1.0,0.6921413524543661
214660,1289662,1.0,0.5531865172373244
214666,1289668,1.0,0.5330909811649487
214669,1289671,1.0,0.6920298947638952
214672,1289674,1.0,0.6499313116742861
214673,1289675,1.0,0.6513302560396994
214675,1289678,1.0,0.5548305817869664
214680,1289683,1.0,0.8376689148474604
214682,1289685,1.0,0.6243479796516277
214683,1289686,1.0,0.604151510123766
214686,1289689,1.0,0.5381229595893929
214687,1289693,1.0,0.5939378329106111
214689,1289695,1.0,0.816170208313902
214694,1289703,1.0,0.6516262785888818
214698,1289707,1.0,0.5724903973610821
214699,1289708,1.0,0.8665385254207171
214705,1289715,1.0,0.7784426790089901
214710,1289721,1.0,0.7015578896659702
214711,1289722,1.0,0.5817163346489007
214712,1289723,1.0,0.5928299883231345
214714,1289725,1.0,0.8288774368885007
214718,1289729,1.0,0.7722175225775183
214719,1289730,1.0,0.8109919962338397
214720,1289731,1.0,0.7006545568403632
214724,1289737,1.0,0.6913307236682965
214727,1289741,1.0,0.6300603992511853
214728,1289742,1.0,0.625139219139301
214735,1289750,1.0,0.8323367963580871
214740,1289756,1.0,0.7653264247754614
214748,1289765,1.0,0.6541077946192397
214751,1289768,1.0,0.6583027148904474
214764,1289782,1.0,0.6720544957131024
214767,1289786,1.0,0.8126604910468276
214769,1289788,1.0,0.517109032015302
214773,1289793,1.0,0.6542372076203211
214777,1289798,1.0,0.6367413875348608
214779,1289800,1.0,0.636838522276413
214783,1289805,1.0,0.6415447422582118
214784,1289806,1.0,0.6635034733169106
214792,1289816,1.0,0.5618307053074688
214794,1289818,1.0,0.6803887737828709
214799,1289823,1.0,0.6489107632639983
214800,1289824,1.0,0.5961210348359482
214803,1289827,1.0,0.7598066645282162
214805,1289829,1.0,0.6594360505258804
214808,1289832,1.0,0.7409156135161152
214814,1289839,1.0,0.7501053569803272
214815,1289840,1.0,0.676518937424544
214817,1289843,1.0,0.5633944271073293
214829,1289855,1.0,0.5312900489557102
214830,1289856,1.0,0.6571087278191712
214835,1289862,1.0,0.5853539359395595
214843,1289870,1.0,0.5339076412265197
214844,1289871,1.0,0.8100527267021945
214846,1289873,1.0,0.6013115076939705
214850,1289878,1.0,0.6143323785427371
214851,1289879,1.0,0.6396211533212421
214854,1289882,1.0,0.6980294585236161
214856,1289884,1.0,0.7155797642121848
214867,1289897,1.0,0.5169278944143844
214874,1289905,1.0,0.7331267265184346
214876,1289907,1.0,0.6002902191760316
214880,1289911,1.0,0.650542447474665
214881,1289912,1.0,0.7879791311594557
214885,1289916,1.0,0.6669182413245119
214888,1289920,1.0,0.5638679291105926
214891,1289923,1.0,0.7764944075265052
214892,1289924,1.0,0.7195712403750345
214896,1289928,1.0,0.7211593389936253
214897,1289929,1.0,0.7897026128485546
214899,1289931,1.0,0.6147987605525302
214908,1289943,1.0,0.5143643373635878
214911,1289947,1.0,0.5646730115764443
214912,1289949,1.0,0.6210287753732251
214914,1289951,1.0,0.7259308699603179
214916,1289953,1.0,0.7591564677413749
214917,1289954,1.0,0.754347730018071
214918,1289955,1.0,0.7448158110102494
214921,1289958,1.0,0.5970622546195161
214923,1289961,1.0,0.7812811732349169
214924,1289962,1.0,0.760849411734614
214928,1289966,1.0,0.6316235966739396
214929,1289967,1.0,0.6882722671342084
214930,1289968,1.0,0.7336318711405554
214934,1289972,1.0,0.6113896079791541
214937,1289975,1.0,0.5343182865801918
214938,1289976,1.0,0.644114331878401
214942,1289980,1.0,0.7222827347747712
214949,1289990,1.0,0.7376953527953257
214955,1289997,1.0,0.6946915442256028
214956,1289998,1.0,0.6918743592749939
214961,1290003,1.0,0.6791759716821161
214963,1290006,1.0,0.5289766153414036
214965,1290008,1.0,0.732885129513027
214966,1290009,1.0,0.8346918836072044
214967,1290010,1.0,0.6597871847500609
214968,1290011,1.0,0.6587477128692234
214973,1290017,1.0,0.6223805767361003
214978,1290022,1.0,0.8064368060964995
214979,1290023,1.0,0.7926518465639492
214980,1290024,1.0,0.7825717294716257
214982,1290026,1.0,0.7987306773388062
214984,1290028,1.0,0.6102071327812651
214988,1290033,1.0,0.5747847181203667
214997,1290044,1.0,0.8105215210074358
215005,1290054,1.0,0.6775474581369334
215009,1290058,1.0,0.7707123257356998
215013,1290063,1.0,0.7985769038171936
215014,1290064,1.0,0.7162895950732351
215017,1290068,1.0,0.6671559608613877
215018,1290069,1.0,0.7018965975813205
215019,1290070,1.0,0.6284042294920485
215023,1290074,1.0,0.6675258157437818
215024,1290075,1.0,0.8056373210100789
215026,1290077,1.0,0.706914679506983
215029,1290081,1.0,0.6850183251931514
215036,1290090,1.0,0.5055749931966196
215037,1290091,1.0,0.6426211632382646
215040,1290096,1.0,0.6768222093504435
215041,1290097,1.0,0.6299087828728611
215042,1290098,1.0,0.5131904233864892
215044,1290100,1.0,0.56956960541097
215045,1290101,1.0,0.7714443093913635
215053,1290111,1.0,0.6274092640544051
215054,1290112,1.0,0.7223599078262795
215055,1290114,1.0,0.6097925657556488
215057,1290117,1.0,0.656331480719387
215059,1290119,1.0,0.9549426620153229
215060,1290120,1.0,0.7361839598751407
215063,1290124,1.0,0.7331267265184346
215065,1290126,1.0,0.5849910374646035
215066,1290127,1.0,0.7031610231599056
215068,1290129,1.0,0.7172124802413202
215071,1290132,1.0,0.7481953638581402
215081,1290146,1.0,0.6314796227965745
215084,1290149,1.0,0.6491010836261706
215090,1290157,1.0,0.6334486888606692
215096,1290163,1.0,0.6340887236317202
215097,1290164,1.0,0.531527452320509
215104,1290174,1.0,0.5344334277249126
215109,1290180,1.0,0.632108860667428
215111,1290182,1.0,0.6849745289820068
215120,1290191,1.0,0.8444295154870058
215127,1290201,1.0,0.6888832315165953
215131,1290205,1.0,0.7147398475989738
215135,1290210,1.0,0.7040040086023587
215142,1290219,1.0,0.5091276137826795
215150,1290228,1.0,0.7163552704865632
215166,1290245,1.0,0.8248846087058774
215168,1290247,1.0,0.7030674598495266
215170,1290250,1.0,0.6130395980497916
215171,1290252,1.0,0.5852353888821931
215172,1290253,1.0,0.5682147676782939
215178,1290261,1.0,0.7241834603542957
215179,1290262,1.0,0.7854135572752603
215180,1290263,1.0,0.5605536584985351
215182,1290266,1.0,0.640396153657858
215183,1290267,1.0,0.816170208313902
215184,1290268,1.0,0.7758374817811003
215185,1290269,1.0,0.7995218358907292
215188,1290272,1.0,0.7490719779685348
215190,1290274,1.0,0.7611328880863558
215192,1290277,1.0,0.5549157389584218
215194,1290279,1.0,0.7672922167186051
215202,1290288,1.0,0.7744222441308044
215204,1290290,1.0,0.7577201638278416
215209,1290298,1.0,0.6508384349131037
215218,1290308,1.0,0.7124578323617262
215221,1290311,1.0,0.6748574551609696
215223,1290313,1.0,0.5264689243442014
215224,1290315,1.0,0.7982186181693683
215227,1290318,1.0,0.5382215877611457
215231,1290323,1.0,0.7193455819582227
215244,1290339,1.0,0.7869021478195293
215247,1290342,1.0,0.755769121812288
215263,1290360,1.0,0.5697893958256551
215264,1290361,1.0,0.6995112282699868
215269,1290367,1.0,0.5512791931797437
215274,1290375,1.0,0.6888618015915623
215275,1290376,1.0,0.7887599130190813
215276,1290378,1.0,0.5754091808946424
215278,1290380,1.0,0.6768249954260281
215288,1290391,1.0,0.6056457264022845
215289,1290393,1.0,0.8531078270198625
215291,1290395,1.0,0.803118144521238
215294,1290398,1.0,0.5685892629306644
215299,1290404,1.0,0.7237833082822995
215303,1290409,1.0,0.7863555938342883
215305,1290412,1.0,0.6690490087134411
215308,1290416,1.0,0.764704841561722
215309,1290417,1.0,0.7447543209591021
215310,1290418,1.0,0.5598062835971404
215320,1290429,1.0,0.5295229291654332
215321,1290430,1.0,0.7263961231091994
215323,1290432,1.0,0.7496255055773217
215326,1290435,1.0,0.7361839598751407
215327,1290436,1.0,0.6019295802898711
215328,1290437,1.0,0.701734036444297
215331,1290441,1.0,0.7542676136061325
215332,1290442,1.0,0.5371473830579908
215334,1290444,1.0,0.8125920170457305
215335,1290445,1.0,0.5826400578366507
215336,1290446,1.0,0.5437672473031551
215338,1290449,1.0,0.7185537213199262
215339,1290450,1.0,0.6244633406514832
215348,1290459,1.0,0.6684810422244801
215351,1290462,1.0,0.5106541811497488
215353,1290465,1.0,0.6515637272004344
215354,1290466,1.0,0.7715340670830788
215356,1290469,1.0,0.712806014736175
215357,1290470,1.0,0.6651011204189133
215359,1290474,1.0,0.6305114629531162
215362,1290478,1.0,0.8232900487063853
215369,1290487,1.0,0.7852783924139978
215373,1290491,1.0,0.5965537585397435
215376,1290495,1.0,0.6515673954468719
215379,1290499,1.0,0.6140908482747104
215380,1290500,1.0,0.7250788563787881
215385,1290507,1.0,0.6753922829503936
215392,1290515,1.0,0.7104029988501368
215395,1290518,1.0,0.6679798065768103
215399,1290523,1.0,0.7658518640126741
215401,1290525,1.0,0.6268863315702651
215405,1290530,1.0,0.604151510123766
215407,1290532,1.0,0.6619074444329496
215408,1290534,1.0,0.5023356184943684
215415,1290543,1.0,0.5326010597383258
215422,1290555,1.0,0.6243869639692441
215431,1290567,1.0,0.7197054269548538
215454,1290609,1.0,0.6667527288887367
215460,1290620,1.0,0.5934235990673061
215475,1290641,1.0,0.5038901020243102
215490,1290662,1.0,0.7807689297632514
215491,1290664,1.0,0.8328401314682593
215494,1290667,1.0,0.8099293709358341
215504,1290679,1.0,0.6922545115670643
215505,1290680,1.0,0.721066537316543
215506,1290681,1.0,0.8410927614292222
215507,1290682,1.0,0.8328401314682593
215511,1290687,1.0,0.6964276907493074
215512,1290688,1.0,0.8234002334013181
215516,1290693,1.0,0.7678106522689059
215517,1290695,1.0,0.7483938716778643
215518,1290696,1.0,0.6025321909603036
215519,1290697,1.0,0.5748648989911893
215520,1290698,1.0,0.8078026180074667
215526,1290704,1.0,0.651937473433499
215528,1290707,1.0,0.5347549616381106
215532,1290711,1.0,0.716298940601577
215533,1290713,1.0,0.7455552569165025
215536,1290716,1.0,0.5962424158722208
215538,1290718,1.0,0.6274092640544051
215539,1290719,1.0,0.6222629122321537
215540,1290720,1.0,0.5106963575243838
215545,1290725,1.0,0.540731572089276
215548,1290730,1.0,0.766158607263743
215550,1290732,1.0,0.6042301176154254
215552,1290734,1.0,0.6416084428831321
215553,1290735,1.0,0.6141182078396502
215555,1290737,1.0,0.6100426814598714
215556,1290738,1.0,0.6482595932420467
215559,1290741,1.0,0.7369063332009095
215564,1290747,1.0,0.6570570421324939
215565,1290748,1.0,0.5585895540520754
215568,1290751,1.0,0.7899776994432812
215572,1290756,1.0,0.6842173777961039
215577,1290761,1.0,0.7084969761819495
215582,1290768,1.0,0.6123341957222495
215589,1290776,1.0,0.765372650414679
215592,1290779,1.0,0.5326916728335077
215599,1290786,1.0,0.7980465265399943
215600,1290787,1.0,0.7712874634692477
215601,1290788,1.0,0.7498143585566336
215602,1290789,1.0,0.6513033756840532
215603,1290790,1.0,0.8347450249425991
215605,1290792,1.0,0.6525334814653458
215611,1290799,1.0,0.550036231293621
215618,1290807,1.0,0.5358901120567814
215620,1290810,1.0,0.513047517926097
215621,1290812,1.0,0.7637714499005831
215625,1290818,1.0,0.5174624997753857
215626,1290819,1.0,0.8376037143372819
215627,1290820,1.0,0.5883263333014509
215630,1290823,1.0,0.756255147809245
215631,1290824,1.0,0.5945729239586189
215632,1290825,1.0,0.674089599458637
215633,1290826,1.0,0.7914135471624199
215640,1290836,1.0,0.6471792620888429
215644,1290841,1.0,0.6054456953288644
215646,1290844,1.0,0.7387641159561232
215652,1290852,1.0,0.6271263372051474
215658,1290860,1.0,0.7968349670005862
215661,1290867,1.0,0.6093999531287204
215669,1290876,1.0,0.5186630526352445
215670,1290877,1.0,0.709246481886564
215675,1290885,1.0,0.5521729344659908
215677,1290888,1.0,0.6234171956888165
215678,1290889,1.0,0.6736718744517531
215679,1290890,1.0,0.6873782218037429
215681,1290892,1.0,0.7458350692139296
215686,1290897,1.0,0.7122257836883686
215687,1290898,1.0,0.7388345991664058
215692,1290903,1.0,0.7286121686993958
215700,1290912,1.0,0.770385592792529
215701,1290913,1.0,0.7342926930441963
215713,1290927,1.0,0.6785716763785843
215714,1290928,1.0,0.8736881427945347
215718,1290933,1.0,0.6770738736897447
215724,1290939,1.0,0.7680519416836812
215725,1290941,1.0,0.836390810540491
215726,1290942,1.0,0.7761388858768261
215729,1290947,1.0,0.7527522020302561
215731,1290949,1.0,0.6778631441543753
215732,1290950,1.0,0.8471899951020557
215737,1290956,1.0,0.7126863900385285
215740,1290959,1.0,0.6499461968407966
215742,1290961,1.0,0.8410927614292222
215743,1290962,1.0,0.5331066498473839
215744,1290963,1.0,0.6357712077585282
215745,1290964,1.0,0.7671102653710228
215747,1290966,1.0,0.6149132791633222
215748,1290967,1.0,0.6271907605984277
215759,1290978,1.0,0.7200648236130769
215766,1290986,1.0,0.6392676071075358
215768,1290988,1.0,0.56956960541097
215769,1290989,1.0,0.6894100080871155
215773,1290993,1.0,0.6268495077282711
215776,1290996,1.0,0.5146077045671678
215779,1290999,1.0,0.650542447474665
215785,1291007,1.0,0.6123403590488968
215786,1291008,1.0,0.5896685038828725
215792,1291016,1.0,0.5846698695292696
215798,1291025,1.0,0.6349096631620924
215799,1291026,1.0,0.8046857024915407
215801,1291029,1.0,0.7708791582353445
215802,1291030,1.0,0.5335575812449767
215803,1291031,1.0,0.6215728812197138
215809,1291040,1.0,0.6947512851998224
215819,1291052,1.0,0.6577505289014374
215822,1291055,1.0,0.7080221140362913
215825,1291058,1.0,0.7722407785208604
215830,1291064,1.0,0.6868464988257582
215834,1291068,1.0,0.8543545314629122
215836,1291071,1.0,0.5844250439878942
215837,1291073,1.0,0.7212252057689881
215845,1291082,1.0,0.6232901013716542
215846,1291083,1.0,0.5761471284283372
215848,1291085,1.0,0.8318521917355224
215850,1291087,1.0,0.730100776208991
215851,1291088,1.0,0.5117216326836219
215857,1291097,1.0,0.6314796227965745
215860,1291100,1.0,0.5012511866123505
215870,1291111,1.0,0.6013115076939705
215873,1291115,1.0,0.7353270494182058
215875,1291119,1.0,0.6180960465645566
215881,1291127,1.0,0.531527452320509
215883,1291129,1.0,0.718318989406373
215889,1291136,1.0,0.6567357376033689
215897,1291147,1.0,0.6446037845598594
215898,1291148,1.0,0.842111711711801
215902,1291152,1.0,0.7551778544367804
215903,1291154,1.0,0.8348884630963868
215905,1291156,1.0,0.5681797606852169
215906,1291158,1.0,0.8423970705989756
215908,1291161,1.0,0.7833822731740948
215913,1291171,1.0,0.6482972573301443
215914,1291172,1.0,0.6564860330576737
215916,1291174,1.0,0.6342483790910397
215922,1291183,1.0,0.5441482145944111
215925,1291186,1.0,0.5242772326128026
215926,1291188,1.0,0.6803001579761199
215927,1291189,1.0,0.6324726819868824
215932,1291194,1.0,0.5607401810523576
215934,1291196,1.0,0.7037541932362017
215940,1291202,1.0,0.8628650058350641
215941,1291203,1.0,0.6558235938809682
215942,1291204,1.0,0.7894917680897638
215943,1291205,1.0,0.7213865399120891
215944,1291206,1.0,0.7968286336785887
215950,1291214,1.0,0.7835190649213658
215953,1291217,1.0,0.8541664572126257
215956,1291220,1.0,0.7146046919428722
215957,1291221,1.0,0.6933279956004521
215958,1291222,1.0,0.7251033423326059
215959,1291223,1.0,0.687954288351207
215960,1291224,1.0,0.5593789415216875
215961,1291225,1.0,0.7219421593466723
215962,1291226,1.0,0.8406433749577773
215964,1291229,1.0,0.609487759710896
215965,1291230,1.0,0.6087245930138167
215970,1291236,1.0,0.5771163230059175
215971,1291238,1.0,0.5952837006803366
215974,1291242,1.0,0.5672862952532548
215975,1291244,1.0,0.8531078270198625
215976,1291245,1.0,0.6584940594262346
215977,1291246,1.0,0.502386117547477
215983,1291253,1.0,0.5435075926576423
215984,1291254,1.0,0.8023725677548535
215985,1291255,1.0,0.6550496466132416
215986,1291256,1.0,0.5043544894991729
215990,1291260,1.0,0.7292547523358465
215991,1291262,1.0,0.7825749005361418
215992,1291263,1.0,0.5844654813846661
215995,1291266,1.0,0.627160480018718
215997,1291268,1.0,0.8365059380656183
216005,1291276,1.0,0.6152914262865575
216010,1291282,1.0,0.701933039727605
216015,1291288,1.0,0.5671713655883116
216019,1291293,1.0,0.5311278798889199
216021,1291295,1.0,0.733843118494593
216025,1291301,1.0,0.815808250929068
216029,1291307,1.0,0.7034363352310555
216033,1291313,1.0,0.5260623893345135
216035,1291316,1.0,0.792333188069548
216050,1291335,1.0,0.6326662825074317
216057,1291343,1.0,0.73897190578794
216060,1291350,1.0,0.5547730076621642
216062,1291353,1.0,0.6330978073346685
216066,1291359,1.0,0.5027389655487611
216067,1291361,1.0,0.7225208020362732
216076,1291373,1.0,0.7159104818296191
216079,1291376,1.0,0.8333903221563707
216084,1291381,1.0,0.9245715942813395
216085,1291382,1.0,0.7127411055289194
216087,1291384,1.0,0.5635252524816106
216089,1291386,1.0,0.5150277200497666
216090,1291387,1.0,0.5918584206742646
216092,1291390,1.0,0.7495967018300699
216097,1291395,1.0,0.7250586698613766
216102,1291401,1.0,0.7416395282070012
216106,1291405,1.0,0.7469200685729492
216109,1291408,1.0,0.6492896424089651
216112,1291412,1.0,0.5102704144784138
216114,1291414,1.0,0.7673877366020206
216116,1291417,1.0,0.7608631145138578
216117,1291418,1.0,0.6070573665453702
216121,1291422,1.0,0.5293410715554356
216125,1291429,1.0,0.6806478269557096
216128,1291432,1.0,0.7182916231511868
216130,1291438,1.0,0.7001449179685659
216131,1291440,1.0,0.7001196763190172
216132,1291441,1.0,0.76358292178103
216133,1291442,1.0,0.5849163722373018
216136,1291445,1.0,0.540372361288286
216139,1291449,1.0,0.864089772002069
216142,1291452,1.0,0.9046806654545958
216144,1291454,1.0,0.7240317383799092
216145,1291455,1.0,0.6895198132697168
216150,1291460,1.0,0.5337187867599734
216152,1291462,1.0,0.725435727733763
216153,1291463,1.0,0.7125032868931781
216154,1291464,1.0,0.6695632754638169
216157,1291467,1.0,0.5152856558142447
216158,1291469,1.0,0.5805617778704794
216162,1291474,1.0,0.7232649908127549
216165,1291477,1.0,0.5256048164329852
216167,1291480,1.0,0.6777614447816559
216169,1291483,1.0,0.6949029986099062
216170,1291484,1.0,0.7735820084372268
216171,1291486,1.0,0.7921148124672431
216176,1291494,1.0,0.7336589838410729
216179,1291497,1.0,0.6722843281309457
216185,1291505,1.0,0.6796350610402588
216188,1291509,1.0,0.6806478269557096
216192,1291514,1.0,0.654371680384331
216195,1291518,1.0,0.797154208294723
216203,1291528,1.0,0.8259001391744962
216208,1291534,1.0,0.7008542240545759
216210,1291536,1.0,0.7753004146351589
216211,1291537,1.0,0.812702348976203
216212,1291539,1.0,0.6478808184967131
216222,1291554,1.0,0.6755373480265823
216223,1291555,1.0,0.768966129488966
216228,1291560,1.0,0.6788579958348894
216232,1291567,1.0,0.6965119597453893
216233,1291568,1.0,0.7976273900440749
216237,1291572,1.0,0.5105488184034233
216238,1291573,1.0,0.7364567629572907
216242,1291579,1.0,0.6941540069294693
216244,1291581,1.0,0.6300322361984935
216247,1291585,1.0,0.7249386051436643
216250,1291588,1.0,0.5404918822598673
216252,1291592,1.0,0.6318117219931069
216254,1291595,1.0,0.6697536090518719
216260,1291602,1.0,0.5396955342063977
216263,1291608,1.0,0.8591730835167216
216267,1291614,1.0,0.7340782099830838
216269,1291616,1.0,0.5980021159985385
216275,1291622,1.0,0.6345327871676112
216281,1291629,1.0,0.6296013408270381
216285,1291633,1.0,0.5561303925153737
216287,1291635,1.0,0.65272156070042
216297,1291646,1.0,0.5809733264748415
216299,1291648,1.0,0.6812705699348542
216301,1291651,1.0,0.825596055433987
216302,1291652,1.0,0.8085888089601952
216303,1291653,1.0,0.7346081688766022
216305,1291655,1.0,0.7350151316613363
216312,1291662,1.0,0.5388727810853081
216328,1291684,1.0,0.6947896017358159
216340,1291697,1.0,0.7173612171938505
216353,1291716,1.0,0.7255107319311525
216355,1291718,1.0,0.6165145311748466
216356,1291720,1.0,0.5597214385077722
216360,1291760,1.0,0.7074824875873088
216372,1291785,1.0,0.6484019632371878
216377,1291795,1.0,0.6088873538998543
216379,1291797,1.0,0.7106981817806708
216388,1291809,1.0,0.7022022658807093
216391,1291812,1.0,0.522170402593453
216394,1291816,1.0,0.7202959821783831
216395,1291817,1.0,0.5629211341953868
216397,1291819,1.0,0.6301914819947986
216398,1291820,1.0,0.7532722163329743
216401,1291824,1.0,0.5291002468552407
216405,1291834,1.0,0.6887491795846725
216416,1291849,1.0,0.734100049939537
216420,1291854,1.0,0.6504660211870207
216423,1291858,1.0,0.5168069872514338
216425,1291861,1.0,0.6280257070592479
216433,1291871,1.0,0.6850595127318235
216437,1291875,1.0,0.7064494721746793
216440,1291879,1.0,0.5983148872716659
216456,1291897,1.0,0.8603543916222942
216459,1291902,1.0,0.8209007176411953
216460,1291903,1.0,0.6626436741256395
216467,1291914,1.0,0.7248899424346803
216476,1291926,1.0,0.508687017918733
216479,1291930,1.0,0.6211276821659685
216481,1291933,1.0,0.5374349382073788
216483,1291935,1.0,0.6901442812228257
216484,1291937,1.0,0.7134260063406361
216488,1291943,1.0,0.6447370430064504
216514,1291973,1.0,0.7861298652379277
216530,1291998,1.0,0.8085520093189363
216532,1292002,1.0,0.8427256829062636
216536,1292006,1.0,0.7749314432413669
216544,1292014,1.0,0.8438086511439498
216551,1292021,1.0,0.5587601330005009
216556,1292028,1.0,0.777377367770396
216558,1292031,1.0,0.7513222166158011
216561,1292034,1.0,0.7308311944590259
216563,1292036,1.0,0.5578384510699659
216568,1292042,1.0,0.6454691201326994
216571,1292045,1.0,0.6252775601744126
216576,1292051,1.0,0.8117624532259567
216581,1292056,1.0,0.7916740229489974
216582,1292058,1.0,0.5534328264134689
216585,1292061,1.0,0.7625714309273822
216589,1292065,1.0,0.8284349757173974
216591,1292067,1.0,0.6355768805100118
216592,1292068,1.0,0.5896685038828725
216595,1292071,1.0,0.7376711931726583
216599,1292076,1.0,0.7093024179178208
216600,1292077,1.0,0.7381013693850318
216612,1292090,1.0,0.7975398233098652
216614,1292092,1.0,0.8171107693535354
216618,1292096,1.0,0.8515826488101994
216629,1292110,1.0,0.85688539733013
216639,1292122,1.0,0.8438086511439498
216647,1292132,1.0,0.8242131087174352
216648,1292133,1.0,0.7206320508899655
216653,1292138,1.0,0.8492443081067145
216656,1292141,1.0,0.6956909866135004
216660,1292146,1.0,0.7875052609954819
216663,1292150,1.0,0.8659593368069701
216665,1292152,1.0,0.6305239401236976
216666,1292153,1.0,0.8287158351291278
216667,1292154,1.0,0.8336012645779767
216673,1292162,1.0,0.6134806573641344
216677,1292168,1.0,0.6514889558790955
216679,1292171,1.0,0.5974184098310092
216681,1292173,1.0,0.7605380734956576
216683,1292175,1.0,0.6197620352832863
216691,1292184,1.0,0.7036869436879494
216693,1292186,1.0,0.7046105369240346
216695,1292188,1.0,0.7161039583183386
216698,1292191,1.0,0.6929671651125648
216699,1292192,1.0,0.6842579694784606
216701,1292194,1.0,0.7222264716282125
216703,1292196,1.0,0.6998839739781059
216713,1292206,1.0,0.8557135119240789
216715,1292208,1.0,0.6318505334696538
216723,1292217,1.0,0.6936107188792638
216728,1292223,1.0,0.5963295990272071
216732,1292228,1.0,0.6545280639341347
216733,1292229,1.0,0.8448218581919379
216735,1292231,1.0,0.5911326852874028
216739,1292235,1.0,0.8541664572126257
216743,1292240,1.0,0.5911326852874028
216747,1292245,1.0,0.7106716869797218
216748,1292247,1.0,0.6831074645050115
216749,1292248,1.0,0.7327551510440072
216750,1292249,1.0,0.689190862934216
216751,1292250,1.0,0.8682766507844244
216754,1292253,1.0,0.672085863637427
216757,1292257,1.0,0.5248195374213548
216758,1292259,1.0,0.7325200820829146
216763,1292266,1.0,0.7219052938974344
216767,1292271,1.0,0.7454167836248526
216768,1292273,1.0,0.9101141622352956
216772,1292277,1.0,0.786515071428414
216773,1292278,1.0,0.8457524536143157
216774,1292279,1.0,0.723861326556558
216775,1292280,1.0,0.8148426615986927
216781,1292288,1.0,0.8302137563201214
216782,1292289,1.0,0.6581768192068288
216786,1292294,1.0,0.5739142535330995
216789,1292297,1.0,0.8431080045528425
216790,1292298,1.0,0.5063125547126274
216792,1292300,1.0,0.8577086125843322
216793,1292301,1.0,0.5424855519329571
216795,1292304,1.0,0.6991678903485039
216798,1292307,1.0,0.7854135572752603
216799,1292309,1.0,0.7174264308555005
216803,1292313,1.0,0.6022191803958222
216804,1292314,1.0,0.8330082510279042
216807,1292317,1.0,0.7002270679707282
216821,1292334,1.0,0.5790100139337023
216828,1292342,1.0,0.8060608930615609
216829,1292344,1.0,0.8163121790026808
216833,1292350,1.0,0.7008747893193934
216836,1292353,1.0,0.7682762566031497
216850,1292374,1.0,0.6613491786774545
216854,1292379,1.0,0.6704849083087702
216859,1292386,1.0,0.6252956331696256
216863,1292391,1.0,0.7054300410191768
216866,1292395,1.0,0.5347549616381106
216869,1292398,1.0,0.6603407247772977
216872,1292401,1.0,0.6243972207626087
216875,1292405,1.0,0.6897000802626492
216877,1292407,1.0,0.5143643373635878
216882,1292415,1.0,0.7441536036052036
216883,1292416,1.0,0.5911326852874028
216891,1292426,1.0,0.6497688770590815
216905,1292443,1.0,0.5113258300933281
216909,1292448,1.0,0.6746496972765862
216913,1292452,1.0,0.567276448101052
216914,1292456,1.0,0.5027840595242714
216918,1292461,1.0,0.6497128297364649
216921,1292465,1.0,0.6447370430064504
216922,1292467,1.0,0.6273423053295081
216923,1292468,1.0,0.8330082266363883
216924,1292469,1.0,0.6032286973049453
216926,1292472,1.0,0.7187182608665224
216931,1292477,1.0,0.6047834979258327
216934,1292481,1.0,0.6894100080871155
216937,1292485,1.0,0.7037867981651175
216938,1292486,1.0,0.6695588091203313
216945,1292495,1.0,0.6208415161520594
216954,1292510,1.0,0.5866476078338992
216955,1292511,1.0,0.5359884681291432
216956,1292513,1.0,0.7563467553687102
216958,1292516,1.0,0.5520708761134154
216960,1292518,1.0,0.7454638418006873
216962,1292520,1.0,0.6126610822620511
216969,1292527,1.0,0.5724903973610821
216975,1292535,1.0,0.6103164944325145
216977,1292537,1.0,0.8130591071808949
216980,1292541,1.0,0.6774710110024559
216983,1292545,1.0,0.6240623319977439
216985,1292547,1.0,0.6548285485601665
216994,1292558,1.0,0.6632775182333528
216997,1292562,1.0,0.6842904764030129
216998,1292563,1.0,0.5991096349895161
216999,1292564,1.0,0.7163119358059051
217001,1292566,1.0,0.5869891741027163
217003,1292568,1.0,0.5257126739033503
217005,1292570,1.0,0.7306024610442639
217011,1292576,1.0,0.6482463798224449
217023,1292592,1.0,0.8779397663811787
217045,1292619,1.0,0.6476490371268367
217059,1292635,1.0,0.7289862982710761
217063,1292639,1.0,0.8585544127465323
217072,1292653,1.0,0.7814471511231367
217089,1292674,1.0,0.7509440850736243
217090,1292675,1.0,0.6581768192068288
217099,1292687,1.0,0.8435768003913692
217101,1292690,1.0,0.8248016863346539
217102,1292691,1.0,0.7102791370756089
217103,1292693,1.0,0.5350692362207164
217121,1292718,1.0,0.6446475162336949
217123,1292720,1.0,0.5341103023237843
217125,1292723,1.0,0.6936577765303039
217129,1292728,1.0,0.6553021936055371
217131,1292730,1.0,0.6165145311748466
217138,1292738,1.0,0.6581768192068288
217139,1292739,1.0,0.6613709235795401
217143,1292743,1.0,0.6207215522281468
217150,1292752,1.0,0.7537245703050445
217155,1292759,1.0,0.652722317270531
217164,1292771,1.0,0.5752172983233088
217165,1292772,1.0,0.6324365163244422
217170,1292778,1.0,0.5689550427323539
217173,1292782,1.0,0.6342483790910397
217174,1292784,1.0,0.6964051766866282
217176,1292787,1.0,0.8114127915221268
217181,1292794,1.0,0.5370130629525851
217184,1292798,1.0,0.6139818114257857
217191,1292811,1.0,0.6001321401248058
217195,1292816,1.0,0.6222938725921666
217197,1292819,1.0,0.5449232842570914
217208,1292836,1.0,0.6207845953747716
217209,1292838,1.0,0.7833796418800559
217220,1292852,1.0,0.6911732503810584
217230,1292863,1.0,0.5458175292856197
217231,1292865,1.0,0.7053710850203376
217238,1292874,1.0,0.5307808852506285
217241,1292877,1.0,0.6924884594613006
217242,1292878,1.0,0.6298694967658303
217243,1292879,1.0,0.6083600365238465
217252,1292892,1.0,0.6234229402712544
217255,1292895,1.0,0.7184262318539771
217258,1292898,1.0,0.6775925512489214
217269,1292912,1.0,0.5375772786883204
217281,1292931,1.0,0.7472623405384071
217286,1292938,1.0,0.5935063802364957
217289,1292941,1.0,0.5174972542111198
217296,1292950,1.0,0.7835190649213658
217302,1292960,1.0,0.6272296522337055
217305,1292964,1.0,0.8680610214283098
217306,1292965,1.0,0.7495829614559062
217307,1292967,1.0,0.6545280639341347
217311,1292973,1.0,0.5190771539814178
217314,1292976,1.0,0.8414002612186107
217319,1292984,1.0,0.7087933055170313
217325,1292994,1.0,0.6502558199658364
217326,1292995,1.0,0.5662911307013768
217330,1293001,1.0,0.8781810339137629
217331,1293002,1.0,0.8361839872757754
217338,1293013,1.0,0.5329871018171551
217340,1293015,1.0,0.6067304564517263
217347,1293026,1.0,0.7125575247297559
217351,1293031,1.0,0.7531265156994401
217353,1293034,1.0,0.5933732204308335
217356,1293038,1.0,0.5861148199477155
217357,1293040,1.0,0.5598062835971404
217358,1293042,1.0,0.5705281226046022
217365,1293054,1.0,0.7975848078935118
217371,1293062,1.0,0.8841804159172891
217381,1293078,1.0,0.8545778729662965
217385,1293083,1.0,0.7693226831208867
217393,1293096,1.0,0.7316563951242439
217394,1293097,1.0,0.7877223976086107
217395,1293098,1.0,0.6889314067429056
217397,1293100,1.0,0.8311516852759244
217398,1293102,1.0,0.6868464988257582
217400,1293104,1.0,0.8197149268063538
217402,1293107,1.0,0.761195088231728
217404,1293109,1.0,0.6774890392207045
217406,1293112,1.0,0.8807903364034608
217407,1293114,1.0,0.7495939297653993
217409,1293117,1.0,0.8178401584597776
217413,1293121,1.0,0.7628273392212821
217416,1293125,1.0,0.5664857206512336
217418,1293128,1.0,0.7023659138782264
217419,1293129,1.0,0.5824643833863251
217423,1293133,1.0,0.6268462842559718
217428,1293139,1.0,0.6855499812383954
217431,1293142,1.0,0.7034174405500551
217434,1293145,1.0,0.7323390498149228
217435,1293147,1.0,0.5043273459484717
217436,1293150,1.0,0.6338269973610262
217437,1293151,1.0,0.5439215087551981
217439,1293153,1.0,0.7292128019190726
217444,1293159,1.0,0.5253620436694914
217447,1293163,1.0,0.6983193172946099
217448,1293164,1.0,0.5268623356491386
217454,1293170,1.0,0.8034764488671138
217455,1293171,1.0,0.6491128701689518
217456,1293172,1.0,0.7968286336785887
217461,1293178,1.0,0.5075507654321075
217462,1293179,1.0,0.5924574317607157
217464,1293181,1.0,0.7027057733528079
217474,1293193,1.0,0.6273016121217508
217475,1293194,1.0,0.5852736572685149
217480,1293200,1.0,0.6265489705427739
217481,1293201,1.0,0.5654118743062541
217485,1293207,1.0,0.6334050049759435
217493,1293216,1.0,0.8295427272220581
217494,1293217,1.0,0.6210251026780367
217504,1293233,1.0,0.5621091351271581
217506,1293236,1.0,0.5697893958256551
217508,1293240,1.0,0.7352375237326995
217521,1293257,1.0,0.8548210651698586
217525,1293261,1.0,0.6420148269407776
217538,1293276,1.0,0.7112005378956506
217541,1293279,1.0,0.8104830012601063
217542,1293280,1.0,0.6808666738234176
217543,1293281,1.0,0.701933039727605
217544,1293282,1.0,0.8358743521733869
217545,1293283,1.0,0.7314960376594221
217546,1293284,1.0,0.8324144323993751
217553,1293292,1.0,0.5967760680007632
217562,1293303,1.0,0.6918022494262922
217580,1293322,1.0,0.790695181019477
217584,1293326,1.0,0.6195676767177284
217590,1293332,1.0,0.792333188069548
217597,1293340,1.0,0.7345812757996618
217600,1293343,1.0,0.6627851217479307
217603,1293347,1.0,0.6300724964785711
217606,1293350,1.0,0.6090712861771832
217609,1293355,1.0,0.6243972207626087
217617,1293369,1.0,0.7241664318495608
217619,1293372,1.0,0.7558647607450977
217623,1293378,1.0,0.8451048160593275
217630,1293388,1.0,0.6795786955390851
217632,1293391,1.0,0.7052154645476193
217634,1293393,1.0,0.8110617767896088
217643,1293407,1.0,0.7190588449416303
217646,1293411,1.0,0.7527303744724998
217653,1293421,1.0,0.5540388481160837
217660,1293430,1.0,0.8306273156283117
217661,1293431,1.0,0.7262533054287914
217663,1293434,1.0,0.5667811845292086
217665,1293437,1.0,0.5654118743062541
217666,1293439,1.0,0.7029386899191975
217673,1293451,1.0,0.7714812412713808
217674,1293452,1.0,0.5690048463679749
217677,1293457,1.0,0.6643025762037448
217678,1293458,1.0,0.8386295547262727
217679,1293459,1.0,0.6620794962303791
217682,1293465,1.0,0.5190771539814178
217685,1293469,1.0,0.550226622957867
217687,1293472,1.0,0.5299582571180862
217688,1293473,1.0,0.6215909715893712
217689,1293475,1.0,0.6665796003930231
217690,1293477,1.0,0.5642701291075847
217691,1293479,1.0,0.705755341651394
217694,1293483,1.0,0.5697767107673282
217696,1293486,1.0,0.7196126327585349
217701,1293494,1.0,0.5650871359254093
217703,1293496,1.0,0.7224628323781805
217704,1293497,1.0,0.5184958517662905
217709,1293505,1.0,0.6210287753732251
217710,1293507,1.0,0.616929123195175
217719,1293526,1.0,0.639649624033553
217721,1293529,1.0,0.6041280909269509
217722,1293531,1.0,0.5949784640378467
217723,1293533,1.0,0.5347047763940055
217724,1293534,1.0,0.6126610822620511
217749,1293570,1.0,0.7281236785927508
217755,1293576,1.0,0.733843118494593
217756,1293578,1.0,0.6649904177613872
217757,1293579,1.0,0.6654863349855539
217758,1293580,1.0,0.6949455566481445
217764,1293586,1.0,0.8021305131858977
217765,1293587,1.0,0.6592904501393474
217768,1293590,1.0,0.8034764488671138
217769,1293591,1.0,0.5164028850047236
217770,1293593,1.0,0.6578846673727771
217772,1293595,1.0,0.6847593159541634
217775,1293598,1.0,0.6496620330262506
217777,1293600,1.0,0.6497688770590815
217778,1293601,1.0,0.8200522951572669
217779,1293602,1.0,0.5307636121219482
217781,1293604,1.0,0.6660591871772406
217783,1293606,1.0,0.8162555569202236
217785,1293608,1.0,0.7064256617550061
217786,1293609,1.0,0.8360769558029569
217787,1293610,1.0,0.5009828888035563
217788,1293611,1.0,0.6920200003933781
217789,1293613,1.0,0.7096288869092857
217793,1293617,1.0,0.741321200125698
217795,1293619,1.0,0.6622558325605693
217802,1293628,1.0,0.7096156486838048
217804,1293631,1.0,0.6501287912233851
217805,1293632,1.0,0.672085863637427
217807,1293635,1.0,0.8307795011010252
217810,1293638,1.0,0.7209340255691192
217811,1293639,1.0,0.6856560027146346
217812,1293640,1.0,0.6600575545673469
217814,1293642,1.0,0.7091916975295476
217817,1293645,1.0,0.5440772857214838
217818,1293646,1.0,0.6993843769189987
217819,1293647,1.0,0.6947017742104649
217822,1293650,1.0,0.7263487374329127
217824,1293653,1.0,0.7212603012901643
217825,1293654,1.0,0.7885311206190777
217826,1293655,1.0,0.7707826502633425
217827,1293656,1.0,0.6750272507429576
217828,1293657,1.0,0.7256637286759489
217832,1293661,1.0,0.5911326852874028
217834,1293663,1.0,0.7475120594185807
217835,1293664,1.0,0.8116911654239385
217838,1293668,1.0,0.6435553352791062
217839,1293669,1.0,0.8328401314682593
217843,1293673,1.0,0.5247787020084271
217844,1293674,1.0,0.5227636758572168
217845,1293676,1.0,0.7480898641755424
217849,1293680,1.0,0.6213730988565316
217852,1293683,1.0,0.6623596736503874
217857,1293690,1.0,0.7045312252235302
217873,1293707,1.0,0.7208493311049997
217877,1293711,1.0,0.6532528467153559
217878,1293712,1.0,0.5592216570597713
217880,1293714,1.0,0.7875576201881318
217883,1293718,1.0,0.8509137242769756
217889,1293724,1.0,0.5556591093081124
217890,1293725,1.0,0.7537068469053599
217898,1293734,1.0,0.7273525601997781
217899,1293735,1.0,0.7320943877461887
217900,1293736,1.0,0.7544251307451008
217901,1293738,1.0,0.7453503948649165
217902,1293739,1.0,0.6108024545800633
217906,1293746,1.0,0.6949444913731292
217908,1293749,1.0,0.686204758487675
217909,1293750,1.0,0.546111500731914
217913,1293755,1.0,0.7455552569165025
217918,1293761,1.0,0.7346081688766022
217925,1293769,1.0,0.6916899335017845
217930,1293776,1.0,0.6722677197337555
217938,1293789,1.0,0.538852511615958
217940,1293792,1.0,0.6507891728563887
217941,1293793,1.0,0.6396211533212421
217942,1293794,1.0,0.5479763352922774
217944,1293798,1.0,0.7740742373291188
217954,1293810,1.0,0.6182387999793649
217956,1293812,1.0,0.6804672739075649
217961,1293818,1.0,0.7911734704791467
217962,1293819,1.0,0.6554428193008597
217966,1293823,1.0,0.8234748596366605
217969,1293826,1.0,0.5991096349895161
217970,1293827,1.0,0.7353270494182058
217971,1293828,1.0,0.7679365864863265
217972,1293829,1.0,0.5434127707298767
217973,1293831,1.0,0.7967216495703097
217979,1293839,1.0,0.8598924093636484
217980,1293841,1.0,0.5777503779189711
217986,1293848,1.0,0.5969167190629128
217997,1293863,1.0,0.8365049188867828
217998,1293864,1.0,0.6465217362373928
218001,1293868,1.0,0.8330082266363883
218002,1293869,1.0,0.6038141372172617
218003,1293870,1.0,0.5133268526939703
218008,1293876,1.0,0.7329605491539746
218011,1293879,1.0,0.6861463566370068
218040,1293913,1.0,0.8530254035695068
218046,1293920,1.0,0.7548199680253712
218050,1293925,1.0,0.5833224620554214
218062,1293940,1.0,0.5454876724438052
218070,1293950,1.0,0.6882785117344138
218071,1293951,1.0,0.5347549616381106
218073,1293954,1.0,0.7952130403337719
218076,1293957,1.0,0.7521723737635911
218081,1293962,1.0,0.6977035887005397
218082,1293963,1.0,0.6305039455875519
218083,1293964,1.0,0.6797786623141926
218090,1293972,1.0,0.6336738645671035
218095,1293979,1.0,0.7122663045200449
218104,1293989,1.0,0.5852353888821931
218112,1293998,1.0,0.7064119207292472
218113,1293999,1.0,0.8550279087366897
218115,1294001,1.0,0.8538645589762294
218118,1294005,1.0,0.5878033313297132
218120,1294007,1.0,0.6070711510290734
218121,1294008,1.0,0.6778405899099584
218130,1294018,1.0,0.7794134681350616
218131,1294019,1.0,0.6245070151102551
218137,1294025,1.0,0.5298092176313822
218145,1294033,1.0,0.6501347615074866
218155,1294043,1.0,0.5952859387338448
218156,1294044,1.0,0.6784125490362949
218159,1294049,1.0,0.6699553022391925
218165,1294056,1.0,0.7936048115934129
218170,1294062,1.0,0.5217773028596783
218173,1294065,1.0,0.7239016410410417
218175,1294067,1.0,0.6318505334696538
218181,1294074,1.0,0.689190862934216
218187,1294080,1.0,0.5791466590886071
218188,1294082,1.0,0.6215779635146443
218189,1294083,1.0,0.8673505957108619
218190,1294084,1.0,0.836384741037388
218193,1294087,1.0,0.5194713248678867
218203,1294098,1.0,0.7155268449439229
218204,1294101,1.0,0.599343332209225
218210,1294107,1.0,0.5582145985949409
218219,1294120,1.0,0.8624115986376698
218224,1294125,1.0,0.8350571630233812
218225,1294126,1.0,0.6736520385660193
218233,1294136,1.0,0.6497688770590815
218253,1294159,1.0,0.6920905879346889
218267,1294176,1.0,0.5615678224370992
218276,1294188,1.0,0.6405201357901463
218281,1294196,1.0,0.578841472950025
218287,1294203,1.0,0.6365092048592309
218288,1294204,1.0,0.703135061422297
218294,1294211,1.0,0.6831074645050115
218295,1294212,1.0,0.7691714434483262
218302,1294223,1.0,0.7335606675875893
218303,1294224,1.0,0.7655879510375239
218306,1294227,1.0,0.6268495077282711
218310,1294231,1.0,0.5608923580363715
218312,1294233,1.0,0.8555240429466942
218314,1294236,1.0,0.7746657090517146
218315,1294237,1.0,0.5562702500226838
218322,1294247,1.0,0.7777798612121468
218324,1294249,1.0,0.7869438743502153
218330,1294256,1.0,0.7741311252734493
218331,1294257,1.0,0.7618922118114521
218334,1294261,1.0,0.6838759411484744
218335,1294262,1.0,0.6425546489877451
218336,1294264,1.0,0.6442056120135067
218338,1294266,1.0,0.5520045055346803
218341,1294272,1.0,0.5240555094576256
218342,1294273,1.0,0.7522137318674608
218343,1294274,1.0,0.55447324849701
218344,1294275,1.0,0.6264144835419078
218352,1294288,1.0,0.6361986893613334
218354,1294291,1.0,0.6817458386983344
218357,1294295,1.0,0.5491513792053981
218359,1294297,1.0,0.6764768700924697
218363,1294301,1.0,0.5205296260480472
218367,1294306,1.0,0.6697806451852762
218369,1294308,1.0,0.5253358012209303
218372,1294311,1.0,0.5963525604730193
218376,1294315,1.0,0.7107092951063742
218378,1294317,1.0,0.6493839146206836
218381,1294321,1.0,0.692402520046345
218388,1294330,1.0,0.7003655098949304
218389,1294332,1.0,0.6431143872749255
218390,1294333,1.0,0.6633671069798442
218392,1294335,1.0,0.622659580515651
218394,1294339,1.0,0.6740145868491493
218396,1294341,1.0,0.6220322678093039
218398,1294345,1.0,0.6181744448391928
218404,1294351,1.0,0.633767946967975
218407,1294356,1.0,0.6782207910039901
218409,1294358,1.0,0.741484187510209
218415,1294367,1.0,0.8779397663811787
218423,1294376,1.0,0.8399607236017769
218429,1294384,1.0,0.6396211533212421
218430,1294386,1.0,0.6234171564669804
218432,1294388,1.0,0.6146980339547711
218433,1294389,1.0,0.7661728002632092
218435,1294392,1.0,0.7475283000049826
218436,1294393,1.0,0.7045716557098217
218439,1294396,1.0,0.6423759539567322
218442,1294400,1.0,0.5911326852874028
218444,1294402,1.0,0.7050503951121074
218445,1294403,1.0,0.5952641083943921
218451,1294410,1.0,0.7456623480093153
218456,1294415,1.0,0.5902784309843843
218457,1294417,1.0,0.7367641028896025
218460,1294420,1.0,0.5935063802364957
218461,1294421,1.0,0.5868869248311501
218462,1294423,1.0,0.7188362460235926
218463,1294424,1.0,0.6635034733169106
218464,1294425,1.0,0.7392522960756681
218471,1294432,1.0,0.5275489779005423
218473,1294434,1.0,0.8331354930317776
218475,1294437,1.0,0.695896747703628
218477,1294439,1.0,0.5423041431534025
218478,1294441,1.0,0.8375946060412184
218480,1294443,1.0,0.7586873112515498
218483,1294448,1.0,0.6220014292774018
218484,1294449,1.0,0.6882465555020363
218487,1294452,1.0,0.7288595330288292
218488,1294453,1.0,0.7053857438013933
218491,1294457,1.0,0.6902622031182677
218492,1294458,1.0,0.6142162851027899
218494,1294461,1.0,0.7762128367298702
218495,1294462,1.0,0.5840215670773737
218496,1294463,1.0,0.6782433718556204
218497,1294464,1.0,0.7200243114308749
218500,1294467,1.0,0.6575630915274412
218504,1294471,1.0,0.6888832315165953
218507,1294474,1.0,0.8627921310122963
218510,1294478,1.0,0.5790889202695793
218513,1294481,1.0,0.6582841702417194
218517,1294486,1.0,0.6092333112181056
218519,1294488,1.0,0.5152552701200886
218520,1294490,1.0,0.8068902923438513
218521,1294491,1.0,0.5371857262425657
218522,1294493,1.0,0.5679971365707909
218524,1294498,1.0,0.6192956446221922
218525,1294499,1.0,0.6906462652178287
218526,1294500,1.0,0.7312912532715679
218528,1294502,1.0,0.8100852768515034
218531,1294506,1.0,0.5372994108146834
218533,1294509,1.0,0.7874705452273334
218536,1294512,1.0,0.8524575203156882
218537,1294513,1.0,0.7211663593566726
218538,1294514,1.0,0.558666844901066
218544,1294522,1.0,0.5431854147829712
218547,1294526,1.0,0.5594757009977936
218548,1294527,1.0,0.725645755718169
218549,1294528,1.0,0.695838608300169
218551,1294531,1.0,0.6989001092222339
218555,1294536,1.0,0.7519906595127264
218559,1294540,1.0,0.5213455426889747
218561,1294543,1.0,0.5651333719223818
218565,1294549,1.0,0.7063968423593299
218566,1294550,1.0,0.519516848528418
218567,1294551,1.0,0.8385065076176279
218573,1294559,1.0,0.7017961220376582
218578,1294565,1.0,0.8133286373262711
218580,1294567,1.0,0.697031007776604
218583,1294571,1.0,0.6199421442232408
218585,1294573,1.0,0.7024446951473016
218588,1294576,1.0,0.7985214158064992
218590,1294579,1.0,0.7714812412713808
218592,1294581,1.0,0.5073032722447606
218593,1294583,1.0,0.7448269351156561
218594,1294584,1.0,0.6468697878357474
218596,1294587,1.0,0.7915333051549229
218607,1294601,1.0,0.8603271730387148
218608,1294602,1.0,0.8316917461025803
218609,1294603,1.0,0.5685720258759827
218612,1294607,1.0,0.7053789355166716
218613,1294608,1.0,0.6180960465645566
218615,1294610,1.0,0.8430832281042424
218618,1294616,1.0,0.7139451183335069
218619,1294617,1.0,0.6786189272094365
218625,1294626,1.0,0.7129518152073905
218627,1294628,1.0,0.6759714128847741
218629,1294630,1.0,0.6165949589503205
218631,1294633,1.0,0.70892708292422
218632,1294634,1.0,0.5572429331536617
218636,1294640,1.0,0.6498693160462333
218641,1294646,1.0,0.6149096434403852
218644,1294650,1.0,0.7039530819661968
218646,1294652,1.0,0.5126301431388226
218647,1294653,1.0,0.8192647182079985
218650,1294659,1.0,0.5039687092731023
218651,1294661,1.0,0.7687038161317812
218653,1294664,1.0,0.6856139970948787
218657,1294668,1.0,0.6103064924474638
218658,1294669,1.0,0.7480357381157551
218659,1294670,1.0,0.7443230054366338
218665,1294682,1.0,0.5734977078238414
218667,1294687,1.0,0.6353514657045067
218668,1294688,1.0,0.7886253215335727
218670,1294690,1.0,0.778015973205657
218672,1294695,1.0,0.742595859395439
218673,1294696,1.0,0.5691961551723221
218675,1294698,1.0,0.7636917842901096
218677,1294702,1.0,0.6501808658532569
218679,1294705,1.0,0.7858172555199165
218681,1294707,1.0,0.5086562743138645
218689,1294719,1.0,0.830667454485616
218698,1294735,1.0,0.6120115983524
218701,1294744,1.0,0.658698336530587
218706,1294754,1.0,0.5164429277716333
218709,1294760,1.0,0.6231038752467497
218718,1294775,1.0,0.639649624033553
218719,1294776,1.0,0.8400834960716147
218730,1294790,1.0,0.6246420703915292
218733,1294796,1.0,0.7161565325062067
218739,1294804,1.0,0.5386339067559293
218753,1294823,1.0,0.6352723166895624
218754,1294824,1.0,0.6801761066043451
218757,1294827,1.0,0.67246629784334
218765,1294837,1.0,0.5321009255245791
218771,1294844,1.0,0.6638677644366444
218775,1294851,1.0,0.825550470449043
218776,1294852,1.0,0.6447370430064504
218778,1294857,1.0,0.5133789802645349
218779,1294858,1.0,0.6753922829503936
218782,1294861,1.0,0.7168890565537109
218786,1294866,1.0,0.7017457118575074
218789,1294869,1.0,0.7004502473776676
218799,1294879,1.0,0.5805506365666245
218801,1294881,1.0,0.7206030482741601
218802,1294882,1.0,0.7048728242862335
218804,1294885,1.0,0.5925984586459591
218806,1294888,1.0,0.5890359862048322
218807,1294890,1.0,0.5142392038181209
218808,1294892,1.0,0.5074883221213922
218809,1294894,1.0,0.6500956107132887
218810,1294895,1.0,0.7147654492154581
218811,1294896,1.0,0.6757162068084237
218819,1294913,1.0,0.7741407045257545
218837,1294939,1.0,0.7958942113975597
218840,1294943,1.0,0.502243766762167
218846,1294952,1.0,0.5253274925663532
218854,1294967,1.0,0.7730171038217438
218855,1294968,1.0,0.8313161495894854
218857,1294971,1.0,0.8406943415645409
218864,1294979,1.0,0.6385865526727893
218867,1294982,1.0,0.6930684270821473
218868,1294983,1.0,0.6098118763924446
218873,1294989,1.0,0.6519780710571276
218875,1294991,1.0,0.7228931774296833
218877,1294994,1.0,0.7004991968702348
218883,1295000,1.0,0.658123063116664
218884,1295001,1.0,0.6763639128101478
218887,1295005,1.0,0.7162791865762296
218888,1295007,1.0,0.6130395980497916
218891,1295011,1.0,0.500028852842763
218892,1295012,1.0,0.8435547870714644
218896,1295017,1.0,0.5891548928823513
218903,1295025,1.0,0.5754300670533545
218904,1295027,1.0,0.6434973084971682
218908,1295032,1.0,0.7659485843309882
218912,1295037,1.0,0.7645746089208308
218914,1295040,1.0,0.7953522015495573
218916,1295044,1.0,0.7355292151326044
218920,1295048,1.0,0.7899776994432812
218924,1295054,1.0,0.7420728693323083
218926,1295056,1.0,0.5107504491031275
218934,1295065,1.0,0.5730268864201564
218939,1295070,1.0,0.6583619104355253
218941,1295073,1.0,0.7454782745769976
218945,1295079,1.0,0.5388639565347337
218948,1295083,1.0,0.5711777617513896
218957,1295093,1.0,0.6995908832128312
218959,1295096,1.0,0.662180145619821
218974,1295118,1.0,0.7192452326305542
218975,1295119,1.0,0.7185537213199262
218978,1295123,1.0,0.8593574636028644
218981,1295126,1.0,0.7414977971419056
218982,1295127,1.0,0.7478273955336943
218987,1295133,1.0,0.7079299469058131
218990,1295137,1.0,0.5107504491031275
218992,1295139,1.0,0.7438364437995263
218994,1295141,1.0,0.7879791311594557
218997,1295144,1.0,0.7537691734779386
218998,1295145,1.0,0.5671713655883116
219010,1295160,1.0,0.6549874195262658
219012,1295162,1.0,0.7714812412713808
219015,1295166,1.0,0.5264469594434752
219017,1295168,1.0,0.842015983855956
219018,1295169,1.0,0.7125167167109633
219021,1295172,1.0,0.5254939898871381
219024,1295176,1.0,0.601095515602246
219027,1295179,1.0,0.6545341538869405
219028,1295180,1.0,0.7555377446345993
219029,1295181,1.0,0.8033745177806844
219032,1295185,1.0,0.8131699702019851
219033,1295186,1.0,0.6342483790910397
219037,1295192,1.0,0.5644878805738393
219039,1295194,1.0,0.8543545314629122
219043,1295198,1.0,0.7953714218462559
219049,1295205,1.0,0.5245697042658057
219050,1295206,1.0,0.7742311893495167
219059,1295217,1.0,0.8545841474880493
219066,1295225,1.0,0.7174648720643713
219072,1295235,1.0,0.7975897114628878
219074,1295238,1.0,0.7554844760903698
219092,1295264,1.0,0.6752577847436645
219096,1295269,1.0,0.5674280513579191
219099,1295275,1.0,0.8117178522141502
219102,1295279,1.0,0.6602143404771331
219103,1295280,1.0,0.8483568337310546
219108,1295288,1.0,0.5254939898871381
219112,1295294,1.0,0.6485144446549251
219124,1295308,1.0,0.709245541592951
219134,1295319,1.0,0.7553359077427909
219156,1295348,1.0,0.5969646713894992
219157,1295349,1.0,0.5208550047166783
219160,1295352,1.0,0.7520221640131329
219161,1295353,1.0,0.7817948513607101
219175,1295368,1.0,0.5226083884441304
219179,1295372,1.0,0.8114407653789639
219182,1295376,1.0,0.771087310132565
219186,1295381,1.0,0.8085888089601952
219200,1295400,1.0,0.6019295802898711
219202,1295402,1.0,0.5229661710862543
219206,1295406,1.0,0.6650690508301909
219213,1295415,1.0,0.5003264069417866
219218,1295421,1.0,0.6793318948130425
219222,1295425,1.0,0.8114407653789639
219226,1295429,1.0,0.7982186181693683
219228,1295431,1.0,0.5468759252753401
219229,1295433,1.0,0.7751608514277363
219232,1295437,1.0,0.7599901747546796
219234,1295440,1.0,0.5438647032662657
219244,1295454,1.0,0.6527329124813077
219246,1295457,1.0,0.7530120701305442
219247,1295458,1.0,0.662180145619821
219248,1295460,1.0,0.7407178177586788
219249,1295461,1.0,0.7743459697846076
219254,1295468,1.0,0.5911326852874028
219269,1295506,1.0,0.6517792266557156
219273,1295514,1.0,0.6559037769389437
219290,1295537,1.0,0.5582926830083833
219291,1295538,1.0,0.6162884457724368
219303,1295558,1.0,0.6262123287892561
219305,1295561,1.0,0.6009177223678649
219310,1295569,1.0,0.7657968152498144
219314,1295574,1.0,0.5774616227065429
219317,1295578,1.0,0.5319390134615593
219322,1295588,1.0,0.6502188992965349
219326,1295594,1.0,0.6009176260324979
219330,1295598,1.0,0.6302684764791138
219333,1295603,1.0,0.6357712077585282
219336,1295607,1.0,0.6029291454312047
219347,1295620,1.0,0.5502364996884941
219353,1295628,1.0,0.5881194620938647
219376,1295654,1.0,0.5650871359254093
219378,1295658,1.0,0.6130395980497916
219379,1295660,1.0,0.5671713655883116
219380,1295662,1.0,0.7835190649213658
219384,1295668,1.0,0.732118058418766
219385,1295669,1.0,0.5963898794452394
219388,1295674,1.0,0.6193314845199417
219394,1295681,1.0,0.7658224641132166
219414,1295717,1.0,0.7628121864803441
219416,1295722,1.0,0.5578384510699659
219419,1295729,1.0,0.671597234088722
219433,1295751,1.0,0.7685686032543005
219456,1295808,1.0,0.508163598108415
219458,1295814,1.0,0.8734677221391646
219471,1295837,1.0,0.644996556968068
219474,1295840,1.0,0.5971702383235047
219487,1295862,1.0,0.7707471922938606
219497,1295877,1.0,0.6624897848908545
219537,1295945,1.0,0.5075298780309452
219562,1295982,1.0,0.7642731051029726
219573,1295994,1.0,0.56930094140682
219575,1295999,1.0,0.6215763322811939
219576,1296000,1.0,0.7746127027750076
219586,1296014,1.0,0.7148887365063733
219588,1296016,1.0,0.6982439584369631
219593,1296023,1.0,0.652558202778456
219599,1296031,1.0,0.6793517134722742
219604,1296036,1.0,0.7066420519664568
219624,1296060,1.0,0.5002245214564447
219633,1296071,1.0,0.648279252855885
219640,1296079,1.0,0.854953732933884
219642,1296082,1.0,0.7702852529048161
219644,1296084,1.0,0.8434774596227913
219646,1296087,1.0,0.5010121539389815
219648,1296090,1.0,0.6246420703915292
219651,1296093,1.0,0.6121954701134441
219658,1296103,1.0,0.6265230335342276
219659,1296105,1.0,0.5717250943701445
219661,1296108,1.0,0.7539050580175061
219665,1296112,1.0,0.7343588511661624
219666,1296113,1.0,0.6933279956004521
219667,1296114,1.0,0.7066661134553562
219670,1296117,1.0,0.5520045055346803
219673,1296121,1.0,0.5373855235161087
219695,1296150,1.0,0.7875237802222108
219699,1296155,1.0,0.714064988516527
219700,1296156,1.0,0.5129998082165179
219719,1296179,1.0,0.728791314881334
219722,1296182,1.0,0.6626299527775152
219727,1296193,1.0,0.7350681854026822
219732,1296200,1.0,0.7070015863171871
219733,1296201,1.0,0.6049659211153937
219758,1296234,1.0,0.7256169409755366
219763,1296240,1.0,0.5570364677180027
219765,1296242,1.0,0.7605078508441554
219766,1296243,1.0,0.6447370430064504
219770,1296249,1.0,0.650542447474665
219771,1296250,1.0,0.7075852346541781
219777,1296257,1.0,0.7081932676358056
219781,1296262,1.0,0.7730587075871107
219789,1296273,1.0,0.666944692734989
219801,1296289,1.0,0.5956300290903243
219815,1296323,1.0,0.662151316591447
219816,1296324,1.0,0.7411286632433781
219835,1296351,1.0,0.6976373586299357
219837,1296354,1.0,0.7559566409296203
219844,1296366,1.0,0.6821659822780761
219845,1296367,1.0,0.5363256238436486
219850,1296374,1.0,0.7561642936842999
219852,1296376,1.0,0.7403656470745946
219856,1296382,1.0,0.8246734948547247
219866,1296398,1.0,0.5889091382062375
219868,1296401,1.0,0.6771740897429156
219898,1296445,1.0,0.6971615644869396
219911,1296466,1.0,0.6139818114257857
219916,1296474,1.0,0.608556844832643
219917,1296475,1.0,0.6624875764562755
219920,1296479,1.0,0.5746466635016615
219927,1296492,1.0,0.6611717628811569
219939,1296512,1.0,0.7771105145695679
219947,1296528,1.0,0.7693226831208867
219952,1296534,1.0,0.5637311241953118
219968,1296554,1.0,0.5413269800681508
219979,1296575,1.0,0.5004418696111527
220000,1296607,1.0,0.6458041075133919
220012,1296624,1.0,0.6661027723501771
220014,1296626,1.0,0.6609648015972256
220017,1296629,1.0,0.5096692055006584
220021,1296633,1.0,0.6564064929290186
220037,1296652,1.0,0.5967972291691134
220052,1296668,1.0,0.5325014295282214
220102,1296764,1.0,0.727815950559065
220112,1296780,1.0,0.6614032719135782
220130,1296799,1.0,0.5684090451011115
220163,1296847,1.0,0.6261991371921605
220185,1296876,1.0,0.6789898394093481
220195,1296891,1.0,0.5006841840866102
220216,1296928,1.0,0.7810755715680663
220234,1296985,1.0,0.752531812419153
220245,1297001,1.0,0.6686014837997153
220248,1297007,1.0,0.7880117578833262
220256,1297018,1.0,0.6010199753245714
220298,1297080,1.0,0.5164960202346768
220300,1297082,1.0,0.7285908277898504
220315,1297106,1.0,0.5289381848156074
220324,1297130,1.0,0.5660724204789387
220326,1297132,1.0,0.5633895087346831
220349,1297178,1.0,0.6268458261758982
220352,1297181,1.0,0.6544356078316315
220389,1297245,1.0,0.6481256251139278
220404,1297268,1.0,0.5414190818553847
220410,1297277,1.0,0.6799085422407906
220420,1297296,1.0,0.7152225097103035
220422,1297299,1.0,0.764832348339416
220437,1297332,1.0,0.6236179113036164
220452,1297357,1.0,0.7231285847773243
220482,1297400,1.0,0.6905641573641598
220509,1297446,1.0,0.8509429065245293
220519,1297473,1.0,0.7367453884325293
220520,1297474,1.0,0.6058552741929597
220525,1297487,1.0,0.5194359512981769
220535,1297511,1.0,0.6256495942319632
220562,1297557,1.0,0.540327761219242
220579,1297583,1.0,0.743201336399874
220582,1297586,1.0,0.6793356030752563
220588,1297595,1.0,0.7436964417679576
220591,1297598,1.0,0.7494567861661119
220606,1297618,1.0,0.5215166921839371
220612,1297625,1.0,0.6592094443243154
220637,1297656,1.0,0.6507234426208354
220707,1297753,1.0,0.6664393026877087
220709,1297757,1.0,0.740063567129665
220726,1297778,1.0,0.7883704994536315
220729,1297783,1.0,0.5359911227917026
220734,1297793,1.0,0.8166613353999224
220738,1297799,1.0,0.7176821599448665
220743,1297806,1.0,0.6328083181982964
220744,1297807,1.0,0.7966325813012779
220750,1297816,1.0,0.7242273422215482
220761,1297841,1.0,0.8521019815529078
220796,1297892,1.0,0.6739122706750118
220863,1297989,1.0,0.5103128894777469
220912,1298068,1.0,0.7538436155325855
220924,1298095,1.0,0.7526219184362014
220963,1298163,1.0,0.7488609571988405
221007,1298234,1.0,0.6654341069995295
221123,1298424,1.0,0.7627547717416071
221140,1298452,1.0,0.5783002430366075
221145,1298464,1.0,0.6434321799333903
221209,1298579,1.0,0.7071180875818369
221219,1298595,1.0,0.7748549017304637
221274,1298669,1.0,0.7852266005949877
221329,1298745,1.0,0.6930760471398317
221338,1298766,1.0,0.7539706112971218
221342,1298771,1.0,0.8417997440364835
221364,1298808,1.0,0.7543173410002046
221389,1298847,1.0,0.5444050342191467
221413,1298896,1.0,0.7301925202059338
221421,1298911,1.0,0.516276413089048
221426,1298917,1.0,0.7543656146722688
221479,1298994,1.0,0.5628125009308755
221568,1299105,1.0,0.600098298053106
221570,1299114,1.0,0.5825749385389581
221577,1299136,1.0,0.5086024837439365
221579,1299145,1.0,0.7805200085429465
221580,1299147,1.0,0.7137168468309598
221583,1299152,1.0,0.6981869798519865
221588,1299160,1.0,0.5560679765944482
221594,1299168,1.0,0.7337665490018007
221750,1299395,1.0,0.6848013336342794
221767,1299419,1.0,0.6057792313713345
221801,1299492,1.0,0.5011766615211476
221810,1299504,1.0,0.657466617194623
221815,1299513,1.0,0.6809887482309163
221832,1299537,1.0,0.7685075136780565
221913,1299651,1.0,0.7836903442165443
221923,1299664,1.0,0.7054168130928014
221943,1299698,1.0,0.5541436276531377
221961,1299727,1.0,0.624764451824167
221988,1299774,1.0,0.7202985004262277
221998,1299787,1.0,0.7567314165206573
222062,1299877,1.0,0.6336411462498559
222068,1299884,1.0,0.7503001723147562
222070,1299890,1.0,0.6743736186100787
222071,1299892,1.0,0.7907510279107165
222076,1299901,1.0,0.5505344423807949
222095,1299926,1.0,0.6489715186220909
222216,1300117,1.0,0.5791078608555628
222246,1300169,1.0,0.7226791300783273
222256,1300198,1.0,0.7117181013502432
222258,1300200,1.0,0.6195702833597931
222281,1300237,1.0,0.7519812357658991
222282,1300239,1.0,0.8296368669445561
222300,1300268,1.0,0.7609276978723165
222428,1300419,1.0,0.5593748452835393
222538,1300555,1.0,0.656317849438775
222729,1300779,1.0,0.8457167220813013
222808,1300868,1.0,0.6329583790599532
222836,1300919,1.0,0.7205196265664351
222926,1301027,1.0,0.6799529943736897
222952,1301062,1.0,0.7432177976331691
222953,1301063,1.0,0.7145566554399363
223197,1301385,1.0,0.5962037683463733
223291,1301508,1.0,0.6713483430313023
223310,1301544,1.0,0.8237418304908954
223324,1301563,1.0,0.7005681064301934
223337,1301580,1.0,0.5124016807520301
223346,1301594,1.0,0.7182769478295786
223361,1301614,1.0,0.5131485159993067
223366,1301620,1.0,0.5748231197553885
223369,1301625,1.0,0.6526183405132334
223480,1301779,1.0,0.6141209075563997
223497,1301803,1.0,0.524435708167644
223503,1301814,1.0,0.7001780668870962
223565,1301896,1.0,0.5703041330857794
223696,1302073,1.0,0.5196722113392677
223700,1302079,1.0,0.6317295323380082
223732,1302128,1.0,0.7141603510008979
223733,1302129,1.0,0.6135973856776483
223753,1302156,1.0,0.5916270768232178
223764,1302171,1.0,0.8367380783046598
223777,1302189,1.0,0.7360856787871516
223790,1302209,1.0,0.745184782954315
223881,1302322,1.0,0.5422017356851576
223892,1302360,1.0,0.7100501904690156
224050,1302557,1.0,0.5244303674033032
224081,1302603,1.0,0.6744701862334368
224084,1302609,1.0,0.7729629328881519
224085,1302610,1.0,0.7310990009387497
224099,1302632,1.0,0.5099842271905429
224139,1302689,1.0,0.7159823715938226
224162,1302720,1.0,0.583553985200292
224176,1302739,1.0,0.8400180823664893
224181,1302744,1.0,0.6858973513945007
224249,1302832,1.0,0.7913935451449514
224303,1302894,1.0,0.509782333351304
224505,1303150,1.0,0.7232221072036149
224527,1303184,1.0,0.6539622310053774
224529,1303187,1.0,0.6794258022727296
224552,1303219,1.0,0.584274473540424
224580,1303263,1.0,0.6843649017814436
224594,1303282,1.0,0.7086841007532773
224608,1303310,1.0,0.5469461135361253
224659,1303383,1.0,0.6529774814007812
224694,1303421,1.0,0.7341275308073848
224783,1303525,1.0,0.7971930458667704
224832,1303580,1.0,0.8283918798158735
224853,1303603,1.0,0.5742062225057079
224865,1303616,1.0,0.5587352674019018
224920,1303685,1.0,0.8390329475712655
224924,1303690,1.0,0.5906697756268459
224938,1303708,1.0,0.6092792621397205
224958,1303733,1.0,0.5197843653150884
224983,1303773,1.0,0.56513226798151
224984,1303776,1.0,0.5521797589657778
225014,1303833,1.0,0.5843234874249726
225038,1303891,1.0,0.8911697850451953
225053,1303928,1.0,0.7634559673074409
225058,1303938,1.0,0.768284943958493
225078,1303976,1.0,0.6416039882340235
225149,1304065,1.0,0.5195990042043942
225152,1304069,1.0,0.5571890556565386
225201,1304124,1.0,0.6961280760039404
225268,1304211,1.0,0.5991367944304264
225290,1304238,1.0,0.6834627625841015
225327,1304281,1.0,0.6951359880101765
225381,1304339,1.0,0.7745467168581204
225584,1304586,1.0,0.6163399271225127
225594,1304597,1.0,0.5208752897125811
225602,1304610,1.0,0.7111201157908102
225604,1304614,1.0,0.505651529549725
225610,1304622,1.0,0.7592329188713671
225639,1304666,1.0,0.5398113217229253
225644,1304676,1.0,0.7453522169422373
225649,1304682,1.0,0.5041729733605241
225650,1304685,1.0,0.7515953505801388
225674,1304712,1.0,0.7467373952584304
225725,1304773,1.0,0.7521723390627856
225737,1304790,1.0,0.5146763810442466
225746,1304802,1.0,0.7688828757531463
225890,1304987,1.0,0.7859741780216298
225964,1305074,1.0,0.6139624647222431
225975,1305085,1.0,0.5636068708170002
225999,1305117,1.0,0.5774723130950327
226001,1305121,1.0,0.6763496193009824
226002,1305122,1.0,0.6936625776853294
226071,1305308,1.0,0.7698448963105522
226075,1305312,1.0,0.7701066757626703
226114,1305358,1.0,0.7482360279833509
226175,1305422,1.0,0.6219874385925694
226197,1305449,1.0,0.5274010816580017
226202,1305454,1.0,0.5707873265642585
226233,1305493,1.0,0.6008275260015022
226260,1305532,1.0,0.5587839767497004
226261,1305533,1.0,0.7372330260226482
226274,1305554,1.0,0.7856031779392684
226442,1305756,1.0,0.6891599021836913
226447,1305761,1.0,0.798860548525452
226492,1305817,1.0,0.5098316300693848
226589,1305925,1.0,0.5595784969784333
226638,1306010,1.0,0.7510431030642112
226672,1306062,1.0,0.7185665136063745
226680,1306078,1.0,0.7373865629830821
226695,1306102,1.0,0.7057771946066004
226821,1306241,1.0,0.6587876932360974
226836,1306259,1.0,0.7921851163490891
226943,1306380,1.0,0.7375381375387231
226957,1306395,1.0,0.7426730773363489
226986,1306433,1.0,0.8047477029870251
227014,1306462,1.0,0.7250425074411475
227187,1306659,1.0,0.5887948550370042
227196,1306670,1.0,0.7649486675003528
227285,1306767,1.0,0.5402556518301725
227337,1306832,1.0,0.5535672213265417
227354,1306863,1.0,0.7161514488806788
227359,1306872,1.0,0.8651943772307477
227371,1306888,1.0,0.7026937115251403
227400,1306932,1.0,0.7461981591635054
227426,1306976,1.0,0.5458050408338101
227459,1307026,1.0,0.549488737556793
227472,1307046,1.0,0.738753022673696
227483,1307067,1.0,0.5128489612716103
227737,1307363,1.0,0.7524693053331775
227769,1307397,1.0,0.6926289228466725
227821,1307462,1.0,0.6622304720556403
227877,1307526,1.0,0.8020965916657209
227902,1307557,1.0,0.5140650128405599
227973,1307642,1.0,0.5570943004858875
228121,1307815,1.0,0.844972709148064
228149,1307929,1.0,0.6358715938624312
228179,1307977,1.0,0.6640352117135181
228224,1308029,1.0,0.7312154660565895
228276,1308097,1.0,0.5559798630502436
228284,1308106,1.0,0.7961564031878171
228346,1308188,1.0,0.8584779702045148
228445,1308311,1.0,0.5491225968192892
228611,1308498,1.0,0.7313532633213651
228627,1308516,1.0,0.6598071007108501
228630,1308519,1.0,0.6874900459092846
228686,1308585,1.0,0.5522540270866596
228701,1308603,1.0,0.5213334367953368
228802,1308710,1.0,0.8043303228108818
228885,1308795,1.0,0.6791429267761792
228996,1308921,1.0,0.9127598957348625
229194,1309162,1.0,0.6092369457193856
229196,1309165,1.0,0.7702515304878302
229280,1309256,1.0,0.8897983326718215
229392,1309386,1.0,0.6661929252389251
229488,1309507,1.0,0.7805756326162554
229535,1309559,1.0,0.8385105565303645
229571,1309598,1.0,0.7558432046238919
229629,1309665,1.0,0.8684087644425857
229680,1309722,1.0,0.8303991146425297
229735,1309779,1.0,0.7866928847582151
229840,1309901,1.0,0.6463971370263993
230090,1310182,1.0,0.634887429436058
230115,1310209,1.0,0.5127212001392407
230209,1310312,1.0,0.662216947616248
230478,1310608,1.0,0.7077309066520197
230541,1310686,1.0,0.66848086191802
230611,1310787,1.0,0.5459061172361522
230690,1310877,1.0,0.5084776681462142
230700,1310892,1.0,0.5413641853201434
230704,1310899,1.0,0.7428032082170543
230718,1310918,1.0,0.7993467408204781
230749,1310960,1.0,0.7346422047167934
230811,1311028,1.0,0.6515397775765407
230901,1311129,1.0,0.789465011546941
230951,1311187,1.0,0.603991416302361
231078,1311332,1.0,0.7039081041095581
231136,1311395,1.0,0.7209925936288784
231176,1311442,1.0,0.7440696858145636
231180,1311450,1.0,0.6599773609430093
231192,1311472,1.0,0.6659673824246862
231194,1311478,1.0,0.5323259453109931
231213,1311507,1.0,0.7155727218718165
231215,1311509,1.0,0.6170064764311163
231222,1311523,1.0,0.5018269483523071
231231,1311538,1.0,0.5674211557170263
231232,1311539,1.0,0.8717210082416162
231242,1311556,1.0,0.6232842424500662
231300,1311636,1.0,0.738761029801075
231428,1311785,1.0,0.7117092938428015
231606,1311989,1.0,0.9044103204159295
231629,1312018,1.0,0.707392812380173
231632,1312021,1.0,0.6933266432634904
231637,1312027,1.0,0.649959228085699
231665,1312070,1.0,0.8310227550297178
231702,1312115,1.0,0.652273056237849
231717,1312136,1.0,0.7483163215704555
231731,1312158,1.0,0.7192041729071533
231734,1312162,1.0,0.8543246193317325
231744,1312177,1.0,0.5526362541905586
231748,1312184,1.0,0.5707412582628048
231809,1312257,1.0,0.6537099102336076
231828,1312278,1.0,0.5940257168186213
231851,1312313,1.0,0.6659914002849985
231860,1312322,1.0,0.7657371845195824
231875,1312341,1.0,0.5006888837645942
231878,1312345,1.0,0.7679477406652251
231929,1312407,1.0,0.5847759271832984
231930,1312408,1.0,0.7546999210081674
232012,1312532,1.0,0.8981311289503522
232016,1312538,1.0,0.6090812421555539
232028,1312555,1.0,0.8136624980138504
232090,1312621,1.0,0.7463415732214201
232115,1312650,1.0,0.777404537640536
232184,1312725,1.0,0.738728706871619
232401,1312969,1.0,0.6526272417475967
232431,1313003,1.0,0.6213935817640783
232535,1313114,1.0,0.7369595753894899
232693,1313304,1.0,0.6894082732450252
232826,1313470,1.0,0.7775159690700124
233078,1313754,1.0,0.8053985183855448
233096,1313773,1.0,0.8091837131679913
233161,1313852,1.0,0.6438709782162322
233504,1314227,1.0,0.7748162978766141
233554,1314278,1.0,0.7548214794010416
233605,1314334,1.0,0.7751880264032933
233708,1314444,1.0,0.6173172159859621
233731,1314468,1.0,0.7128108891965022
233835,1314592,1.0,0.7881967910459574
233842,1314600,1.0,0.7221789796187916
233871,1314631,1.0,0.5168646543157198
233911,1314679,1.0,0.5192400983971428
233920,1314689,1.0,0.8033000955560758
233948,1314722,1.0,0.6088315774467783
233982,1314759,1.0,0.5600469234658189
234267,1315094,1.0,0.6982099175299611
234284,1315119,1.0,0.7095521085470491
234378,1315220,1.0,0.7608234497751261
234616,1315476,1.0,0.6941493516605317
234753,1315624,1.0,0.8172053102177557
234758,1315630,1.0,0.5016246278544015
235046,1315956,1.0,0.8184261866033297
235145,1316062,1.0,0.7468697564130534
235372,1316341,1.0,0.6370993129856646
235409,1316384,1.0,0.7381755211643625
235423,1316399,1.0,0.575065695328214
235433,1316413,1.0,0.507653755737825
235446,1316430,1.0,0.8079736552798322
235449,1316434,1.0,0.6747006925520382
235463,1316451,1.0,0.5046095426932035
235476,1316469,1.0,0.6471852296704519
235501,1316498,1.0,0.8528877488630049
235530,1316534,1.0,0.5486380281529464
235539,1316544,1.0,0.7761636660213644
235541,1316546,1.0,0.6922359178634813
235559,1316566,1.0,0.549222013473973
235609,1316624,1.0,0.7605284084708308
235880,1316922,1.0,0.5250899750840322
235914,1316960,1.0,0.8816772357059554
235919,1316965,1.0,0.6226799414510954
235957,1317009,1.0,0.5133403375356225
236003,1317063,1.0,0.5524250634336697
236185,1317269,1.0,0.8398048646299441
236258,1317351,1.0,0.5069371294753432
236359,1317464,1.0,0.6184935041875995
236361,1317466,1.0,0.6888643815924558
236441,1317566,1.0,0.764808796668594
236447,1317582,1.0,0.636689146441333
236451,1317586,1.0,0.7600954674041004
236452,1317587,1.0,0.8211646343141935
236483,1317623,1.0,0.8211938525654462
236500,1317642,1.0,0.6657724421710352
236504,1317647,1.0,0.6745026664233552
236507,1317655,1.0,0.6994899539424163
236533,1317690,1.0,0.7613779868636993
236545,1317702,1.0,0.7266554300214718
236663,1317825,1.0,0.7928694701703466
236682,1317846,1.0,0.5955360054983821
236692,1317861,1.0,0.6192037856830969
236795,1317974,1.0,0.8366557777209516
236977,1318179,1.0,0.5002635708111084
236997,1318200,1.0,0.782018533961769
237024,1318229,1.0,0.696364207191439
237042,1318255,1.0,0.5632132572106784
237048,1318263,1.0,0.6491691108736745
237272,1318510,1.0,0.7922450350417077
237277,1318516,1.0,0.6377037792328992
237346,1318597,1.0,0.8195377214631122
237349,1318600,1.0,0.74092002768773
237433,1318700,1.0,0.6771930924555127
237446,1318733,1.0,0.6619837179889758
237572,1318882,1.0,0.6423217454684991
237576,1318890,1.0,0.8375071469350595
237614,1318946,1.0,0.5193869984026396
237620,1318958,1.0,0.697461579649902
237632,1318973,1.0,0.7299348234505829
237653,1319001,1.0,0.6768376360278956
237667,1319033,1.0,0.5114689581627472
237709,1319080,1.0,0.5198250346776818
237722,1319095,1.0,0.7521703304691592
237743,1319123,1.0,0.5551689539050209
237780,1319166,1.0,0.5504306176813463
237996,1319405,1.0,0.6339624288822578
238031,1319442,1.0,0.6991085532379318
238048,1319464,1.0,0.6295807896752564
238070,1319488,1.0,0.7357494783325012
238202,1319641,1.0,0.7313545998806198
238247,1319693,1.0,0.5464913805354829
238343,1319800,1.0,0.5660845312870151
238373,1319833,1.0,0.7530217518745085
238455,1319921,1.0,0.5357869973923538
238554,1320035,1.0,0.8492434810649566
238585,1320089,1.0,0.6387404989833373
238644,1320157,1.0,0.5089313862506111
238660,1320177,1.0,0.8165389814876183
238679,1320197,1.0,0.6801420111442542
238691,1320214,1.0,0.5939126391301269
238716,1320252,1.0,0.7297606421429712
238726,1320263,1.0,0.5331137906431299
238758,1320303,1.0,0.6232341560004161
238837,1320388,1.0,0.6549810790693615
238943,1320513,1.0,0.934474875477296
239130,1320727,1.0,0.6271321900273015
239256,1320866,1.0,0.550639375329484
239307,1320920,1.0,0.7228957181185754
239358,1320977,1.0,0.5838330343867024
239387,1321008,1.0,0.6382103308645272
239412,1321039,1.0,0.550667170439873
239417,1321044,1.0,0.7222463321723579
239481,1321112,1.0,0.725117085184043
239560,1321219,1.0,0.6904684889516205
239575,1321253,1.0,0.7128601609369735
239798,1321539,1.0,0.7470578432672771
239808,1321552,1.0,0.5095157612411374
239811,1321556,1.0,0.6421197260230351
239965,1321726,1.0,0.695538019403678
239987,1321749,1.0,0.6912656798088807
240124,1321894,1.0,0.5220167109693942
240198,1321974,1.0,0.5221193557241247
240241,1322025,1.0,0.6219118672652449
240545,1322372,1.0,0.6328355195426195
240598,1322434,1.0,0.6012149790599798
240674,1322515,1.0,0.6098209786657436
240705,1322548,1.0,0.8144212957280509
240903,1322774,1.0,0.5689353940097622
240910,1322790,1.0,0.7119097869545052
240956,1322860,1.0,0.7618852542544724
240961,1322872,1.0,0.687825309489734
240966,1322878,1.0,0.5706439361884108
241285,1323228,1.0,0.76087675159029
241375,1323334,1.0,0.5644534408705427
241381,1323340,1.0,0.5067708271115126
241409,1323368,1.0,0.6763275093872271
241656,1323643,1.0,0.8282852166538955
241819,1323821,1.0,0.542801395756425
241845,1323848,1.0,0.5915126206986266
241895,1323905,1.0,0.7350745944456281
241896,1323906,1.0,0.6056117911771624
241904,1323914,1.0,0.6572942962926459
241921,1323934,1.0,0.5776604453336935
241946,1323961,1.0,0.7014792896830796
242121,1324165,1.0,0.6137032641619672
242152,1324205,1.0,0.70680206102916
242194,1324271,1.0,0.649871296327838
242216,1324302,1.0,0.6238355818681844
242355,1324456,1.0,0.6147924399457211
242399,1324502,1.0,0.7125784326657986
242411,1324518,1.0,0.783905762879726
242555,1324690,1.0,0.7043851413601198
242682,1324833,1.0,0.6965882861971985
242731,1324883,1.0,0.6995953933142995
242816,1324973,1.0,0.7262327799371666
242859,1325032,1.0,0.5249669959028593
242896,1325097,1.0,0.7073280382083924
242918,1325125,1.0,0.6732511632791233
242987,1325199,1.0,0.6857654132896305
243072,1325312,1.0,0.806288573016036
243075,1325322,1.0,0.7597837678242284
243088,1325341,1.0,0.7544854840358194
243103,1325366,1.0,0.6001588033539901
243120,1325391,1.0,0.7082197509227144
243144,1325431,1.0,0.7011236681015393
243440,1325761,1.0,0.6671960591554729
243441,1325762,1.0,0.6885951868214558
243445,1325766,1.0,0.8162372617486308
243455,1325780,1.0,0.6808135240153439
243587,1325934,1.0,0.6685855131008362
243641,1325993,1.0,0.6812704432448232
243804,1326174,1.0,0.724076028917914
243858,1326235,1.0,0.7816970254677907
243859,1326236,1.0,0.7985238493105915
243866,1326252,1.0,0.5181395579886133
243868,1326254,1.0,0.8520944689572736
243872,1326268,1.0,0.768154810955135
243940,1326344,1.0,0.6547280925293111
243945,1326350,1.0,0.6011874836805483
243946,1326351,1.0,0.7272396213384131
243948,1326355,1.0,0.6554409775112188
243982,1326401,1.0,0.7334650923750025
244037,1326470,1.0,0.5388570649776431
244066,1326507,1.0,0.6832264945240265
244070,1326512,1.0,0.6368745461868759
244192,1326641,1.0,0.7449282945644193
244295,1326767,1.0,0.5188386509527837
244322,1326799,1.0,0.6850846512859567
244407,1326890,1.0,0.61649693148806
244431,1326914,1.0,0.7123505769986292
244642,1327154,1.0,0.6478374431603429
244714,1327270,1.0,0.7846892564380977
244790,1327367,1.0,0.6829659014909919
244810,1327396,1.0,0.6647134983270981
244936,1327561,1.0,0.6683537384281617
244950,1327580,1.0,0.5334572462321368
244997,1327632,1.0,0.654054740748662
244998,1327634,1.0,0.8380787000429416
245080,1327728,1.0,0.6670501928356246
245168,1327829,1.0,0.6743281600244964
245267,1327941,1.0,0.5226542079317101
245280,1327956,1.0,0.5568871193635498
245418,1328110,1.0,0.7525841517131064
245519,1328231,1.0,0.6998074872207416
245569,1328297,1.0,0.596876117083346
246026,1328811,1.0,0.6337249035026683
246108,1328901,1.0,0.6516757532724821
246114,1328910,1.0,0.6988981374111453
246138,1328936,1.0,0.5776604453336935
246334,1329162,1.0,0.6481131166888837
246336,1329165,1.0,0.6158762276527534
246500,1329358,1.0,0.7828425874255354
246567,1329440,1.0,0.6936627804783994
246593,1329467,1.0,0.6444387731435703
246783,1329685,1.0,0.7158512478703157
246909,1329827,1.0,0.7274939453148132
246939,1329860,1.0,0.5781946684840308
247187,1330132,1.0,0.5542173720836416
247272,1330238,1.0,0.7324153254304179
247381,1330364,1.0,0.5855009436014896
247420,1330410,1.0,0.589018084830567
247618,1330625,1.0,0.6745963375251603
247625,1330641,1.0,0.5481880829860121
247715,1330749,1.0,0.5527922811683866
247728,1330764,1.0,0.7432934457154634
247746,1330784,1.0,0.9610603947626059
247863,1330941,1.0,0.6142546904188936
247873,1330958,1.0,0.7533762192109141
247877,1330966,1.0,0.7262221718627155
247883,1330977,1.0,0.5580678155797972
247894,1330996,1.0,0.6941852847468464
248027,1331156,1.0,0.5726111880660105
248100,1331234,1.0,0.5102291768475176
248235,1331379,1.0,0.7886697963511226
248279,1331430,1.0,0.7006388826345317
248280,1331432,1.0,0.7400293735184651
248357,1331521,1.0,0.7198547851729807
248385,1331559,1.0,0.614261611823443
248441,1331621,1.0,0.6922535714536774
248491,1331675,1.0,0.7160779014403625
248584,1331777,1.0,0.5581828576903666
248627,1332043,1.0,0.7180642418708535
248651,1332080,1.0,0.7145809797544799
248665,1332103,1.0,0.7475462649304638
248677,1332123,1.0,0.6648051121992316
248704,1332153,1.0,0.6045650974833086
248890,1332361,1.0,0.6813985184255168
248926,1332402,1.0,0.5158656353584998
248973,1332455,1.0,0.5856505685519464
249079,1332582,1.0,0.710898614128418
249083,1332587,1.0,0.6274676444715835
249085,1332590,1.0,0.6957472492424982
249146,1332655,1.0,0.597544406463775
249160,1332671,1.0,0.532489878906277
249220,1332734,1.0,0.5169294302329653
249487,1333047,1.0,0.6873393211464885
249501,1333066,1.0,0.5926092626542491
249502,1333067,1.0,0.634983483152193
249518,1333088,1.0,0.6902866931343378
249523,1333097,1.0,0.570357775471048
249599,1333183,1.0,0.73726711655724
249737,1333334,1.0,0.5613871071647849
250054,1333688,1.0,0.6387734618313841
250270,1333925,1.0,0.9351138178345697
250289,1333952,1.0,0.5595298214980475
250502,1334200,1.0,0.7028124098765258
250526,1334227,1.0,0.7421796123283416
250546,1334254,1.0,0.7791939054469839
250572,1334287,1.0,0.6202352126390525
250593,1334320,1.0,0.5127405076889815
250616,1334355,1.0,0.7843751780821325
250635,1334374,1.0,0.5936856519210039
250914,1334683,1.0,0.6914563824117267
250958,1334733,1.0,0.5388666659720659
250977,1334757,1.0,0.6733961021520103
251060,1334854,1.0,0.5760900272284334
251139,1334944,1.0,0.50972136725817
251142,1334950,1.0,0.6012596694802055
251221,1335037,1.0,0.577575624809684
251418,1335281,1.0,0.786117877943144
251438,1335309,1.0,0.6771031898283172
251440,1335311,1.0,0.7287880224016104
251444,1335317,1.0,0.5733859258044217
251454,1335335,1.0,0.5008512733729383
251695,1335629,1.0,0.6784235785928915
251758,1335706,1.0,0.6160668525736986
251808,1335764,1.0,0.6408878265793628
251833,1335794,1.0,0.663387226122746
251834,1335795,1.0,0.6000621048244824
251900,1335867,1.0,0.548140570928598
251958,1335926,1.0,0.5758506116587201
252090,1336069,1.0,0.6173183076339788
252112,1336106,1.0,0.591068480489003
252152,1336165,1.0,0.5987465407051745
252188,1336205,1.0,0.7874088081342379
252255,1336302,1.0,0.6849886417075661
252257,1336304,1.0,0.6800519605871437
252270,1336325,1.0,0.7275126894875877
252282,1336342,1.0,0.6426977107188164
252302,1336374,1.0,0.6948571124870646
252321,1336398,1.0,0.8036439992034411
252712,1336867,1.0,0.7528789291455501
252823,1336997,1.0,0.6106215899335324
252856,1337037,1.0,0.7421870137193907
252898,1337082,1.0,0.5128129315362409
252936,1337129,1.0,0.5246078076738955
253177,1337402,1.0,0.6237284304528277
253208,1337435,1.0,0.5608120789903309
253241,1337477,1.0,0.601247165538775
253243,1337482,1.0,0.7232897907979575
253249,1337507,1.0,0.7384474648241243
253276,1337544,1.0,0.7314291158014349
253319,1337605,1.0,0.7512092126641945
253340,1337638,1.0,0.5499302182504189
253367,1337671,1.0,0.6612533237420202
253392,1337700,1.0,0.6145894796169947
253464,1337782,1.0,0.6930297533493572
253466,1337784,1.0,0.6485489571532835
253562,1337892,1.0,0.5519936794937562
253931,1338301,1.0,0.572801409672842
254150,1338558,1.0,0.5439189008751776
254211,1338640,1.0,0.7769632591638144
254219,1338650,1.0,0.7675053638095144
254220,1338651,1.0,0.7632013250191556
254235,1338670,1.0,0.5157323090307424
254239,1338677,1.0,0.5701874187045709
254289,1338732,1.0,0.5958211028831675
254366,1338816,1.0,0.6819295071040489
254376,1338828,1.0,0.5399900069993822
254400,1338852,1.0,0.566344406907293
254434,1338889,1.0,0.5761001633327325
254476,1338937,1.0,0.8521630765885548
254620,1339109,1.0,0.5877732264848853
254631,1339121,1.0,0.5138438311979124
254656,1339151,1.0,0.5348124555906846
254657,1339152,1.0,0.7147840119467044
254769,1339277,1.0,0.7752692801291653
254771,1339279,1.0,0.6626334783794527
255019,1339688,1.0,0.6658240006837267
255020,1339691,1.0,0.5443891915467961
255025,1339698,1.0,0.6071439674940665
255184,1339904,1.0,0.6949517150830486
255240,1339966,1.0,0.5624698130496019
255286,1340014,1.0,0.7034479513575865
255289,1340017,1.0,0.7211909361034681
255296,1340024,1.0,0.5834916222374568
255344,1340075,1.0,0.7529298425575272
255504,1340260,1.0,0.515223089775917
255681,1340455,1.0,0.5950853784594783
255794,1340574,1.0,0.5980566049689555
255867,1340674,1.0,0.5191703851294509
255869,1340676,1.0,0.7454368436871681
255919,1340732,1.0,0.5345414025996061
255948,1340776,1.0,0.6159231314442466
255956,1340784,1.0,0.7065354325792443
255978,1340814,1.0,0.6416712808543564
256108,1340957,1.0,0.6568220357718348
256228,1341094,1.0,0.5985376083019737
256657,1341582,1.0,0.6328509171554497
256803,1341766,1.0,0.601329364637329
256896,1341911,1.0,0.8554382675333639
256914,1341944,1.0,0.748613797531756
256925,1341966,1.0,0.6737008434143683
257072,1342123,1.0,0.62010650895116
257111,1342166,1.0,0.5089153043015338
257178,1342244,1.0,0.9356992627391914
257195,1342267,1.0,0.6179901591874077
257330,1342425,1.0,0.5567176846311865
257331,1342426,1.0,0.5705497789498821
257375,1342480,1.0,0.5123542261768127
257450,1342560,1.0,0.5779358889649299
257527,1342642,1.0,0.5644240082768097
257553,1342684,1.0,0.6024880158079451
257554,1342686,1.0,0.5773531165450971
257557,1342697,1.0,0.5222551817555693
257729,1342898,1.0,0.6441424762481099
257840,1343033,1.0,0.6779487440098847
257912,1343115,1.0,0.5918834713763105
258077,1343312,1.0,0.569154210956562
258094,1343330,1.0,0.5863271743382397
258191,1343438,1.0,0.6593841827626017
258230,1343481,1.0,0.5825520194142326
258375,1343664,1.0,0.6356313227960341
258394,1343687,1.0,0.5627224758786157
258502,1343811,1.0,0.7494491231868089
258604,1343927,1.0,0.9275784544486144
258696,1344024,1.0,0.5085545701611949
258736,1344069,1.0,0.5755018194411265
258826,1344174,1.0,0.5613580026779402
258922,1344287,1.0,0.6688422805769266
258985,1344359,1.0,0.560086027280131
259010,1344388,1.0,0.5556482699588102
259174,1344568,1.0,0.6669545179483756
259179,1344573,1.0,0.5395519427585483
259187,1344583,1.0,0.5836987654902412
259216,1344612,1.0,0.6230870285706377
259364,1344785,1.0,0.7160691745069168
259378,1344808,1.0,0.5906165225580121
259402,1344838,1.0,0.5335378625186054
259523,1344973,1.0,0.6848040443797196
259801,1345310,1.0,0.6117410846272882
259948,1345489,1.0,0.6541469311753093
260110,1345697,1.0,0.5321012526961666
260254,1345880,1.0,0.5772160190902698
260255,1345881,1.0,0.6303951824181042
260598,1346288,1.0,0.5994222708048764
260708,1346412,1.0,0.7263857699644222
260769,1346483,1.0,0.6859938067324692
261112,1346857,1.0,0.6878826704597549
261292,1347104,1.0,0.6781856249674765
261304,1347122,1.0,0.5114553474941341
261315,1347135,1.0,0.864337297862066
261458,1347308,1.0,0.5566587533130425
261596,1347465,1.0,0.5468284344526563
261682,1347559,1.0,0.6828021110420147
261693,1347574,1.0,0.525379021133699
261702,1347591,1.0,0.6521106737312612
261757,1347670,1.0,0.5850670233509895
261965,1347934,1.0,0.7309614420430638
262115,1348119,1.0,0.5715355454977948
262176,1348186,1.0,0.5853759654336933
262215,1348230,1.0,0.5795929232280943
262297,1348321,1.0,0.711046976169174
262789,1349115,1.0,0.6137948519957193
262822,1349151,1.0,0.6874364493813578
262916,1349271,1.0,0.6460124650108515
263022,1349400,1.0,0.8580041641452607
263189,1349595,1.0,0.5334561054303413
263246,1349661,1.0,0.5557348970894074
263288,1349724,1.0,0.5072283638059892
263473,1349960,1.0,0.5918410989445594
263520,1350009,1.0,0.5274545999726493
263780,1350302,1.0,0.652348049520063
263807,1350339,1.0,0.5064139162120171
263829,1350369,1.0,0.7079562067322505
263893,1350442,1.0,0.5009545113284184
264146,1350771,1.0,0.6216425509789842
264332,1350997,1.0,0.6607060760403748
264349,1351016,1.0,0.7155975764404252
264398,1351077,1.0,0.6233930188193901
264406,1351089,1.0,0.6347084123849607
264523,1351227,1.0,0.5622068495866711
264586,1351303,1.0,0.7712494917667653
264591,1351310,1.0,0.7003084992092167
264660,1351412,1.0,0.7662893939036712
264954,1351851,1.0,0.6122001372851849
264969,1351879,1.0,0.5138546000682275
264977,1351893,1.0,0.5903443538164894
265073,1352009,1.0,0.660706731849692
265471,1352461,1.0,0.5149255336643763
265566,1352567,1.0,0.6475441859046119
265785,1352846,1.0,0.5042114142194686
265797,1352863,1.0,0.7748547594306817
265810,1352885,1.0,0.5478429370206421
265812,1352887,1.0,0.616162784416556
266054,1353157,1.0,0.6580488948569244
266304,1353452,1.0,0.513821287665919
266433,1353607,1.0,0.5809435106593257
266435,1353611,1.0,0.7317313517509992
266443,1353619,1.0,0.694784195809432
266597,1353816,1.0,0.5645922401451651
266782,1354028,1.0,0.5343866754028161
266800,1354048,1.0,0.5575917356596802
266806,1354054,1.0,0.5208658043261396
266813,1354064,1.0,0.6752605074851888
266890,1354155,1.0,0.6562121509000413
266892,1354157,1.0,0.5218995691333022
266933,1354204,1.0,0.7206898194605933
266958,1354230,1.0,0.5227627841255521
267059,1354360,1.0,0.6186344849211898
267094,1354406,1.0,0.5291498896961413
267121,1354445,1.0,0.523236288847027
267226,1354568,1.0,0.6940517719751748
267538,1354919,1.0,0.6958901378515968
267577,1354964,1.0,0.6747769604993904
267587,1354974,1.0,0.6058915686142337
267635,1355027,1.0,0.6489010143227677
267650,1355057,1.0,0.5719505459922486
267705,1355123,1.0,0.7533910653640933
267832,1355315,1.0,0.5234880930846922
267966,1355464,1.0,0.56701221139704
268090,1355603,1.0,0.5457491560879376
268171,1355691,1.0,0.6043344035096432
268365,1355907,1.0,0.615240626915429
268478,1356040,1.0,0.599765585157389
268480,1356043,1.0,0.5057517661233898
268535,1356123,1.0,0.6160218296732245
268574,1356183,1.0,0.5025326866383237
268759,1356387,1.0,0.7401332512206682
268916,1356559,1.0,0.597547235963352
269066,1356720,1.0,0.6039513066490392
269198,1356871,1.0,0.571383888966008
269293,1356977,1.0,0.6692515228651568
269457,1357204,1.0,0.7440982438094145
269471,1357231,1.0,0.9028241105702871
269509,1357282,1.0,0.6239630506166528
269769,1357569,1.0,0.607966272001089
269883,1357696,1.0,0.6620866316886947
269909,1357727,1.0,0.560307408757136
269910,1357728,1.0,0.703262811595489
269962,1357805,1.0,0.5042321945483518
269995,1357849,1.0,0.6551403864805613
269997,1357853,1.0,0.7356682113479953
270007,1357867,1.0,0.5078736182199439
270025,1357892,1.0,0.6603688079606106
270070,1357946,1.0,0.5375591846753149
270348,1358262,1.0,0.7524230903503591
270352,1358269,1.0,0.5224730482302046
270381,1358300,1.0,0.8575532041184709
270415,1358335,1.0,0.6089500691519606
270588,1358533,1.0,0.6679456829782265
270592,1358539,1.0,0.5488181766533697
270767,1358759,1.0,0.6154948775465134
270834,1358838,1.0,0.8542268515844729
270873,1358881,1.0,0.8436752808240997
271162,1359204,1.0,0.6093120982952607
271228,1359276,1.0,0.6486445508990862
271516,1359640,1.0,0.5553310966959816
271532,1359670,1.0,0.5983393274886523
271542,1359685,1.0,0.5186759026257285
271745,1359916,1.0,0.5585486741613834
271771,1359944,1.0,0.6223211674127457
271780,1359956,1.0,0.538100228031023
271817,1359997,1.0,0.6865662700449965
271841,1360025,1.0,0.6615418721780905
271989,1360190,1.0,0.5718240177649525
272043,1360248,1.0,0.578593051800508
272197,1360474,1.0,0.7757329877939417
272206,1360490,1.0,0.6067834372082562
272221,1360512,1.0,0.5033114700519071
272228,1360523,1.0,0.5337697692424332
272416,1360737,1.0,0.5260981082364933
272497,1360827,1.0,0.5957052546202667
272579,1360924,1.0,0.5817194728865881
272580,1360925,1.0,0.7985349015280815
272687,1361084,1.0,0.6602699666959037
272724,1361138,1.0,0.7139230656238775
272737,1361155,1.0,0.5357302590299255
272980,1361444,1.0,0.5179801676720344
273076,1361547,1.0,0.6097788854729644
273137,1361615,1.0,0.5309107993597469
273831,1362440,1.0,0.6039787980888628
273872,1362490,1.0,0.9364334288505197
273925,1362551,1.0,0.7879202318183725
273941,1362587,1.0,0.8352534542920508
274024,1362686,1.0,0.7234021639915641
274061,1362737,1.0,0.8868997286855956
274063,1362740,1.0,0.673169086217742
274181,1362881,1.0,0.7192139312630271
274201,1362905,1.0,0.6593874349571691
274401,1363158,1.0,0.9047722710556824
274406,1363165,1.0,0.7965399289985491
274517,1363297,1.0,0.6834954405717524
274899,1363702,1.0,0.5981150419902246
274989,1363840,1.0,0.5733876004842566
274996,1363850,1.0,0.7204740455971518
275093,1363972,1.0,0.5840485598521056
275185,1364084,1.0,0.5740827376951212
275316,1364233,1.0,0.6118269825495614
275342,1364261,1.0,0.6563937047737841
275426,1364372,1.0,0.6460766532684767
275440,1364389,1.0,0.6637816899876966
275920,1365001,1.0,0.5010624329655399
275922,1365003,1.0,0.6916711353434852
275935,1365022,1.0,0.9057539797504071
276119,1365270,1.0,0.5513947109316786
276172,1365334,1.0,0.6516331336824941
276181,1365348,1.0,0.8272525103613464
276231,1365404,1.0,0.5341091853185607
276315,1365503,1.0,0.6657939280013365
276350,1365610,1.0,0.8416281186958935
276402,1365686,1.0,0.8723520514374069
276404,1365689,1.0,0.6441323940579865
276597,1365933,1.0,0.5713222267977465
276783,1366206,1.0,0.5381757436073056
276981,1366464,1.0,0.5412958175498678
277095,1366617,1.0,0.6195948932696949
277177,1366732,1.0,0.6944808086296282
277220,1366787,1.0,0.6562021983890524
277226,1366798,1.0,0.5381359561810275
277266,1366865,1.0,0.6815701281400407
277276,1366878,1.0,0.6675715756122439
277298,1366909,1.0,0.7115057898080944
277300,1366912,1.0,0.6740544384545298
277313,1366928,1.0,0.6812459020560656
277400,1367066,1.0,0.6740454832410137
277510,1367207,1.0,0.62957815693406
277579,1367299,1.0,0.7420308178876033
277584,1367304,1.0,0.775066573209255
277610,1367338,1.0,0.6278928622918044
277612,1367342,1.0,0.6330427770521924
277621,1367367,1.0,0.6349017785860872
277642,1367413,1.0,0.7595257051395838
277644,1367415,1.0,0.5276430476715329
277658,1367437,1.0,0.6208464710338124
277695,1367493,1.0,0.5305486881662397
277720,1367530,1.0,0.7089013989972012
277722,1367533,1.0,0.6328083108619871
277866,1367731,1.0,0.7079731873375593
277881,1367754,1.0,0.6697292409787295
277986,1367876,1.0,0.67739241487223
278134,1368049,1.0,0.6780727196385439
278175,1368097,1.0,0.6625026092527418
278201,1368130,1.0,0.70577426649701
278221,1368152,1.0,0.5766848649833622
278345,1368290,1.0,0.6349140643571102
278364,1368323,1.0,0.5976656679253181
278426,1368402,1.0,0.6063907994816251
278439,1368427,1.0,0.6298706910087797
278635,1368657,1.0,0.573300708663479
278755,1368798,1.0,0.9388013788703078
278822,1368884,1.0,0.7054094383831937
278829,1368891,1.0,0.6918000845641253
278884,1368959,1.0,0.6497932897097927
279022,1369140,1.0,0.6455455281060475
279045,1369180,1.0,0.6691685091607976
279054,1369196,1.0,0.6540541946039985
279316,1369499,1.0,0.7428910332798421
279330,1369517,1.0,0.6968233214581433
279343,1369541,1.0,0.7070192066924684
279427,1369677,1.0,0.6885676965304728
279437,1369690,1.0,0.6557838728360431
279698,1369985,1.0,0.7037612286079913
279733,1370021,1.0,0.6450250191500907
279765,1370065,1.0,0.6985177760803062
279901,1370228,1.0,0.5491203764209803
279942,1370282,1.0,0.6138320060813374
280159,1370542,1.0,0.6095184790645463
280231,1370664,1.0,0.565589300429088
280232,1370667,1.0,0.9306121482644145
280234,1370669,1.0,0.6433905885540938
280275,1370737,1.0,0.5043531126352035
280283,1370749,1.0,0.5701999340518007
280284,1370752,1.0,0.7174859296180942
280306,1370787,1.0,0.8208471326017046
280313,1370795,1.0,0.5184196538593457
280334,1370834,1.0,0.5521707362498822
280413,1370928,1.0,0.619328206878736
280414,1370929,1.0,0.6404317650114538
280517,1371096,1.0,0.5396232250848447
280542,1371129,1.0,0.5562609791855924
280544,1371131,1.0,0.5793099730698744
280547,1371136,1.0,0.6076416631579004
280566,1371163,1.0,0.5806034184816194
280615,1371241,1.0,0.5167145822001044
280644,1371292,1.0,0.6256962347918267
280656,1371309,1.0,0.9016811299177182
280800,1371528,1.0,0.5176556263209572
280881,1371642,1.0,0.6630037223697348
280968,1371745,1.0,0.5702508758478315
281029,1371814,1.0,0.6335342128649062
281374,1372235,1.0,0.851741888469767
281439,1372324,1.0,0.6378680969036084
281462,1372362,1.0,0.6078031925640102
281671,1372630,1.0,0.5112850640127139
281701,1372665,1.0,0.5956874604852148
281715,1372690,1.0,0.593139983053505
281716,1372691,1.0,0.5740878797281885
281746,1372738,1.0,0.7864572150591749
281846,1372893,1.0,0.7359249687712922
282060,1373145,1.0,0.7145527385073482
282073,1373166,1.0,0.5063515161460309
282092,1373189,1.0,0.7835705795592559
282093,1373190,1.0,0.8983643520805232
282114,1373227,1.0,0.5978756120045206
282137,1373271,1.0,0.820311954234368
282146,1373286,1.0,0.6373936963695614
282252,1373428,1.0,0.7995675240960815
282259,1373438,1.0,0.766298959638683
282275,1373469,1.0,0.8129133674492287
282287,1373489,1.0,0.6780755845075194
282358,1373612,1.0,0.7748620152415829
282421,1373687,1.0,0.6941067693125931
282461,1373739,1.0,0.5463622444070255
282575,1373907,1.0,0.5168313694673171
282593,1373937,1.0,0.7517951097253074
282595,1373939,1.0,0.5800253023257257
282615,1373977,1.0,0.8349011398485547
282636,1374022,1.0,0.6038483382077061
282731,1374155,1.0,0.955337974517692
282765,1374205,1.0,0.7720167215559741
282772,1374218,1.0,0.8072199868839266
282777,1374227,1.0,0.7632301965935344
282779,1374231,1.0,0.8906878887293382
282844,1374342,1.0,0.8564563199483191
282847,1374348,1.0,0.512117498797831
282854,1374359,1.0,0.6667142696410797
282905,1374449,1.0,0.7573013956146198
282983,1374566,1.0,0.7341730540376635
283189,1374921,1.0,0.6774370481381776
283295,1375130,1.0,0.5724599068336783
283343,1375208,1.0,0.6432148494554029
283376,1375260,1.0,0.6195425122251973
283377,1375261,1.0,0.5807944232790805
283458,1375396,1.0,0.5650513277683749
283610,1375617,1.0,0.8217621278243228
283614,1375621,1.0,0.7235858185330347
283678,1375719,1.0,0.727620936248042
283995,1376263,1.0,0.5240164058478235
284091,1376436,1.0,0.5024965677864277
284207,1376660,1.0,0.7371537750808939
284222,1376692,1.0,0.7050137243384501
284302,1376812,1.0,0.6525070933189601
284352,1376906,1.0,0.8616024616721222
284409,1376994,1.0,0.5674163989151022
284481,1377131,1.0,0.6243500847612437
284555,1377253,1.0,0.5819970659952932
284562,1377265,1.0,0.8570924294286281
284620,1377392,1.0,0.6145191457927106
284735,1377576,1.0,0.8185449365749488
285046,1378150,1.0,0.9126301925965411
285089,1378213,1.0,0.5077520900047053
285127,1378268,1.0,0.5869151116287243
285240,1378458,1.0,0.5068378865785972
285353,1378643,1.0,0.6138311065906372
285372,1378681,1.0,0.623991306617386
285380,1378691,1.0,0.7391693025735796
285429,1378761,1.0,0.8249712812310485
285465,1378827,1.0,0.6941000118235681
285484,1378876,1.0,0.8823144242045413
285509,1378915,1.0,0.7946467952310199
285534,1378953,1.0,0.5450869190435965
285546,1378972,1.0,0.7209277291487468
285575,1379016,1.0,0.5380531915395227
285605,1379059,1.0,0.9186067467955514
285637,1379115,1.0,0.6171729290154226
285668,1379181,1.0,0.7692603727200028
285705,1379239,1.0,0.5633412560247382
285708,1379245,1.0,0.5661372220363127
285840,1379477,1.0,0.7951778034553045
285901,1379562,1.0,0.9268107369141971
286003,1379715,1.0,0.6093907609585988
286016,1379732,1.0,0.52625725788309
286049,1379780,1.0,0.7824200782471956
286060,1379806,1.0,0.5157660913812401
286234,1380083,1.0,0.8209560012055728
286273,1380149,1.0,0.7161501288200017
286443,1380436,1.0,0.7821736312402796
286445,1380438,1.0,0.7262357904861549
286446,1380439,1.0,0.5799417320972435
286493,1380518,1.0,0.7976019833547684
286505,1380536,1.0,0.5224139822967335
286580,1380667,1.0,0.5999349587970116
286616,1380737,1.0,0.8082569842979008
286617,1380738,1.0,0.8306341012763375
286667,1380820,1.0,0.8136198874461981
286668,1380822,1.0,0.7276500499159091
286693,1380859,1.0,0.7029973455012559
286716,1380892,1.0,0.7547686763111509
286797,1381074,1.0,0.6893594722318963
286805,1381083,1.0,0.6358776638788
286880,1381200,1.0,0.551210450769938
286881,1381201,1.0,0.8530487391384061
287037,1381444,1.0,0.6603223820982794
287059,1381476,1.0,0.5617557564071753
287127,1381602,1.0,0.6411235487800235
287161,1381650,1.0,0.5015123858669993
287233,1381782,1.0,0.526768343340555
287294,1381877,1.0,0.6618194978935605
287332,1381953,1.0,0.6574332759088499
287429,1382132,1.0,0.6104466460148567
287431,1382135,1.0,0.6986696043341478
287443,1382152,1.0,0.595125734165483
287461,1382188,1.0,0.6535931265504838
287511,1382271,1.0,0.7469176886084739
287551,1382340,1.0,0.589497154346244
287585,1382405,1.0,0.5185671426198478
287615,1382449,1.0,0.5581373573572411
287647,1382502,1.0,0.7632027617546455
287674,1382551,1.0,0.8890376907850679
287681,1382560,1.0,0.857058860133052
287711,1382615,1.0,0.6518572783496239
287900,1382919,1.0,0.8180911422976198
287929,1382972,1.0,0.6675564474098484
287964,1383027,1.0,0.6639051054021787
288040,1383171,1.0,0.8316096801291916
288092,1383347,1.0,0.7962735109073382
288312,1383729,1.0,0.7786228169546013
288320,1383743,1.0,0.7475197944276752
288395,1383881,1.0,0.564564951121943
288397,1383887,1.0,0.5956578981755145
288527,1384103,1.0,0.5207165065437038
288551,1384136,1.0,0.6801941509094539
288603,1384215,1.0,0.6715982081186161
288635,1384269,1.0,0.8944587546210327
288695,1384404,1.0,0.6109626808570481
288899,1384787,1.0,0.5250816790404557
289042,1385038,1.0,0.5453293877110595
289075,1385109,1.0,0.81138264582957
289078,1385116,1.0,0.658079922859689
289100,1385154,1.0,0.5594565262032158
289104,1385159,1.0,0.7809830687154403
289174,1385276,1.0,0.577955715420436
289212,1385339,1.0,0.7748383778324465
289243,1385389,1.0,0.8006301469047885
289256,1385408,1.0,0.9145402810049906
289333,1385524,1.0,0.6614463323180728
289344,1385542,1.0,0.7023478226336547
289575,1385881,1.0,0.5007966099672717
289579,1385889,1.0,0.8568830260232363
289709,1386137,1.0,0.5458306719999122
289825,1386326,1.0,0.5593406238639994
289887,1386428,1.0,0.6113346335857047
289989,1386602,1.0,0.6753533605657893
289990,1386604,1.0,0.6684177396155601
290002,1386620,1.0,0.5050745486758568
290006,1386626,1.0,0.8695619677072809
290053,1386706,1.0,0.5810636255523605
290481,1387450,1.0,0.7910221525671375
290558,1387570,1.0,0.5580309801198774
290774,1387931,1.0,0.7539214815479627
290868,1388087,1.0,0.5745359696557494
291076,1388458,1.0,0.7740010438963258
291100,1388492,1.0,0.9212579450447794
291164,1388600,1.0,0.534317279473788
291229,1388718,1.0,0.594650751586935
291258,1388761,1.0,0.6880115667186226
291293,1388838,1.0,0.836833496596788
291435,1389073,1.0,0.8028365317780026
291463,1389116,1.0,0.6384233637176445
291470,1389135,1.0,0.5712836589712159
291527,1389237,1.0,0.6410714201437739
291554,1389292,1.0,0.6534100892466492
291583,1389350,1.0,0.779214264957262
291589,1389362,1.0,0.755011065871096
291694,1389552,1.0,0.5908044981153051
291799,1389737,1.0,0.5408833835899476
291898,1389912,1.0,0.817505832618089
292055,1390165,1.0,0.6094907892900103
292316,1390594,1.0,0.8028163240630575
292422,1390790,1.0,0.8287811798413792
292558,1391025,1.0,0.8457841104251878
292642,1391173,1.0,0.5213410378355557
292763,1391366,1.0,0.5142726466249324
292825,1391475,1.0,0.5369939093759226
292859,1391537,1.0,0.5186271701503795
292872,1391571,1.0,0.7539580293550054
293088,1391951,1.0,0.7293160713390313
293279,1392298,1.0,0.5371033220269368
293284,1392309,1.0,0.5584026752898996
293367,1392465,1.0,0.6257491332463058
293374,1392476,1.0,0.5156567167567638
293375,1392479,1.0,0.5710298132724414
293404,1392536,1.0,0.9481190374851913
293407,1392544,1.0,0.543717315708058
293461,1392645,1.0,0.8550510003221818
293698,1393034,1.0,0.6326239267285424
293847,1393286,1.0,0.5023770596650482
293957,1393510,1.0,0.7522446308026615
293978,1393548,1.0,0.6117602181060645
293989,1393568,1.0,0.5176614816783345
294016,1393615,1.0,0.7206631677992986
294146,1393841,1.0,0.5259850235309144
294295,1394089,1.0,0.7825555975143148
294316,1394134,1.0,0.7888128942894163
294353,1394192,1.0,0.502755441019
294429,1394343,1.0,0.6940138203540872
294430,1394344,1.0,0.624666066388176
294457,1394398,1.0,0.508719045776747
294717,1394880,1.0,0.5080815096571669
294833,1395121,1.0,0.8490435815202226
294891,1395229,1.0,0.8624313057058544
294944,1395326,1.0,0.5443820703319276
295004,1395459,1.0,0.6843143668093076
295038,1395508,1.0,0.5948684660001408
295069,1395559,1.0,0.8714886483306018
295081,1395584,1.0,0.8144136721903417
295260,1395933,1.0,0.8613407765727492
295358,1396113,1.0,0.5846995166324611
295606,1396588,1.0,0.794022915783391
295621,1396629,1.0,0.7508386595106703
295745,1396855,1.0,0.5543881755422383
295901,1397129,1.0,0.5197373430017312
295949,1397228,1.0,0.8506719894228362
296090,1397498,1.0,0.5667593831035374
296150,1397606,1.0,0.719326326600665
296152,1397608,1.0,0.7980785949011515
296276,1397836,1.0,0.6258452961329541
296327,1397943,1.0,0.7089225313957974
296377,1398042,1.0,0.8846193823110297
296425,1398134,1.0,0.502596242232047
296575,1398398,1.0,0.5212484877564705
296653,1398558,1.0,0.6360571159869406
296733,1398686,1.0,0.7846687900530638
296735,1398688,1.0,0.7098321759843799
296963,1399080,1.0,0.5012437052489989
297006,1399160,1.0,0.5124740026847101
297020,1399181,1.0,0.5064191078191084
297071,1399277,1.0,0.7986297112820702
297188,1399495,1.0,0.8950913323843439
297189,1399497,1.0,0.683571111075799
297278,1399687,1.0,0.7746630379343932
297305,1399734,1.0,0.5957441790972505
297351,1399813,1.0,0.9000681388634572
297386,1399865,1.0,0.50412877658097
297410,1399917,1.0,0.5790839259009095
297415,1399925,1.0,0.6685771490794302
297453,1400018,1.0,0.619929939115685
297487,1400078,1.0,0.5210526867815233
297543,1400188,1.0,0.510301479168652
297621,1400330,1.0,0.7069661434760907
297689,1400461,1.0,0.6766807302860557
297693,1400469,1.0,0.5007981782675346
297700,1400482,1.0,0.5125184235348887
297747,1400559,1.0,0.8263364262065335
297765,1400597,1.0,0.6627953999580491
297941,1400931,1.0,0.5203450879257987
297946,1400938,1.0,0.5069660701164515
298031,1401094,1.0,0.5151485647489266
298134,1401302,1.0,0.5466988246181348
298140,1401313,1.0,0.6227624567644134
298153,1401344,1.0,0.6827128903432637
298154,1401345,1.0,0.5026071285008658
298157,1401354,1.0,0.5358013920238688
298323,1401688,1.0,0.8876866862241418
298352,1401739,1.0,0.6514430676349295
298357,1401746,1.0,0.8406204789772576
298366,1401767,1.0,0.6501488148982381
298380,1401794,1.0,0.7019972174831532
298397,1401823,1.0,0.8450895548534204
298408,1401848,1.0,0.8590596486721923
298453,1401927,1.0,0.7736463786546999
298464,1401947,1.0,0.6663592188908655
298468,1401951,1.0,0.6560264720870606
298495,1402008,1.0,0.5741155003218926
298604,1402198,1.0,0.8148294526660672
298621,1402235,1.0,0.5998606620720625
298642,1402275,1.0,0.7129598420786719
298654,1402304,1.0,0.8778232062670892
298660,1402317,1.0,0.761952184610301
298674,1402344,1.0,0.5513062905873937
298761,1402507,1.0,0.530713718421193
298818,1402613,1.0,0.7781677672924776
298821,1402617,1.0,0.6183566102751252
298834,1402636,1.0,0.6106174209216497
298840,1402648,1.0,0.6000849096508601
298849,1402660,1.0,0.5393996760847006
298854,1402672,1.0,0.537542899250736
298932,1402805,1.0,0.6739057874262472
298967,1402873,1.0,0.8180304355059318
298969,1402877,1.0,0.9085713603320698
299034,1403005,1.0,0.5075597213730109
299104,1403145,1.0,0.5353097353563226
299118,1403169,1.0,0.5401926475651673
299119,1403170,1.0,0.5309854516468309
299158,1403252,1.0,0.5614521294392393
299299,1403496,1.0,0.5441008052404686
299332,1403548,1.0,0.6260855240709555
299334,1403551,1.0,0.6622390679898779
299355,1403595,1.0,0.5581168587548564
299376,1403632,1.0,0.8779517212599617
299428,1403720,1.0,0.5225372454539338
299476,1403799,1.0,0.5561051733842348
299504,1403851,1.0,0.5345973022430331
299507,1403854,1.0,0.8620878222033208
299508,1403855,1.0,0.6611469293886256
299543,1403919,1.0,0.6085144514154497
299583,1403986,1.0,0.5073230116547702
299601,1404025,1.0,0.5208822258340501
299620,1404051,1.0,0.5294031109741845
299621,1404052,1.0,0.5387793711339175
299701,1404190,1.0,0.5909040907695216
299742,1404270,1.0,0.8040310239699692
299743,1404272,1.0,0.6231678831511364
299748,1404278,1.0,0.9333794877383588
299760,1404299,1.0,0.6224221045514058
299851,1404466,1.0,0.7863359921434754
299935,1404611,1.0,0.5192033107321506
299952,1404642,1.0,0.5095571478793811
300005,1404728,1.0,0.8198031603228512
300056,1404817,1.0,0.5279627279818319
300132,1404947,1.0,0.5427842820693817
300215,1405101,1.0,0.6013549865422599
300223,1405112,1.0,0.6187135589953454
300320,1405224,1.0,0.600320582658114
300358,1405275,1.0,0.6015742496122851
300359,1405276,1.0,0.5097911855011781
300365,1405282,1.0,0.6737984572358698
300366,1405283,1.0,0.8952272186312201
300368,1405285,1.0,0.5689307757887269
300487,1405498,1.0,0.5279895717488087
300488,1405500,1.0,0.5427546285561875
300553,1405619,1.0,0.5120354246501373
300561,1405633,1.0,0.5363196910780682
300603,1405719,1.0,0.5314607703315642
300622,1405748,1.0,0.5955974939220468
300641,1405779,1.0,0.5462992330002995
300650,1405788,1.0,0.5165546035786727
300681,1405834,1.0,0.6095764854164576
300749,1405925,1.0,0.6854294030181346
300816,1406023,1.0,0.5215396597876725
300821,1406034,1.0,0.5571089731048897
300826,1406042,1.0,0.880523519337792
300828,1406044,1.0,0.847027717534014
300834,1406060,1.0,0.5114465557847965
300959,1406256,1.0,0.6309290764488835
300967,1406265,1.0,0.7562494321166487
300995,1406308,1.0,0.5249252022103813
300996,1406309,1.0,0.8262796639694094
300997,1406310,1.0,0.7506052904179331
300998,1406312,1.0,0.7916290942502863
300999,1406314,1.0,0.7449750639788968
301000,1406316,1.0,0.8211777464977219
301002,1406322,1.0,0.6598654635958758
301004,1406326,1.0,0.6781531749418489
301005,1406328,1.0,0.6349087859267943
301007,1406332,1.0,0.7678026820913996
301008,1406334,1.0,0.7693839696398908
301010,1406337,1.0,0.6141893134971506
301011,1406339,1.0,0.7694495035967734
301012,1406341,1.0,0.7603629458063934
301013,1406343,1.0,0.8369892871428563
301038,1406391,1.0,0.5443561230223269
301040,1406394,1.0,0.5033584948147489
301095,1406500,1.0,0.5198553697071275
301104,1406516,1.0,0.8957324806478109
301115,1406536,1.0,0.5836706304992371
301150,1406586,1.0,0.5121694268056144
301274,1406749,1.0,0.5135247143186649
301587,1407136,1.0,0.7750244637142485
301704,1407286,1.0,0.5037951603713497
302369,1408102,1.0,0.5689146521946818
302403,1408146,1.0,0.729042218783513
303228,1409208,1.0,0.514386103886361
303549,1409596,1.0,0.5093875253290109
303974,1410105,1.0,0.6717089697840312
304042,1410182,1.0,0.589741644073345
304365,1410575,1.0,0.810736508315883
304606,1410883,1.0,0.6002617320092775
305024,1411384,1.0,0.6382677495383718
305065,1411433,1.0,0.7463964911462001
305394,1411858,1.0,0.5014417854207095
307427,1414499,1.0,0.5124637411237019
307580,1414691,1.0,0.640652534056058
309575,1417022,1.0,0.5524978283729897
309646,1417127,1.0,0.5278552283474038
309651,1417134,1.0,0.5171716363548948
309665,1417153,1.0,0.7725756073026854
309764,1417278,1.0,0.7023180645476426
310018,1417601,1.0,0.6074345959479759
310208,1417846,1.0,0.5074853681664775
310808,1418594,1.0,0.535867474157466
310854,1418652,1.0,0.6052986035708092
311257,1419189,1.0,0.5858474271196051
311516,1419499,1.0,0.5571921196951508
311716,1419723,1.0,0.9460206166925976
313410,1421870,1.0,0.5365749477477268
313825,1422407,1.0,0.5429387525045867
313849,1422441,1.0,0.7006869001019516
313850,1422442,1.0,0.7699120062746427
313877,1422478,1.0,0.9029997558834739
314244,1422925,1.0,0.7227514697097314
314308,1423002,1.0,0.789787812223751
314318,1423012,1.0,0.6953202108158485
314827,1423628,1.0,0.5968364053129996
315889,1424888,1.0,0.6714861163902737
316921,1426154,1.0,0.5484430143583982
316948,1426192,1.0,0.5039368835284925
316961,1426210,1.0,0.5793614887887928
317009,1426279,1.0,0.8900864142307301
317038,1426316,1.0,0.5352242167440924
317499,1426869,1.0,0.5981871544593885
317633,1427034,1.0,0.5883089865788264
317671,1427080,1.0,0.5201095155940109
318307,1427832,1.0,0.5367188413063855
318320,1427850,1.0,0.5344753602846524
318765,1428430,1.0,0.5742843760862198
318940,1428643,1.0,0.506543455020615
319038,1428768,1.0,0.5453703648740855
319905,1429908,1.0,0.5742100977217776
320068,1430112,1.0,0.715856970735095
320689,1430853,1.0,0.6600807669243769
321561,1432001,1.0,0.657862493792237
321638,1432097,1.0,0.5490786487478518
321941,1432498,1.0,0.5542248821913809
321943,1432502,1.0,0.5634002114271164
321961,1432530,1.0,0.6671563091547913
322106,1432714,1.0,0.5495830617451427
322219,1432852,1.0,0.7986858482957657
322249,1432889,1.0,0.6962790744280908
322641,1433359,1.0,0.5181337854327974
323233,1434154,1.0,0.5170167442671667
323258,1434188,1.0,0.6101242018961904
323807,1434879,1.0,0.80400074818481
324111,1435273,1.0,0.6762909726099328
324158,1435373,1.0,0.6522897730004209
324209,1435464,1.0,0.7295188755505219
324252,1435541,1.0,0.7370917793967019
324318,1435667,1.0,0.5013213434015446
324328,1435680,1.0,0.5125926077383616
324337,1435695,1.0,0.7220788111676395
324356,1435723,1.0,0.5125339804609268
324405,1435800,1.0,0.6921731456674566
324406,1435801,1.0,0.6675083378048051
324438,1435856,1.0,0.5454685149973316
324474,1435914,1.0,0.878609862854189
324488,1435941,1.0,0.7179142265115641
324494,1435950,1.0,0.5184262096240951
324501,1435958,1.0,0.5219458931265755
324568,1436070,1.0,0.6430471514159888
324807,1436394,1.0,0.581321292255468
324942,1436595,1.0,0.533124304040883
324952,1436621,1.0,0.5014419560444023
324965,1436646,1.0,0.5170713567806433
325083,1436849,1.0,0.5760227982430718
325086,1436852,1.0,0.5203290633156603
325359,1437214,1.0,0.6911045332502452
325380,1437249,1.0,0.5079752398790572
325382,1437254,1.0,0.5927531643834393
325577,1437577,1.0,0.5866118546695298
325593,1437601,1.0,0.5111938237872007
325595,1437604,1.0,0.608035482825508
325622,1437650,1.0,0.5418643555456256
325989,1438097,1.0,0.8882529699207062
325994,1438105,1.0,0.8497887980046203
326357,1438579,1.0,0.6001691971908737
326419,1438672,1.0,0.7128120476510078
326523,1438804,1.0,0.5001146519878332
327073,1439532,1.0,0.6068511633607926
327083,1439544,1.0,0.5459779516407742
327089,1439557,1.0,0.5188726466037319
327233,1439744,1.0,0.6871923819641687
327355,1439962,1.0,0.6112665602547528
327374,1439996,1.0,0.5339615312225162
327477,1440141,1.0,0.737966584582274
327511,1440196,1.0,0.5174509272778167
327658,1440432,1.0,0.7408435609034958
327741,1440545,1.0,0.543587048275411
327944,1440819,1.0,0.8650011391226554
328019,1440909,1.0,0.6377062346847664
328070,1440987,1.0,0.5599728250587792
328182,1441144,1.0,0.5390592143466513
328307,1441344,1.0,0.5211116470715628
328309,1441347,1.0,0.5164879286015477
328339,1441409,1.0,0.5282938372230646
328347,1441423,1.0,0.5311636194057568
328348,1441424,1.0,0.5056783903004236
328362,1441444,1.0,0.5430440542802517
328546,1441682,1.0,0.5493465916297656
328626,1441791,1.0,0.5292636774660421
328737,1441959,1.0,0.6384405534765496
328749,1441980,1.0,0.5899166017554008
329019,1442334,1.0,0.6801946490730636
329084,1442428,1.0,0.5289072262962836
329152,1442536,1.0,0.5036633836132894
329163,1442551,1.0,0.5220431015914957
329919,1443479,1.0,0.5181389326693908
329927,1443491,1.0,0.5566401128907158
329947,1443519,1.0,0.5096205427500108
329996,1443600,1.0,0.6230735411899003
330257,1443933,1.0,0.863201752229955
330452,1444229,1.0,0.5286551077867202
330453,1444230,1.0,0.7523709606739425
330464,1444248,1.0,0.5819886213955602
330477,1444267,1.0,0.5327121153353811
330524,1444327,1.0,0.5057790605952747
330827,1444686,1.0,0.5367985866664037
331215,1445150,1.0,0.5164056314583877
331669,1445695,1.0,0.513127112544501
332028,1446106,1.0,0.5188022127810297
332366,1446517,1.0,0.5550060263498094
332430,1446605,1.0,0.5517108199216508
332449,1446627,1.0,0.5956846836070134
332656,1446859,1.0,0.6186331707609922
332960,1447199,1.0,0.5142711118458925
333023,1447270,1.0,0.5022068285488147
333118,1447391,1.0,0.5657944527678846
333132,1447406,1.0,0.588955939149528
333270,1447566,1.0,0.5152293600714875
333285,1447587,1.0,0.509647252080322
333300,1447615,1.0,0.5460777439425533
333302,1447618,1.0,0.8417550514036387
333310,1447633,1.0,0.5879793068249716
333313,1447637,1.0,0.6464399531660395
333317,1447643,1.0,0.5460831429299288
333350,1447696,1.0,0.6051029487878105
333354,1447701,1.0,0.5252697259589414
333359,1447709,1.0,0.5073402173127842
333368,1447725,1.0,0.5211717379470531
333369,1447726,1.0,0.7122318099746917
333788,1448224,1.0,0.6309350937455968
333948,1448408,1.0,0.5110473907337723
334123,1448604,1.0,0.5513492673170197
334166,1448651,1.0,0.5690034910515884
334301,1448799,1.0,0.5829954047736653
334331,1448842,1.0,0.6857647100448899
334509,1449070,1.0,0.5056947879857816
334559,1449139,1.0,0.5767184791786031
334584,1449168,1.0,0.7747867037149218
334893,1449498,1.0,0.514314104073369
334906,1449513,1.0,0.6073142093015826
335044,1449669,1.0,0.5736818749304471
335135,1449772,1.0,0.5130425341407148
335254,1449905,1.0,0.6403168565843548
335351,1450016,1.0,0.643613118152627
335396,1450064,1.0,0.5127191058854769
335527,1450212,1.0,0.5024889523218892
335797,1450509,1.0,0.5498394344956734
335891,1450635,1.0,0.6541363694592961
335917,1450670,1.0,0.5491296855227418
335929,1450687,1.0,0.5106152566534448
335932,1450695,1.0,0.5467846928319101
336144,1450935,1.0,0.5171533860881002
336238,1451044,1.0,0.5511978434578663
336349,1451177,1.0,0.5089056177491939
336425,1451263,1.0,0.5376735712805648
336474,1451318,1.0,0.5293160541732375
336483,1451327,1.0,0.6624890244793238
336579,1451434,1.0,0.6307771980174648
336686,1451546,1.0,0.5304779132567616
336909,1451792,1.0,0.5198030983676026
337029,1451928,1.0,0.5136993107126556
337243,1452186,1.0,0.5920322488428463
337251,1452196,1.0,0.5046272681574633
337293,1452245,1.0,0.7390162081961459
337306,1452262,1.0,0.6746410020395873
337309,1452266,1.0,0.5073121155874889
337336,1452309,1.0,0.6373270741473701
337567,1452568,1.0,0.5559850757735082
337576,1452577,1.0,0.5100001398923388
337607,1452615,1.0,0.507565036142179
337636,1452650,1.0,0.5213009726380148
337741,1452769,1.0,0.6015209383754948
337926,1452979,1.0,0.5189362967825419
337951,1453006,1.0,0.6852873247180588
338084,1453154,1.0,0.5201083621659622
338153,1453240,1.0,0.7297366543424424
338258,1453362,1.0,0.5310304358053165
338337,1453459,1.0,0.5484975223370055
338463,1453616,1.0,0.5294257291009633
338603,1453763,1.0,0.6990001656016677
338674,1453845,1.0,0.5375821043504186
338700,1453878,1.0,0.5393853234973064
338707,1453887,1.0,0.5353118917470774
338749,1453938,1.0,0.5223706222918154
338851,1454053,1.0,0.6187952108849285
339015,1454244,1.0,0.5470666776329423
339085,1454330,1.0,0.8456693801937638
339251,1454519,1.0,0.5570987004798948
339253,1454521,1.0,0.5352295245806701
339278,1454548,1.0,0.6149017810087846
339331,1454606,1.0,0.5495603721806613
339338,1454615,1.0,0.5729748075622353
341249,1456861,1.0,0.5014519864826494
341772,1457443,1.0,0.5208414948578348
345737,1462064,1.0,0.8820522977903097
348911,1465786,1.0,0.573946012914317
351344,1468650,1.0,0.5987985848843038
352948,1470515,1.0,0.6146482249579173
353487,1471140,1.0,0.927163718448066
354631,1472470,1.0,0.5526190856595992
356693,1474794,1.0,0.8911644339461956
356757,1474862,1.0,0.5615537348069346
357021,1475180,1.0,0.8128771560757848
360375,1478925,1.0,0.6679097242346849
363316,1482301,1.0,0.671857094628022
365274,1484560,1.0,0.603002309708742
370200,1490243,1.0,0.6919884444372436
371069,1491217,1.0,0.949992720413748
374758,1495510,1.0,0.7336687093326332
374784,1495538,1.0,0.6985432035018547
374789,1495544,1.0,0.6659986063334982
374882,1495680,1.0,0.5160871983185954
378345,1499673,1.0,0.7726729528388657
378821,1500307,1.0,0.732769536728211
382665,1504931,1.0,0.8050136337716454
384736,1507344,1.0,0.5511135799296367
385351,1508085,1.0,0.5367639852486282
386133,1509060,1.0,0.5474103432344167
388545,1512009,1.0,0.6481765683019868
388546,1512011,1.0,0.8295090346384658
390492,1514487,1.0,0.5698124735759773
391693,1516259,1.0,0.8709708407443489
391951,1516568,1.0,0.8242796136787638
392203,1516935,1.0,0.6606712122662379
392776,1517747,1.0,0.7092929850468056
393845,1519249,1.0,0.5616282979905586
393935,1519393,1.0,0.5134145763354513
394528,1520280,1.0,0.5536887344636531
394597,1520379,1.0,0.8366509908497171
394598,1520381,1.0,0.8379143488874635
394706,1520524,1.0,0.5828163404738111
394857,1520744,1.0,0.5703080064640123
394869,1520762,1.0,0.5231768255169368
394916,1520833,1.0,0.5990866403283139
394917,1520834,1.0,0.8235958778384476
395131,1521146,1.0,0.5035170996974817
395449,1521594,1.0,0.5483080017722991
395516,1521693,1.0,0.509530190657614
395809,1522120,1.0,0.5755373367578336
395916,1522257,1.0,0.5197156233726963
396023,1522422,1.0,0.8954574562326603
396329,1522891,1.0,0.5286105631001651
396456,1523098,1.0,0.6092549847220781
396861,1523717,1.0,0.5206808373737721
397169,1524160,1.0,0.5457411149648879
397279,1524344,1.0,0.5036263935251473
397449,1524596,1.0,0.5739660191152376
397474,1524642,1.0,0.5171963042220659
397603,1524865,1.0,0.5091661972145847
397638,1524923,1.0,0.5061443303228954
397648,1524938,1.0,0.6279214658809038
397863,1525249,1.0,0.6235215609522033
397937,1525360,1.0,0.5257167246248936
397978,1525415,1.0,0.5269280946831159
398043,1525512,1.0,0.5901812846461542
398104,1525608,1.0,0.5169603696512791
398295,1525914,1.0,0.5066868189291089
398352,1526003,1.0,0.6959918329091952
398428,1526112,1.0,0.5188211731665229
398489,1526206,1.0,0.5051302414410109
398768,1526633,1.0,0.7296059994706997
398796,1526669,1.0,0.5510981097726925
398846,1526731,1.0,0.5261289461517972
398939,1526850,1.0,0.715418857103268
399088,1527069,1.0,0.5403155818298365
399203,1527243,1.0,0.6351063229701381
399236,1527295,1.0,0.5144007991762303
399297,1527394,1.0,0.8227400639709633
399483,1527682,1.0,0.7370502027625291
399553,1527789,1.0,0.7464248590013702
399841,1528252,1.0,0.5536780078837796
400062,1528602,1.0,0.8336262553170775
400064,1528605,1.0,0.8117088987068763
400067,1528609,1.0,0.8246051878018558
400069,1528613,1.0,0.7699512065550522
400074,1528622,1.0,0.7962440532101136
400076,1528626,1.0,0.8124898677894595
400077,1528628,1.0,0.8209570166110219
400078,1528629,1.0,0.7699512065550522
400081,1528632,1.0,0.8058588110432893
400084,1528635,1.0,0.8309063968339441
400085,1528636,1.0,0.8291229115345982
400570,1529385,1.0,0.522822293734866
400830,1529783,1.0,0.552103741208581
400845,1529805,1.0,0.5019547544961374
401195,1530321,1.0,0.606397599792318
401212,1530344,1.0,0.5113451897975817
401423,1530629,1.0,0.8251096241620258
401677,1531022,1.0,0.5240175871678786
401923,1531406,1.0,0.5176455434816855
402005,1531541,1.0,0.5642873050062024
402197,1531866,1.0,0.5519525121571105
402199,1531868,1.0,0.50040177442448
402352,1532090,1.0,0.5634025329731779
402423,1532188,1.0,0.5055123065134624
402471,1532265,1.0,0.5695916195762137
402474,1532271,1.0,0.6096906678333084
402478,1532280,1.0,0.602910780270547
402488,1532293,1.0,0.6150811327542096
402489,1532294,1.0,0.6072378161806562
402496,1532309,1.0,0.6954026998422783
402581,1532434,1.0,0.5000940396761937
402604,1532471,1.0,0.5151930837459835
402665,1532563,1.0,0.7593350526978444
402668,1532571,1.0,0.6802855304842337
402698,1532620,1.0,0.5028313667503931
402726,1532659,1.0,0.8717938869939164
402731,1532665,1.0,0.5399862373351372
402733,1532669,1.0,0.73286787922801
402986,1533087,1.0,0.5034966731569068
403041,1533164,1.0,0.5555396832958465
403050,1533176,1.0,0.8958288516806072
403075,1533217,1.0,0.74815190265782
403147,1533325,1.0,0.7799238354193966
403150,1533329,1.0,0.5122925199015337
403212,1533435,1.0,0.5177861075700664
403214,1533440,1.0,0.9246937577311188
403244,1533488,1.0,0.6632178754629251
403349,1533642,1.0,0.6827044361990319
403379,1533688,1.0,0.5277711414231776
403506,1533904,1.0,0.5929978098731798
403718,1534228,1.0,0.664078404830766
403752,1534278,1.0,0.5601328443647313
403788,1534334,1.0,0.5179675208395011
403927,1534546,1.0,0.5227670961702413
404098,1534831,1.0,0.5575250414469359
404138,1534892,1.0,0.5121139200725736
404153,1534914,1.0,0.5888082095414844
404195,1534975,1.0,0.7583711889818439
404309,1536575,1.0,0.6237815544253893
404311,1536577,1.0,0.5277962639781931
404363,1536648,1.0,0.632053417075522
404433,1536769,1.0,0.5075138304827291
404502,1536879,1.0,0.5823834824556395
404507,1536886,1.0,0.6167689149675596
404519,1536906,1.0,0.6947223190241317
404544,1536941,1.0,0.5211866941123704
404567,1536977,1.0,0.5491262885096212
404580,1536994,1.0,0.6112355965447588
404727,1537206,1.0,0.6231192437275191
404762,1537245,1.0,0.8489806302968366
404838,1537368,1.0,0.5492484815424157
404854,1537392,1.0,0.5306312960262074
404936,1537541,1.0,0.5807305721449577
405075,1537741,1.0,0.5877520542636614
405129,1537818,1.0,0.6270430562595491
405145,1537844,1.0,0.5678896655256781
405204,1537931,1.0,0.62022959625893
405260,1538023,1.0,0.707970790867607
405286,1538059,1.0,0.604538760180592
405289,1538064,1.0,0.7183203141549392
405299,1538082,1.0,0.560958526186429
405316,1538106,1.0,0.5227840368019508
405337,1538149,1.0,0.5112481604195649
405372,1538204,1.0,0.6716593597948018
405416,1538279,1.0,0.722360247752434
405429,1538294,1.0,0.6132262818268137
405502,1538410,1.0,0.6023119634104802
405560,1538491,1.0,0.6238050680231018
405596,1538556,1.0,0.5342360069540792
405685,1538687,1.0,0.584024159992644
405839,1538937,1.0,0.6630642215829861
405921,1539052,1.0,0.555479736170375
406074,1539311,1.0,0.5619306779483402
406077,1539314,1.0,0.6459881545150424
406106,1539355,1.0,0.7459790263072756
406127,1539386,1.0,0.5125697068504176
406132,1539391,1.0,0.5557159382317011
406142,1539402,1.0,0.5346165823497315
406151,1539414,1.0,0.5058667976142315
406176,1539447,1.0,0.5791575978100382
406214,1539499,1.0,0.5318175181228252
406305,1539644,1.0,0.5913863709408909
406308,1539648,1.0,0.5016856815477202
406310,1539651,1.0,0.657878817798806
406340,1539693,1.0,0.813947594338457
406342,1539696,1.0,0.7774184588052334
406346,1539700,1.0,0.6303115302526915
406412,1539815,1.0,0.5971272038295433
406443,1539859,1.0,0.6407801226999457
406508,1539962,1.0,0.5327526509756519
406612,1540116,1.0,0.6562783297498992
406642,1540165,1.0,0.7494265154547134
406654,1540185,1.0,0.5188353490537374
406672,1540215,1.0,0.6265948502072564
406704,1540266,1.0,0.5349499552185444
406731,1540306,1.0,0.6061546166801386
406750,1540329,1.0,0.6711191501274761
406760,1540341,1.0,0.7221923034324292
406796,1540394,1.0,0.6338869780328529
406822,1540431,1.0,0.5262426215479361
406832,1540447,1.0,0.6874384536489542
406857,1540481,1.0,0.515447081375238
406954,1540617,1.0,0.5106596105344511
406995,1540683,1.0,0.5143845917796284
407008,1540700,1.0,0.7369637703153957
407019,1540714,1.0,0.6738112676427249
407027,1540729,1.0,0.7196766770159819
407063,1540775,1.0,0.5212307477700183
407083,1540807,1.0,0.648103170979733
407120,1540867,1.0,0.5761417351965824
407134,1540888,1.0,0.5040177576213464
407142,1540903,1.0,0.5890935256201861
407148,1540914,1.0,0.5050836880324243
407154,1540930,1.0,0.8083971159118093
407169,1540955,1.0,0.6386362937503387
407173,1540961,1.0,0.6885254894908558
407174,1540962,1.0,0.5035798329181966
407235,1541050,1.0,0.7679654511638244
407236,1541052,1.0,0.5246875066272301
407242,1541065,1.0,0.5646797025139499
407252,1541079,1.0,0.6190401800804822
407287,1541123,1.0,0.5793531163738809
407300,1541139,1.0,0.5002125595178856
407309,1541155,1.0,0.5509189801626324
407326,1541184,1.0,0.719114775056003
407330,1541189,1.0,0.5055767081219118
407373,1541269,1.0,0.5593359890658025
407402,1541323,1.0,0.5143845917796284
407404,1541325,1.0,0.6210453789611589
407419,1541346,1.0,0.5238676373480406
407445,1541377,1.0,0.752993716808562
407474,1541413,1.0,0.5050836880324243
407497,1541439,1.0,0.5074563555325177
407518,1541467,1.0,0.5206306092210091
407564,1541524,1.0,0.8212530608525838
407565,1541525,1.0,0.5322002623029175
407584,1541554,1.0,0.6458271255057909
407585,1541555,1.0,0.5623057538584455
407592,1541566,1.0,0.5225607184031509
407605,1541587,1.0,0.585077746877682
407610,1541594,1.0,0.5242180059882258
407614,1541600,1.0,0.5095028837833842
407627,1541623,1.0,0.5311143764081638
407632,1541629,1.0,0.7648845422225238
407640,1541639,1.0,0.6333690497430396
407643,1541643,1.0,0.5138364976493355
407646,1541647,1.0,0.5487189694359629
407647,1541648,1.0,0.5487189694359629
407650,1541651,1.0,0.5547830188670714
407655,1541659,1.0,0.7045042912260099
407659,1541670,1.0,0.6458271255057909
407660,1541672,1.0,0.5446479277260783
407665,1541679,1.0,0.5138364976493355
407673,1541689,1.0,0.5886665206831935
407678,1541695,1.0,0.5607976186068117
407688,1541706,1.0,0.5547386614833106
407703,1541727,1.0,0.5037275139784033
407706,1541732,1.0,0.5138364976493355
407713,1541740,1.0,0.6371858957681428
407723,1541759,1.0,0.6123115131105112
407727,1541764,1.0,0.8358387732141571
407736,1541775,1.0,0.5088039399100105
407738,1541779,1.0,0.5594876172359344
407740,1541781,1.0,0.5450597282744299
407743,1541786,1.0,0.5362787697519636
407754,1541803,1.0,0.619412310955901
407761,1541815,1.0,0.5151631350250362
407762,1541816,1.0,0.5092465070925953
407769,1541824,1.0,0.7843226544213037
407773,1541831,1.0,0.7862587747414475
407775,1541834,1.0,0.5264294485130255
407777,1541836,1.0,0.5112966380571575
407778,1541839,1.0,0.5292648085036622
407780,1541844,1.0,0.5958606300266399
407783,1541848,1.0,0.5328192347377934
407791,1541857,1.0,0.6291976694355499
407792,1541858,1.0,0.6711219956556207
407793,1541860,1.0,0.5921697336604211
407800,1541869,1.0,0.5178372124124749
407803,1541874,1.0,0.7624460004424448
407812,1541887,1.0,0.5095100420982055
407817,1541892,1.0,0.7426778097332454
407819,1541895,1.0,0.5547830188670714
407822,1541900,1.0,0.6723775299481902
407827,1541906,1.0,0.5329451503203706
407830,1541912,1.0,0.5322002623029175
407844,1541940,1.0,0.6856770884988757
407854,1541957,1.0,0.5049458391023032
407864,1541969,1.0,0.6609783767467826
407869,1541980,1.0,0.5921697336604211
407874,1541986,1.0,0.5210483330814903
407876,1541989,1.0,0.6430347577740817
407880,1541993,1.0,0.552768077338548
407885,1542006,1.0,0.5033803592564555
407902,1542038,1.0,0.5070006691064958
407920,1542075,1.0,0.7782952462731624
407924,1542082,1.0,0.546235507683701
407929,1542088,1.0,0.7204812649082493
407936,1542099,1.0,0.5172000086280067
407937,1542100,1.0,0.5363035336391218
407938,1542101,1.0,0.5065237159943109
407941,1542104,1.0,0.8476340722170794
407942,1542105,1.0,0.5242667044464976
407944,1542108,1.0,0.7624460004424448
407947,1542112,1.0,0.5785710806579397
407948,1542113,1.0,0.7236101666818266
407951,1542118,1.0,0.5728580966840681
407968,1542146,1.0,0.7624460004424448
407969,1542147,1.0,0.714518652402662
407981,1542163,1.0,0.5124729580340986
407982,1542165,1.0,0.5761051323490557
407986,1542169,1.0,0.6359152131237702
407988,1542172,1.0,0.5850001222485531
407997,1542183,1.0,0.728583678355683
408009,1542202,1.0,0.8770792861082674
408010,1542203,1.0,0.5586160615883177
408011,1542206,1.0,0.5538124884048352
408020,1542224,1.0,0.646489516215016
408036,1542245,1.0,0.5254298810669024
408038,1542247,1.0,0.5451276972671606
408039,1542248,1.0,0.5203570296140866
408048,1542259,1.0,0.7274436627291669
408056,1542272,1.0,0.509124378915209
408059,1542279,1.0,0.5648379260923432
408062,1542286,1.0,0.6213370576079016
408088,1542324,1.0,0.5118928481415773
408091,1542330,1.0,0.7868098821851734
408124,1542386,1.0,0.6362786383017647
408129,1542393,1.0,0.5340759987103286
408134,1542404,1.0,0.5610215684514575
408144,1542421,1.0,0.5149329400919092
408148,1542427,1.0,0.5860013796515255
408153,1542434,1.0,0.5264254433573781
408155,1542436,1.0,0.5230835471362691
408160,1542444,1.0,0.591610639432669
408161,1542445,1.0,0.5193216232257928
408171,1542459,1.0,0.5416778839232287
408175,1542466,1.0,0.5762779157208203
408196,1542490,1.0,0.5082791791658336
408204,1542502,1.0,0.5907226670140598
408232,1542545,1.0,0.6097828115174886
408238,1542557,1.0,0.5416492097167863
408253,1542586,1.0,0.7491814360039535
408265,1542600,1.0,0.5070006691064958
408268,1542603,1.0,0.8163670448929915
408271,1542606,1.0,0.5622713376601155
408275,1542611,1.0,0.5699224425622481
408283,1542623,1.0,0.5087317434317211
408286,1542626,1.0,0.5415247511204311
408290,1542631,1.0,0.5102264765082358
408293,1542635,1.0,0.5263827781579347
408303,1542647,1.0,0.5662257024422561
408304,1542649,1.0,0.6864706397181612
408310,1542656,1.0,0.5439134953843713
408314,1542661,1.0,0.5079055080650803
408316,1542663,1.0,0.7898052231010371
408318,1542665,1.0,0.9057275750619503
408319,1542666,1.0,0.8607429998389728
408320,1542669,1.0,0.8790136269344226
408322,1542672,1.0,0.9046856943988918
408323,1542675,1.0,0.8650731908235999
408324,1542676,1.0,0.920605069446412
408326,1542678,1.0,0.9105927751441495
408327,1542680,1.0,0.5525384146889415
408331,1542684,1.0,0.5164558371858196
408333,1542687,1.0,0.8921132832182839
408337,1542692,1.0,0.9066301739992474
408340,1542697,1.0,0.9077078560134536
408341,1542698,1.0,0.9154371327529712
408343,1542700,1.0,0.9081198677177654
408349,1542709,1.0,0.8832730277814422
408351,1542711,1.0,0.9042899153469262
408352,1542712,1.0,0.7541742542481225
408354,1542714,1.0,0.8937876809906268
408357,1542717,1.0,0.6214068739845757
408359,1542719,1.0,0.9057275750619503
408360,1542721,1.0,0.9160187601887153
408362,1542727,1.0,0.896408026143015
408371,1542740,1.0,0.5377096187887144
408385,1542757,1.0,0.5111385767933458
408390,1542762,1.0,0.5701384120393622
408402,1542777,1.0,0.7973831441136218
408403,1542782,1.0,0.5730288264954669
408409,1542790,1.0,0.5304761933350863
408417,1542803,1.0,0.5031093573300822
408421,1542808,1.0,0.5296068033114555
408424,1542814,1.0,0.5936434231196106
408436,1542831,1.0,0.5331772417236628
408442,1542842,1.0,0.5605157160584238
408445,1542847,1.0,0.5252798667815689
408452,1542856,1.0,0.8606215241563501
408461,1542869,1.0,0.651829281881104
408463,1542872,1.0,0.8848501488320051
408467,1542877,1.0,0.5243296189676048
408483,1542908,1.0,0.5168177946884382
408525,1542972,1.0,0.5958007207620857
408528,1542977,1.0,0.561486614791664
408532,1542985,1.0,0.5092984837047555
408535,1542988,1.0,0.5435706799482323
408536,1542989,1.0,0.5986957937588481
408541,1542995,1.0,0.6646404493379003
408543,1542999,1.0,0.5935805231903901
408547,1543003,1.0,0.550271304893339
408549,1543005,1.0,0.5334328573547904
408557,1543019,1.0,0.5418143550090443
408558,1543022,1.0,0.5113523780063997
408573,1543044,1.0,0.6065982297400359
408578,1543049,1.0,0.7449015797066005
408589,1543064,1.0,0.5412854206320147
408590,1543065,1.0,0.5113086942114707
408596,1543076,1.0,0.6362797333222192
408606,1543088,1.0,0.5829674211718098
408612,1543094,1.0,0.558692475694723
408631,1543118,1.0,0.5395723007149771
408637,1543125,1.0,0.514931896397394
408640,1543129,1.0,0.640968324078666
408649,1543142,1.0,0.5319263529890789
408650,1543143,1.0,0.5886759068440287
408652,1543146,1.0,0.5666431662798994
408656,1543154,1.0,0.7027724113942233
408659,1543158,1.0,0.7003340950323802
408665,1543166,1.0,0.6505891193244222
408667,1543168,1.0,0.5684720124399267
408668,1543170,1.0,0.5321720870993571
408677,1543183,1.0,0.6423346351971742
408681,1543187,1.0,0.5204556604618836
408686,1543195,1.0,0.5020778156593423
408687,1543196,1.0,0.570738604233859
408688,1543198,1.0,0.5865689880849227
408694,1543204,1.0,0.6004132438668465
408702,1543213,1.0,0.6028516173085191
408703,1543215,1.0,0.5493754121123267
408705,1543217,1.0,0.6366324892567771
408712,1543225,1.0,0.5531832407870703
408717,1543230,1.0,0.8511535121325331
408721,1543237,1.0,0.868302252114919
408723,1543240,1.0,0.5067937145010568
408727,1543250,1.0,0.5246054082084309
408731,1543254,1.0,0.7877833969833917
408762,1543296,1.0,0.6479525395586428
408773,1543312,1.0,0.5000239561913584
408778,1543319,1.0,0.6670901857626153
408792,1543338,1.0,0.5240578756960111
408793,1543339,1.0,0.611996713576898
408797,1543345,1.0,0.5347969644380222
408800,1543351,1.0,0.504974731658774
408806,1543359,1.0,0.6125514359168043
408817,1543373,1.0,0.6896701628228886
408829,1543390,1.0,0.5733630531129582
408835,1543397,1.0,0.7143676020189317
408847,1543417,1.0,0.5555155944462876
408851,1543423,1.0,0.7088009722440134
408853,1543429,1.0,0.6191846344135785
408857,1543435,1.0,0.5611129357284199
408872,1543465,1.0,0.5917139995853109
408885,1543482,1.0,0.5717395999285609
408890,1543488,1.0,0.5797961391286705
408898,1543502,1.0,0.549508812100968
408901,1543507,1.0,0.5063260917549272
408906,1543514,1.0,0.625084690352474
408914,1543524,1.0,0.5833163258307482
408915,1543526,1.0,0.5376130638313065
408927,1543542,1.0,0.6060012987431491
408935,1543552,1.0,0.5423653892082648
408936,1543553,1.0,0.5232898411315366
408948,1543572,1.0,0.558692475694723
408950,1543574,1.0,0.7298980851553422
408955,1543579,1.0,0.6096721141881982
408961,1543588,1.0,0.5477223752236907
408983,1543621,1.0,0.5610012803361916
408985,1543624,1.0,0.6478463780623075
408987,1543628,1.0,0.6418758485583894
408990,1543634,1.0,0.5587437450347364
408997,1543647,1.0,0.5826431020152479
408998,1543648,1.0,0.5249109635956675
408999,1543652,1.0,0.6225256875888127
409002,1543656,1.0,0.6519853243970707
409015,1543674,1.0,0.5371831997485504
409017,1543677,1.0,0.5880765936511781
409036,1543709,1.0,0.5287348019543983
409040,1543714,1.0,0.5616613770691181
409041,1543715,1.0,0.5688278616995858
409050,1543727,1.0,0.5800084475160129
409052,1543729,1.0,0.5032061289906292
409056,1543734,1.0,0.632622205273436
409057,1543737,1.0,0.5605157160584238
409058,1543740,1.0,0.5669463904499092
409059,1543741,1.0,0.507833909034139
409062,1543749,1.0,0.5566769978837194
409063,1543751,1.0,0.5411151114409264
409067,1543759,1.0,0.5402229412830202
409069,1543765,1.0,0.5728292739567274
409086,1543792,1.0,0.5566769978837194
409089,1543796,1.0,0.7878819112500647
409095,1543804,1.0,0.6028828714900865
409122,1543838,1.0,0.549508812100968
409125,1543843,1.0,0.5594224074013248
409132,1543852,1.0,0.6423346351971742
409134,1543855,1.0,0.5811786181153844
409143,1543867,1.0,0.5347969644380222
409145,1543872,1.0,0.5971304983155333
409150,1543879,1.0,0.5256372198387206
409168,1543910,1.0,0.7038717463703895
409177,1543921,1.0,0.5678109883508203
409179,1543926,1.0,0.5759910154219199
409181,1543928,1.0,0.6060012987431491
409183,1543930,1.0,0.5666431662798994
409191,1543944,1.0,0.685469844710591
409193,1543947,1.0,0.527880457632571
409198,1543955,1.0,0.7883571593436903
409203,1543962,1.0,0.7022061170962688
409222,1543992,1.0,0.5521910183871965
409225,1543995,1.0,0.5141947068642474
409227,1543999,1.0,0.5401752999172715
409229,1544002,1.0,0.6215560734568811
409230,1544004,1.0,0.5002169019473447
409233,1544011,1.0,0.5691265325377179
409235,1544015,1.0,0.6431021425822674
409237,1544018,1.0,0.673326277331126
409247,1544032,1.0,0.5320989108223111
409249,1544035,1.0,0.530183596816003
409252,1544038,1.0,0.6223174360013433
409256,1544047,1.0,0.5139621439312769
409262,1544056,1.0,0.5002169019473447
409263,1544058,1.0,0.6486819474232756
409264,1544059,1.0,0.6152644035686319
409269,1544065,1.0,0.5811788970260977
409275,1544071,1.0,0.5813348932029963
409284,1544081,1.0,0.519719640329095
409289,1544088,1.0,0.9532213637518478
409292,1544091,1.0,0.6129896828201483
409302,1544104,1.0,0.7476069562491563
409303,1544106,1.0,0.6094700574611522
409306,1544111,1.0,0.6482596341236572
409308,1544113,1.0,0.5527982929098597
409309,1544116,1.0,0.7255312946380179
409317,1544127,1.0,0.6657090014219986
409318,1544128,1.0,0.5975071224497099
409320,1544130,1.0,0.5507884233070548
409321,1544131,1.0,0.528470359238114
409322,1544132,1.0,0.5677454509927753
409329,1544139,1.0,0.6039966340262515
409331,1544141,1.0,0.5434075848214135
409340,1544151,1.0,0.6212821145898985
409342,1544155,1.0,0.5993149944867989
409345,1544160,1.0,0.5578490940848198
409346,1544162,1.0,0.5760295373592434
409352,1544170,1.0,0.5007778010438221
409355,1544175,1.0,0.514369067950887
409359,1544181,1.0,0.5168354522831697
409362,1544185,1.0,0.6105468609355132
409363,1544186,1.0,0.5911555358720721
409374,1544207,1.0,0.5611598307894472
409384,1544223,1.0,0.5852904403817217
409385,1544226,1.0,0.6784473112273326
409406,1544254,1.0,0.6672539441799967
409416,1544270,1.0,0.6892279348877622
409417,1544272,1.0,0.6954053253291912
409423,1544282,1.0,0.5405330014719816
409424,1544283,1.0,0.5313895046984448
409427,1544286,1.0,0.630990850278302
409428,1544288,1.0,0.5493644428261375
409429,1544289,1.0,0.5885151298046741
409431,1544294,1.0,0.6647099655763495
409432,1544296,1.0,0.7279427580241085
409441,1544308,1.0,0.613617866712422
409443,1544310,1.0,0.5537089963852068
409451,1544323,1.0,0.5660409878845528
409458,1544335,1.0,0.5790220126295088
409466,1544348,1.0,0.5075877856878015
409468,1544354,1.0,0.6477857295687577
409469,1544355,1.0,0.7413833374968806
409471,1544360,1.0,0.5890002008273235
409476,1544371,1.0,0.5627155463900618
409479,1544377,1.0,0.514870392683206
409481,1544379,1.0,0.5408896300649683
409504,1544415,1.0,0.5049937098214923
409507,1544418,1.0,0.7255312946380179
409510,1544425,1.0,0.522889217389727
409515,1544438,1.0,0.5651519198495413
409516,1544442,1.0,0.6582873874907429
409518,1544444,1.0,0.5127387295999868
409520,1544446,1.0,0.5142693317842475
409531,1544461,1.0,0.6287206658423529
409534,1544464,1.0,0.8133408304490614
409546,1544484,1.0,0.601936697945012
409548,1544488,1.0,0.6170172035373253
409553,1544494,1.0,0.6204793731428198
409555,1544496,1.0,0.521396424475361
409556,1544497,1.0,0.6545315130094873
409558,1544500,1.0,0.8802473338909382
409559,1544501,1.0,0.7883610790103323
409560,1544503,1.0,0.6143256420387417
409566,1544512,1.0,0.5411704647453648
409571,1544521,1.0,0.5955126638318978
409573,1544523,1.0,0.5411704647453648
409583,1544536,1.0,0.5168354522831697
409584,1544537,1.0,0.7040584656144131
409586,1544539,1.0,0.5766569469140588
409591,1544547,1.0,0.5388916967187911
409592,1544548,1.0,0.5216019285641171
409596,1544554,1.0,0.5581602492130251
409604,1544565,1.0,0.5168354522831697
409614,1544581,1.0,0.6425123881498865
409615,1544582,1.0,0.5385836421914658
409617,1544584,1.0,0.5235537287064626
409619,1544588,1.0,0.6158177019737946
409621,1544590,1.0,0.8152884513343399
409623,1544594,1.0,0.5004646025337097
409630,1544606,1.0,0.5168354522831697
409635,1544613,1.0,0.6094014709863471
409637,1544615,1.0,0.5124273984520996
409638,1544616,1.0,0.5520542969908385
409639,1544617,1.0,0.6174269558141863
409645,1544626,1.0,0.5703364916272405
409646,1544628,1.0,0.6090202546815873
409647,1544629,1.0,0.7062411010233625
409649,1544631,1.0,0.5702075249704976
409659,1544645,1.0,0.5191292697860417
409661,1544648,1.0,0.5186027453608166
409662,1544649,1.0,0.7345455460123973
409665,1544652,1.0,0.5191817796305147
409667,1544657,1.0,0.5042830872029214
409674,1544668,1.0,0.5184889667148982
409677,1544671,1.0,0.5287801674060624
409679,1544673,1.0,0.5970993800725712
409680,1544674,1.0,0.9093408495066169
409681,1544676,1.0,0.5926182934838623
409682,1544677,1.0,0.7147418635912284
409684,1544680,1.0,0.6140761110097755
409686,1544684,1.0,0.596530286308336
409692,1544692,1.0,0.5395804417071046
409694,1544696,1.0,0.6212821145898985
409696,1544698,1.0,0.7384827677197908
409699,1544701,1.0,0.6805139677751022
409701,1544703,1.0,0.5420673732817034
409702,1544705,1.0,0.6361169982488373
409709,1544717,1.0,0.9456984505978944
409713,1544725,1.0,0.960836164139835
409714,1544726,1.0,0.5336049201820231
409725,1544742,1.0,0.7696067947667133
409728,1544747,1.0,0.6842764721943582
409737,1544765,1.0,0.5233445788121736
409741,1544772,1.0,0.6614440429149115
409746,1544783,1.0,0.5051046792538282
409750,1544788,1.0,0.5779796390537726
409754,1544795,1.0,0.5595044952634888
409759,1544803,1.0,0.5921229611165003
409760,1544804,1.0,0.5316218316284441
409769,1544819,1.0,0.7255312946380179
409770,1544820,1.0,0.5617907051387709
409771,1544821,1.0,0.5673660492023999
409774,1544825,1.0,0.5384283086420751
409778,1544831,1.0,0.5411704647453648
409780,1544833,1.0,0.5802185437889488
409782,1544836,1.0,0.5698073370987777
409788,1544843,1.0,0.5051309122150232
409790,1544845,1.0,0.6194902322465454
409795,1544851,1.0,0.7794551864021603
409796,1544852,1.0,0.6491941413093905
409801,1544861,1.0,0.6809141284441755
409802,1544862,1.0,0.5289584123731162
409803,1544863,1.0,0.5473993795230732
409804,1544864,1.0,0.5346485620663742
409806,1544866,1.0,0.5651970175400096
409821,1544888,1.0,0.6058815274175591
409830,1544904,1.0,0.5822348305009956
409831,1544905,1.0,0.6917028833621452
409834,1544908,1.0,0.5177861075700664
409835,1544910,1.0,0.5517319924962298
409837,1544913,1.0,0.612946210613955
409838,1544914,1.0,0.7811164009230231
409844,1544926,1.0,0.5603214458377229
409846,1544929,1.0,0.5000717555930747
409847,1544930,1.0,0.5820365403804353
409848,1544931,1.0,0.6341204356653206
409849,1544933,1.0,0.5820365403804353
409859,1544947,1.0,0.6458744407563489
409866,1544957,1.0,0.5480786044180221
409871,1544965,1.0,0.6605711306740093
409876,1544971,1.0,0.5753552871553692
409881,1544978,1.0,0.6593787300169855
409882,1544980,1.0,0.5643595990385122
409885,1544983,1.0,0.5335830973056227
409887,1544990,1.0,0.5085816789232067
409889,1544992,1.0,0.6422925209011577
409890,1544994,1.0,0.5981817694719436
409897,1545004,1.0,0.5491685211543881
409902,1545010,1.0,0.5517319924962298
409904,1545012,1.0,0.6611666211823081
409907,1545016,1.0,0.5725421117813752
409908,1545020,1.0,0.651464031076158
409910,1545022,1.0,0.7309230190428655
409911,1545023,1.0,0.6384394157984611
409920,1545037,1.0,0.5765027213972653
409927,1545053,1.0,0.7546416185793272
409929,1545056,1.0,0.5192762607903276
409935,1545066,1.0,0.5331281443845555
409938,1545070,1.0,0.6398364342409126
409940,1545074,1.0,0.5820365403804353
409941,1545076,1.0,0.5081909914010265
409945,1545087,1.0,0.6171576169174685
409949,1545091,1.0,0.5106315008874253
409953,1545097,1.0,0.5125010909151136
409955,1545102,1.0,0.6454368285931866
409959,1545107,1.0,0.5959106884432683
409966,1545114,1.0,0.6960304001162407
409968,1545117,1.0,0.5211390632018112
409970,1545121,1.0,0.612045647076213
409971,1545122,1.0,0.5986659247628997
409975,1545130,1.0,0.6138384219490288
409976,1545131,1.0,0.6107372251883461
409980,1545136,1.0,0.6172455085551252
409987,1545145,1.0,0.520427678270259
409998,1545162,1.0,0.557383043654063
410001,1545169,1.0,0.8582039808621672
410003,1545171,1.0,0.5406465765727008
410008,1545179,1.0,0.6810629560260496
410009,1545180,1.0,0.5589680870763507
410016,1545191,1.0,0.5704417534704986
410021,1545200,1.0,0.5435752193230056
410026,1545206,1.0,0.5899713556250041
410027,1545208,1.0,0.7899377308601936
410029,1545210,1.0,0.5746457287558225
410031,1545212,1.0,0.5335830973056227
410032,1545215,1.0,0.5446654685331447
410033,1545217,1.0,0.5550722674433739
410036,1545220,1.0,0.7108084805941198
410037,1545222,1.0,0.5093814206028924
410039,1545225,1.0,0.5435752193230056
410041,1545228,1.0,0.6412733353710991
410047,1545238,1.0,0.83121205480264
410050,1545242,1.0,0.5986659247628997
410051,1545243,1.0,0.6385703217145802
410052,1545244,1.0,0.5421452752803713
410054,1545246,1.0,0.8229250537089279
410055,1545247,1.0,0.5086613743931299
410056,1545252,1.0,0.6346392703307732
410057,1545254,1.0,0.7282263833024748
410060,1545257,1.0,0.6926235502923175
410061,1545258,1.0,0.6198714551542264
410062,1545259,1.0,0.601108963181431
410063,1545260,1.0,0.5240861779728324
410072,1545272,1.0,0.9206217279780657
410075,1545276,1.0,0.5822348305009956
410077,1545280,1.0,0.5082838402702466
410080,1545286,1.0,0.6445667690484035
410083,1545292,1.0,0.5085816789232067
410084,1545294,1.0,0.5979598787505751
410089,1545305,1.0,0.5429166560962444
410094,1545314,1.0,0.5046982150963953
410095,1545315,1.0,0.557383043654063
410099,1545323,1.0,0.7060964678876313
410101,1545326,1.0,0.7282263833024748
410102,1545328,1.0,0.5006668079606585
410103,1545330,1.0,0.5403929684864053
410105,1545332,1.0,0.5688699228151638
410107,1545335,1.0,0.6156956016342587
410108,1545337,1.0,0.6285021810995972
410111,1545341,1.0,0.5320767621177451
410114,1545346,1.0,0.5672535663122127
410116,1545348,1.0,0.8521448945220629
410117,1545349,1.0,0.8370485011864004
410123,1545356,1.0,0.9871413760924365
410126,1545359,1.0,0.5220383430622251
410138,1545379,1.0,0.6203972702944948
410139,1545381,1.0,0.7927169536452771
410141,1545386,1.0,0.5016222891974438
410144,1545390,1.0,0.68088941362001
410147,1545397,1.0,0.6379369293612761
410150,1545400,1.0,0.5697682946776166
410153,1545404,1.0,0.6556323982108611
410154,1545406,1.0,0.6449285713833992
410157,1545409,1.0,0.5510525145238411
410159,1545411,1.0,0.5221968078124049
410160,1545413,1.0,0.5987040219014865
410164,1545420,1.0,0.5076386172929903
410166,1545423,1.0,0.6346392703307732
410168,1545427,1.0,0.6611666211823081
410170,1545429,1.0,0.5225911473975049
410172,1545431,1.0,0.8454086762232289
410174,1545435,1.0,0.5642288532534239
410175,1545438,1.0,0.6412733353710991
410180,1545449,1.0,0.6398364342409126
410181,1545450,1.0,0.6538239499757138
410182,1545452,1.0,0.5781798682110973
410186,1545456,1.0,0.6946710742276994
410188,1545458,1.0,0.6896294561845884
410195,1545470,1.0,0.651464031076158
410196,1545471,1.0,0.5850642682081619
410204,1545482,1.0,0.56159126462078
410207,1545485,1.0,0.6636289327304217
410208,1545486,1.0,0.557383043654063
410209,1545487,1.0,0.6946710742276994
410214,1545494,1.0,0.5377813727987064
410216,1545496,1.0,0.5063065538479314
410218,1545498,1.0,0.651464031076158
410225,1545507,1.0,0.515258227454577
410229,1545514,1.0,0.7832905674146322
410231,1545517,1.0,0.7375433146227028
410233,1545520,1.0,0.5398074620206961
410234,1545521,1.0,0.6557311518219825
410237,1545524,1.0,0.7886984450360458
410245,1545535,1.0,0.5167796494675456
410248,1545538,1.0,0.613402556484541
410253,1545546,1.0,0.5928419996499307
410257,1545550,1.0,0.6230226676886076
410262,1545555,1.0,0.8213013141558029
410265,1545560,1.0,0.7277872897636738
410267,1545563,1.0,0.5946614581453283
410272,1545568,1.0,0.6134432595289141
410273,1545569,1.0,0.5807797852047548
410275,1545572,1.0,0.5469470382252605
410276,1545573,1.0,0.7067656326738286
410277,1545576,1.0,0.625769064855734
410279,1545578,1.0,0.9538338036937968
410281,1545581,1.0,0.5330975763006288
410283,1545584,1.0,0.5554952532179597
410284,1545586,1.0,0.5517319924962298
410288,1545590,1.0,0.7187418662152596
410289,1545591,1.0,0.5125674625176277
410291,1545594,1.0,0.5418984737249091
410292,1545595,1.0,0.6385612138214138
410293,1545596,1.0,0.5857604191531218
410297,1545601,1.0,0.5052226931715953
410298,1545603,1.0,0.5435752193230056
410299,1545605,1.0,0.5944916776667242
410300,1545607,1.0,0.5198290367733005
410303,1545610,1.0,0.578779016530631
410305,1545613,1.0,0.542908699491467
410308,1545618,1.0,0.7754491125035964
410309,1545620,1.0,0.5327541953981625
410311,1545622,1.0,0.5753552871553692
410312,1545623,1.0,0.6198714551542264
410313,1545625,1.0,0.6085264428544607
410315,1545627,1.0,0.5895795994537883
410316,1545629,1.0,0.5268191255693296
410318,1545631,1.0,0.749996392704459
410322,1545636,1.0,0.5697682946776166
410325,1545640,1.0,0.934793927253856
410328,1545645,1.0,0.7548372347301257
410329,1545646,1.0,0.9415640040466724
410331,1545648,1.0,0.65078993710033
410332,1545649,1.0,0.6399356215647164
410338,1545657,1.0,0.6609836261757983
410341,1545660,1.0,0.5704417534704986
410342,1545661,1.0,0.6329285214776593
410343,1545662,1.0,0.561673912431603
410345,1545667,1.0,0.665902707496331
410346,1545670,1.0,0.6322175548222276
410347,1545671,1.0,0.691003865301984
410348,1545672,1.0,0.882864557291431
410354,1545681,1.0,0.6153130795096163
410355,1545682,1.0,0.5506772577719719
410356,1545683,1.0,0.5677046992633334
410357,1545684,1.0,0.6927594355131476
410367,1545704,1.0,0.542908699491467
410375,1545715,1.0,0.6194468131461122
410380,1545722,1.0,0.6466544308729782
410384,1545732,1.0,0.5325364070033636
410387,1545736,1.0,0.7598915409094382
410403,1545753,1.0,0.609999317615555
410404,1545754,1.0,0.6313142113473454
410405,1545755,1.0,0.5753114635776526
410407,1545759,1.0,0.6264877802173856
410408,1545760,1.0,0.7994595222521392
410410,1545762,1.0,0.6179165384174364
410412,1545765,1.0,0.8205980991685539
410419,1545773,1.0,0.564670953696455
410420,1545774,1.0,0.5436009298115826
410422,1545777,1.0,0.5464262397953727
410423,1545778,1.0,0.6372271492547225
410424,1545779,1.0,0.635671316434879
410425,1545780,1.0,0.6545629254714769
410426,1545782,1.0,0.7237559986709993
410431,1545788,1.0,0.5376235707225424
410432,1545789,1.0,0.5707376915734669
410434,1545796,1.0,0.7145106375446549
410436,1545798,1.0,0.5762640200612187
410438,1545801,1.0,0.5741712980379997
410439,1545802,1.0,0.6836303767708615
410440,1545803,1.0,0.6259337121280086
410442,1545806,1.0,0.7190197615038717
410446,1545811,1.0,0.5477042250469181
410450,1545815,1.0,0.6104829066376746
410451,1545817,1.0,0.6182922426749856
410456,1545828,1.0,0.5973884338799944
410459,1545833,1.0,0.602281534585601
410460,1545834,1.0,0.6147727182115895
410462,1545836,1.0,0.8427109338469786
410463,1545837,1.0,0.6157032766663559
410464,1545839,1.0,0.6993454128754887
410467,1545842,1.0,0.5721723351224083
410469,1545845,1.0,0.7040322581594608
410471,1545848,1.0,0.6061314369575019
410475,1545853,1.0,0.5402250481468879
410479,1545858,1.0,0.5324281275788662
410482,1545863,1.0,0.6103090694755878
410485,1545866,1.0,0.6552160410809156
410488,1545870,1.0,0.6125844900478096
410489,1545871,1.0,0.6434492828553247
410490,1545875,1.0,0.558413821825132
410494,1545880,1.0,0.6489010059194017
410500,1545889,1.0,0.5997074950591011
410506,1545898,1.0,0.6085100948881306
410507,1545900,1.0,0.5790602579171718
410513,1545913,1.0,0.6047484397256494
410518,1545922,1.0,0.5552014260469836
410519,1545924,1.0,0.6953601541762066
410522,1545927,1.0,0.6596651808702446
410525,1545930,1.0,0.6499713135908199
410528,1545933,1.0,0.8490980545213539
410533,1545940,1.0,0.5558353777673858
410534,1545941,1.0,0.5263027615633868
410535,1545942,1.0,0.5558353777673858
410536,1545943,1.0,0.500819468192256
410537,1545944,1.0,0.8280283013394335
410540,1545948,1.0,0.849409502367632
410542,1545950,1.0,0.6797162174053015
410547,1545956,1.0,0.6054332080828676
410549,1545958,1.0,0.5830401794520748
410555,1545965,1.0,0.6343036145262034
410563,1545977,1.0,0.6630996350289755
410564,1545979,1.0,0.5094821647199683
410569,1545984,1.0,0.6419023216331629
410574,1545993,1.0,0.564670953696455
410575,1545994,1.0,0.6261205873811172
410576,1545995,1.0,0.6046852145758052
410577,1545996,1.0,0.538167906416085
410578,1545997,1.0,0.5614069144261005
410581,1546001,1.0,0.5556052284490455
410584,1546004,1.0,0.5285551552170352
410586,1546006,1.0,0.5523171746899671
410588,1546008,1.0,0.5751228692983866
410589,1546009,1.0,0.5790602579171718
410590,1546010,1.0,0.5192254411553228
410591,1546015,1.0,0.7049114202489033
410593,1546018,1.0,0.5003197149717041
410597,1546023,1.0,0.6866233102057608
410601,1546030,1.0,0.5940788465439425
410605,1546036,1.0,0.6334937475366865
410622,1546062,1.0,0.5110884521083152
410623,1546066,1.0,0.7258214754082828
410628,1546079,1.0,0.5170666191904499
410630,1546081,1.0,0.9130630336363726
410632,1546083,1.0,0.5140434418270344
410636,1546091,1.0,0.5125362046183157
410638,1546095,1.0,0.6645793861749606
410639,1546097,1.0,0.674069132535206
410640,1546098,1.0,0.6384534779505697
410652,1546114,1.0,0.5520036674952536
410661,1546128,1.0,0.5736693031962362
410662,1546129,1.0,0.5751364815636074
410663,1546131,1.0,0.7256840705206984
410664,1546134,1.0,0.504714206610971
410666,1546138,1.0,0.7103805400444896
410669,1546141,1.0,0.5228415152889525
410670,1546142,1.0,0.5846261645912391
410671,1546143,1.0,0.5306029106957106
410673,1546146,1.0,0.6549410528720017
410674,1546147,1.0,0.5030209377224132
410677,1546150,1.0,0.6049661501924787
410679,1546152,1.0,0.7004973710439977
410682,1546157,1.0,0.6691341192416911
410683,1546158,1.0,0.6415137354758594
410688,1546167,1.0,0.563070900570268
410692,1546173,1.0,0.5790602579171718
410693,1546175,1.0,0.596057954834628
410694,1546177,1.0,0.5956863883822169
410697,1546180,1.0,0.7428541768104716
410698,1546182,1.0,0.5320302188782313
410699,1546184,1.0,0.6840107541569006
410707,1546194,1.0,0.7994595222521392
410710,1546197,1.0,0.594829156526841
410714,1546203,1.0,0.5229442075511276
410719,1546208,1.0,0.7184157583647655
410720,1546211,1.0,0.5715622977589053
410722,1546215,1.0,0.6837517721507533
410726,1546220,1.0,0.5287028734077343
410729,1546224,1.0,0.6132677326994643
410730,1546225,1.0,0.7978737530899735
410732,1546227,1.0,0.5722199573414872
410734,1546229,1.0,0.6951506959243687
410735,1546231,1.0,0.6202410518123271
410741,1546241,1.0,0.6064762948602611
410742,1546242,1.0,0.5994477503643061
410749,1546253,1.0,0.849409502367632
410751,1546255,1.0,0.6866233102057608
410753,1546258,1.0,0.564670953696455
410759,1546266,1.0,0.6255997059590437
410760,1546267,1.0,0.6119409065057837
410765,1546273,1.0,0.6848861394583867
410771,1546281,1.0,0.5686635743982426
410773,1546284,1.0,0.5407377302708397
410776,1546287,1.0,0.7588698455273282
410777,1546290,1.0,0.5134916841428939
410780,1546293,1.0,0.5710055435068293
410782,1546296,1.0,0.5847761426244988
410785,1546302,1.0,0.6529104402550371
410786,1546304,1.0,0.5803274378477559
410787,1546306,1.0,0.6446076949007108
410790,1546309,1.0,0.5721723351224083
410792,1546315,1.0,0.609999317615555
410795,1546319,1.0,0.6285077849539822
410799,1546325,1.0,0.5290814283295204
410801,1546328,1.0,0.849409502367632
410804,1546333,1.0,0.6923660116282316
410805,1546334,1.0,0.5846261645912391
410811,1546344,1.0,0.660689922793045
410815,1546349,1.0,0.5648066074815473
410818,1546353,1.0,0.5891320662343569
410824,1546363,1.0,0.6717720193391948
410828,1546374,1.0,0.6971091537276548
410829,1546375,1.0,0.6479238547284786
410830,1546377,1.0,0.5966511439662119
410831,1546381,1.0,0.6061537780094316
410832,1546384,1.0,0.7954300303756805
410833,1546386,1.0,0.6845179314518879
410834,1546388,1.0,0.6790856516438496
410835,1546389,1.0,0.6647025133886648
410836,1546391,1.0,0.602281534585601
410839,1546398,1.0,0.6490830975979626
410842,1546401,1.0,0.5618729968360238
410844,1546403,1.0,0.5956964736229914
410846,1546406,1.0,0.5397583963295031
410847,1546407,1.0,0.6710628275839112
410849,1546411,1.0,0.5753114635776526
410850,1546412,1.0,0.5553638552394337
410854,1546417,1.0,0.5116299172664003
410855,1546418,1.0,0.8065105849094467
410860,1546424,1.0,0.5668975702986158
410861,1546425,1.0,0.6760147643703741
410863,1546427,1.0,0.6515627805216638
410866,1546431,1.0,0.6337742762668003
410872,1546439,1.0,0.5979849343921837
410873,1546440,1.0,0.661543261219809
410875,1546445,1.0,0.5025785020548835
410876,1546446,1.0,0.5488350894499349
410877,1546447,1.0,0.76022271406411
410886,1546467,1.0,0.720796709090279
410888,1546471,1.0,0.5790602579171718
410890,1546477,1.0,0.5756767127080161
410891,1546479,1.0,0.6313315138120174
410893,1546481,1.0,0.5324281275788662
410894,1546482,1.0,0.6125844900478096
410899,1546487,1.0,0.6583904804907142
410901,1546491,1.0,0.5725854048045623
410903,1546495,1.0,0.7103805400444896
410906,1546502,1.0,0.6575368640356971
410910,1546509,1.0,0.6537534799865546
410925,1546533,1.0,0.7222872355796992
410929,1546540,1.0,0.7222801306111666
410930,1546542,1.0,0.5693583114484646
410932,1546546,1.0,0.7794074662011453
410933,1546548,1.0,0.6784962729689112
410938,1546554,1.0,0.6457601810952439
410942,1546560,1.0,0.6633097628487815
410943,1546562,1.0,0.5173537042043159
410945,1546564,1.0,0.6561578309565552
410946,1546566,1.0,0.6099922129796761
410948,1546569,1.0,0.7734388722754092
410953,1546577,1.0,0.661543261219809
410954,1546578,1.0,0.6858423292539878
410958,1546583,1.0,0.69049965356808
410962,1546587,1.0,0.7553517870906132
410964,1546589,1.0,0.625932826246111
410965,1546591,1.0,0.5960658822176091
410967,1546593,1.0,0.5562359956441603
410970,1546599,1.0,0.580542953261395
410972,1546602,1.0,0.5316732128839233
410973,1546604,1.0,0.6525740710052026
410974,1546605,1.0,0.7467692161514546
410975,1546606,1.0,0.7382492284997835
410977,1546609,1.0,0.6507278512814021
410979,1546611,1.0,0.7379895097212547
410982,1546614,1.0,0.580542953261395
410983,1546615,1.0,0.5713353136078051
410985,1546617,1.0,0.7142610814276967
410986,1546619,1.0,0.5066502418203217
410987,1546621,1.0,0.5954216411255789
410990,1546625,1.0,0.6028067191602273
410991,1546626,1.0,0.7737289461929637
410992,1546627,1.0,0.8045527394810951
410994,1546631,1.0,0.6349727505382899
410996,1546635,1.0,0.7493673242213186
410998,1546637,1.0,0.5715910610601731
410999,1546638,1.0,0.7162988141633024
411005,1546645,1.0,0.6213315279510196
411006,1546647,1.0,0.6400043662384342
411008,1546649,1.0,0.6866919518676357
411009,1546651,1.0,0.6235215609522033
411012,1546655,1.0,0.7473685385996711
411013,1546656,1.0,0.6511813762973718
411014,1546658,1.0,0.6397514915996327
411015,1546659,1.0,0.566009618331251
411016,1546662,1.0,0.5910623410662456
411017,1546663,1.0,0.939850507019696
411019,1546666,1.0,0.8715776248881004
411020,1546667,1.0,0.5388331932969611
411021,1546669,1.0,0.6734519844742795
411022,1546670,1.0,0.783860735046653
411024,1546673,1.0,0.5531826107708726
411026,1546677,1.0,0.5884764445523242
411027,1546678,1.0,0.5950507108731978
411028,1546681,1.0,0.7600364962285673
411031,1546685,1.0,0.6673455171597272
411035,1546691,1.0,0.6725900545334803
411039,1546697,1.0,0.5945410699393118
411040,1546698,1.0,0.5945410699393118
411045,1546705,1.0,0.5478453822222216
411046,1546706,1.0,0.6102464793528187
411047,1546707,1.0,0.6130311315977577
411049,1546710,1.0,0.7594909208867008
411050,1546712,1.0,0.6349664135643045
411051,1546714,1.0,0.7460163834970159
411053,1546716,1.0,0.6797266494830887
411054,1546717,1.0,0.5043069329221669
411055,1546718,1.0,0.5802317595610089
411056,1546719,1.0,0.5406167690988872
411057,1546721,1.0,0.5814210064315438
411059,1546725,1.0,0.7251188587989609
411063,1546732,1.0,0.5655382288218662
411066,1546736,1.0,0.5075094855949195
411070,1546742,1.0,0.7003598133728032
411071,1546744,1.0,0.5924626234479028
411074,1546748,1.0,0.5364824088131158
411076,1546751,1.0,0.7684660232785999
411078,1546754,1.0,0.6559720548029537
411079,1546755,1.0,0.5135215207363918
411080,1546756,1.0,0.532419903353864
411081,1546760,1.0,0.6403168565843548
411083,1546764,1.0,0.8160651166182511
411085,1546766,1.0,0.71146628294589
411086,1546767,1.0,0.5758085578425362
411090,1546771,1.0,0.7096434792740144
411091,1546772,1.0,0.638762335615228
411092,1546773,1.0,0.5051814316978389
411093,1546774,1.0,0.7375461124020785
411094,1546775,1.0,0.7183549051379167
411097,1546782,1.0,0.6919048632428505
411098,1546783,1.0,0.786804323166938
411108,1546798,1.0,0.5722074024286795
411111,1546801,1.0,0.8023082965244874
411112,1546804,1.0,0.7076803483199584
411113,1546807,1.0,0.6047464066001389
411115,1546810,1.0,0.6292440408497697
411116,1546812,1.0,0.5565506611611735
411121,1546822,1.0,0.8321848035900734
411123,1546824,1.0,0.8334906599789376
411125,1546826,1.0,0.6174230771824096
411129,1546830,1.0,0.6322373925755848
411136,1546841,1.0,0.6189426194618273
411137,1546843,1.0,0.767837733491427
411138,1546844,1.0,0.6464170366478267
411142,1546849,1.0,0.7899927951998059
411143,1546851,1.0,0.5149810785350132
411144,1546852,1.0,0.7792106251052024
411145,1546853,1.0,0.664621679766775
411148,1546856,1.0,0.6034527583797068
411153,1546865,1.0,0.6751130101029752
411157,1546872,1.0,0.5135394602603969
411159,1546878,1.0,0.6942087370113953
411161,1546881,1.0,0.6076278300631252
411162,1546883,1.0,0.5406167690988872
411163,1546885,1.0,0.5053779938228149
411166,1546888,1.0,0.6854648865797002
411167,1546889,1.0,0.6697579377855791
411168,1546890,1.0,0.6282375934988439
411169,1546891,1.0,0.5802781451480878
411170,1546894,1.0,0.7497772145789589
411171,1546897,1.0,0.5273397204342541
411174,1546905,1.0,0.6693219591127956
411175,1546907,1.0,0.6160914830682771
411177,1546911,1.0,0.786804323166938
411178,1546916,1.0,0.7179726789514247
411182,1546922,1.0,0.700462774802082
411183,1546923,1.0,0.5605300943228313
411187,1546927,1.0,0.5544993091037859
411189,1546931,1.0,0.6627601408894889
411192,1546934,1.0,0.5353936361417981
411195,1546939,1.0,0.6182434516505618
411196,1546940,1.0,0.5945410699393118
411197,1546941,1.0,0.7638078989904604
411198,1546944,1.0,0.6451613089116317
411199,1546945,1.0,0.5731264587237871
411200,1546947,1.0,0.6182434516505618
411202,1546949,1.0,0.6780682763096796
411204,1546952,1.0,0.5392831839616067
411206,1546955,1.0,0.6723467436888045
411210,1546962,1.0,0.7246160888138226
411211,1546963,1.0,0.5921361876428947
411212,1546965,1.0,0.7691548858548933
411223,1546982,1.0,0.5769296008086768
411226,1546988,1.0,0.7035344106560161
411227,1546990,1.0,0.5749157791791438
411228,1546994,1.0,0.6348222178412279
411232,1546999,1.0,0.7084890096508603
411233,1547000,1.0,0.6245485072399907
411234,1547001,1.0,0.81627335840175
411235,1547002,1.0,0.722082457359824
411237,1547005,1.0,0.5792937311373394
411240,1547008,1.0,0.8516963028944123
411241,1547009,1.0,0.834913227035588
411244,1547013,1.0,0.7275909989842192
411247,1547017,1.0,0.5890935256201861
411250,1547021,1.0,0.6284524024672451
411252,1547025,1.0,0.6591785257525081
411255,1547030,1.0,0.6626749445546661
411256,1547031,1.0,0.6197162039132198
411258,1547033,1.0,0.6403168565843548
411262,1547037,1.0,0.6450986344218468
411263,1547038,1.0,0.6579811880482936
411268,1547045,1.0,0.5454991913259936
411271,1547049,1.0,0.63940262640887
411274,1547053,1.0,0.6274759834560713
411278,1547061,1.0,0.7405590050778865
411282,1547067,1.0,0.755661182322443
411283,1547069,1.0,0.5162434734723963
411284,1547070,1.0,0.6537854683732849
411285,1547071,1.0,0.8644088369961446
411286,1547072,1.0,0.7131239187549753
411290,1547077,1.0,0.7309352725776792
411292,1547080,1.0,0.5450342404940107
411294,1547082,1.0,0.5605946072458866
411296,1547084,1.0,0.8498030010307391
411300,1547090,1.0,0.5167269671943716
411305,1547095,1.0,0.5496084796166095
411310,1547100,1.0,0.6469093063067939
411314,1547105,1.0,0.5460364380600425
411315,1547106,1.0,0.6579053132626355
411318,1547110,1.0,0.6237129521743371
411319,1547111,1.0,0.7648355563419527
411323,1547118,1.0,0.6050215078185488
411324,1547119,1.0,0.7473685385996711
411325,1547120,1.0,0.5957062544705287
411328,1547124,1.0,0.5823983959592363
411329,1547126,1.0,0.756736351627505
411330,1547127,1.0,0.5801163484832464
411331,1547129,1.0,0.6723663122042319
411332,1547132,1.0,0.63459197075819
411335,1547138,1.0,0.5935407167540591
411336,1547139,1.0,0.632618682101745
411338,1547141,1.0,0.7686214812563664
411340,1547144,1.0,0.754641647353632
411343,1547150,1.0,0.5355063808229943
411344,1547151,1.0,0.7052478806754358
411345,1547152,1.0,0.5708552803724705
411346,1547153,1.0,0.5603718675904701
411349,1547157,1.0,0.6008933116845472
411350,1547159,1.0,0.5957062544705287
411355,1547166,1.0,0.7587177567918203
411359,1547172,1.0,0.6672435325699915
411366,1547181,1.0,0.8363836010992807
411367,1547182,1.0,0.664621679766775
411368,1547183,1.0,0.736997992607541
411371,1547187,1.0,0.8068266369672399
411373,1547190,1.0,0.5214133461949529
411374,1547192,1.0,0.8813373131989336
411376,1547194,1.0,0.5984903624649474
411377,1547197,1.0,0.66691149168903
411381,1547203,1.0,0.632086531591314
411384,1547206,1.0,0.6473652889928803
411385,1547207,1.0,0.62449184328811
411387,1547209,1.0,0.5530182209277662
411388,1547210,1.0,0.551600334765736
411390,1547213,1.0,0.5166209061274785
411392,1547218,1.0,0.5494356259242718
411394,1547220,1.0,0.6245134350331822
411395,1547221,1.0,0.5319872636785193
411397,1547226,1.0,0.5665967612234979
411402,1547234,1.0,0.7804840409978645
411403,1547237,1.0,0.6819175518086373
411404,1547238,1.0,0.5482105246608691
411406,1547243,1.0,0.5872938689084839
411407,1547244,1.0,0.6100697282814257
411408,1547246,1.0,0.5057422329284068
411411,1547249,1.0,0.5102002347250473
411418,1547257,1.0,0.7906617880441609
411419,1547259,1.0,0.62207364190625
411421,1547261,1.0,0.6201649136168038
411422,1547262,1.0,0.6620848838118705
411423,1547263,1.0,0.6854505027247569
411429,1547271,1.0,0.6649132567217331
411431,1547273,1.0,0.5552938113701853
411433,1547275,1.0,0.5499765188290924
411435,1547278,1.0,0.7741080051410217
411437,1547282,1.0,0.7751009136922979
411438,1547286,1.0,0.6034757644618559
411443,1547292,1.0,0.5568524024432926
411444,1547293,1.0,0.7468257532107326
411447,1547297,1.0,0.6010319939411182
411449,1547299,1.0,0.6168490637689993
411451,1547302,1.0,0.6289994564138593
411453,1547304,1.0,0.5342560487306198
411456,1547308,1.0,0.9287212426171929
411457,1547310,1.0,0.6816071904022544
411467,1547329,1.0,0.710324289665205
411468,1547331,1.0,0.7131228092260802
411470,1547334,1.0,0.8381063170329089
411472,1547337,1.0,0.6986941285657843
411473,1547339,1.0,0.5852490782532088
411474,1547340,1.0,0.6209253956043209
411476,1547345,1.0,0.5292214020492042
411478,1547348,1.0,0.6853109202150812
411481,1547352,1.0,0.6215916367315164
411482,1547356,1.0,0.6042397195434862
411483,1547357,1.0,0.7269087817731288
411490,1547368,1.0,0.7365674768381182
411492,1547372,1.0,0.6709393948402351
411493,1547374,1.0,0.8610351717121588
411495,1547376,1.0,0.5754411279366154
411503,1547387,1.0,0.7341274782230981
411504,1547388,1.0,0.7625998669772018
411507,1547391,1.0,0.6459917477060695
411508,1547393,1.0,0.7240306789876612
411509,1547395,1.0,0.7751009136922979
411510,1547396,1.0,0.6464590825377071
411514,1547401,1.0,0.6874210351965878
411519,1547407,1.0,0.78394764063281
411520,1547408,1.0,0.5329718198013916
411521,1547409,1.0,0.6202971900348068
411522,1547411,1.0,0.5412753727332824
411524,1547413,1.0,0.6356010204335305
411527,1547419,1.0,0.5525473145659467
411533,1547427,1.0,0.5107191202514588
411536,1547430,1.0,0.5693952593450774
411540,1547436,1.0,0.6986941285657843
411541,1547439,1.0,0.7871488323749303
411543,1547442,1.0,0.6747297856430335
411545,1547444,1.0,0.6712808252583586
411547,1547447,1.0,0.553198442372795
411548,1547448,1.0,0.6350672033817998
411551,1547452,1.0,0.6742895661044874
411554,1547456,1.0,0.6019288692302218
411555,1547457,1.0,0.5590223989707003
411557,1547461,1.0,0.6368193478414904
411560,1547467,1.0,0.5948305638507727
411567,1547474,1.0,0.5037636838570622
411570,1547477,1.0,0.7288288714063155
411571,1547480,1.0,0.6570147820684222
411572,1547482,1.0,0.5958365495752506
411576,1547487,1.0,0.6893139068508434
411578,1547489,1.0,0.6673888310232361
411579,1547490,1.0,0.6628752245676099
411580,1547492,1.0,0.527313050414361
411582,1547496,1.0,0.6047773740448064
411583,1547498,1.0,0.6447975363204199
411589,1547504,1.0,0.5480638674817269
411590,1547505,1.0,0.6834988685923428
411593,1547509,1.0,0.5349142233857385
411594,1547510,1.0,0.6604791458528432
411595,1547512,1.0,0.551600334765736
411600,1547523,1.0,0.732306721778035
411601,1547524,1.0,0.5072675639382819
411603,1547526,1.0,0.7126966042725076
411604,1547527,1.0,0.6157805192103103
411608,1547532,1.0,0.5411731551932665
411609,1547533,1.0,0.577964966658494
411611,1547535,1.0,0.5482105246608691
411612,1547536,1.0,0.6177283171618974
411613,1547537,1.0,0.5387299709817637
411615,1547540,1.0,0.6944981097817415
411618,1547544,1.0,0.7034837499909323
411621,1547547,1.0,0.6323472996533036
411622,1547548,1.0,0.5072675639382819
411623,1547550,1.0,0.712691651972785
411624,1547551,1.0,0.5948748020690313
411626,1547553,1.0,0.5573830621907909
411629,1547557,1.0,0.5327543579059641
411631,1547561,1.0,0.7457511772513684
411633,1547563,1.0,0.7981634257728302
411636,1547569,1.0,0.7669681482447442
411639,1547572,1.0,0.5936403495835946
411642,1547578,1.0,0.5072675639382819
411646,1547583,1.0,0.6421693091033769
411647,1547584,1.0,0.7378210531343696
411651,1547592,1.0,0.7556551424308378
411653,1547595,1.0,0.6920536843529167
411655,1547598,1.0,0.6751501609413206
411656,1547602,1.0,0.8381063170329089
411658,1547604,1.0,0.5590223989707003
411659,1547605,1.0,0.658017058701351
411660,1547606,1.0,0.6838727710374589
411667,1547617,1.0,0.6123177778073841
411671,1547623,1.0,0.7156867824674619
411675,1547628,1.0,0.6577120546106202
411676,1547629,1.0,0.6714553028967974
411679,1547634,1.0,0.5822494012019679
411680,1547636,1.0,0.5144326057220701
411681,1547637,1.0,0.6703870139548259
411682,1547638,1.0,0.6664230683702644
411689,1547645,1.0,0.6244628823019839
411694,1547653,1.0,0.6313924743018544
411698,1547658,1.0,0.5749142039066686
411702,1547666,1.0,0.5829724976881941
411707,1547673,1.0,0.5440216772250401
411711,1547679,1.0,0.6730444655329801
411712,1547680,1.0,0.551600334765736
411716,1547688,1.0,0.7018547596588872
411718,1547692,1.0,0.5986695332274269
411719,1547694,1.0,0.5099818478068829
411722,1547702,1.0,0.7281934300291517
411723,1547703,1.0,0.6751501609413206
411724,1547704,1.0,0.543788338573597
411727,1547708,1.0,0.5563116465629006
411729,1547713,1.0,0.7658129915911649
411730,1547715,1.0,0.6950511917975074
411732,1547718,1.0,0.6089015418153924
411734,1547721,1.0,0.6011041630767455
411736,1547723,1.0,0.6054125893717104
411737,1547724,1.0,0.5342560487306198
411738,1547725,1.0,0.6445866358958455
411740,1547729,1.0,0.7281179865530008
411744,1547734,1.0,0.5132802056803075
411746,1547737,1.0,0.5984903624649474
411748,1547739,1.0,0.6783650483401703
411749,1547741,1.0,0.675854592706022
411753,1547750,1.0,0.6620848838118705
411755,1547754,1.0,0.5616842460881776
411763,1547767,1.0,0.7610451039583472
411764,1547770,1.0,0.8549278647906899
411767,1547774,1.0,0.5379885985823442
411769,1547776,1.0,0.5495830617451427
411770,1547777,1.0,0.6982678515622219
411771,1547778,1.0,0.5024788941434942
411784,1547798,1.0,0.6019288692302218
411787,1547802,1.0,0.7311270197541331
411788,1547803,1.0,0.5132998163838879
411789,1547804,1.0,0.6256171144312985
411793,1547809,1.0,0.5724568973214724
411796,1547812,1.0,0.6664230683702644
411797,1547813,1.0,0.625670293089133
411798,1547814,1.0,0.7547303310361484
411799,1547815,1.0,0.5072675639382819
411800,1547817,1.0,0.6202971900348068
411802,1547821,1.0,0.7454084262241027
411805,1547824,1.0,0.5359584274700605
411806,1547826,1.0,0.7441026344006089
411808,1547828,1.0,0.7085944724114184
411811,1547831,1.0,0.5343805307115999
411813,1547833,1.0,0.7544846699021561
411814,1547834,1.0,0.6304295174004944
411817,1547837,1.0,0.6655918943804269
411818,1547838,1.0,0.7510592133811667
411819,1547839,1.0,0.582216569703286
411823,1547847,1.0,0.5812908622454492
411829,1547853,1.0,0.8186399307393729
411830,1547854,1.0,0.7281934300291517
411831,1547856,1.0,0.5955492859496516
411833,1547858,1.0,0.7923048754534121
411835,1547860,1.0,0.5312310323033487
411839,1547866,1.0,0.5495830617451427
411840,1547867,1.0,0.7750653267615589
411842,1547870,1.0,0.5907151901840991
411843,1547871,1.0,0.7611543512988275
411844,1547872,1.0,0.5455042494186328
411846,1547874,1.0,0.5203323569222803
411853,1547882,1.0,0.6799832213916124
411854,1547883,1.0,0.5379332651642003
411856,1547888,1.0,0.5008007603704392
411862,1547894,1.0,0.7577346901666807
411863,1547895,1.0,0.6134496346244802
411864,1547897,1.0,0.5306233612529128
411866,1547899,1.0,0.6648541806506336
411871,1547907,1.0,0.6778984659314753
411872,1547908,1.0,0.5633570045540033
411875,1547911,1.0,0.7658129915911649
411876,1547913,1.0,0.5745560532149735
411877,1547914,1.0,0.7016521775756498
411879,1547916,1.0,0.7452168248423185
411883,1547923,1.0,0.7109705313326619
411884,1547924,1.0,0.5971539839924996
411888,1547929,1.0,0.9409075471606347
411891,1547934,1.0,0.7860166272672382
411892,1547935,1.0,0.6351711302886675
411893,1547936,1.0,0.5342560487306198
411894,1547938,1.0,0.5737973565091214
411895,1547939,1.0,0.7923048754534121
411897,1547941,1.0,0.7052183576499043
411898,1547942,1.0,0.6472152852968984
411900,1547944,1.0,0.6134448080317678
411904,1547950,1.0,0.7034837499909323
411905,1547951,1.0,0.5907151901840991
411910,1547958,1.0,0.5852195261410538
411911,1547960,1.0,0.6236356830031409
411915,1547966,1.0,0.5533989054979586
411923,1547978,1.0,0.6976357013023756
411926,1547984,1.0,0.7060923274886148
411927,1547985,1.0,0.7597221432218008
411929,1547989,1.0,0.7588837937191103
411933,1547995,1.0,0.6971071101985584
411939,1548002,1.0,0.9218508599868974
411941,1548005,1.0,0.6591174649377366
411946,1548014,1.0,0.6478060943930561
411951,1548021,1.0,0.6248565701122579
411955,1548030,1.0,0.5057706761843299
411957,1548033,1.0,0.6082280950272353
411960,1548038,1.0,0.6928038170679405
411961,1548039,1.0,0.6061767057387253
411962,1548040,1.0,0.5115449853574032
411966,1548045,1.0,0.78471632592474
411969,1548049,1.0,0.610081328229762
411970,1548050,1.0,0.6656000221825858
411971,1548051,1.0,0.5296227411910317
411973,1548053,1.0,0.5527698045903485
411976,1548057,1.0,0.5717323380023454
411977,1548058,1.0,0.9037147350430618
411982,1548064,1.0,0.5790604869814713
411983,1548066,1.0,0.7178535553482469
411984,1548067,1.0,0.5343294347926413
411985,1548070,1.0,0.6472152852968984
411986,1548074,1.0,0.6839054248266357
411987,1548075,1.0,0.692999369182583
411990,1548079,1.0,0.605648107105684
411996,1548086,1.0,0.6137521071060537
411999,1548089,1.0,0.5808739831397332
412006,1548097,1.0,0.5473708295555856
412014,1548105,1.0,0.676816243960824
412022,1548117,1.0,0.5006417586652717
412027,1548122,1.0,0.552037372951375
412043,1548140,1.0,0.5799754221497392
412052,1548150,1.0,0.597220476050899
412055,1548154,1.0,0.5213696767166012
412059,1548160,1.0,0.5973564472397455
412070,1548174,1.0,0.5089695318349037
412075,1548179,1.0,0.5080021387327457
412078,1548182,1.0,0.5935188569664566
412079,1548188,1.0,0.553148725340645
412080,1548189,1.0,0.6044220846650465
412081,1548190,1.0,0.6250909428480631
412085,1548196,1.0,0.553425682523235
412087,1548201,1.0,0.5524989898335976
412088,1548202,1.0,0.5888952145245998
412089,1548203,1.0,0.7161661538992721
412093,1548208,1.0,0.8873272805810714
412094,1548211,1.0,0.8780511318753162
412095,1548213,1.0,0.6471261875765267
412096,1548214,1.0,0.522329688851532
412098,1548217,1.0,0.9411744746099258
412099,1548219,1.0,0.7261597856418652
412103,1548224,1.0,0.5281309717867867
412104,1548225,1.0,0.5916873839762629
412108,1548229,1.0,0.6444946396631175
412109,1548231,1.0,0.5121644722474319
412113,1548237,1.0,0.8385875396399936
412118,1548243,1.0,0.6433514404029391
412121,1548246,1.0,0.5212049586023937
412122,1548247,1.0,0.6568166680581387
412124,1548249,1.0,0.6473462892546198
412126,1548251,1.0,0.6457276115652101
412131,1548258,1.0,0.7800566181297378
412134,1548261,1.0,0.6506945882626967
412135,1548262,1.0,0.5925228872047962
412136,1548264,1.0,0.6490508642042916
412140,1548269,1.0,0.5709369751978103
412142,1548272,1.0,0.5753581805930041
412147,1548278,1.0,0.5100879469184044
412154,1548285,1.0,0.6033650481187178
412155,1548286,1.0,0.6338247687028141
412159,1548290,1.0,0.5117466449701743
412161,1548292,1.0,0.7597580157001368
412162,1548294,1.0,0.6066987925293591
412163,1548295,1.0,0.6338247687028141
412165,1548297,1.0,0.9074656998112534
412170,1548306,1.0,0.7133743535188387
412171,1548308,1.0,0.5230878217396677
412173,1548311,1.0,0.6530779932030685
412176,1548316,1.0,0.5850841792009551
412177,1548317,1.0,0.6300404865397861
412178,1548318,1.0,0.6350817852512097
412190,1548331,1.0,0.6718639972272525
412191,1548333,1.0,0.5753581805930041
412194,1548337,1.0,0.6498348149222906
412196,1548339,1.0,0.569555148185692
412201,1548344,1.0,0.7389464339361976
412202,1548345,1.0,0.6664443927188617
412203,1548346,1.0,0.7776981903549828
412208,1548354,1.0,0.5760208713612184
412209,1548355,1.0,0.633261631567329
412214,1548361,1.0,0.7621833685762704
412216,1548364,1.0,0.7699879464332372
412217,1548365,1.0,0.7441502060326087
412220,1548369,1.0,0.6779201509898175
412221,1548370,1.0,0.5191998531143305
412226,1548376,1.0,0.6271376732694981
412229,1548379,1.0,0.8974899183680852
412230,1548381,1.0,0.7245808675302595
412231,1548382,1.0,0.6591942331643591
412233,1548384,1.0,0.5676585102361442
412236,1548387,1.0,0.792978471250173
412239,1548391,1.0,0.6711715256549119
412240,1548393,1.0,0.5971554547655028
412241,1548395,1.0,0.620404650354145
412243,1548398,1.0,0.6118459604515587
412245,1548403,1.0,0.695065397541687
412247,1548405,1.0,0.9260071138383139
412248,1548407,1.0,0.6358156472212022
412250,1548410,1.0,0.6899385487101988
412251,1548412,1.0,0.8875415555850559
412252,1548413,1.0,0.6626584012534368
412253,1548415,1.0,0.6183263688161569
412255,1548418,1.0,0.731240923971777
412256,1548419,1.0,0.6294797755192693
412257,1548421,1.0,0.6852416668233727
412259,1548423,1.0,0.7825720563402982
412268,1548434,1.0,0.5523075363503163
412269,1548435,1.0,0.5167055817291633
412270,1548436,1.0,0.7014431340301777
412272,1548438,1.0,0.708425753145502
412279,1548448,1.0,0.6221357269405563
412281,1548451,1.0,0.6687173628206083
412284,1548454,1.0,0.6380433599019188
412285,1548456,1.0,0.8187708686503749
412289,1548461,1.0,0.68036792561175
412292,1548464,1.0,0.6102906030614916
412293,1548465,1.0,0.7021254199383273
412294,1548467,1.0,0.6138300010837845
412295,1548468,1.0,0.6223629498515261
412296,1548469,1.0,0.5808510178048134
412297,1548470,1.0,0.6920442744613501
412299,1548473,1.0,0.6756773966236782
412304,1548480,1.0,0.6718482156957547
412305,1548481,1.0,0.5863005213500053
412307,1548484,1.0,0.6147122196479814
412308,1548485,1.0,0.655198934843796
412309,1548487,1.0,0.7014037626476699
412310,1548489,1.0,0.6157476560853895
412312,1548491,1.0,0.6966728785561962
412313,1548492,1.0,0.6890309145983285
412314,1548493,1.0,0.7117054210915418
412315,1548494,1.0,0.7037527724662486
412316,1548495,1.0,0.5742325942878539
412317,1548496,1.0,0.5935510479898993
412318,1548497,1.0,0.7130123078139644
412321,1548500,1.0,0.725983864798463
412322,1548501,1.0,0.721616097829742
412323,1548502,1.0,0.7652618475884896
412324,1548503,1.0,0.5313555073062054
412326,1548506,1.0,0.5954633776112549
412329,1548509,1.0,0.8184638280387202
412332,1548513,1.0,0.7014037626476699
412333,1548514,1.0,0.6157476560853895
412337,1548518,1.0,0.6117838792808772
412341,1548524,1.0,0.8116831953785151
412347,1548533,1.0,0.7143516904576881
412348,1548534,1.0,0.641893032766772
412350,1548536,1.0,0.6483385766575749
412355,1548543,1.0,0.7198535618005087
412357,1548545,1.0,0.6979937065194924
412358,1548546,1.0,0.695065397541687
412359,1548547,1.0,0.7361172813436644
412360,1548548,1.0,0.6719366221205497
412361,1548549,1.0,0.7108560649267276
412365,1548554,1.0,0.6860517524528145
412366,1548555,1.0,0.680572582884478
412368,1548558,1.0,0.6626584012534368
412374,1548565,1.0,0.6422866483575709
412375,1548566,1.0,0.6853697053800767
412376,1548567,1.0,0.7438630171188484
412377,1548568,1.0,0.6879050600189688
412380,1548573,1.0,0.6905774876528675
412385,1548578,1.0,0.6282995323514645
412387,1548581,1.0,0.6914631733365854
412391,1548586,1.0,0.5225592743928612
412392,1548588,1.0,0.6433645935105908
412394,1548590,1.0,0.8476329219136762
412399,1548600,1.0,0.6701360958772985
412400,1548601,1.0,0.5999835586814347
412401,1548602,1.0,0.6294797755192693
412404,1548605,1.0,0.5935510479898993
412405,1548607,1.0,0.7465771281836034
412406,1548608,1.0,0.6158123963965026
412407,1548610,1.0,0.7063106090561035
412408,1548612,1.0,0.698213789548522
412409,1548614,1.0,0.698213789548522
412411,1548616,1.0,0.6158123963965026
412412,1548617,1.0,0.6261804840022287
412419,1548625,1.0,0.6734719641809198
412420,1548626,1.0,0.6198235960998398
412421,1548627,1.0,0.6124263306991204
412422,1548629,1.0,0.7592642591047736
412423,1548630,1.0,0.6269394314752919
412424,1548631,1.0,0.6966728785561962
412426,1548633,1.0,0.6859954852838022
412428,1548635,1.0,0.7002381304216272
412431,1548638,1.0,0.6234684396508341
412433,1548640,1.0,0.6785201405469945
412434,1548641,1.0,0.7014037626476699
412435,1548642,1.0,0.7144001843304957
412436,1548643,1.0,0.6377612053153923
412439,1548648,1.0,0.711032202480517
412440,1548650,1.0,0.8121886233062442
412446,1548656,1.0,0.5965916029523293
412449,1548660,1.0,0.6940038043546427
412450,1548661,1.0,0.6556751110325115
412451,1548662,1.0,0.5902705336155271
412452,1548663,1.0,0.609933615289066
412453,1548665,1.0,0.5715456483739578
412455,1548668,1.0,0.698213789548522
412456,1548669,1.0,0.6909671107049145
412457,1548670,1.0,0.6947145636972296
412462,1548678,1.0,0.6966824529458298
412463,1548679,1.0,0.6452177260312194
412468,1548689,1.0,0.6572481045263159
412470,1548691,1.0,0.6336223731264459
412473,1548696,1.0,0.6220916025105582
412477,1548701,1.0,0.7093718398036053
412482,1548707,1.0,0.617304754750511
412483,1548708,1.0,0.6279874492200476
412486,1548711,1.0,0.640612426892964
412487,1548712,1.0,0.6820909350784361
412491,1548720,1.0,0.6138300010837845
412492,1548722,1.0,0.6481147464873325
412494,1548725,1.0,0.548834073213654
412496,1548727,1.0,0.6610588400708305
412498,1548730,1.0,0.9244918953544496
412500,1548733,1.0,0.6500303484056464
412503,1548736,1.0,0.7002449426078219
412506,1548742,1.0,0.617304754750511
412507,1548744,1.0,0.6100250439759135
412509,1548748,1.0,0.6388817152756825
412512,1548752,1.0,0.6021936415557554
412514,1548754,1.0,0.6796230395147849
412515,1548755,1.0,0.698213789548522
412516,1548756,1.0,0.7037151573443874
412517,1548757,1.0,0.725453134887623
412520,1548760,1.0,0.5962345048382686
412522,1548762,1.0,0.6687686042131895
412523,1548764,1.0,0.5353863664523946
412524,1548766,1.0,0.6295806582130272
412525,1548768,1.0,0.7289668136500448
412527,1548770,1.0,0.7946347935781717
412528,1548771,1.0,0.5864238954903622
412529,1548773,1.0,0.7070456911227896
412530,1548774,1.0,0.7216467163972918
412531,1548777,1.0,0.6566920371423854
412532,1548779,1.0,0.7553873185305041
412534,1548782,1.0,0.7353458597196109
412535,1548783,1.0,0.7193978077415554
412536,1548784,1.0,0.6088520396072039
412538,1548786,1.0,0.623534128512615
412539,1548787,1.0,0.6124263306991204
412540,1548788,1.0,0.5890074243911241
412541,1548789,1.0,0.695065397541687
412542,1548791,1.0,0.6310835544690804
412546,1548797,1.0,0.7014037626476699
412548,1548799,1.0,0.7343075044738674
412549,1548800,1.0,0.8410193581817672
412553,1548806,1.0,0.6434424679808527
412556,1548810,1.0,0.6556032239789306
412557,1548811,1.0,0.6921542807161294
412558,1548812,1.0,0.6958139046027485
412560,1548814,1.0,0.6271266755370423
412562,1548816,1.0,0.6580441951799441
412563,1548818,1.0,0.7051498389538806
412565,1548820,1.0,0.6109180747632139
412567,1548822,1.0,0.6489013941022437
412569,1548824,1.0,0.6092921355989491
412570,1548825,1.0,0.6838744335269291
412572,1548828,1.0,0.6907522607182337
412573,1548830,1.0,0.609933615289066
412574,1548832,1.0,0.6390037639785873
412577,1548836,1.0,0.7409800659450873
412578,1548839,1.0,0.7148491474900649
412580,1548841,1.0,0.6186594576996506
412581,1548842,1.0,0.6515024706552094
412589,1548853,1.0,0.7096382276445621
412592,1548858,1.0,0.7366453842697765
412593,1548860,1.0,0.7198535618005087
412596,1548863,1.0,0.6058199894018256
412597,1548864,1.0,0.6491932604605026
412599,1548866,1.0,0.7546495333498432
412601,1548870,1.0,0.5980529833405488
412603,1548872,1.0,0.7021346629263396
412604,1548876,1.0,0.6237517076325695
412606,1548878,1.0,0.5615304161291648
412608,1548880,1.0,0.7014037626476699
412611,1548884,1.0,0.512593511517478
412612,1548885,1.0,0.724130638390192
412613,1548888,1.0,0.5999835586814347
412615,1548890,1.0,0.7014037626476699
412616,1548891,1.0,0.7002381304216272
412618,1548895,1.0,0.6124263306991204
412619,1548896,1.0,0.7033931819070797
412621,1548898,1.0,0.5774602984825353
412622,1548900,1.0,0.5688092973971742
412624,1548902,1.0,0.6671797918155185
412625,1548903,1.0,0.5658593629863333
412628,1548907,1.0,0.728320257083885
412631,1548911,1.0,0.6694628637857728
412634,1548914,1.0,0.7708177401358964
412637,1548919,1.0,0.5902705336155271
412638,1548920,1.0,0.6196453815081868
412646,1548930,1.0,0.7276144935084602
412654,1548939,1.0,0.8094237644635794
412655,1548942,1.0,0.5547112581721819
412656,1548944,1.0,0.6534701503305506
412657,1548946,1.0,0.6210988445455229
412661,1548950,1.0,0.7245808675302595
412666,1548957,1.0,0.6748810798699594
412668,1548959,1.0,0.8252739722785438
412669,1548960,1.0,0.7012960752299907
412670,1548961,1.0,0.821989037517158
412672,1548965,1.0,0.7148491474900649
412673,1548966,1.0,0.7389911807207047
412678,1548973,1.0,0.7867025331859826
412679,1548974,1.0,0.6377602466575915
412684,1548981,1.0,0.5606651986734833
412685,1548982,1.0,0.6967532447416408
412686,1548983,1.0,0.7041380952200819
412688,1548985,1.0,0.7605487170314313
412690,1548988,1.0,0.541048380454074
412692,1548991,1.0,0.6298674688161359
412695,1548994,1.0,0.5793304310306467
412696,1548995,1.0,0.6048840951267248
412697,1548996,1.0,0.7651382647947255
412698,1548997,1.0,0.8455929460996241
412699,1548998,1.0,0.7009384256060602
412702,1549002,1.0,0.7246935198984755
412703,1549003,1.0,0.5781821382403414
412704,1549005,1.0,0.6916751171405353
412707,1549008,1.0,0.6743405070610381
412709,1549012,1.0,0.6327010626838939
412710,1549013,1.0,0.6209420814216224
412712,1549015,1.0,0.5770274281935526
412713,1549017,1.0,0.8805283803676296
412715,1549020,1.0,0.7285784254835086
412718,1549025,1.0,0.6909671107049145
412721,1549029,1.0,0.6593784276244736
412724,1549034,1.0,0.7563081601097879
412727,1549038,1.0,0.7129298342542039
412729,1549041,1.0,0.9347094309465296
412730,1549042,1.0,0.6103671618177767
412731,1549043,1.0,0.5902293440783877
412734,1549048,1.0,0.6261537891826623
412735,1549049,1.0,0.637910229342022
412738,1549052,1.0,0.6519940809624056
412739,1549053,1.0,0.6229901310697769
412740,1549054,1.0,0.7260716687695543
412742,1549056,1.0,0.6314650873171315
412743,1549057,1.0,0.6515975036174168
412744,1549061,1.0,0.7440695661104143
412745,1549064,1.0,0.6724119670607793
412746,1549065,1.0,0.6812561267028195
412750,1549069,1.0,0.7070882855563223
412751,1549070,1.0,0.7242933865992699
412752,1549071,1.0,0.677175351945074
412753,1549072,1.0,0.7807442039413969
412755,1549075,1.0,0.776442187059677
412759,1549079,1.0,0.6519940809624056
412761,1549083,1.0,0.6622095392774808
412765,1549088,1.0,0.7609663742927879
412766,1549089,1.0,0.5722733493742145
412770,1549094,1.0,0.693547482391028
412772,1549096,1.0,0.7692764967077355
412773,1549097,1.0,0.733604300349236
412774,1549099,1.0,0.6196658510982399
412775,1549100,1.0,0.646693962764231
412776,1549101,1.0,0.7056561712055573
412779,1549105,1.0,0.6492261883845193
412781,1549108,1.0,0.711195579221276
412783,1549110,1.0,0.7351016137279797
412786,1549113,1.0,0.7141696367479147
412788,1549123,1.0,0.8188329421098051
412792,1549127,1.0,0.6973143991123818
412796,1549134,1.0,0.7260716687695543
412797,1549135,1.0,0.6682452742543564
412798,1549136,1.0,0.7589858935120808
412804,1549144,1.0,0.5774426386437865
412806,1549146,1.0,0.6949422685928256
412807,1549147,1.0,0.7251699889699474
412808,1549148,1.0,0.6832038255126
412810,1549150,1.0,0.6519940809624056
412811,1549151,1.0,0.655372723750996
412814,1549155,1.0,0.5902293440783877
412816,1549157,1.0,0.6817658390248623
412817,1549158,1.0,0.7345309893736081
412822,1549163,1.0,0.6938100380242144
412824,1549165,1.0,0.7070882855563223
412825,1549166,1.0,0.6513690788839114
412826,1549167,1.0,0.7143044791863067
412827,1549168,1.0,0.7147993123526137
412830,1549171,1.0,0.7135056890176513
412831,1549173,1.0,0.8025542392133855
412834,1549178,1.0,0.7315291326195057
412835,1549179,1.0,0.6366082204225564
412838,1549182,1.0,0.7497613763065917
412842,1549186,1.0,0.5722733493742145
412843,1549188,1.0,0.6485288331740404
412845,1549191,1.0,0.9067010067962248
412848,1549194,1.0,0.8898272990209166
412851,1549197,1.0,0.5774426386437865
412856,1549202,1.0,0.7147993123526137
412859,1549206,1.0,0.6605282678203975
412861,1549210,1.0,0.7782909579275987
412864,1549213,1.0,0.6406258242442346
412871,1549221,1.0,0.7798627893168443
412873,1549223,1.0,0.6847119091764827
412874,1549225,1.0,0.661610143248381
412875,1549226,1.0,0.6930529721932134
412877,1549229,1.0,0.7589543941660291
412879,1549232,1.0,0.7901765134044988
412880,1549233,1.0,0.8898272990209166
412881,1549234,1.0,0.6718811615584219
412882,1549235,1.0,0.8898723928117718
412883,1549237,1.0,0.9452483530637169
412884,1549238,1.0,0.7812671487003259
412885,1549239,1.0,0.7406475178329862
412888,1549242,1.0,0.6922644911892387
412890,1549244,1.0,0.5570931260130689
412895,1549251,1.0,0.526162055278425
412896,1549253,1.0,0.7147993123526137
412898,1549255,1.0,0.6871771954145701
412900,1549259,1.0,0.6546394496377473
412901,1549262,1.0,0.7250161121869284
412906,1549274,1.0,0.6492261883845193
412908,1549276,1.0,0.7479078143282785
412909,1549277,1.0,0.6354902816371594
412911,1549279,1.0,0.754903941797245
412912,1549280,1.0,0.5917948150250757
412913,1549282,1.0,0.7574235247335592
412914,1549283,1.0,0.5851585283820173
412916,1549285,1.0,0.7471433465897409
412917,1549286,1.0,0.6680170998214358
412918,1549287,1.0,0.7757116566636183
412920,1549290,1.0,0.7471129966865909
412924,1549296,1.0,0.6453116797724172
412927,1549300,1.0,0.6616254381441593
412928,1549301,1.0,0.6644998359459551
412931,1549306,1.0,0.5778540073263881
412934,1549310,1.0,0.7159330252736218
412935,1549311,1.0,0.5666704233691138
412936,1549314,1.0,0.6416687790803673
412941,1549322,1.0,0.7086174832121898
412943,1549325,1.0,0.6652488497933671
412950,1549338,1.0,0.6472399158600457
412951,1549341,1.0,0.6733075530316285
412952,1549344,1.0,0.7081217438014237
412954,1549346,1.0,0.7668131721345646
412956,1549348,1.0,0.6641067521426798
412957,1549350,1.0,0.6107893818418338
412958,1549351,1.0,0.629335455717619
412962,1549355,1.0,0.7190703817949277
412963,1549356,1.0,0.7201771462951437
412964,1549357,1.0,0.8644307851748144
412966,1549359,1.0,0.7459071121618075
412968,1549362,1.0,0.6811279972125015
412969,1549363,1.0,0.7181511424036068
412971,1549366,1.0,0.6639328696098812
412975,1549371,1.0,0.727620936248042
412977,1549373,1.0,0.7137879137966175
412978,1549374,1.0,0.7157456128694071
412981,1549377,1.0,0.6334232059119588
412986,1549384,1.0,0.6609533010343335
412991,1549391,1.0,0.6584897515606526
412993,1549393,1.0,0.6793893060997293
412994,1549394,1.0,0.7881228293628073
412996,1549396,1.0,0.7300511410205349
412997,1549397,1.0,0.7224179572616017
412998,1549398,1.0,0.6860953313653859
412999,1549399,1.0,0.6478632359884227
413001,1549401,1.0,0.6492774022494496
413002,1549403,1.0,0.5056106326820836
413004,1549405,1.0,0.6058791629047795
413006,1549408,1.0,0.6472399158600457
413008,1549410,1.0,0.7399379194135262
413009,1549412,1.0,0.6103318779259965
413010,1549414,1.0,0.7471129966865909
413011,1549415,1.0,0.6583953360651553
413013,1549418,1.0,0.6583953360651553
413015,1549421,1.0,0.7365334104151116
413018,1549425,1.0,0.6834304120633851
413019,1549427,1.0,0.7379886544662811
413022,1549431,1.0,0.7166987117263325
413023,1549432,1.0,0.6701575172500941
413024,1549433,1.0,0.6015273271759268
413027,1549436,1.0,0.8640988541098301
413028,1549437,1.0,0.6732664065723108
413030,1549441,1.0,0.6300126253457576
413034,1549447,1.0,0.8853455337294929
413036,1549449,1.0,0.6871504163294706
413039,1549453,1.0,0.6708880544664879
413041,1549456,1.0,0.6644968735552809
413044,1549459,1.0,0.7159330252736218
413047,1549464,1.0,0.7143044791863067
413048,1549465,1.0,0.7007929407156238
413049,1549466,1.0,0.6842333595883267
413051,1549468,1.0,0.6593784276244736
413052,1549469,1.0,0.7643982784463333
413056,1549473,1.0,0.711195579221276
413057,1549474,1.0,0.646693962764231
413058,1549476,1.0,0.7866441501206841
413059,1549477,1.0,0.6820815625158572
413062,1549482,1.0,0.6937807024101798
413063,1549483,1.0,0.6947072511782344
413065,1549485,1.0,0.7457449685193018
413066,1549486,1.0,0.6030187934733304
413067,1549487,1.0,0.6185787708983284
413068,1549488,1.0,0.5323355138145223
413069,1549489,1.0,0.8789752666146488
413070,1549490,1.0,0.7469568856322193
413073,1549493,1.0,0.7388882451504843
413077,1549499,1.0,0.6898827348739983
413079,1549502,1.0,0.8270700021941642
413082,1549507,1.0,0.7758955598341976
413086,1549511,1.0,0.8121206677899635
413089,1549515,1.0,0.717966049552836
413090,1549517,1.0,0.774710688377288
413092,1549519,1.0,0.6816325388429046
413093,1549520,1.0,0.7274403470051026
413094,1549521,1.0,0.8142379516092613
413095,1549522,1.0,0.717966049552836
413097,1549525,1.0,0.8016478840954517
413099,1549528,1.0,0.7377699689061762
413101,1549530,1.0,0.6941561408107063
413102,1549531,1.0,0.8178740972331413
413103,1549532,1.0,0.7778441631665446
413105,1549535,1.0,0.7704064432270925
413106,1549536,1.0,0.5846815967490855
413107,1549537,1.0,0.7559800833896104
413108,1549538,1.0,0.7526453568842114
413109,1549540,1.0,0.725873362409347
413112,1549544,1.0,0.5013638085917059
413113,1549545,1.0,0.8941909771967431
413117,1549551,1.0,0.7304607264708561
413123,1549559,1.0,0.7502131980533444
413124,1549560,1.0,0.7492270640482029
413127,1549563,1.0,0.6935932247338218
413128,1549564,1.0,0.7946629897101196
413131,1549567,1.0,0.8067688455235213
413134,1549572,1.0,0.756186148073897
413135,1549574,1.0,0.7903678201417267
413137,1549577,1.0,0.7972210261580448
413139,1549579,1.0,0.9403999927556458
413140,1549581,1.0,0.7325414959487597
413143,1549585,1.0,0.6930198957783145
413145,1549587,1.0,0.7274403470051026
413146,1549588,1.0,0.7212903577967504
413148,1549590,1.0,0.7255147824522349
413149,1549591,1.0,0.8884794387762895
413150,1549592,1.0,0.7228232333868321
413151,1549593,1.0,0.7176066667230998
413155,1549597,1.0,0.79833142522038
413162,1549605,1.0,0.7468130861037471
413163,1549606,1.0,0.5028941580633289
413165,1549608,1.0,0.8016478840954517
413167,1549610,1.0,0.8198849155039416
413169,1549613,1.0,0.7806196098458731
413171,1549617,1.0,0.6525885829790932
413174,1549620,1.0,0.9224711726560867
413176,1549623,1.0,0.5689271611974958
413181,1549630,1.0,0.7362641531325431
413183,1549633,1.0,0.7065241789268838
413184,1549634,1.0,0.7357297540216539
413188,1549639,1.0,0.8262790741018532
413191,1549642,1.0,0.7228176585286197
413193,1549644,1.0,0.7694107484380819
413195,1549646,1.0,0.7902724313715844
413196,1549647,1.0,0.7867262498282637
413197,1549648,1.0,0.7087444065546231
413210,1549665,1.0,0.9144738627251269
413213,1549669,1.0,0.7471226382620747
413214,1549671,1.0,0.8488474307406519
413215,1549673,1.0,0.6899398515138249
413217,1549675,1.0,0.8086776950378528
413219,1549677,1.0,0.7468433250245268
413221,1549679,1.0,0.7417999611583099
413224,1549683,1.0,0.6985177760803062
413225,1549685,1.0,0.7173608008673713
413227,1549687,1.0,0.7881339411987934
413228,1549689,1.0,0.8973535683861688
413229,1549690,1.0,0.5865392716493182
413234,1549698,1.0,0.8100518672952033
413235,1549700,1.0,0.6911265909697147
413239,1549707,1.0,0.7368981777631558
413240,1549708,1.0,0.800589436942594
413245,1549719,1.0,0.6961260702019766
413247,1549722,1.0,0.7673969574883476
413248,1549723,1.0,0.6773798385012108
413250,1549726,1.0,0.6474953856578229
413251,1549728,1.0,0.8238495138605759
413255,1549732,1.0,0.8420618445680669
413259,1549738,1.0,0.7411333727627472
413264,1549746,1.0,0.8082202606197649
413266,1549750,1.0,0.7147990508867494
413268,1549754,1.0,0.7023723887924187
413269,1549755,1.0,0.7326872545901244
413270,1549756,1.0,0.7699343020748651
413272,1549758,1.0,0.7357074590136475
413273,1549759,1.0,0.7761414883205824
413274,1549760,1.0,0.7392922442958544
413276,1549763,1.0,0.8686458892919289
413278,1549767,1.0,0.8030531791148294
413279,1549768,1.0,0.7076933472632896
413280,1549769,1.0,0.7557241285652289
413284,1549775,1.0,0.7376363097617835
413289,1549780,1.0,0.7635545551369177
413290,1549781,1.0,0.8409524066286487
413292,1549784,1.0,0.7761726664454757
413294,1549787,1.0,0.7086099936886441
413296,1549789,1.0,0.8482987794276836
413297,1549790,1.0,0.7540281192059961
413300,1549794,1.0,0.81279281883264
413301,1549795,1.0,0.5800928109191019
413302,1549796,1.0,0.6192764346714865
413303,1549798,1.0,0.7296996668415411
413305,1549801,1.0,0.7055041502829936
413306,1549802,1.0,0.6378758409282803
413308,1549804,1.0,0.6935932247338218
413314,1549813,1.0,0.7476621409913435
413317,1549816,1.0,0.7480118937235958
413318,1549817,1.0,0.6858024040246371
413320,1549819,1.0,0.8463169609263034
413321,1549820,1.0,0.8700659801646987
413322,1549822,1.0,0.7135005258475615
413323,1549823,1.0,0.7836301670234807
413328,1549829,1.0,0.8224475621789837
413335,1549838,1.0,0.7515397104708258
413337,1549840,1.0,0.6833126999114073
413338,1549842,1.0,0.7304607264708561
413339,1549844,1.0,0.6884580823136006
413340,1549845,1.0,0.7283067328212711
413344,1549850,1.0,0.6682504511383581
413347,1549853,1.0,0.7156346719316988
413349,1549855,1.0,0.6214986082900708
413351,1549858,1.0,0.6710947996339958
413361,1549869,1.0,0.7430537468746146
413365,1549873,1.0,0.7623691224009069
413366,1549874,1.0,0.7895763321631425
413367,1549876,1.0,0.8909200373449245
413368,1549877,1.0,0.540708235600996
413370,1549880,1.0,0.7335144537261891
413372,1549883,1.0,0.7255147824522349
413373,1549884,1.0,0.765636619384844
413376,1549888,1.0,0.5320079829470468
413377,1549889,1.0,0.7891301532623194
413385,1549900,1.0,0.750382715590026
413386,1549901,1.0,0.8534438079337158
413389,1549904,1.0,0.757538777144288
413390,1549906,1.0,0.7610866967453039
413391,1549907,1.0,0.7708107785926426
413393,1549910,1.0,0.7291260307541072
413394,1549911,1.0,0.782575242694969
413395,1549912,1.0,0.5320079829470468
413396,1549913,1.0,0.8086885261293858
413397,1549915,1.0,0.7088579682665009
413399,1549918,1.0,0.7183206964984283
413400,1549919,1.0,0.8286039297628532
413404,1549926,1.0,0.734622719325738
413405,1549929,1.0,0.70316100012401
413406,1549930,1.0,0.6985177760803062
413408,1549932,1.0,0.6494128180986289
413409,1549933,1.0,0.7182133793945995
413410,1549934,1.0,0.7988191271029365
413416,1549943,1.0,0.8666857034330916
413417,1549945,1.0,0.6479790418102876
413426,1549958,1.0,0.663462438332648
413428,1549960,1.0,0.7986933090051824
413429,1549961,1.0,0.7756089204618395
413432,1549964,1.0,0.8031747843735868
413439,1549974,1.0,0.849389032058522
413440,1549975,1.0,0.7117766028318585
413444,1549980,1.0,0.7255692951995862
413447,1549984,1.0,0.8016478840954517
413448,1549985,1.0,0.6945131823998166
413451,1549988,1.0,0.6690419736872163
413456,1549995,1.0,0.6901804796080501
413457,1549996,1.0,0.7753378305012184
413458,1549997,1.0,0.7705614540716961
413459,1549998,1.0,0.8634740446527972
413463,1550003,1.0,0.6936361358918869
413467,1550009,1.0,0.7051812889511043
413469,1550011,1.0,0.9203835505274043
413470,1550014,1.0,0.6799114457280938
413473,1550017,1.0,0.7472364283485323
413477,1550022,1.0,0.7304607264708561
413478,1550023,1.0,0.7589263852119089
413481,1550027,1.0,0.7533326656433056
413482,1550028,1.0,0.7393536956079104
413483,1550029,1.0,0.7413931756841554
413485,1550034,1.0,0.8721657713331783
413487,1550036,1.0,0.717966049552836
413488,1550038,1.0,0.7304607264708561
413489,1550039,1.0,0.67462151962816
413490,1550042,1.0,0.7699343020748651
413491,1550043,1.0,0.7472669318672273
413492,1550044,1.0,0.7721264412402034
413497,1550051,1.0,0.7784783808276944
413500,1550059,1.0,0.7853133211426789
413501,1550060,1.0,0.9089827210739136
413503,1550062,1.0,0.8305430795009893
413505,1550064,1.0,0.6551572076815084
413507,1550066,1.0,0.7871483283736465
413508,1550067,1.0,0.7257400686361087
413513,1550074,1.0,0.7241006877807757
413515,1550077,1.0,0.7979026263272148
413516,1550079,1.0,0.6710947996339958
413518,1550082,1.0,0.650010096150188
413519,1550084,1.0,0.713263804925999
413520,1550085,1.0,0.6290755853264084
413521,1550086,1.0,0.8409760745563374
413522,1550087,1.0,0.8606530139891425
413523,1550088,1.0,0.8293462561633931
413526,1550091,1.0,0.5622318826780796
413527,1550092,1.0,0.7765651867830966
413528,1550093,1.0,0.7317310443765536
413535,1550101,1.0,0.7287982028004016
413537,1550104,1.0,0.7729896107469955
413539,1550107,1.0,0.5203900197870606
413542,1550112,1.0,0.8051370177775808
413543,1550114,1.0,0.7244130360309462
413544,1550115,1.0,0.6942007300009462
413546,1550118,1.0,0.6018496614660404
413548,1550122,1.0,0.6374663888586432
413549,1550124,1.0,0.688103190050067
413551,1550127,1.0,0.7850279986404374
413552,1550129,1.0,0.7264025447714008
413554,1550132,1.0,0.7922252768015569
413555,1550133,1.0,0.7448271516518578
413558,1550138,1.0,0.724343856044408
413559,1550140,1.0,0.7111755335455632
413560,1550141,1.0,0.7598329471615766
413561,1550143,1.0,0.7458104093670852
413563,1550146,1.0,0.6502607589344196
413566,1550150,1.0,0.7445609144031891
413569,1550155,1.0,0.722057924565593
413570,1550156,1.0,0.7471283461334635
413571,1550157,1.0,0.769878447878164
413572,1550158,1.0,0.7197744972784478
413574,1550161,1.0,0.7621500412157225
413575,1550162,1.0,0.592587915994358
413576,1550164,1.0,0.674416192355722
413578,1550168,1.0,0.7514530294492765
413581,1550171,1.0,0.7343465927966619
413584,1550176,1.0,0.715301264782765
413585,1550177,1.0,0.6641144527314844
413589,1550182,1.0,0.8327686590643548
413594,1550189,1.0,0.7175151170475166
413595,1550190,1.0,0.7505430428672647
413597,1550192,1.0,0.847051353932873
413601,1550196,1.0,0.7015939950665524
413604,1550205,1.0,0.5622318826780796
413605,1550206,1.0,0.7068638797881714
413608,1550209,1.0,0.8667776096013213
413614,1550222,1.0,0.7928620033747572
413615,1550223,1.0,0.659063341358524
413617,1550225,1.0,0.7637315607960964
413618,1550226,1.0,0.7250403185792305
413625,1550234,1.0,0.7486801902853295
413626,1550235,1.0,0.6451481653357036
413628,1550238,1.0,0.7716099315380192
413629,1550239,1.0,0.810203437438173
413630,1550241,1.0,0.674052126766021
413636,1550248,1.0,0.8497661368605913
413639,1550252,1.0,0.805994821151767
413641,1550254,1.0,0.7750394357377755
413642,1550256,1.0,0.7018425798802944
413643,1550258,1.0,0.7001496120334367
413644,1550260,1.0,0.9405499315813403
413647,1550265,1.0,0.6685172002634404
413648,1550266,1.0,0.8372871662219171
413650,1550270,1.0,0.793923076568406
413651,1550271,1.0,0.7743116492688086
413652,1550272,1.0,0.7866637342394887
413653,1550273,1.0,0.5374328203295335
413654,1550274,1.0,0.8876746814871713
413655,1550275,1.0,0.7170384050516545
413656,1550276,1.0,0.7092659844244048
413659,1550280,1.0,0.7398073387558814
413661,1550283,1.0,0.8470162725551711
413664,1550288,1.0,0.7648317744695282
413665,1550289,1.0,0.7243650941810457
413667,1550291,1.0,0.7051496019214504
413669,1550293,1.0,0.674052126766021
413672,1550297,1.0,0.7492252022181203
413673,1550299,1.0,0.7901786992456212
413676,1550302,1.0,0.7394303802390831
413679,1550306,1.0,0.6872640331980845
413681,1550308,1.0,0.7036220833347446
413684,1550311,1.0,0.5519452044937009
413688,1550315,1.0,0.7175151170475166
413691,1550318,1.0,0.8250444810925488
413692,1550319,1.0,0.7442990871939876
413693,1550320,1.0,0.7740107707966642
413698,1550328,1.0,0.5230795214980306
413705,1550335,1.0,0.7659850412674923
413707,1550337,1.0,0.6317499020757897
413710,1550340,1.0,0.7900496339915961
413720,1550351,1.0,0.8654751307139249
413722,1550354,1.0,0.7431853844752666
413724,1550356,1.0,0.732054091082221
413725,1550357,1.0,0.6848832812859624
413726,1550358,1.0,0.659063341358524
413727,1550359,1.0,0.8039802416128428
413729,1550361,1.0,0.6701495631727074
413732,1550364,1.0,0.6856213173420898
413734,1550367,1.0,0.7986933090051824
413735,1550369,1.0,0.6959699775676368
413737,1550372,1.0,0.8943302994570463
413741,1550380,1.0,0.6175951443088149
413743,1550384,1.0,0.7410289095384438
413744,1550385,1.0,0.7798842297280499
413745,1550386,1.0,0.7759918658990081
413747,1550388,1.0,0.7156383179238903
413750,1550392,1.0,0.7244038065377448
413754,1550398,1.0,0.8189752874596868
413755,1550399,1.0,0.7314243914902973
413758,1550404,1.0,0.6356008010456523
413759,1550406,1.0,0.7638740857237962
413760,1550407,1.0,0.9205544859506453
413765,1550413,1.0,0.7268794319685009
413770,1550418,1.0,0.7042761881226886
413771,1550420,1.0,0.814103543352602
413772,1550421,1.0,0.7833817449673495
413776,1550426,1.0,0.7208269421503704
413777,1550427,1.0,0.750841380582616
413779,1550429,1.0,0.7268794319685009
413784,1550436,1.0,0.6950842624673036
413785,1550438,1.0,0.7200847088146299
413786,1550440,1.0,0.6977009327069885
413789,1550443,1.0,0.757679143924736
413790,1550444,1.0,0.73733030937642
413791,1550445,1.0,0.6257250069128907
413792,1550446,1.0,0.7342526036281696
413796,1550450,1.0,0.640409478431405
413799,1550454,1.0,0.6852320463541139
413800,1550455,1.0,0.6954426839743794
413803,1550458,1.0,0.6996177916980493
413809,1550466,1.0,0.6622545790368367
413812,1550470,1.0,0.7722766347173489
413813,1550471,1.0,0.6670772862211451
413814,1550472,1.0,0.7000453099397327
413821,1550481,1.0,0.7339706189416559
413822,1550482,1.0,0.7814751141923801
413824,1550484,1.0,0.7760471609697427
413827,1550488,1.0,0.7740889876842643
413832,1550493,1.0,0.7379289015965925
413836,1550497,1.0,0.6746521734181721
413837,1550498,1.0,0.6874048517186061
413839,1550501,1.0,0.7605469442939254
413843,1550508,1.0,0.6834985909471047
413844,1550510,1.0,0.8539671588581041
413846,1550513,1.0,0.8032504153044151
413847,1550515,1.0,0.8089297652299463
413848,1550516,1.0,0.7450477900691085
413850,1550518,1.0,0.8241851101239334
413851,1550519,1.0,0.65027128229014
413852,1550521,1.0,0.732054091082221
413854,1550525,1.0,0.649782323796352
413857,1550528,1.0,0.7051851001304038
413861,1550534,1.0,0.7203477441200922
413863,1550536,1.0,0.8118620949936884
413867,1550540,1.0,0.751442763287738
413870,1550543,1.0,0.8116316978776377
413876,1550551,1.0,0.6876537270040575
413877,1550554,1.0,0.7143508126878882
413880,1550560,1.0,0.5827023010894004
413881,1550562,1.0,0.6816065780674424
413882,1550563,1.0,0.8327968801683135
413883,1550564,1.0,0.7230436645570159
413889,1550570,1.0,0.8850838549632418
413896,1550579,1.0,0.7937647640592046
413898,1550583,1.0,0.8466235146536438
413900,1550586,1.0,0.7466030571444985
413903,1550590,1.0,0.7412924159935489
413904,1550591,1.0,0.7768172270504692
413908,1550595,1.0,0.737192308520372
413909,1550596,1.0,0.7280589761138723
413912,1550600,1.0,0.784672641316453
413916,1550606,1.0,0.7228372649954671
413918,1550609,1.0,0.86259278991921
413919,1550610,1.0,0.5034845081033088
413920,1550612,1.0,0.7317174337572028
413921,1550613,1.0,0.8630789676824815
413922,1550614,1.0,0.7319306460052332
413923,1550615,1.0,0.7628913480455042
413924,1550619,1.0,0.8620676839772868
413925,1550621,1.0,0.7717070786502905
413933,1550630,1.0,0.7370697437643243
413934,1550631,1.0,0.7928487824724094
413935,1550632,1.0,0.7809185109833552
413936,1550635,1.0,0.6365755647178274
413937,1550636,1.0,0.5479686546999315
413938,1550637,1.0,0.8313102713558889
413940,1550640,1.0,0.7483309923793406
413943,1550645,1.0,0.7547266175068422
413944,1550647,1.0,0.7482686768980887
413945,1550649,1.0,0.725646901516989
413946,1550650,1.0,0.6163635892722561
413947,1550651,1.0,0.7571606979181971
413952,1550657,1.0,0.789741341280694
413958,1550667,1.0,0.7960835848270057
413959,1550668,1.0,0.7031034967814678
413966,1550677,1.0,0.6854207393754279
413973,1550686,1.0,0.7272969867431159
413974,1550688,1.0,0.7413069288722612
413977,1550692,1.0,0.8028067242084294
413980,1550696,1.0,0.7538388244946806
413981,1550697,1.0,0.7608819384132995
413982,1550698,1.0,0.5224223459965545
413984,1550701,1.0,0.8454979279772172
413986,1550703,1.0,0.7270588578188282
413988,1550705,1.0,0.7215581784013927
413992,1550709,1.0,0.6435727513243901
413993,1550711,1.0,0.693989403572162
413996,1550715,1.0,0.7252276831713248
413999,1550718,1.0,0.682798761924281
414000,1550719,1.0,0.6404389925663475
414003,1550722,1.0,0.6775291823188673
414006,1550725,1.0,0.7937647640592046
414008,1550727,1.0,0.7431132992665869
414015,1550737,1.0,0.7071078882777235
414016,1550739,1.0,0.7587635121668231
414018,1550741,1.0,0.9231544567620377
414020,1550743,1.0,0.7797879845855761
414022,1550747,1.0,0.7613302954380117
414025,1550751,1.0,0.8943884593358564
414031,1550760,1.0,0.744790514374833
414035,1550766,1.0,0.8065576829536395
414040,1550771,1.0,0.8279570966374467
414041,1550772,1.0,0.843641668663678
414044,1550775,1.0,0.8099853559483984
414045,1550776,1.0,0.7311713997146372
414046,1550777,1.0,0.8295207391062714
414047,1550779,1.0,0.8235291771588369
414048,1550780,1.0,0.7545875397004862
414050,1550782,1.0,0.6854207393754279
414051,1550784,1.0,0.7733491766006636
414052,1550785,1.0,0.7757070337611367
414053,1550786,1.0,0.7539878388124092
414054,1550787,1.0,0.7154328990736372
414055,1550789,1.0,0.6643378412871326
414056,1550790,1.0,0.7508311454615262
414057,1550791,1.0,0.8631046409307831
414058,1550792,1.0,0.6829766228990222
414062,1550798,1.0,0.7510065160016987
414066,1550803,1.0,0.6572871627283021
414068,1550805,1.0,0.7288796634307193
414072,1550811,1.0,0.6286646045212376
414075,1550815,1.0,0.7036073002283729
414076,1550816,1.0,0.8924929076501539
414077,1550818,1.0,0.704439634763712
414078,1550819,1.0,0.8133994272844762
414082,1550823,1.0,0.6917961340153711
414087,1550830,1.0,0.8095714981179223
414088,1550832,1.0,0.5518964462111601
414093,1550839,1.0,0.8046828832363218
414099,1550845,1.0,0.7194965655112254
414101,1550847,1.0,0.6860092483275493
414102,1550848,1.0,0.643513104014777
414103,1550849,1.0,0.7668606032972433
414105,1550851,1.0,0.5013908920991141
414106,1550853,1.0,0.7343288125887265
414107,1550854,1.0,0.7064369508980874
414110,1550858,1.0,0.9303826476065189
414111,1550860,1.0,0.7449179893286686
414112,1550861,1.0,0.8648868033410937
414113,1550863,1.0,0.7560805876664667
414120,1550872,1.0,0.7602314853787085
414122,1550874,1.0,0.7426619689288079
414124,1550877,1.0,0.6183232819957378
414127,1550880,1.0,0.5889088719479525
414129,1550882,1.0,0.6539081264061226
414130,1550884,1.0,0.7240884860948861
414132,1550888,1.0,0.7301830008616104
414135,1550892,1.0,0.8334061013260996
414136,1550893,1.0,0.9149430006593039
414137,1550894,1.0,0.8948875268941213
414138,1550895,1.0,0.7819369629463461
414140,1550897,1.0,0.7932231932975323
414142,1550901,1.0,0.7399273244206043
414143,1550902,1.0,0.5005842844315469
414145,1550905,1.0,0.802978364581362
414146,1550906,1.0,0.689434770001063
414148,1550908,1.0,0.7172321290727732
414149,1550909,1.0,0.7899488829768684
414150,1550910,1.0,0.7493986477919289
414151,1550911,1.0,0.7543606976430149
414154,1550920,1.0,0.6349249945083849
414155,1550922,1.0,0.609061729599932
414156,1550923,1.0,0.7768598261519098
414160,1550928,1.0,0.6321746083602247
414162,1550931,1.0,0.6332397173392067
414166,1550935,1.0,0.6978259776093149
414170,1550940,1.0,0.6886012399177717
414171,1550941,1.0,0.7606791115322982
414172,1550942,1.0,0.5446933259432218
414183,1550956,1.0,0.8084183420360801
414185,1550958,1.0,0.7861442986329302
414186,1550959,1.0,0.7693243565882933
414188,1550961,1.0,0.7652728431169782
414189,1550963,1.0,0.7495105387139929
414193,1550969,1.0,0.8591061017019042
414194,1550970,1.0,0.8434214644466952
414197,1550973,1.0,0.8306849631874738
414200,1550978,1.0,0.7553551115021744
414201,1550979,1.0,0.651653567700818
414205,1550984,1.0,0.7189256701990283
414206,1550985,1.0,0.7913710917938969
414208,1550987,1.0,0.6968769033268698
414209,1550988,1.0,0.649233202337885
414210,1550989,1.0,0.7704254187088715
414211,1550990,1.0,0.6010561294475313
414212,1550991,1.0,0.6967089041828423
414216,1550995,1.0,0.7746653916300554
414217,1550997,1.0,0.798247376353326
414218,1550998,1.0,0.7271386092214426
414222,1551003,1.0,0.6980428971940382
414224,1551005,1.0,0.6003494597452049
414225,1551006,1.0,0.6762713720779089
414226,1551008,1.0,0.7812434025229538
414227,1551011,1.0,0.7282653823052245
414230,1551016,1.0,0.7645354859232218
414231,1551017,1.0,0.8007997300466241
414232,1551018,1.0,0.7516304400793883
414234,1551020,1.0,0.7282653823052245
414237,1551023,1.0,0.8931668137338422
414239,1551025,1.0,0.8378046377294245
414240,1551030,1.0,0.5934912298486851
414241,1551032,1.0,0.7590384805289567
414242,1551033,1.0,0.6671095509426642
414244,1551035,1.0,0.8024158442559124
414246,1551037,1.0,0.8400910044506207
414252,1551045,1.0,0.7140503444967164
414253,1551047,1.0,0.7085149014730193
414255,1551049,1.0,0.6753980629063875
414257,1551051,1.0,0.5059647794945933
414258,1551052,1.0,0.7253751954270016
414259,1551053,1.0,0.7526163151050483
414262,1551056,1.0,0.7260476480085937
414265,1551061,1.0,0.8585896765172246
414269,1551065,1.0,0.8505374889940005
414270,1551066,1.0,0.7469642787048003
414272,1551068,1.0,0.6491384476635107
414274,1551070,1.0,0.6460051396529802
414276,1551073,1.0,0.7537342224995502
414278,1551076,1.0,0.7060381613976441
414279,1551077,1.0,0.8276767491230668
414283,1551082,1.0,0.5390613470376031
414290,1551091,1.0,0.8067608593919523
414292,1551093,1.0,0.8410726658868736
414293,1551094,1.0,0.8496233067176385
414295,1551097,1.0,0.7670436145906879
414297,1551100,1.0,0.90413200064748
414298,1551101,1.0,0.7359865223886483
414299,1551102,1.0,0.7645354859232218
414300,1551105,1.0,0.8020641534912388
414305,1551113,1.0,0.869814372087052
414307,1551116,1.0,0.9423114155151724
414308,1551117,1.0,0.7305482804429616
414309,1551118,1.0,0.8119921337494651
414311,1551120,1.0,0.749818412625484
414313,1551123,1.0,0.7645354859232218
414322,1551135,1.0,0.8218808116590137
414323,1551137,1.0,0.8771580577698003
414327,1551141,1.0,0.7868745859220724
414328,1551142,1.0,0.8324986554527164
414340,1551159,1.0,0.8020116748392391
414341,1551160,1.0,0.6868372370444442
414342,1551161,1.0,0.651653567700818
414343,1551162,1.0,0.5854937896693121
414352,1551175,1.0,0.6349249945083849
414359,1551184,1.0,0.7645354859232218
414360,1551185,1.0,0.8429368185661887
414362,1551187,1.0,0.7167857639288955
414364,1551189,1.0,0.5040907343261596
414366,1551191,1.0,0.7909248279862453
414369,1551194,1.0,0.8028642319064847
414370,1551195,1.0,0.5366471517647811
414376,1551202,1.0,0.7837479223783331
414378,1551205,1.0,0.7358058247755449
414380,1551207,1.0,0.7770961732075692
414382,1551210,1.0,0.7644914331851637
414386,1551215,1.0,0.784777024436534
414389,1551218,1.0,0.6618655061507454
414391,1551221,1.0,0.6551342300675098
414401,1551233,1.0,0.7608730313741755
414403,1551235,1.0,0.6459083420005141
414408,1551240,1.0,0.7893749745677279
414414,1551248,1.0,0.685339031137236
414416,1551251,1.0,0.8451791039742167
414417,1551252,1.0,0.5599381143356356
414424,1551260,1.0,0.7101045151668421
414427,1551263,1.0,0.8270316230187897
414428,1551265,1.0,0.7754084422955052
414429,1551267,1.0,0.7316606724842267
414430,1551269,1.0,0.7658354069728343
414431,1551270,1.0,0.7240884860948861
414432,1551271,1.0,0.6743821946163645
414436,1551276,1.0,0.7253751954270016
414440,1551280,1.0,0.7983071614486108
414443,1551285,1.0,0.7083862447982964
414450,1551293,1.0,0.8989389679304693
414453,1551298,1.0,0.7342542998722962
414455,1551303,1.0,0.7129488399486635
414464,1551314,1.0,0.7167967473692021
414466,1551318,1.0,0.7795416772599794
414468,1551320,1.0,0.66421043395996
414469,1551322,1.0,0.7797652541579007
414478,1551332,1.0,0.7152085965088686
414479,1551333,1.0,0.8599523201615941
414484,1551339,1.0,0.7115152952279197
414485,1551341,1.0,0.6676574674780978
414489,1551346,1.0,0.5383962842013309
414490,1551348,1.0,0.59534027961888
414491,1551349,1.0,0.6960690674560841
414492,1551350,1.0,0.8318784450036957
414493,1551351,1.0,0.9207833520834134
414494,1551352,1.0,0.6808470511858483
414497,1551356,1.0,0.7956912536660014
414498,1551358,1.0,0.6770303555254439
414502,1551364,1.0,0.6994715551097738
414505,1551369,1.0,0.5607680392306784
414507,1551371,1.0,0.8450986123497248
414508,1551373,1.0,0.7771338203980269
414511,1551376,1.0,0.8318784450036957
414512,1551377,1.0,0.5558726218476618
414518,1551384,1.0,0.7693243565882933
414519,1551385,1.0,0.7616155147485894
414520,1551386,1.0,0.85969423644528
414521,1551387,1.0,0.7115696239842891
414526,1551392,1.0,0.7076902480307191
414530,1551398,1.0,0.8286720095471679
414538,1551408,1.0,0.8004421588621693
414541,1551413,1.0,0.737718120014295
414543,1551417,1.0,0.6099098294423364
414544,1551418,1.0,0.6726232552450361
414550,1551424,1.0,0.8317858128770274
414551,1551425,1.0,0.7060381613976441
414553,1551427,1.0,0.689434770001063
414555,1551429,1.0,0.7454773909351727
414556,1551431,1.0,0.6147023377027054
414559,1551437,1.0,0.7402000737262451
414562,1551441,1.0,0.6551342300675098
414563,1551442,1.0,0.5202963392880935
414564,1551443,1.0,0.7894352548616349
414565,1551444,1.0,0.776054029771618
414566,1551445,1.0,0.6502367523243519
414570,1551449,1.0,0.7199721756498701
414571,1551450,1.0,0.7277923796168485
414572,1551454,1.0,0.6915101464546497
414573,1551456,1.0,0.7092463047137583
414576,1551460,1.0,0.7619052227476706
414583,1551472,1.0,0.6551342300675098
414586,1551475,1.0,0.7260728495778497
414588,1551477,1.0,0.7139330107174988
414589,1551478,1.0,0.7042634033600244
414590,1551479,1.0,0.7448789124338904
414591,1551481,1.0,0.6325323763068855
414597,1551487,1.0,0.6475361376516862
414599,1551490,1.0,0.7495105387139929
414604,1551496,1.0,0.7768684807578239
414607,1551500,1.0,0.7855415887100914
414608,1551501,1.0,0.6928446362859992
414610,1551503,1.0,0.7445775602304524
414612,1551506,1.0,0.727321712451583
414614,1551509,1.0,0.7371499792333552
414616,1551513,1.0,0.7790604766918912
414617,1551514,1.0,0.663788432449967
414618,1551516,1.0,0.6099098294423364
414619,1551517,1.0,0.6925994415056482
414624,1551522,1.0,0.6099098294423364
414625,1551523,1.0,0.7115696239842891
414627,1551527,1.0,0.7267508745244966
414631,1551532,1.0,0.632222519573158
414632,1551534,1.0,0.8067564293894257
414633,1551535,1.0,0.7629075987068292
414639,1551544,1.0,0.681838589002653
414641,1551547,1.0,0.8068187909093697
414642,1551548,1.0,0.8079888185184718
414643,1551549,1.0,0.5884849596456074
414647,1551553,1.0,0.6770764816907459
414648,1551554,1.0,0.5144651471010153
414650,1551556,1.0,0.6707463733290356
414656,1551562,1.0,0.7981150649371769
414659,1551565,1.0,0.7837700647986406
414661,1551568,1.0,0.6721271944065523
414664,1551575,1.0,0.8464077940289776
414666,1551577,1.0,0.7683871104260251
414670,1551584,1.0,0.6885254894908558
414671,1551585,1.0,0.7431378463197028
414673,1551588,1.0,0.7177387609174681
414676,1551594,1.0,0.7575956094174069
414680,1551599,1.0,0.7199574489711799
414681,1551600,1.0,0.6935100816268389
414684,1551606,1.0,0.6885254894908558
414686,1551608,1.0,0.8500743932489442
414700,1551627,1.0,0.633906172026174
414701,1551630,1.0,0.7190881918120247
414706,1551637,1.0,0.617456121813519
414707,1551638,1.0,0.8145877271518811
414712,1551643,1.0,0.6969200854170664
414713,1551644,1.0,0.6111793506028671
414722,1551654,1.0,0.7391836090693834
414735,1551671,1.0,0.5043587407704663
414739,1551676,1.0,0.6205786574596317
414740,1551678,1.0,0.5130307808299343
414743,1551686,1.0,0.6156939524369219
414744,1551688,1.0,0.5769915977079368
414745,1551689,1.0,0.7062319876330586
414746,1551690,1.0,0.7649722124573638
414747,1551691,1.0,0.7384608962714225
414748,1551694,1.0,0.7126405427952799
414752,1551700,1.0,0.61573067617079
414753,1551701,1.0,0.6676568163076412
414754,1551702,1.0,0.7543187702797233
414759,1551707,1.0,0.6727025045363328
414761,1551709,1.0,0.6205786574596317
414762,1551710,1.0,0.7328282097661969
414768,1551717,1.0,0.8249280525711533
414771,1551723,1.0,0.5767730050557629
414772,1551724,1.0,0.7131063322502389
414776,1551728,1.0,0.6875755516426365
414777,1551730,1.0,0.507823508171857
414778,1551731,1.0,0.5830073765800812
414779,1551732,1.0,0.8002181678704797
414780,1551734,1.0,0.7987291614831656
414782,1551737,1.0,0.8470864019525234
414784,1551739,1.0,0.7021462109971445
414785,1551740,1.0,0.8137547858742388
414786,1551741,1.0,0.6707463733290356
414789,1551745,1.0,0.526400323451142
414798,1551754,1.0,0.7684907013325065
414799,1551755,1.0,0.6714460820331323
414800,1551756,1.0,0.7627515947231193
414803,1551760,1.0,0.7478784169580392
414805,1551762,1.0,0.7052807836701134
414810,1551769,1.0,0.7433651921879554
414812,1551771,1.0,0.7776895632812599
414814,1551773,1.0,0.7314347466141742
414815,1551774,1.0,0.6603414808614962
414817,1551778,1.0,0.7478861561441769
414821,1551786,1.0,0.6537095201212947
414823,1551789,1.0,0.7428307775106848
414824,1551790,1.0,0.8766118730699578
414825,1551791,1.0,0.6580957811752385
414827,1551793,1.0,0.700148855469574
414828,1551795,1.0,0.7850609889494808
414829,1551796,1.0,0.9051071998359523
414831,1551800,1.0,0.8458821711862685
414832,1551804,1.0,0.6542766366199165
414835,1551808,1.0,0.6770764816907459
414837,1551811,1.0,0.7690802348682426
414839,1551814,1.0,0.5166605633484517
414840,1551815,1.0,0.8326165691790768
414847,1551822,1.0,0.814749060370416
414851,1551830,1.0,0.7635504706354791
414852,1551831,1.0,0.8500743932489442
414853,1551833,1.0,0.7579295680914128
414854,1551835,1.0,0.8696934064759531
414858,1551840,1.0,0.6885254894908558
414864,1551849,1.0,0.59690306119411
414872,1551860,1.0,0.8803730566848691
414873,1551862,1.0,0.6861936253372353
414879,1551871,1.0,0.7986368240990209
414881,1551873,1.0,0.7529125563262948
414885,1551877,1.0,0.7085014315336858
414887,1551879,1.0,0.7333875551649554
414890,1551883,1.0,0.7328282097661969
414896,1551890,1.0,0.7155203262339912
414905,1551900,1.0,0.8654105975662526
414908,1551903,1.0,0.75948293405402
414922,1551920,1.0,0.5313224920666461
414926,1551927,1.0,0.8863242337040744
414929,1551932,1.0,0.7556705019982654
414930,1551934,1.0,0.7189824237083682
414934,1551938,1.0,0.8273551445563163
414940,1551944,1.0,0.7669481665674734
414947,1551952,1.0,0.5631853231043334
414948,1551953,1.0,0.7647216467090697
414951,1551957,1.0,0.6322902815425863
414954,1551961,1.0,0.7281168964774107
414955,1551962,1.0,0.9000087372812112
414958,1551965,1.0,0.6009143326849306
414959,1551966,1.0,0.8506019113256799
414961,1551968,1.0,0.7026745338080537
414962,1551969,1.0,0.7451401651113311
414963,1551970,1.0,0.6271442296206025
414969,1551979,1.0,0.6569670140473562
414970,1551980,1.0,0.5133514091812232
414974,1551986,1.0,0.7673678518636482
414975,1551987,1.0,0.8070392443035409
414976,1551988,1.0,0.7672886754370674
414977,1551989,1.0,0.5591469363047259
414978,1551990,1.0,0.9767548205496547
414979,1551991,1.0,0.8183690104802239
414980,1551993,1.0,0.8352411386097764
414982,1551995,1.0,0.7753674458892765
414983,1551997,1.0,0.805942344536654
414984,1551998,1.0,0.8500894332124413
414985,1552000,1.0,0.5133560463740994
414988,1552004,1.0,0.8643075758560048
414989,1552005,1.0,0.7129406699169516
414992,1552008,1.0,0.7086333623732121
414993,1552010,1.0,0.5123051113609831
414995,1552012,1.0,0.5368603459870008
415003,1552021,1.0,0.7719903586606774
415007,1552027,1.0,0.866800878173457
415008,1552028,1.0,0.7948802088042937
415009,1552029,1.0,0.8051223056176618
415010,1552030,1.0,0.7862421707667376
415012,1552034,1.0,0.5018188974995106
415018,1552042,1.0,0.8647577068523469
415026,1552052,1.0,0.5323892065520434
415032,1552061,1.0,0.6331358050311015
415034,1552063,1.0,0.7770438743386294
415039,1552069,1.0,0.8532657319719906
415041,1552071,1.0,0.6838485892530911
415043,1552074,1.0,0.6412096057995362
415046,1552077,1.0,0.7489291748013057
415048,1552080,1.0,0.7734043013821563
415049,1552082,1.0,0.7197022171687258
415050,1552083,1.0,0.7083726249387239
415053,1552089,1.0,0.8352411386097764
415055,1552092,1.0,0.8061022804447179
415059,1552098,1.0,0.8263039465300556
415060,1552099,1.0,0.6680716498194724
415061,1552101,1.0,0.7026745338080537
415063,1552104,1.0,0.5523247100316127
415067,1552108,1.0,0.6847218802553182
415074,1552116,1.0,0.6838545000003003
415075,1552117,1.0,0.8222248032504814
415078,1552121,1.0,0.8331647773552461
415079,1552122,1.0,0.9468410102350281
415081,1552124,1.0,0.8277085797990933
415084,1552127,1.0,0.7953828504522112
415087,1552131,1.0,0.7099225845419367
415090,1552136,1.0,0.6680716498194724
415091,1552137,1.0,0.8980241747335275
415092,1552138,1.0,0.7355285334395197
415095,1552141,1.0,0.7367214954247878
415096,1552142,1.0,0.9157901837402959
415104,1552153,1.0,0.5598017253133974
415105,1552154,1.0,0.6734079389778064
415107,1552156,1.0,0.6202020828725539
415108,1552158,1.0,0.7237128141226893
415109,1552159,1.0,0.6438815005419878
415110,1552164,1.0,0.8718936085364163
415113,1552173,1.0,0.8907140555771882
415118,1552179,1.0,0.8033930800905855
415121,1552183,1.0,0.7198704984668356
415126,1552192,1.0,0.8823733429364081
415134,1552203,1.0,0.6787924527705318
415135,1552204,1.0,0.8094001167282406
415136,1552205,1.0,0.5481266720582624
415139,1552208,1.0,0.535475396562722
415144,1552214,1.0,0.8981525582365095
415145,1552216,1.0,0.6540579115229267
415147,1552218,1.0,0.8867760362309726
415151,1552222,1.0,0.5351179508436822
415154,1552228,1.0,0.8378585569601459
415155,1552229,1.0,0.6445280561602466
415163,1552242,1.0,0.7414502163426451
415173,1552253,1.0,0.8049474177526217
415175,1552255,1.0,0.5001708067213184
415182,1552268,1.0,0.595667040651341
415189,1552277,1.0,0.545223930281433
415192,1552281,1.0,0.6460962621443358
415198,1552288,1.0,0.8635226975972757
415199,1552289,1.0,0.7041695001038187
415216,1552310,1.0,0.9238523802746154
415218,1552312,1.0,0.5519394445997551
415220,1552314,1.0,0.7416482626845095
415222,1552316,1.0,0.7192644209293494
415224,1552319,1.0,0.7129406699169516
415233,1552330,1.0,0.6487872736653287
415234,1552332,1.0,0.818075357992396
415238,1552339,1.0,0.785546043804363
415241,1552342,1.0,0.6548107470924631
415242,1552343,1.0,0.5111175167708657
415244,1552346,1.0,0.6059505796402824
415245,1552347,1.0,0.7440363293053102
415246,1552348,1.0,0.50706434322224
415247,1552349,1.0,0.6834446164683157
415249,1552351,1.0,0.5407207150314294
415250,1552353,1.0,0.5127281482831699
415251,1552354,1.0,0.5876956712665599
415253,1552356,1.0,0.7526763041598347
415257,1552360,1.0,0.5708003105025592
415258,1552361,1.0,0.5540944434266791
415259,1552362,1.0,0.5016513270551871
415260,1552363,1.0,0.5061294129607118
415261,1552365,1.0,0.5896973124902309
415262,1552366,1.0,0.5297662332549125
415266,1552371,1.0,0.8746114164521286
415267,1552372,1.0,0.5253608929530436
415268,1552374,1.0,0.8606627368663667
415269,1552375,1.0,0.6538960833342867
415271,1552378,1.0,0.5492414671263695
415272,1552379,1.0,0.66180175702014
415273,1552380,1.0,0.8902469202077631
415274,1552381,1.0,0.8061217956625948
415276,1552383,1.0,0.6671636315428714
415278,1552385,1.0,0.5111175167708657
415279,1552386,1.0,0.9143644190099196
415282,1552389,1.0,0.6588810525249055
415284,1552392,1.0,0.646600456313139
415291,1552401,1.0,0.5966261994680139
415292,1552402,1.0,0.947401671684957
415295,1552406,1.0,0.5320636280886896
415297,1552408,1.0,0.5502231109822799
415298,1552409,1.0,0.8301743733539733
415299,1552410,1.0,0.6647185023586278
415301,1552412,1.0,0.5046242565784211
415304,1552415,1.0,0.6923238632058489
415305,1552417,1.0,0.7051320655452527
415306,1552418,1.0,0.5423037252405197
415307,1552419,1.0,0.5492414671263695
415312,1552428,1.0,0.5525166321840342
415313,1552429,1.0,0.50706434322224
415314,1552430,1.0,0.7890767991085037
415315,1552431,1.0,0.7779092712455711
415316,1552432,1.0,0.6524621093806054
415317,1552434,1.0,0.7033053977140419
415321,1552439,1.0,0.6525796678479558
415324,1552443,1.0,0.7783665971322925
415327,1552448,1.0,0.8603773250407915
415331,1552452,1.0,0.6425420534343838
415332,1552453,1.0,0.7657762105017538
415334,1552456,1.0,0.5679255604600971
415335,1552457,1.0,0.5320636280886896
415337,1552459,1.0,0.5876956712665599
415338,1552460,1.0,0.5369600070866863
415339,1552461,1.0,0.6059505796402824
415340,1552462,1.0,0.5046576997703832
415341,1552463,1.0,0.9046267166006569
415342,1552464,1.0,0.5221536271986396
415343,1552465,1.0,0.9405730991667501
415345,1552469,1.0,0.5881294297871633
415346,1552471,1.0,0.8118711159409476
415348,1552474,1.0,0.8964469927284233
415349,1552478,1.0,0.5885336425569503
415351,1552481,1.0,0.5386629409869748
415353,1552485,1.0,0.5200373356031261
415356,1552488,1.0,0.6029832825446088
415357,1552489,1.0,0.828512346274184
415361,1552493,1.0,0.5697785416094809
415364,1552496,1.0,0.6493208710475282
415365,1552497,1.0,0.6482461580641105
415367,1552499,1.0,0.5050510542080965
415369,1552501,1.0,0.7051320655452527
415370,1552502,1.0,0.7764341391207557
415371,1552504,1.0,0.5311094282218657
415372,1552505,1.0,0.558563396167171
415374,1552508,1.0,0.8194729661768368
415375,1552509,1.0,0.5364243691646029
415377,1552514,1.0,0.9134263434689963
415378,1552515,1.0,0.5574936851625101
415379,1552516,1.0,0.70621998792716
415380,1552517,1.0,0.6541281796393243
415383,1552521,1.0,0.50759432600192
415386,1552525,1.0,0.5350806876573064
415387,1552526,1.0,0.8797191096100792
415388,1552527,1.0,0.50706434322224
415389,1552529,1.0,0.6356050718105675
415390,1552531,1.0,0.7324924406738388
415393,1552536,1.0,0.6336383695746652
415394,1552537,1.0,0.9020331213774955
415397,1552540,1.0,0.5423037252405197
415398,1552541,1.0,0.5477610737291343
415399,1552542,1.0,0.5365514265837495
415400,1552545,1.0,0.9435710990127093
415402,1552548,1.0,0.8750514228473196
415403,1552549,1.0,0.8910994811349309
415405,1552553,1.0,0.5029502157159481
415407,1552556,1.0,0.9199742665550859
415409,1552558,1.0,0.9292868632381965
415410,1552561,1.0,0.5551727661441022
415412,1552563,1.0,0.5111175167708657
415414,1552565,1.0,0.6440304816552156
415415,1552566,1.0,0.5279711548359879
415416,1552567,1.0,0.9369750589819879
415418,1552569,1.0,0.5514252319006653
415420,1552571,1.0,0.5215702032362474
415421,1552572,1.0,0.533103773235214
415422,1552573,1.0,0.6973854709256587
415423,1552575,1.0,0.630066269317834
415425,1552577,1.0,0.8406867266945027
415426,1552578,1.0,0.6538128560300369
415428,1552581,1.0,0.7796023184076255
415430,1552583,1.0,0.886249040138031
415431,1552584,1.0,0.6689165223927667
415432,1552585,1.0,0.5221380014601478
415433,1552587,1.0,0.558335263869543
415435,1552590,1.0,0.7702061666185668
415436,1552591,1.0,0.782106504056156
415439,1552595,1.0,0.5585309111805523
415442,1552599,1.0,0.7450150138637213
415444,1552601,1.0,0.7139213477104122
415445,1552603,1.0,0.539461411239198
415446,1552604,1.0,0.5444282434688126
415447,1552605,1.0,0.8727981410563665
415448,1552606,1.0,0.7005354460773652
415449,1552607,1.0,0.50706434322224
415450,1552608,1.0,0.6051273179725758
415452,1552610,1.0,0.8001334105474712
415454,1552614,1.0,0.9369100628152804
415458,1552618,1.0,0.5760756282544353
415459,1552619,1.0,0.556061669634743
415461,1552622,1.0,0.5597747208731468
415463,1552626,1.0,0.7251866717049508
415465,1552628,1.0,0.5316062709749163
415467,1552630,1.0,0.5211369371182504
415469,1552632,1.0,0.5551727661441022
415470,1552633,1.0,0.785294524631987
415471,1552634,1.0,0.6756760256154593
415472,1552635,1.0,0.9605186415419297
415475,1552638,1.0,0.5296237295575956
415477,1552641,1.0,0.5330370510620891
415478,1552642,1.0,0.5773082005708206
415479,1552643,1.0,0.6647185023586278
415481,1552645,1.0,0.5657057747215848
415482,1552646,1.0,0.6315556509423904
415484,1552649,1.0,0.9534602577510342
415485,1552651,1.0,0.7213091417674983
415487,1552653,1.0,0.9692929777795571
415490,1552659,1.0,0.533103773235214
415491,1552661,1.0,0.5056257269804466
415493,1552663,1.0,0.9268215029712179
415494,1552665,1.0,0.7269180876242776
415500,1552672,1.0,0.5364243691646029
415503,1552676,1.0,0.5240872357745029
415504,1552677,1.0,0.5773082005708206
415506,1552679,1.0,0.5577753334179312
415507,1552680,1.0,0.5708154408818567
415508,1552682,1.0,0.7544377553600141
415509,1552683,1.0,0.5364243691646029
415510,1552685,1.0,0.6718807248950444
415513,1552688,1.0,0.5334309712112068
415515,1552690,1.0,0.6689165223927667
415517,1552693,1.0,0.5994251214618397
415519,1552696,1.0,0.6420823130295557
415520,1552697,1.0,0.5221536271986396
415524,1552702,1.0,0.664858446116432
415525,1552704,1.0,0.5377898515015664
415528,1552708,1.0,0.5759019052730577
415529,1552709,1.0,0.5294260478951599
415532,1552714,1.0,0.5081583694941522
415533,1552716,1.0,0.9449974814538356
415535,1552721,1.0,0.9080583640081431
415543,1552730,1.0,0.8709325835886054
415545,1552732,1.0,0.539461411239198
415547,1552735,1.0,0.5773082005708206
415549,1552737,1.0,0.7715012599999564
415550,1552740,1.0,0.5489095311341685
415551,1552742,1.0,0.8369653521736846
415552,1552744,1.0,0.6528649049805889
415553,1552745,1.0,0.5347668421385868
415554,1552747,1.0,0.7336789165351204
415555,1552748,1.0,0.6292615605210856
415556,1552749,1.0,0.9421657262743305
415560,1552754,1.0,0.9190656053090145
415561,1552755,1.0,0.5119116187667597
415563,1552757,1.0,0.6259397264165594
415564,1552758,1.0,0.6385506349414274
415567,1552761,1.0,0.5987642382063559
415569,1552764,1.0,0.5410013252215908
415570,1552765,1.0,0.5635284963258457
415571,1552766,1.0,0.6475861460105976
415573,1552769,1.0,0.571710752139713
415579,1552775,1.0,0.5157970334690263
415582,1552778,1.0,0.7551292807827067
415585,1552782,1.0,0.9146158027700066
415587,1552787,1.0,0.5353753592179707
415589,1552789,1.0,0.5305486881662397
415593,1552793,1.0,0.5032655416555126
415598,1552800,1.0,0.5019723643895085
415600,1552804,1.0,0.5022592359690894
415602,1552806,1.0,0.8757697872014881
415603,1552807,1.0,0.5218704133313194
415604,1552809,1.0,0.5350510186111974
415606,1552812,1.0,0.5411008398095561
415607,1552813,1.0,0.9130588305800881
415608,1552814,1.0,0.5873253863578183
415609,1552815,1.0,0.564790402224829
415611,1552818,1.0,0.8887784849831993
415612,1552819,1.0,0.5614261448959856
415613,1552820,1.0,0.9129818775713738
415615,1552823,1.0,0.8683255037063315
415619,1552827,1.0,0.8240225727030055
415620,1552828,1.0,0.6776097868378606
415621,1552829,1.0,0.5300268950073584
415622,1552830,1.0,0.8310198249541907
415623,1552833,1.0,0.5897807491786857
415627,1552840,1.0,0.501428995376008
415631,1552846,1.0,0.5874488992718659
415632,1552847,1.0,0.5392359971241573
415634,1552849,1.0,0.9166133341371268
415638,1552854,1.0,0.596329571506137
415640,1552856,1.0,0.631602400409425
415641,1552857,1.0,0.8836826637634014
415644,1552860,1.0,0.6254603796549382
415648,1552866,1.0,0.5273546131802369
415650,1552869,1.0,0.7341642898901989
415652,1552871,1.0,0.6385506349414274
415655,1552874,1.0,0.5120954473103456
415656,1552875,1.0,0.919951682832484
415658,1552877,1.0,0.5319694244927724
415659,1552878,1.0,0.5429374010382138
415660,1552880,1.0,0.5184802678812561
415661,1552881,1.0,0.574444968829225
415665,1552890,1.0,0.7027865979610736
415667,1552893,1.0,0.7776285438366463
415668,1552894,1.0,0.7392387865146681
415669,1552895,1.0,0.7271504287060736
415671,1552899,1.0,0.5874488992718659
415672,1552900,1.0,0.5398251648105291
415675,1552904,1.0,0.7323473970409041
415678,1552908,1.0,0.899594421626228
415681,1552911,1.0,0.9208563123546197
415688,1552921,1.0,0.876907913334284
415691,1552926,1.0,0.518756091695337
415693,1552928,1.0,0.7514338750816792
415697,1552935,1.0,0.5032655416555126
415699,1552937,1.0,0.5385406574599185
415700,1552942,1.0,0.5069071072669662
415702,1552945,1.0,0.5305486881662397
415706,1552950,1.0,0.946553569936194
415708,1552952,1.0,0.5928122557640636
415713,1552960,1.0,0.5069071072669662
415715,1552963,1.0,0.7825519358153136
415721,1552971,1.0,0.7044099330898219
415726,1552977,1.0,0.5390826555857029
415729,1552980,1.0,0.5069071072669662
415730,1552981,1.0,0.6203711960826344
415731,1552982,1.0,0.53448485423204
415733,1552984,1.0,0.9215488313354445
415734,1552986,1.0,0.5410013252215908
415736,1552989,1.0,0.5341427120344531
415738,1552991,1.0,0.7953904219908987
415739,1552992,1.0,0.8520058726371107
415740,1552993,1.0,0.5188672469613383
415741,1552995,1.0,0.5157970334690263
415742,1552996,1.0,0.5079341440955512
415746,1553001,1.0,0.5069067955008536
415747,1553002,1.0,0.506259076262493
415748,1553004,1.0,0.943686152733309
415749,1553006,1.0,0.6659470283926204
415757,1553015,1.0,0.7906989769781058
415758,1553016,1.0,0.9006856880453037
415760,1553019,1.0,0.7044099330898219
415761,1553020,1.0,0.8319723431834574
415762,1553021,1.0,0.655886436556301
415763,1553022,1.0,0.5496410438376982
415765,1553025,1.0,0.5109892710405628
415768,1553030,1.0,0.5844220144076453
415769,1553032,1.0,0.5305486881662397
415770,1553033,1.0,0.5360765670571961
415771,1553035,1.0,0.655886436556301
415774,1553039,1.0,0.5108602085044448
415775,1553040,1.0,0.5076441957385153
415777,1553042,1.0,0.5556876781716322
415778,1553043,1.0,0.9696703486713995
415784,1553049,1.0,0.5599959181722437
415786,1553052,1.0,0.6222454395883135
415787,1553053,1.0,0.508414508654272
415793,1553060,1.0,0.5237812882554695
415797,1553064,1.0,0.5166605633484517
415800,1553068,1.0,0.5460439621647031
415807,1553079,1.0,0.6806800493610834
415808,1553081,1.0,0.5569078160317988
415810,1553083,1.0,0.8529038716059406
415814,1553089,1.0,0.5069071072669662
415815,1553090,1.0,0.9531812346421601
415816,1553093,1.0,0.7057994598326731
415822,1553102,1.0,0.7171390665155805
415828,1553110,1.0,0.5155609640601297
415829,1553111,1.0,0.5701404492893248
415830,1553112,1.0,0.6607059239602944
415831,1553113,1.0,0.619150089674108
415832,1553114,1.0,0.7060399866954925
415833,1553115,1.0,0.5488945826566154
415835,1553117,1.0,0.6338505958953919
415836,1553118,1.0,0.7479512111651777
415837,1553119,1.0,0.7351710796357794
415838,1553120,1.0,0.8297750484307095
415839,1553121,1.0,0.6730139795161232
415841,1553124,1.0,0.7451017339060166
415842,1553125,1.0,0.599907961320964
415843,1553127,1.0,0.6164011937711222
415844,1553128,1.0,0.5718516904711474
415845,1553130,1.0,0.5836326322076767
415847,1553132,1.0,0.5681408525598947
415848,1553133,1.0,0.599907961320964
415849,1553134,1.0,0.5804022174306857
415850,1553135,1.0,0.5836326322076767
415851,1553136,1.0,0.522307588600145
415852,1553137,1.0,0.7551914092928793
415853,1553139,1.0,0.8200067570301269
415855,1553142,1.0,0.7124278910981471
415856,1553143,1.0,0.8526627472772069
415858,1553145,1.0,0.8444124078340817
415860,1553147,1.0,0.7296961557576809
415861,1553149,1.0,0.8894018276825645
415862,1553150,1.0,0.7681080676331231
415863,1553152,1.0,0.9347211803495263
415864,1553153,1.0,0.6871261499171283
415865,1553154,1.0,0.6375027992379213
415866,1553156,1.0,0.7107011065356684
415867,1553159,1.0,0.7607418064895447
415871,1553164,1.0,0.7644521685094884
415872,1553165,1.0,0.6623345763159141
415873,1553166,1.0,0.8781682748050227
415874,1553167,1.0,0.7837785654673838
415875,1553168,1.0,0.5704560080862309
415877,1553170,1.0,0.6590621709175648
415878,1553171,1.0,0.5704560080862309
415880,1553174,1.0,0.5653033246579627
415881,1553175,1.0,0.6361561140162795
415882,1553176,1.0,0.5455568451823498
415883,1553177,1.0,0.5176484396562293
415884,1553179,1.0,0.6260281235504723
415885,1553180,1.0,0.9142389456736917
415886,1553181,1.0,0.8993694258002879
415887,1553182,1.0,0.8376563024786475
415888,1553183,1.0,0.5873742901991253
415889,1553184,1.0,0.6413984047498852
415890,1553185,1.0,0.6640511586319645
415891,1553186,1.0,0.5548951017500529
415892,1553188,1.0,0.9466877154373329
415893,1553189,1.0,0.5573352844101728
415894,1553190,1.0,0.5246230179511635
415896,1553192,1.0,0.6585841407644065
415898,1553194,1.0,0.5127896973683063
415899,1553196,1.0,0.5983988749376485
415901,1553199,1.0,0.6474066247412104
415902,1553201,1.0,0.5018941795518899
415903,1553202,1.0,0.7507208887549384
415904,1553204,1.0,0.8590968571808331
415905,1553205,1.0,0.6541542216860807
415906,1553206,1.0,0.8328922193246071
415910,1553210,1.0,0.8376563024786475
415911,1553211,1.0,0.5871225062246669
415912,1553212,1.0,0.5188610426561094
415913,1553214,1.0,0.5476598744250318
415914,1553215,1.0,0.6623345763159141
415916,1553217,1.0,0.6382599434930333
415917,1553218,1.0,0.712957346578734
415918,1553220,1.0,0.7378473641939872
415919,1553221,1.0,0.6304578316156473
415920,1553222,1.0,0.5623577029990888
415921,1553224,1.0,0.7523537785245301
415922,1553225,1.0,0.5463044123203147
415925,1553228,1.0,0.9735527420348464
415928,1553231,1.0,0.5177006796062467
415929,1553232,1.0,0.9508468716615414
415931,1553234,1.0,0.7877095083617074
415932,1553235,1.0,0.5107548610554911
415933,1553236,1.0,0.7906942278682096
415934,1553238,1.0,0.6294487746683968
415935,1553240,1.0,0.7169255844544927
415936,1553241,1.0,0.9389863788197974
415937,1553244,1.0,0.5455568451823498
415939,1553247,1.0,0.5982646656377776
415940,1553248,1.0,0.5420001768975266
415941,1553249,1.0,0.8928917190887271
415942,1553251,1.0,0.5986056046453395
415944,1553253,1.0,0.5783902384306889
415945,1553254,1.0,0.5018941795518899
415947,1553257,1.0,0.8841204056433281
415948,1553259,1.0,0.5279582877558177
415949,1553260,1.0,0.8074401357343948
415951,1553263,1.0,0.5431767446953818
415952,1553265,1.0,0.599907961320964
415953,1553266,1.0,0.8773940564515185
415954,1553267,1.0,0.7713516549317108
415955,1553268,1.0,0.5741545671614066
415956,1553269,1.0,0.7849151702328739
415957,1553270,1.0,0.7494343786041704
415958,1553271,1.0,0.7139226908960915
415959,1553272,1.0,0.599907961320964
415960,1553273,1.0,0.970816048498568
415962,1553275,1.0,0.5229388894227717
415963,1553276,1.0,0.7624980982180947
415964,1553278,1.0,0.586252157869897
415965,1553279,1.0,0.7102974699207089
415969,1553283,1.0,0.6382599434930333
415970,1553284,1.0,0.5930924980650812
415971,1553285,1.0,0.7629964571414082
415972,1553286,1.0,0.6685999829593191
415973,1553287,1.0,0.8105974940148892
415974,1553288,1.0,0.7318459854029389
415975,1553289,1.0,0.7661202535724001
415976,1553290,1.0,0.6248105540051658
415977,1553291,1.0,0.7847593036710815
415978,1553292,1.0,0.6904980889877401
415979,1553293,1.0,0.632263773873232
415980,1553294,1.0,0.8328984740977821
415981,1553295,1.0,0.6304578316156473
415982,1553296,1.0,0.6767597254942219
415983,1553298,1.0,0.5785868996462824
415985,1553300,1.0,0.6002261132684655
415986,1553302,1.0,0.5352170277844213
415987,1553303,1.0,0.7896707048658864
415991,1553308,1.0,0.5836326322076767
415993,1553314,1.0,0.6160724441109757
415994,1553315,1.0,0.599907961320964
415995,1553317,1.0,0.8421386749740761
415996,1553318,1.0,0.7071973142975971
415997,1553319,1.0,0.6365471311446295
415998,1553320,1.0,0.6474066247412104
416001,1553324,1.0,0.7808182067251531
416002,1553327,1.0,0.6255260530240563
416003,1553329,1.0,0.8659893187695759
416004,1553330,1.0,0.6375027992379213
416005,1553332,1.0,0.7776083566852391
416007,1553335,1.0,0.5586634169572621
416009,1553337,1.0,0.6463013578070125
416010,1553338,1.0,0.9799801417742022
416011,1553339,1.0,0.6227771588360886
416012,1553341,1.0,0.6541542216860807
416015,1553344,1.0,0.5123021492240032
416016,1553345,1.0,0.8656240265151395
416017,1553346,1.0,0.9443205113996
416018,1553348,1.0,0.8265477057653284
416019,1553349,1.0,0.5416954371508719
416020,1553352,1.0,0.6541542216860807
416021,1553353,1.0,0.5054022100276041
416022,1553355,1.0,0.7058059956131099
416023,1553356,1.0,0.7816010609217208
416024,1553357,1.0,0.6048742668477168
416025,1553358,1.0,0.636167940345394
416026,1553359,1.0,0.6338409591258474
416027,1553360,1.0,0.5623577029990888
416028,1553361,1.0,0.6471560320047332
416029,1553362,1.0,0.6164011937711222
416030,1553363,1.0,0.5804699686505405
416031,1553365,1.0,0.7342066020374958
416032,1553366,1.0,0.5915859182736656
416033,1553370,1.0,0.5299444007699917
416035,1553373,1.0,0.8423933016251751
416036,1553374,1.0,0.5516824422515313
416037,1553376,1.0,0.6436089087386156
416038,1553377,1.0,0.5566583649701784
416039,1553378,1.0,0.6831877614554713
416040,1553379,1.0,0.5131620462517478
416041,1553380,1.0,0.5515300164787842
416043,1553383,1.0,0.6203365562828189
416044,1553384,1.0,0.8157712034694358
416045,1553386,1.0,0.6527613458600483
416046,1553387,1.0,0.7551914092928793
416047,1553388,1.0,0.6369177601111488
416048,1553389,1.0,0.9652170259811429
416049,1553390,1.0,0.9769174572708906
416050,1553391,1.0,0.6899062954550629
416051,1553392,1.0,0.5330468262377472
416052,1553393,1.0,0.7996289297528544
416054,1553396,1.0,0.9119119442111946
416055,1553397,1.0,0.8459835416337912
416056,1553398,1.0,0.8673848346754152
416061,1553404,1.0,0.5988835309664372
416062,1553405,1.0,0.7223912009722662
416063,1553406,1.0,0.8271793702622683
416064,1553407,1.0,0.5463044123203147
416065,1553408,1.0,0.6705004216032903
416066,1553409,1.0,0.8323616636747587
416067,1553410,1.0,0.5871225062246669
416068,1553412,1.0,0.689643763360307
416071,1553415,1.0,0.8115047940076976
416074,1553418,1.0,0.6119299593721599
416075,1553419,1.0,0.507121747477462
416076,1553420,1.0,0.5463044123203147
416077,1553421,1.0,0.9123444137677534
416078,1553422,1.0,0.6136483236359159
416079,1553423,1.0,0.6096610087211533
416080,1553424,1.0,0.6831245165994942
416081,1553426,1.0,0.5688614025224058
416082,1553427,1.0,0.6136483236359159
416083,1553428,1.0,0.6421073941508427
416084,1553429,1.0,0.7947062096334309
416085,1553430,1.0,0.5567057695557168
416086,1553431,1.0,0.5915859182736656
416087,1553432,1.0,0.7095034302712105
416088,1553433,1.0,0.7387060298587164
416089,1553434,1.0,0.7847208721871762
416090,1553436,1.0,0.9463459830175887
416092,1553438,1.0,0.7209604972220566
416093,1553439,1.0,0.7146337427516357
416094,1553442,1.0,0.7731754726310025
416096,1553444,1.0,0.7385772521809227
416097,1553445,1.0,0.5752917950920137
416098,1553446,1.0,0.6067971580545107
416100,1553450,1.0,0.8585801269864846
416101,1553451,1.0,0.7504431682028492
416102,1553452,1.0,0.5804699686505405
416103,1553453,1.0,0.7058059956131099
416105,1553455,1.0,0.5836326322076767
416106,1553456,1.0,0.8651938545651221
416108,1553458,1.0,0.6724299532565895
416110,1553461,1.0,0.7700596876294696
416111,1553463,1.0,0.6162829681607396
416112,1553465,1.0,0.6026785619739111
416113,1553467,1.0,0.8471475662052531
416114,1553468,1.0,0.725104579677861
416115,1553469,1.0,0.5039408940970712
416116,1553470,1.0,0.6980708981651141
416117,1553471,1.0,0.5036445274053781
416118,1553472,1.0,0.7663778968286479
416119,1553473,1.0,0.7933153497234254
416120,1553475,1.0,0.6638220272561174
416121,1553476,1.0,0.5130304906858055
416123,1553478,1.0,0.5419589274329899
416124,1553481,1.0,0.689643763360307
416125,1553482,1.0,0.6623345763159141
416126,1553483,1.0,0.687550049115308
416127,1553484,1.0,0.8090887133703811
416128,1553485,1.0,0.8423815923758193
416129,1553487,1.0,0.599907961320964
416130,1553488,1.0,0.6395102587548578
416132,1553491,1.0,0.7479512111651777
416134,1553494,1.0,0.7146337427516357
416135,1553496,1.0,0.5687110306650802
416136,1553498,1.0,0.6250909428480631
416137,1553499,1.0,0.8423815923758193
416138,1553500,1.0,0.5871225062246669
416139,1553502,1.0,0.7519673897109933
416140,1553503,1.0,0.6255260530240563
416141,1553505,1.0,0.6541542216860807
416142,1553507,1.0,0.6164011937711222
416144,1553509,1.0,0.5040833717186268
416146,1553511,1.0,0.8234854824899639
416147,1553512,1.0,0.747749277015001
416148,1553513,1.0,0.8328984740977821
416150,1553515,1.0,0.6889283996526079
416151,1553516,1.0,0.6329354456316132
416152,1553517,1.0,0.5330468262377472
416153,1553518,1.0,0.844705983566425
416154,1553519,1.0,0.8010973106450057
416155,1553520,1.0,0.7731754726310025
416158,1553523,1.0,0.8373243311108935
416159,1553524,1.0,0.6894739941616672
416160,1553529,1.0,0.7231927483798836
416161,1553530,1.0,0.5623577029990888
416162,1553531,1.0,0.6086768315984702
416163,1553533,1.0,0.6099008971036398
416165,1553539,1.0,0.7341042846965481
416166,1553540,1.0,0.7786371688665508
416167,1553541,1.0,0.9441397565304935
416168,1553542,1.0,0.5566583649701784
416169,1553543,1.0,0.7326765906231151
416170,1553545,1.0,0.5189358148741567
416171,1553546,1.0,0.7033129712533251
416172,1553547,1.0,0.6160724441109757
416175,1553551,1.0,0.7232901004529398
416176,1553552,1.0,0.7704763703754526
416177,1553553,1.0,0.7713516549317108
416178,1553554,1.0,0.7095034302712105
416180,1553556,1.0,0.6338505958953919
416181,1553558,1.0,0.6250909428480631
416182,1553559,1.0,0.9607296518923241
416184,1553561,1.0,0.6730139795161232
416185,1553562,1.0,0.6772987915775323
416186,1553564,1.0,0.5131620462517478
416187,1553565,1.0,0.9724733743219529
416188,1553567,1.0,0.5688614025224058
416189,1553568,1.0,0.6136483236359159
416190,1553569,1.0,0.6180124979786216
416191,1553571,1.0,0.733854470122698
416192,1553572,1.0,0.7341593817407154
416193,1553574,1.0,0.5341742025245098
416194,1553575,1.0,0.5733457081741574
416195,1553576,1.0,0.9443020587748777
416197,1553579,1.0,0.7451831974696456
416198,1553581,1.0,0.7820963761927903
416199,1553582,1.0,0.6001690556858024
416201,1553584,1.0,0.6285555013742855
416202,1553585,1.0,0.8263103778881862
416203,1553586,1.0,0.5857887498909444
416204,1553588,1.0,0.6693881912206383
416205,1553590,1.0,0.8121811255844591
416206,1553591,1.0,0.698631779465008
416207,1553592,1.0,0.6086768315984702
416208,1553593,1.0,0.6048422940918804
416209,1553594,1.0,0.6255260530240563
416210,1553596,1.0,0.8158710393276593
416211,1553598,1.0,0.7713516549317108
416212,1553599,1.0,0.6175886679481153
416213,1553600,1.0,0.6601787816734604
416214,1553601,1.0,0.8249433023823252
416215,1553603,1.0,0.5079609139101812
416216,1553604,1.0,0.8388778057731728
416217,1553605,1.0,0.5168301827843522
416218,1553606,1.0,0.7237735046443327
416219,1553607,1.0,0.5446834312786377
416220,1553608,1.0,0.6463013578070125
416221,1553609,1.0,0.8566078069725606
416222,1553610,1.0,0.7596463695534715
416223,1553612,1.0,0.7626547253176799
416224,1553615,1.0,0.830486244899371
416225,1553616,1.0,0.7071973142975971
416226,1553619,1.0,0.6086768315984702
416227,1553620,1.0,0.5633895603843195
416228,1553622,1.0,0.6463013578070125
416229,1553624,1.0,0.6626693417855617
416230,1553625,1.0,0.5567057695557168
416231,1553626,1.0,0.66387860343416
416232,1553627,1.0,0.6086768315984702
416234,1553631,1.0,0.7387060298587164
416235,1553632,1.0,0.6904980889877401
416236,1553633,1.0,0.6162406409407867
416237,1553634,1.0,0.5201686299080668
416238,1553635,1.0,0.5871225062246669
416239,1553636,1.0,0.8249433023823252
416240,1553637,1.0,0.6952046991222977
416241,1553638,1.0,0.5496822529931884
416242,1553640,1.0,0.6358870971391277
416244,1553643,1.0,0.5679920779515498
416245,1553644,1.0,0.7703310696105969
416246,1553645,1.0,0.5930924980650812
416247,1553646,1.0,0.6012498220810086
416248,1553648,1.0,0.8039521079848183
416249,1553649,1.0,0.5409340516460053
416250,1553650,1.0,0.6872555122304419
416251,1553653,1.0,0.6338505958953919
416252,1553654,1.0,0.6368583669951292
416254,1553656,1.0,0.6234386542292352
416255,1553657,1.0,0.5717364248173916
416256,1553658,1.0,0.5567057695557168
416257,1553660,1.0,0.7547024923136666
416258,1553661,1.0,0.6160724441109757
416259,1553662,1.0,0.8630275649195558
416260,1553663,1.0,0.7878285361717262
416261,1553664,1.0,0.6541542216860807
416263,1553667,1.0,0.5144677910813784
416265,1553669,1.0,0.6264483938780958
416268,1553673,1.0,0.5567057695557168
416269,1553675,1.0,0.7359949631006538
416270,1553676,1.0,0.5623577029990888
416271,1553677,1.0,0.6416615326319017
416272,1553679,1.0,0.7993721153785347
416273,1553680,1.0,0.6063134847113409
416274,1553681,1.0,0.684088936499855
416275,1553683,1.0,0.7933153497234254
416276,1553684,1.0,0.8013920821634198
416277,1553685,1.0,0.8170091638019528
416279,1553687,1.0,0.5039408940970712
416280,1553688,1.0,0.9531231331883174
